0.0, 348.0, -903.0, 253.0
0.01923072, 343.0, -917.0, 236.0
0.038461568, 332.0, -920.0, 251.0
0.057692288, 307.0, -922.0, 257.0
0.076923136, 318.0, -926.0, 248.0
0.096153856, 315.0, -950.0, 250.0
0.115384576, 299.0, -947.0, 239.0
0.134615424, 322.0, -955.0, 244.0
0.153846144, 320.0, -930.0, 219.0
0.173076864, 315.0, -907.0, 229.0
0.192307712, 306.0, -890.0, 241.0
0.211538432, 291.0, -895.0, 242.0
0.23076928, 307.0, -903.0, 257.0
0.25, 309.0, -900.0, 281.0
0.26923072, 287.0, -901.0, 276.0
0.288461568, 283.0, -922.0, 277.0
0.307692288, 305.0, -941.0, 293.0
0.326923136, 323.0, -941.0, 298.0
0.346153856, 330.0, -927.0, 264.0
0.365384576, 301.0, -925.0, 276.0
0.384615424, 284.0, -920.0, 272.0
0.403846144, 270.0, -916.0, 243.0
0.423076864, 290.0, -882.0, 265.0
0.442307712, 312.0, -896.0, 244.0
0.461538432, 309.0, -886.0, 272.0
0.48076928, 281.0, -896.0, 254.0
0.5, 258.0, -898.0, 230.0
0.51923072, 247.0, -921.0, 281.0
0.538461568, 249.0, -931.0, 292.0
0.557692288, 271.0, -936.0, 305.0
0.576923136, 291.0, -938.0, 249.0
0.596153856, 313.0, -953.0, 249.0
0.615384576, 309.0, -936.0, 245.0
0.634615424, 280.0, -929.0, 324.0
0.653846144, 291.0, -950.0, 282.0
0.673076864, 281.0, -956.0, 266.0
0.692307712, 260.0, -943.0, 267.0
0.711538432, 289.0, -934.0, 256.0
0.73076928, 266.0, -936.0, 267.0
0.75, 281.0, -948.0, 252.0
0.76923072, 273.0, -933.0, 252.0
0.788461568, 281.0, -907.0, 272.0
0.807692288, 286.0, -917.0, 267.0
0.826923136, 284.0, -919.0, 249.0
0.846153856, 255.0, -948.0, 252.0
0.865384576, 280.0, -927.0, 271.0
0.884615424, 294.0, -919.0, 268.0
0.903846144, 289.0, -908.0, 267.0
0.923076864, 257.0, -921.0, 251.0
0.942307712, 261.0, -910.0, 262.0
0.961538432, 275.0, -932.0, 248.0
0.98076928, 267.0, -911.0, 272.0
1.0, 287.0, -921.0, 266.0
1.01923072, 256.0, -919.0, 271.0
1.038461568, 277.0, -911.0, 264.0
1.057692288, 291.0, -917.0, 266.0
1.076923136, 284.0, -919.0, 257.0
1.096153856, 284.0, -921.0, 265.0
1.115384576, 283.0, -925.0, 266.0
1.134615424, 291.0, -928.0, 241.0
1.153846144, 298.0, -940.0, 236.0
1.173076864, 260.0, -944.0, 249.0
1.192307712, 270.0, -938.0, 250.0
1.211538432, 267.0, -916.0, 253.0
1.23076928, 278.0, -940.0, 252.0
1.25, 283.0, -958.0, 223.0
1.26923072, 284.0, -928.0, 278.0
1.288461568, 280.0, -913.0, 266.0
1.307692288, 279.0, -931.0, 255.0
1.326923136, 285.0, -940.0, 258.0
1.346153856, 281.0, -927.0, 257.0
1.365384576, 262.0, -924.0, 231.0
1.384615465, 253.0, -919.0, 229.0
1.403878912, 293.0, -923.0, 247.0
1.4231424, 286.0, -928.0, 239.0
1.442405888, 260.0, -921.0, 232.0
1.461669376, 275.0, -915.0, 239.0
1.480932864, 274.0, -923.0, 248.0
1.500196352, 284.0, -923.0, 248.0
1.51945984, 294.0, -929.0, 249.0
1.538723328, 245.0, -925.0, 234.0
1.557986944, 275.0, -913.0, 247.0
1.577250432, 267.0, -928.0, 227.0
1.59651392, 270.0, -917.0, 235.0
1.615777408, 277.0, -918.0, 249.0
1.635040896, 262.0, -909.0, 238.0
1.654304384, 256.0, -942.0, 240.0
1.673567872, 276.0, -919.0, 238.0
1.69283136, 272.0, -937.0, 228.0
1.712094848, 280.0, -932.0, 258.0
1.731358336, 287.0, -936.0, 250.0
1.750621824, 270.0, -938.0, 243.0
1.769885312, 261.0, -931.0, 231.0
1.7891488, 283.0, -943.0, 254.0
1.808412288, 291.0, -934.0, 243.0
1.827675776, 273.0, -947.0, 255.0
1.846939392, 252.0, -933.0, 223.0
1.86620288, 282.0, -933.0, 256.0
1.885466368, 293.0, -928.0, 233.0
1.904729856, 257.0, -946.0, 246.0
1.923993344, 260.0, -933.0, 229.0
1.943256832, 276.0, -932.0, 235.0
1.96252032, 266.0, -941.0, 223.0
1.981783808, 267.0, -931.0, 241.0
2.001047296, 260.0, -938.0, 216.0
2.020310784, 273.0, -941.0, 227.0
2.039574272, 260.0, -928.0, 218.0
2.05883776, 268.0, -928.0, 240.0
2.078101248, 272.0, -926.0, 243.0
2.097364736, 266.0, -933.0, 217.0
2.116628352, 254.0, -933.0, 221.0
2.13589184, 256.0, -932.0, 210.0
2.155155328, 270.0, -938.0, 217.0
2.174418816, 281.0, -919.0, 229.0
2.193682304, 282.0, -934.0, 234.0
2.212945792, 261.0, -935.0, 212.0
2.23220928, 266.0, -939.0, 229.0
2.251472768, 271.0, -928.0, 216.0
2.270736256, 255.0, -925.0, 232.0
2.289999744, 258.0, -923.0, 224.0
2.309263232, 280.0, -941.0, 217.0
2.32852672, 255.0, -932.0, 216.0
2.347790208, 261.0, -918.0, 227.0
2.367053696, 257.0, -932.0, 222.0
2.386317184, 261.0, -920.0, 205.0
2.4055808, 272.0, -928.0, 210.0
2.424844288, 253.0, -925.0, 205.0
2.444107776, 260.0, -918.0, 249.0
2.463371264, 280.0, -911.0, 238.0
2.482634752, 276.0, -948.0, 214.0
2.50189824, 268.0, -956.0, 231.0
2.521161728, 271.0, -927.0, 230.0
2.540425216, 286.0, -918.0, 242.0
2.559688704, 277.0, -937.0, 236.0
2.578952192, 257.0, -946.0, 209.0
2.59821568, 268.0, -938.0, 229.0
2.617479168, 252.0, -927.0, 243.0
2.636742656, 272.0, -933.0, 237.0
2.656006144, 299.0, -932.0, 233.0
2.675269632, 265.0, -918.0, 229.0
2.694533248, 265.0, -911.0, 247.0
2.713796736, 271.0, -934.0, 240.0
2.733060224, 278.0, -928.0, 235.0
2.752323712, 274.0, -926.0, 248.0
2.7715872, 278.0, -923.0, 246.0
2.790850688, 280.0, -939.0, 250.0
2.810114176, 287.0, -936.0, 247.0
2.829377664, 279.0, -931.0, 249.0
2.848641152, 274.0, -930.0, 257.0
2.867904708, 301.0, -928.0, 252.0
2.887168384, 290.0, -948.0, 261.0
2.906432, 295.0, -944.0, 248.0
2.925695488, 292.0, -940.0, 257.0
2.944959104, 282.0, -928.0, 248.0
2.96422272, 283.0, -933.0, 262.0
2.983486336, 300.0, -942.0, 245.0
3.002749824, 277.0, -932.0, 249.0
3.02201344, 292.0, -907.0, 253.0
3.041277056, 289.0, -920.0, 244.0
3.060540544, 273.0, -913.0, 260.0
3.07980416, 276.0, -918.0, 250.0
3.099067776, 270.0, -926.0, 252.0
3.118331392, 295.0, -921.0, 258.0
3.13759488, 296.0, -933.0, 242.0
3.156858496, 299.0, -930.0, 261.0
3.176122112, 299.0, -919.0, 250.0
3.1953856, 290.0, -921.0, 232.0
3.214649216, 294.0, -918.0, 262.0
3.233912832, 282.0, -925.0, 264.0
3.253176448, 293.0, -925.0, 269.0
3.272439936, 303.0, -919.0, 263.0
3.291703552, 279.0, -919.0, 267.0
3.310967168, 308.0, -910.0, 278.0
3.330230656, 304.0, -923.0, 245.0
3.349494272, 272.0, -925.0, 239.0
3.368757888, 269.0, -919.0, 260.0
3.388021504, 289.0, -918.0, 254.0
3.407284992, 292.0, -922.0, 246.0
3.426548608, 275.0, -927.0, 249.0
3.445812224, 279.0, -922.0, 246.0
3.465075712, 279.0, -926.0, 240.0
3.484339328, 303.0, -915.0, 259.0
3.503602944, 301.0, -930.0, 249.0
3.52286656, 290.0, -923.0, 262.0
3.542130048, 281.0, -918.0, 248.0
3.561393664, 267.0, -921.0, 264.0
3.58065728, 278.0, -917.0, 256.0
3.599920768, 282.0, -918.0, 245.0
3.619184384, 293.0, -914.0, 256.0
3.638448, 270.0, -928.0, 246.0
3.657711616, 276.0, -920.0, 251.0
3.676975104, 295.0, -922.0, 272.0
3.69623872, 302.0, -919.0, 261.0
3.715502336, 276.0, -926.0, 243.0
3.734765824, 283.0, -917.0, 278.0
3.75402944, 291.0, -924.0, 259.0
3.773293056, 274.0, -932.0, 263.0
3.792556544, 288.0, -923.0, 258.0
3.81182016, 279.0, -924.0, 267.0
3.831083776, 265.0, -912.0, 253.0
3.850347392, 284.0, -935.0, 255.0
3.86961088, 302.0, -923.0, 255.0
3.888874496, 297.0, -925.0, 270.0
3.908138112, 289.0, -922.0, 252.0
3.9274016, 271.0, -930.0, 273.0
3.946665216, 271.0, -927.0, 245.0
3.965928832, 280.0, -922.0, 264.0
3.985192448, 273.0, -917.0, 257.0
4.004455936, 285.0, -922.0, 250.0
4.023719552, 276.0, -931.0, 257.0
4.042983168, 287.0, -927.0, 264.0
4.062246656, 303.0, -926.0, 253.0
4.081510272, 280.0, -927.0, 262.0
4.100773888, 286.0, -927.0, 276.0
4.120037504, 297.0, -923.0, 266.0
4.139300992, 268.0, -932.0, 251.0
4.158564608, 283.0, -924.0, 253.0
4.177828224, 301.0, -927.0, 255.0
4.197091712, 298.0, -933.0, 272.0
4.216355328, 286.0, -921.0, 269.0
4.235618944, 286.0, -926.0, 250.0
4.25488256, 284.0, -918.0, 249.0
4.274146048, 285.0, -920.0, 277.0
4.293409664, 287.0, -919.0, 247.0
4.31267328, 283.0, -916.0, 268.0
4.331936768, 298.0, -915.0, 251.0
4.351200384, 282.0, -913.0, 255.0
4.370464, 291.0, -919.0, 262.0
4.389727616, 283.0, -923.0, 257.0
4.408991104, 277.0, -917.0, 256.0
4.42825472, 286.0, -927.0, 245.0
4.447518336, 302.0, -913.0, 259.0
4.466781824, 273.0, -920.0, 241.0
4.486045362, 280.0, -918.0, 249.0
4.505311488, 287.0, -922.0, 244.0
4.524577664, 288.0, -921.0, 258.0
4.543843712, 283.0, -928.0, 250.0
4.563109888, 301.0, -923.0, 259.0
4.582376064, 278.0, -925.0, 260.0
4.60164224, 283.0, -909.0, 267.0
4.620908288, 286.0, -934.0, 243.0
4.640174464, 282.0, -934.0, 256.0
4.65944064, 283.0, -924.0, 254.0
4.678706816, 289.0, -922.0, 249.0
4.697972864, 287.0, -920.0, 252.0
4.71723904, 289.0, -923.0, 249.0
4.736505216, 289.0, -924.0, 276.0
4.755771264, 293.0, -915.0, 238.0
4.77503744, 278.0, -931.0, 250.0
4.794303616, 274.0, -916.0, 258.0
4.813569792, 300.0, -916.0, 259.0
4.83283584, 276.0, -918.0, 263.0
4.852102016, 297.0, -920.0, 270.0
4.871368192, 303.0, -933.0, 263.0
4.89063424, 277.0, -927.0, 265.0
4.909900416, 295.0, -920.0, 262.0
4.929166592, 292.0, -922.0, 253.0
4.948432768, 296.0, -916.0, 268.0
4.967698816, 281.0, -934.0, 254.0
4.986964992, 285.0, -920.0, 266.0
5.006231168, 292.0, -920.0, 272.0
5.025497344, 275.0, -919.0, 265.0
5.044763392, 292.0, -922.0, 257.0
5.064029568, 290.0, -915.0, 253.0
5.083295744, 284.0, -923.0, 246.0
5.102561792, 283.0, -905.0, 280.0
5.121827968, 303.0, -916.0, 243.0
5.141094144, 297.0, -926.0, 265.0
5.16036032, 285.0, -928.0, 275.0
5.179626368, 277.0, -918.0, 254.0
5.198892544, 284.0, -926.0, 265.0
5.21815872, 276.0, -922.0, 255.0
5.237424896, 287.0, -931.0, 260.0
5.256690944, 297.0, -927.0, 251.0
5.27595712, 277.0, -925.0, 279.0
5.295223296, 293.0, -921.0, 260.0
5.314489344, 300.0, -927.0, 247.0
5.33375552, 303.0, -925.0, 247.0
5.353021696, 278.0, -918.0, 254.0
5.372287872, 291.0, -914.0, 263.0
5.39155392, 298.0, -939.0, 244.0
5.410820096, 290.0, -934.0, 274.0
5.430086272, 287.0, -920.0, 256.0
5.44935232, 297.0, -923.0, 253.0
5.468618496, 284.0, -914.0, 254.0
5.487884672, 279.0, -914.0, 263.0
5.507150848, 277.0, -921.0, 243.0
5.526416896, 281.0, -926.0, 260.0
5.545683072, 278.0, -925.0, 259.0
5.564949248, 291.0, -914.0, 268.0
5.584215424, 300.0, -919.0, 243.0
5.603481472, 289.0, -917.0, 260.0
5.622747648, 301.0, -923.0, 255.0
5.642013824, 300.0, -926.0, 257.0
5.661279872, 296.0, -919.0, 248.0
5.680546048, 278.0, -924.0, 235.0
5.699812224, 279.0, -923.0, 233.0
5.7190784, 248.0, -933.0, 219.0
5.738344448, 238.0, -928.0, 252.0
5.757610624, 288.0, -909.0, 267.0
5.7768768, 296.0, -929.0, 248.0
5.796142848, 314.0, -918.0, 285.0
5.815409024, 320.0, -931.0, 293.0
5.8346752, 325.0, -927.0, 290.0
5.853941376, 293.0, -928.0, 261.0
5.873207488, 290.0, -921.0, 270.0
5.892472832, 300.0, -924.0, 255.0
5.91173824, 288.0, -915.0, 232.0
5.93100352, 273.0, -917.0, 228.0
5.950268928, 265.0, -924.0, 222.0
5.969534336, 272.0, -927.0, 212.0
5.988799744, 238.0, -928.0, 225.0
6.008065024, 255.0, -921.0, 256.0
6.027330432, 283.0, -933.0, 243.0
6.04659584, 287.0, -932.0, 248.0
6.06586112, 302.0, -930.0, 298.0
6.085126528, 301.0, -931.0, 262.0
6.104391936, 313.0, -924.0, 281.0
6.123657344, 316.0, -931.0, 265.0
6.142922624, 293.0, -937.0, 270.0
6.162188032, 308.0, -918.0, 261.0
6.18145344, 294.0, -931.0, 234.0
6.20071872, 274.0, -927.0, 240.0
6.219984128, 266.0, -929.0, 248.0
6.239249536, 285.0, -923.0, 238.0
6.258514816, 269.0, -915.0, 237.0
6.277780224, 270.0, -919.0, 250.0
6.297045632, 271.0, -926.0, 232.0
6.31631104, 288.0, -920.0, 242.0
6.33557632, 290.0, -911.0, 244.0
6.354841728, 291.0, -913.0, 270.0
6.374107136, 293.0, -923.0, 275.0
6.393372416, 282.0, -926.0, 242.0
6.412637824, 283.0, -933.0, 252.0
6.431903232, 288.0, -927.0, 229.0
6.45116864, 271.0, -931.0, 264.0
6.47043392, 281.0, -918.0, 252.0
6.489699328, 285.0, -935.0, 251.0
6.508964736, 280.0, -934.0, 252.0
6.528230016, 264.0, -930.0, 261.0
6.547495424, 280.0, -926.0, 245.0
6.566760832, 304.0, -924.0, 252.0
6.58602624, 284.0, -929.0, 254.0
6.60529152, 295.0, -922.0, 256.0
6.624556928, 279.0, -926.0, 246.0
6.643822336, 286.0, -929.0, 245.0
6.663087616, 284.0, -938.0, 256.0
6.682353024, 283.0, -922.0, 236.0
6.701618432, 288.0, -917.0, 256.0
6.72088384, 274.0, -921.0, 250.0
6.74014912, 278.0, -924.0, 243.0
6.759414528, 276.0, -927.0, 242.0
6.778679936, 262.0, -933.0, 222.0
6.797945216, 265.0, -920.0, 243.0
6.817210624, 285.0, -916.0, 252.0
6.836476032, 284.0, -932.0, 259.0
6.85574144, 284.0, -933.0, 260.0
6.87500672, 293.0, -926.0, 247.0
6.894272128, 276.0, -924.0, 266.0
6.913537536, 289.0, -925.0, 257.0
6.932802816, 282.0, -930.0, 234.0
6.952068224, 279.0, -931.0, 242.0
6.971333632, 269.0, -932.0, 274.0
6.990598912, 279.0, -929.0, 245.0
7.00986432, 285.0, -936.0, 226.0
7.029129728, 293.0, -934.0, 235.0
7.048395136, 277.0, -924.0, 257.0
7.067660416, 266.0, -923.0, 238.0
7.086925824, 273.0, -932.0, 249.0
7.106191232, 283.0, -929.0, 246.0
7.125456512, 282.0, -922.0, 235.0
7.14472192, 282.0, -913.0, 249.0
7.163987328, 279.0, -923.0, 253.0
7.183252736, 285.0, -931.0, 250.0
7.202518016, 262.0, -934.0, 248.0
7.221783424, 285.0, -928.0, 254.0
7.241048832, 280.0, -932.0, 254.0
7.260314112, 285.0, -926.0, 226.0
7.27957952, 278.0, -931.0, 252.0
7.298844928, 274.0, -933.0, 232.0
7.318110336, 284.0, -927.0, 245.0
7.337375678, 269.0, -924.0, 249.0
7.356639744, 279.0, -929.0, 244.0
7.375903872, 283.0, -928.0, 247.0
7.395168, 274.0, -929.0, 249.0
7.414432128, 267.0, -908.0, 258.0
7.433696256, 302.0, -918.0, 251.0
7.452960384, 289.0, -922.0, 238.0
7.472224512, 273.0, -933.0, 242.0
7.49148864, 278.0, -937.0, 243.0
7.510752768, 277.0, -932.0, 253.0
7.530016896, 284.0, -929.0, 243.0
7.549281024, 266.0, -931.0, 223.0
7.568545152, 274.0, -923.0, 247.0
7.58780928, 273.0, -923.0, 229.0
7.607073408, 255.0, -927.0, 246.0
7.626337536, 276.0, -924.0, 248.0
7.645601664, 283.0, -930.0, 230.0
7.66486592, 282.0, -921.0, 240.0
7.684130048, 282.0, -925.0, 242.0
7.703394176, 264.0, -928.0, 246.0
7.722658304, 282.0, -921.0, 241.0
7.741922432, 286.0, -930.0, 241.0
7.76118656, 261.0, -933.0, 242.0
7.780450688, 272.0, -915.0, 258.0
7.799714816, 283.0, -927.0, 242.0
7.818978944, 295.0, -936.0, 224.0
7.838243072, 284.0, -932.0, 246.0
7.8575072, 273.0, -932.0, 250.0
7.876771328, 284.0, -918.0, 263.0
7.896035456, 269.0, -933.0, 230.0
7.915299584, 268.0, -925.0, 230.0
7.934563712, 287.0, -930.0, 241.0
7.95382784, 278.0, -920.0, 241.0
7.973091968, 263.0, -921.0, 270.0
7.992356096, 281.0, -941.0, 248.0
8.011620224, 282.0, -935.0, 240.0
8.030884352, 276.0, -928.0, 249.0
8.05014848, 278.0, -927.0, 248.0
8.069412608, 287.0, -930.0, 237.0
8.088676736, 265.0, -933.0, 229.0
8.107940864, 253.0, -928.0, 235.0
8.127204992, 264.0, -929.0, 251.0
8.14646912, 290.0, -931.0, 252.0
8.165733248, 289.0, -937.0, 233.0
8.184997376, 272.0, -926.0, 256.0
8.204261504, 284.0, -923.0, 256.0
8.223525632, 297.0, -928.0, 239.0
8.24278976, 273.0, -931.0, 236.0
8.262053888, 281.0, -928.0, 244.0
8.281318144, 272.0, -929.0, 242.0
8.300582272, 263.0, -920.0, 248.0
8.3198464, 259.0, -930.0, 233.0
8.339110528, 273.0, -936.0, 239.0
8.358374656, 277.0, -934.0, 250.0
8.377638784, 295.0, -916.0, 261.0
8.396902912, 315.0, -928.0, 245.0
8.41616704, 282.0, -925.0, 242.0
8.435431168, 272.0, -924.0, 245.0
8.454695296, 280.0, -935.0, 226.0
8.473959424, 264.0, -929.0, 223.0
8.493223552, 255.0, -929.0, 269.0
8.51248768, 281.0, -916.0, 240.0
8.531751808, 280.0, -939.0, 222.0
8.551015936, 267.0, -927.0, 241.0
8.570280064, 272.0, -933.0, 245.0
8.589544192, 286.0, -925.0, 262.0
8.60880832, 310.0, -928.0, 245.0
8.628072448, 284.0, -928.0, 244.0
8.647336576, 293.0, -916.0, 259.0
8.666600704, 286.0, -942.0, 250.0
8.685864832, 272.0, -940.0, 263.0
8.70512896, 282.0, -919.0, 247.0
8.724393088, 277.0, -918.0, 244.0
8.743657317, 258.0, -937.0, 225.0
8.762924288, 260.0, -918.0, 243.0
8.782191232, 282.0, -938.0, 245.0
8.801458048, 291.0, -942.0, 233.0
8.820724992, 282.0, -921.0, 253.0
8.839991808, 280.0, -918.0, 252.0
8.859258752, 271.0, -927.0, 232.0
8.878525568, 281.0, -943.0, 248.0
8.897792512, 277.0, -932.0, 243.0
8.917059456, 274.0, -924.0, 255.0
8.936326272, 274.0, -930.0, 242.0
8.955593216, 277.0, -922.0, 256.0
8.974860032, 269.0, -931.0, 235.0
8.994126976, 277.0, -941.0, 230.0
9.013393792, 293.0, -928.0, 248.0
9.032660736, 284.0, -928.0, 258.0
9.051927552, 272.0, -932.0, 249.0
9.071194496, 282.0, -926.0, 241.0
9.09046144, 264.0, -927.0, 259.0
9.109728256, 285.0, -924.0, 252.0
9.1289952, 291.0, -938.0, 226.0
9.148262016, 290.0, -931.0, 248.0
9.16752896, 269.0, -930.0, 259.0
9.186795776, 285.0, -925.0, 253.0
9.20606272, 284.0, -919.0, 248.0
9.225329664, 276.0, -939.0, 238.0
9.24459648, 272.0, -931.0, 244.0
9.263863424, 277.0, -922.0, 228.0
9.28313024, 265.0, -935.0, 229.0
9.302397184, 277.0, -912.0, 240.0
9.321664, 264.0, -923.0, 244.0
9.340930944, 269.0, -930.0, 241.0
9.36019776, 281.0, -942.0, 240.0
9.379464704, 282.0, -928.0, 233.0
9.398731648, 268.0, -918.0, 251.0
9.417998464, 274.0, -923.0, 232.0
9.437265408, 291.0, -931.0, 231.0
9.456532224, 245.0, -931.0, 224.0
9.475799168, 270.0, -915.0, 238.0
9.495065984, 277.0, -929.0, 242.0
9.514332928, 282.0, -930.0, 239.0
9.533599872, 272.0, -926.0, 222.0
9.552866688, 268.0, -924.0, 242.0
9.572133632, 270.0, -937.0, 247.0
9.591400448, 275.0, -925.0, 247.0
9.610667392, 268.0, -935.0, 236.0
9.629934208, 282.0, -935.0, 228.0
9.649201152, 282.0, -941.0, 239.0
9.668467968, 270.0, -937.0, 254.0
9.687734912, 276.0, -922.0, 237.0
9.707001856, 272.0, -930.0, 237.0
9.726268672, 286.0, -932.0, 247.0
9.745535616, 274.0, -931.0, 224.0
9.764802432, 269.0, -926.0, 244.0
9.784069376, 262.0, -930.0, 224.0
9.803336192, 265.0, -921.0, 242.0
9.822603136, 271.0, -926.0, 221.0
9.84187008, 277.0, -918.0, 245.0
9.861136896, 270.0, -927.0, 244.0
9.88040384, 256.0, -936.0, 235.0
9.899670656, 273.0, -928.0, 248.0
9.9189376, 291.0, -924.0, 243.0
9.938204416, 278.0, -929.0, 247.0
9.95747136, 275.0, -926.0, 243.0
9.976738176, 281.0, -930.0, 253.0
9.99600512, 274.0, -931.0, 236.0
10.015272064, 263.0, -928.0, 247.0
10.03453888, 249.0, -937.0, 237.0
10.053805824, 283.0, -928.0, 235.0
10.07307264, 250.0, -936.0, 236.0
10.092339584, 267.0, -929.0, 260.0
10.1116064, 257.0, -939.0, 226.0
10.130873344, 274.0, -936.0, 244.0
10.150140288, 287.0, -942.0, 252.0
10.169407104, 285.0, -937.0, 269.0
10.188674048, 269.0, -941.0, 237.0
10.207940864, 273.0, -933.0, 240.0
10.227207808, 285.0, -938.0, 237.0
10.246474624, 281.0, -939.0, 266.0
10.265741568, 263.0, -934.0, 246.0
10.285008384, 264.0, -929.0, 247.0
10.304275328, 279.0, -939.0, 235.0
10.323542137, 277.0, -930.0, 246.0
10.3428064, 277.0, -922.0, 254.0
10.362070656, 270.0, -938.0, 248.0
10.381334912, 279.0, -932.0, 238.0
10.400599168, 265.0, -941.0, 236.0
10.419863424, 263.0, -920.0, 256.0
10.439127552, 271.0, -928.0, 234.0
10.458391808, 286.0, -932.0, 229.0
10.477656064, 270.0, -937.0, 240.0
10.49692032, 268.0, -925.0, 250.0
10.516184576, 260.0, -926.0, 234.0
10.535448832, 267.0, -929.0, 240.0
10.554713088, 275.0, -930.0, 239.0
10.573977344, 292.0, -923.0, 233.0
10.5932416, 270.0, -923.0, 231.0
10.612505728, 275.0, -918.0, 249.0
10.631769984, 277.0, -934.0, 249.0
10.65103424, 280.0, -928.0, 243.0
10.670298496, 272.0, -921.0, 236.0
10.689562752, 277.0, -926.0, 260.0
10.708827008, 283.0, -937.0, 230.0
10.728091264, 281.0, -928.0, 239.0
10.74735552, 288.0, -928.0, 223.0
10.766619776, 274.0, -925.0, 254.0
10.785883904, 285.0, -942.0, 238.0
10.80514816, 275.0, -928.0, 234.0
10.824412416, 279.0, -931.0, 237.0
10.843676672, 283.0, -933.0, 229.0
10.862940928, 265.0, -929.0, 244.0
10.882205184, 267.0, -924.0, 254.0
10.90146944, 288.0, -926.0, 232.0
10.920733696, 280.0, -933.0, 224.0
10.939997952, 273.0, -926.0, 241.0
10.95926208, 280.0, -929.0, 250.0
10.978526336, 286.0, -937.0, 239.0
10.997790592, 276.0, -935.0, 245.0
11.017054848, 281.0, -938.0, 253.0
11.036319104, 284.0, -922.0, 266.0
11.05558336, 293.0, -934.0, 232.0
11.074847616, 269.0, -943.0, 218.0
11.094111872, 277.0, -925.0, 249.0
11.113376128, 285.0, -934.0, 226.0
11.132640384, 258.0, -933.0, 224.0
11.151904512, 277.0, -934.0, 240.0
11.171168768, 276.0, -934.0, 230.0
11.190433024, 268.0, -935.0, 221.0
11.20969728, 284.0, -928.0, 240.0
11.228961536, 285.0, -938.0, 248.0
11.248225792, 260.0, -930.0, 224.0
11.267490048, 277.0, -928.0, 237.0
11.286754304, 271.0, -938.0, 232.0
11.30601856, 267.0, -943.0, 241.0
11.325282688, 278.0, -930.0, 227.0
11.344546944, 285.0, -937.0, 237.0
11.3638112, 279.0, -930.0, 241.0
11.383075456, 285.0, -931.0, 252.0
11.402339712, 273.0, -929.0, 226.0
11.421603968, 280.0, -941.0, 238.0
11.440868224, 285.0, -933.0, 225.0
11.46013248, 269.0, -937.0, 232.0
11.479396736, 263.0, -935.0, 218.0
11.498660864, 272.0, -939.0, 222.0
11.51792512, 269.0, -937.0, 235.0
11.537189376, 274.0, -930.0, 229.0
11.556453632, 288.0, -937.0, 237.0
11.575717888, 270.0, -935.0, 233.0
11.594982144, 270.0, -939.0, 241.0
11.6142464, 284.0, -943.0, 220.0
11.633510656, 286.0, -940.0, 223.0
11.652774912, 258.0, -947.0, 238.0
11.67203904, 274.0, -946.0, 243.0
11.691303296, 261.0, -950.0, 212.0
11.710567552, 269.0, -943.0, 221.0
11.729831808, 270.0, -952.0, 234.0
11.749096064, 270.0, -959.0, 249.0
11.76836032, 285.0, -959.0, 225.0
11.787624576, 275.0, -971.0, 219.0
11.806888832, 277.0, -959.0, 229.0
11.826153088, 305.0, -965.0, 239.0
11.845417216, 288.0, -976.0, 209.0
11.864681472, 258.0, -992.0, 223.0
11.883945728, 270.0, -973.0, 210.0
11.903209984, 265.0, -973.0, 214.0
11.92247424, 254.0, -969.0, 206.0
11.941738496, 265.0, -959.0, 194.0
11.961002752, 265.0, -977.0, 186.0
11.980267008, 258.0, -970.0, 206.0
11.99953119, 261.0, -975.0, 212.0
12.018793856, 266.0, -974.0, 191.0
12.038056576, 255.0, -988.0, 188.0
12.057319168, 295.0, -985.0, 212.0
12.076581888, 308.0, -1038.0, 215.0
12.09584448, 335.0, -1032.0, 234.0
12.1151072, 333.0, -1025.0, 267.0
12.134369792, 306.0, -1010.0, 270.0
12.153632512, 293.0, -1027.0, 268.0
12.172895104, 262.0, -1023.0, 250.0
12.192157824, 228.0, -1009.0, 227.0
12.211420416, 191.0, -982.0, 206.0
12.230683136, 160.0, -968.0, 198.0
12.249945728, 108.0, -963.0, 166.0
12.269208448, 95.0, -983.0, 150.0
12.28847104, 116.0, -982.0, 142.0
12.30773376, 150.0, -1054.0, 143.0
12.326996352, 159.0, -1049.0, 96.0
12.346259072, 101.0, -1070.0, 75.0
12.365521664, 97.0, -1138.0, 101.0
12.384784384, 129.0, -1117.0, 33.0
12.404046976, 87.0, -1099.0, -105.0
12.423309696, 37.0, -1083.0, -143.0
12.442572288, 83.0, -1063.0, -132.0
12.461835008, 180.0, -1114.0, -71.0
12.4810976, 316.0, -1117.0, -12.0
12.50036032, 394.0, -1091.0, -17.0
12.519622912, 302.0, -1053.0, -48.0
12.538885632, 197.0, -998.0, -21.0
12.558148224, 209.0, -981.0, 37.0
12.577410944, 199.0, -1006.0, -10.0
12.596673536, 153.0, -998.0, -94.0
12.615936256, 145.0, -991.0, -95.0
12.635198848, 201.0, -957.0, -74.0
12.654461568, 241.0, -960.0, -115.0
12.67372416, 236.0, -970.0, -127.0
12.69298688, 261.0, -950.0, -97.0
12.712249472, 275.0, -953.0, -103.0
12.731512192, 266.0, -942.0, -132.0
12.750774784, 264.0, -944.0, -139.0
12.770037504, 274.0, -896.0, -165.0
12.789300096, 297.0, -864.0, -222.0
12.808562816, 301.0, -887.0, -256.0
12.827825408, 302.0, -883.0, -265.0
12.847088128, 338.0, -849.0, -245.0
12.86635072, 331.0, -828.0, -247.0
12.88561344, 318.0, -812.0, -271.0
12.904876032, 336.0, -805.0, -306.0
12.924138752, 335.0, -782.0, -316.0
12.943401344, 332.0, -784.0, -340.0
12.962664064, 340.0, -773.0, -358.0
12.981926656, 337.0, -759.0, -393.0
13.001189376, 324.0, -733.0, -411.0
13.020451968, 329.0, -719.0, -406.0
13.039714688, 342.0, -709.0, -404.0
13.05897728, 341.0, -717.0, -435.0
13.07824, 362.0, -699.0, -418.0
13.097502592, 380.0, -669.0, -434.0
13.116765312, 373.0, -631.0, -439.0
13.136027904, 358.0, -624.0, -457.0
13.155290624, 333.0, -604.0, -500.0
13.174553216, 349.0, -603.0, -522.0
13.193815936, 357.0, -544.0, -541.0
13.213078528, 354.0, -549.0, -558.0
13.232341248, 330.0, -581.0, -592.0
13.251603853, 349.0, -579.0, -612.0
13.270867328, 360.0, -505.0, -628.0
13.290130816, 335.0, -520.0, -642.0
13.309394176, 331.0, -590.0, -635.0
13.328657664, 387.0, -614.0, -621.0
13.347921152, 407.0, -616.0, -616.0
13.36718464, 369.0, -601.0, -616.0
13.386448, 319.0, -575.0, -617.0
13.405711488, 295.0, -591.0, -620.0
13.424974976, 328.0, -612.0, -618.0
13.444238464, 372.0, -608.0, -621.0
13.463501824, 361.0, -589.0, -650.0
13.482765312, 320.0, -624.0, -656.0
13.5020288, 328.0, -622.0, -671.0
13.521292288, 304.0, -610.0, -673.0
13.540555648, 234.0, -650.0, -679.0
13.559819136, 248.0, -720.0, -709.0
13.579082624, 282.0, -702.0, -718.0
13.598345984, 236.0, -669.0, -702.0
13.617609472, 228.0, -695.0, -709.0
13.63687296, 337.0, -740.0, -706.0
13.656136448, 416.0, -742.0, -743.0
13.675399808, 342.0, -730.0, -835.0
13.694663296, 218.0, -735.0, -947.0
13.713926784, 213.0, -701.0, -1001.0
13.733190272, 200.0, -666.0, -883.0
13.752453632, 201.0, -633.0, -715.0
13.77171712, 157.0, -551.0, -579.0
13.790980608, 98.0, -431.0, -493.0
13.810244096, 68.0, -385.0, -454.0
13.829507456, 74.0, -365.0, -460.0
13.848770944, 118.0, -387.0, -497.0
13.868034432, 169.0, -451.0, -555.0
13.887297792, 239.0, -518.0, -619.0
13.90656128, 242.0, -579.0, -707.0
13.925824768, 214.0, -667.0, -850.0
13.945088256, 84.0, -677.0, -871.0
13.964351616, -38.0, -641.0, -877.0
13.983615104, -110.0, -618.0, -938.0
14.002878592, -170.0, -619.0, -985.0
14.02214208, -260.0, -605.0, -1000.0
14.04140544, -322.0, -553.0, -998.0
14.060668928, -336.0, -547.0, -966.0
14.079932416, -344.0, -505.0, -939.0
14.099195904, -375.0, -479.0, -934.0
14.118459264, -437.0, -410.0, -930.0
14.137722752, -478.0, -357.0, -958.0
14.15698624, -560.0, -272.0, -919.0
14.1762496, -648.0, -242.0, -905.0
14.195513088, -692.0, -241.0, -893.0
14.214776576, -741.0, -213.0, -862.0
14.234040064, -753.0, -179.0, -838.0
14.253303424, -767.0, -128.0, -816.0
14.272566912, -776.0, -74.0, -795.0
14.2918304, -800.0, -26.0, -777.0
14.311093888, -798.0, 7.0, -731.0
14.330357248, -802.0, 39.0, -724.0
14.349620736, -779.0, 62.0, -694.0
14.368884224, -768.0, 62.0, -634.0
14.388147712, -787.0, 116.0, -628.0
14.407411072, -749.0, 117.0, -579.0
14.42667456, -732.0, 236.0, -573.0
14.445937991, -749.0, 224.0, -573.0
14.46520064, -733.0, 283.0, -556.0
14.484463232, -758.0, 322.0, -552.0
14.503725952, -784.0, 356.0, -540.0
14.522988544, -806.0, 391.0, -530.0
14.542251136, -803.0, 391.0, -546.0
14.561513856, -788.0, 416.0, -522.0
14.580776448, -771.0, 434.0, -478.0
14.600039168, -748.0, 454.0, -497.0
14.61930176, -756.0, 473.0, -495.0
14.638564352, -744.0, 479.0, -500.0
14.657827072, -756.0, 489.0, -506.0
14.677089664, -753.0, 508.0, -486.0
14.696352256, -784.0, 496.0, -511.0
14.715614976, -759.0, 534.0, -484.0
14.734877568, -762.0, 584.0, -496.0
14.75414016, -727.0, 573.0, -487.0
14.77340288, -758.0, 627.0, -458.0
14.792665472, -648.0, 615.0, -422.0
14.811928064, -568.0, 588.0, -515.0
14.831190784, -563.0, 638.0, -522.0
14.850453376, -580.0, 599.0, -527.0
14.869716096, -558.0, 583.0, -541.0
14.888978688, -512.0, 616.0, -473.0
14.90824128, -497.0, 629.0, -492.0
14.927504, -437.0, 674.0, -535.0
14.946766592, -453.0, 737.0, -428.0
14.966029184, -377.0, 663.0, -488.0
14.985291904, -371.0, 650.0, -478.0
15.004554496, -322.0, 693.0, -507.0
15.023817088, -344.0, 721.0, -479.0
15.043079808, -356.0, 753.0, -501.0
15.0623424, -327.0, 761.0, -518.0
15.081604992, -352.0, 775.0, -509.0
15.100867712, -346.0, 779.0, -533.0
15.120130304, -305.0, 813.0, -522.0
15.139393024, -321.0, 769.0, -575.0
15.158655616, -360.0, 778.0, -583.0
15.177918208, -309.0, 834.0, -470.0
15.197180928, -257.0, 826.0, -504.0
15.21644352, -273.0, 796.0, -581.0
15.235706112, -358.0, 832.0, -589.0
15.254968832, -279.0, 876.0, -560.0
15.274231424, -272.0, 874.0, -556.0
15.293494016, -311.0, 833.0, -546.0
15.312756736, -296.0, 853.0, -555.0
15.332019328, -375.0, 891.0, -456.0
15.35128192, -310.0, 918.0, -458.0
15.37054464, -276.0, 863.0, -538.0
15.389807232, -252.0, 823.0, -478.0
15.409069952, -140.0, 851.0, -446.0
15.428332544, -246.0, 787.0, -507.0
15.447595136, -299.0, 790.0, -398.0
15.466857856, -181.0, 810.0, -287.0
15.486120448, -163.0, 746.0, -477.0
15.50538304, -205.0, 678.0, -567.0
15.52464576, -226.0, 683.0, -425.0
15.543908352, -54.0, 792.0, -313.0
15.563170944, -59.0, 841.0, -297.0
15.582433664, -206.0, 769.0, -444.0
15.601696256, -308.0, 733.0, -485.0
15.620958976, -401.0, 725.0, -522.0
15.640221568, -551.0, 773.0, -551.0
15.65948416, -692.0, 749.0, -699.0
15.67874688, -642.0, 828.0, -778.0
15.698009472, -449.0, 707.0, -807.0
15.717272091, -340.0, 663.0, -833.0
15.736535168, -379.0, 687.0, -714.0
15.755798272, -463.0, 665.0, -652.0
15.775061248, -471.0, 661.0, -590.0
15.794324352, -426.0, 594.0, -564.0
15.813587328, -375.0, 579.0, -577.0
15.832850432, -355.0, 620.0, -602.0
15.852113408, -414.0, 691.0, -646.0
15.871376512, -504.0, 871.0, -607.0
15.890639488, -553.0, 910.0, -559.0
15.909902592, -533.0, 910.0, -585.0
15.929165568, -568.0, 781.0, -556.0
15.948428672, -474.0, 838.0, -564.0
15.967691648, -274.0, 780.0, -523.0
15.986954752, -186.0, 717.0, -487.0
16.006217728, -204.0, 710.0, -461.0
16.025480832, -231.0, 691.0, -496.0
16.044743808, -153.0, 625.0, -482.0
16.064006912, -130.0, 725.0, -557.0
16.083269888, -366.0, 804.0, -549.0
16.102532992, -456.0, 667.0, -647.0
16.121795968, -362.0, 632.0, -582.0
16.141059072, -399.0, 678.0, -473.0
16.160322048, -422.0, 754.0, -416.0
16.179585152, -327.0, 725.0, -459.0
16.198848128, -262.0, 726.0, -510.0
16.218111232, -329.0, 783.0, -525.0
16.237374208, -417.0, 804.0, -481.0
16.256637312, -468.0, 714.0, -456.0
16.275900288, -539.0, 636.0, -452.0
16.295163392, -594.0, 581.0, -478.0
16.314426368, -632.0, 551.0, -517.0
16.333689472, -586.0, 487.0, -479.0
16.352952448, -961.0, 611.0, -532.0
16.372215552, -787.0, 643.0, -610.0
16.391478656, -580.0, 534.0, -518.0
16.410741632, -670.0, 504.0, -425.0
16.430004736, -678.0, 429.0, -437.0
16.449267712, -642.0, 320.0, -426.0
16.468530816, -708.0, 285.0, -418.0
16.487793792, -740.0, 257.0, -484.0
16.507056896, -799.0, 199.0, -516.0
16.526319872, -840.0, 133.0, -521.0
16.545582976, -912.0, 39.0, -561.0
16.564845952, -731.0, -110.0, -545.0
16.584109056, -1029.0, -132.0, -522.0
16.603372032, -889.0, -139.0, -554.0
16.622635136, -767.0, -292.0, -542.0
16.641898112, -931.0, -263.0, -438.0
16.661161216, -821.0, -349.0, -404.0
16.680424192, -721.0, -481.0, -461.0
16.699687296, -753.0, -525.0, -509.0
16.718950272, -752.0, -471.0, -492.0
16.738213376, -851.0, -468.0, -456.0
16.757476352, -733.0, -576.0, -336.0
16.776739456, -688.0, -807.0, -424.0
16.796002432, -816.0, -884.0, -464.0
16.81526548, -844.0, -856.0, -382.0
16.834530688, -743.0, -839.0, -389.0
16.85379584, -664.0, -925.0, -484.0
16.873060992, -637.0, -968.0, -454.0
16.892326144, -542.0, -1066.0, -397.0
16.911591424, -375.0, -1052.0, -422.0
16.930856576, -376.0, -1058.0, -404.0
16.950121728, -311.0, -1090.0, -382.0
16.96938688, -311.0, -1114.0, -392.0
16.988652032, -401.0, -1024.0, -425.0
17.007917184, -446.0, -1077.0, -401.0
17.027182464, -540.0, -1016.0, -500.0
17.046447616, -666.0, -934.0, -462.0
17.065712768, -668.0, -840.0, -429.0
17.08497792, -561.0, -726.0, -433.0
17.104243072, -506.0, -711.0, -392.0
17.123508224, -453.0, -658.0, -318.0
17.142773376, -398.0, -625.0, -294.0
17.162038656, -411.0, -675.0, -290.0
17.181303808, -415.0, -770.0, -278.0
17.20056896, -371.0, -833.0, -312.0
17.219834112, -306.0, -938.0, -560.0
17.239099264, -144.0, -996.0, -669.0
17.258364416, -190.0, -870.0, -531.0
17.277629696, -275.0, -866.0, -499.0
17.296894848, -369.0, -859.0, -512.0
17.31616, -411.0, -834.0, -500.0
17.335425152, -511.0, -710.0, -460.0
17.354690304, -636.0, -610.0, -433.0
17.373955456, -766.0, -579.0, -443.0
17.393220608, -866.0, -600.0, -426.0
17.412485888, -904.0, -610.0, -511.0
17.43175104, -920.0, -647.0, -543.0
17.451016192, -956.0, -695.0, -520.0
17.470281344, -947.0, -725.0, -532.0
17.489546496, -957.0, -705.0, -560.0
17.508811648, -983.0, -635.0, -563.0
17.528076928, -1009.0, -539.0, -540.0
17.54734208, -1002.0, -503.0, -543.0
17.566607232, -947.0, -498.0, -554.0
17.585872384, -964.0, -431.0, -543.0
17.605137536, -955.0, -333.0, -520.0
17.624402688, -958.0, -279.0, -491.0
17.64366784, -949.0, -226.0, -485.0
17.66293312, -912.0, -94.0, -472.0
17.682198272, -887.0, 3.0, -408.0
17.701463424, -907.0, 64.0, -384.0
17.720728576, -892.0, 86.0, -402.0
17.739993728, -844.0, 132.0, -399.0
17.75925888, -831.0, 191.0, -374.0
17.778524032, -796.0, 214.0, -406.0
17.797789312, -772.0, 284.0, -405.0
17.817054464, -742.0, 351.0, -423.0
17.836319616, -702.0, 369.0, -451.0
17.855584768, -717.0, 426.0, -447.0
17.87484992, -647.0, 481.0, -415.0
17.894115072, -516.0, 554.0, -329.0
17.913380352, -417.0, 567.0, -338.0
17.932645432, -434.0, 578.0, -416.0
17.951910144, -439.0, 645.0, -337.0
17.971174912, -340.0, 620.0, -339.0
17.990439552, -223.0, 573.0, -381.0
18.00970432, -136.0, 586.0, -364.0
18.028969088, -146.0, 599.0, -310.0
18.048233728, -230.0, 607.0, -212.0
18.067498496, -349.0, 568.0, -204.0
18.086763264, -183.0, 492.0, -241.0
18.106027904, 308.0, 344.0, -295.0
18.125292672, 640.0, 258.0, -291.0
18.144557312, 335.0, 105.0, -78.0
18.16382208, -280.0, -8.0, 107.0
18.183086848, -1045.0, 159.0, 421.0
18.202351488, -1827.0, 530.0, 624.0
18.221616256, -1509.0, 352.0, -96.0
18.240881024, 417.0, -288.0, -912.0
18.260145664, 230.0, -792.0, -987.0
18.279410432, -1717.0, -143.0, -1123.0
18.2986752, -2410.0, 506.0, -1116.0
18.31793984, -1472.0, -88.0, -97.0
18.337204608, 100.0, -573.0, -32.0
18.356469376, 480.0, -486.0, -205.0
18.375734016, 43.0, -630.0, -105.0
18.394998784, -683.0, -556.0, -461.0
18.414263424, -912.0, -478.0, -670.0
18.433528192, -854.0, -681.0, -757.0
18.45279296, -875.0, -698.0, -623.0
18.4720576, -903.0, -655.0, -474.0
18.491322368, -574.0, -603.0, -350.0
18.510587136, -420.0, -730.0, -474.0
18.529851776, -538.0, -607.0, -321.0
18.549116544, -440.0, -664.0, -409.0
18.568381312, -445.0, -893.0, -632.0
18.587645952, -613.0, -959.0, -611.0
18.60691072, -527.0, -848.0, -603.0
18.626175488, -377.0, -812.0, -591.0
18.645440128, -312.0, -1066.0, -539.0
18.664704896, -384.0, -1157.0, -498.0
18.683969536, -235.0, -1164.0, -581.0
18.703234304, -282.0, -1192.0, -640.0
18.722499072, -227.0, -1291.0, -671.0
18.741763712, -166.0, -1322.0, -723.0
18.76102848, -107.0, -1343.0, -712.0
18.780293248, 25.0, -1509.0, -671.0
18.799557888, 101.0, -1741.0, -662.0
18.818822656, 125.0, -1727.0, -653.0
18.838087424, 88.0, -1506.0, -622.0
18.857352064, 126.0, -1416.0, -511.0
18.876616832, -9.0, -1444.0, -561.0
18.8958816, -42.0, -1391.0, -403.0
18.91514624, -16.0, -1197.0, -314.0
18.934410992, -36.0, -1171.0, -198.0
18.953676032, -69.0, -1202.0, -111.0
18.972941056, 9.0, -1307.0, -200.0
18.99220608, 90.0, -1368.0, -266.0
19.011471104, -5.0, -1199.0, -230.0
19.030736, 84.0, -1265.0, -272.0
19.050001024, 489.0, -1381.0, -502.0
19.069266048, 881.0, -1388.0, -311.0
19.088531072, 770.0, -1404.0, -3.0
19.107796096, 407.0, -1288.0, 33.0
19.12706112, 309.0, -1171.0, -49.0
19.146326016, 246.0, -1044.0, -58.0
19.16559104, 180.0, -954.0, 51.0
19.184856064, 95.0, -816.0, 138.0
19.204121088, 42.0, -706.0, 149.0
19.223386112, -50.0, -710.0, 67.0
19.242651136, -19.0, -579.0, 252.0
19.26191616, -57.0, -559.0, 83.0
19.281181056, -145.0, -552.0, -65.0
19.30044608, -223.0, -520.0, -97.0
19.319711104, -334.0, -446.0, -210.0
19.338976128, -466.0, -398.0, -345.0
19.358241152, -632.0, -314.0, -463.0
19.377506176, -811.0, -222.0, -590.0
19.3967712, -932.0, -240.0, -691.0
19.416036096, -954.0, -360.0, -709.0
19.43530112, -970.0, -514.0, -723.0
19.454566144, -930.0, -549.0, -735.0
19.473831168, -876.0, -570.0, -725.0
19.493096192, -879.0, -542.0, -661.0
19.512361216, -902.0, -509.0, -633.0
19.531626112, -878.0, -465.0, -600.0
19.550891136, -886.0, -395.0, -538.0
19.57015616, -871.0, -332.0, -518.0
19.589421184, -848.0, -237.0, -485.0
19.608686208, -854.0, -196.0, -427.0
19.627951232, -859.0, -172.0, -414.0
19.647216256, -854.0, -159.0, -428.0
19.666481152, -839.0, -77.0, -438.0
19.685746176, -767.0, -21.0, -433.0
19.7050112, -724.0, 53.0, -456.0
19.724276224, -677.0, 144.0, -465.0
19.743541248, -630.0, 247.0, -451.0
19.762806272, -608.0, 258.0, -474.0
19.782071296, -581.0, 302.0, -397.0
19.801336192, -543.0, 323.0, -358.0
19.820601216, -453.0, 340.0, -332.0
19.83986624, -378.0, 402.0, -331.0
19.859131264, -283.0, 448.0, -324.0
19.878396288, -238.0, 469.0, -287.0
19.897661312, -162.0, 466.0, -231.0
19.916926208, -110.0, 466.0, -198.0
19.936191232, -21.0, 451.0, -182.0
19.955456256, 0.0, 422.0, -185.0
19.97472128, -52.0, 393.0, -158.0
19.993986304, -14.0, 322.0, -221.0
20.013251328, 13.0, 195.0, -314.0
20.032516352, -8.0, 106.0, -361.0
20.051781248, -29.0, 14.0, -287.0
20.071046273, -17.0, -113.0, -189.0
20.090310656, -418.0, -293.0, -78.0
20.10957504, -1229.0, -155.0, 88.0
20.128839424, -1433.0, -209.0, 385.0
20.148103808, -26.0, -934.0, -262.0
20.167368192, 206.0, -1532.0, -1115.0
20.186632576, -1117.0, -1037.0, -1274.0
20.20589696, -928.0, -973.0, -959.0
20.225161344, -824.0, -1035.0, -1126.0
20.244425728, -800.0, -1067.0, -919.0
20.263689984, -956.0, -973.0, -684.0
20.282954368, -773.0, -845.0, -416.0
20.302218752, -389.0, -842.0, -334.0
20.321483136, -487.0, -914.0, -358.0
20.34074752, -435.0, -914.0, -418.0
20.360011904, -420.0, -988.0, -590.0
20.379276288, -590.0, -966.0, -576.0
20.398540672, -438.0, -1121.0, -670.0
20.417805056, -389.0, -1198.0, -650.0
20.43706944, -272.0, -1229.0, -541.0
20.456333824, -149.0, -1306.0, -514.0
20.475598208, -57.0, -1334.0, -432.0
20.494862592, -55.0, -1275.0, -479.0
20.514126976, -28.0, -1316.0, -523.0
20.53339136, -24.0, -1322.0, -482.0
20.552655744, 26.0, -1293.0, -446.0
20.571920128, 107.0, -1283.0, -422.0
20.591184384, 43.0, -1249.0, -391.0
20.610448768, 28.0, -1208.0, -293.0
20.629713152, 27.0, -1278.0, -258.0
20.648977536, 80.0, -1232.0, -171.0
20.66824192, 144.0, -1266.0, -12.0
20.687506304, 227.0, -1441.0, -37.0
20.706770688, 416.0, -1493.0, -167.0
20.726035072, 320.0, -1313.0, -227.0
20.745299456, 295.0, -1395.0, -179.0
20.76456384, 506.0, -1559.0, -185.0
20.783828224, 762.0, -1598.0, -196.0
20.803092608, 938.0, -1537.0, -247.0
20.822356992, 795.0, -1494.0, -198.0
20.841621376, 496.0, -1343.0, -189.0
20.86088576, 310.0, -1239.0, -216.0
20.880150144, 260.0, -1195.0, -206.0
20.899414528, 267.0, -1139.0, -186.0
20.918678784, 227.0, -1037.0, -129.0
20.937943168, 172.0, -943.0, -56.0
20.957207552, 165.0, -846.0, -10.0
20.976471936, 139.0, -795.0, -16.0
20.99573632, 132.0, -708.0, -40.0
21.015000704, 47.0, -576.0, -65.0
21.034265088, 26.0, -547.0, -102.0
21.053529472, -98.0, -497.0, -134.0
21.072793856, -226.0, -453.0, -179.0
21.09205824, -346.0, -457.0, -192.0
21.111322624, -454.0, -449.0, -294.0
21.130586978, -544.0, -484.0, -401.0
21.149852288, -623.0, -511.0, -464.0
21.169117568, -701.0, -538.0, -497.0
21.188382848, -742.0, -547.0, -568.0
21.207648128, -769.0, -534.0, -606.0
21.22691328, -800.0, -533.0, -603.0
21.24617856, -838.0, -480.0, -571.0
21.26544384, -848.0, -454.0, -547.0
21.28470912, -812.0, -458.0, -539.0
21.3039744, -827.0, -414.0, -521.0
21.32323968, -824.0, -299.0, -525.0
21.34250496, -839.0, -207.0, -497.0
21.36177024, -864.0, -113.0, -482.0
21.381035392, -848.0, -19.0, -463.0
21.400300672, -809.0, 66.0, -443.0
21.419565952, -780.0, 117.0, -451.0
21.438831232, -775.0, 136.0, -474.0
21.458096512, -736.0, 248.0, -435.0
21.477361792, -636.0, 322.0, -407.0
21.496627072, -567.0, 380.0, -362.0
21.515892352, -539.0, 390.0, -333.0
21.535157504, -418.0, 433.0, -312.0
21.554422784, -334.0, 423.0, -316.0
21.573688064, -274.0, 456.0, -281.0
21.592953344, -224.0, 475.0, -244.0
21.612218624, -189.0, 458.0, -219.0
21.631483904, -195.0, 461.0, -168.0
21.650749184, -232.0, 423.0, -115.0
21.670014464, -216.0, 385.0, -74.0
21.689279616, -260.0, 338.0, -36.0
21.708544896, -244.0, 282.0, -36.0
21.727810176, -238.0, 187.0, -90.0
21.747075456, -319.0, 47.0, -159.0
21.766340736, -285.0, -130.0, -137.0
21.785606016, -86.0, -297.0, -278.0
21.804871296, 42.0, -394.0, -467.0
21.824136576, -504.0, -354.0, -357.0
21.843401728, -1234.0, 58.0, 72.0
21.862667008, -837.0, 70.0, 320.0
21.881932288, 482.0, -1056.0, -523.0
21.901197568, -173.0, -1536.0, -1263.0
21.920462848, -1031.0, -1124.0, -711.0
21.939728128, -920.0, -917.0, -881.0
21.958993408, -657.0, -1029.0, -998.0
21.978258688, -691.0, -981.0, -806.0
21.99752384, -711.0, -1002.0, -568.0
22.01678912, -559.0, -1030.0, -520.0
22.0360544, -393.0, -1151.0, -521.0
22.05531968, -380.0, -1156.0, -526.0
22.07458496, -431.0, -1247.0, -569.0
22.09385024, -347.0, -1258.0, -503.0
22.11311552, -262.0, -1415.0, -575.0
22.1323808, -240.0, -1391.0, -584.0
22.151645952, -205.0, -1351.0, -513.0
22.170911232, -153.0, -1537.0, -482.0
22.190176512, -147.0, -1598.0, -539.0
22.209441792, -182.0, -1478.0, -616.0
22.228707013, -242.0, -1375.0, -566.0
22.247971712, -133.0, -1325.0, -348.0
22.267236352, -10.0, -1287.0, -310.0
22.28650112, 0.0, -1238.0, -273.0
22.30576576, 33.0, -1279.0, -200.0
22.325030528, 105.0, -1238.0, -195.0
22.344295168, 129.0, -1231.0, -321.0
22.363559936, 40.0, -1200.0, -313.0
22.382824576, 82.0, -1295.0, -200.0
22.402089344, 291.0, -1523.0, -173.0
22.421353984, 530.0, -1604.0, -209.0
22.440618752, 511.0, -1539.0, -285.0
22.459883392, 513.0, -1492.0, -227.0
22.479148032, 461.0, -1449.0, -144.0
22.4984128, 384.0, -1442.0, -196.0
22.51767744, 368.0, -1376.0, -262.0
22.536942208, 335.0, -1270.0, -216.0
22.556206848, 305.0, -1197.0, -131.0
22.575471616, 427.0, -1162.0, -96.0
22.594736256, 430.0, -1050.0, -74.0
22.614001024, 386.0, -928.0, -15.0
22.633265664, 346.0, -827.0, 11.0
22.652530432, 307.0, -720.0, 18.0
22.671795072, 218.0, -617.0, 0.0
22.691059712, 146.0, -557.0, -25.0
22.71032448, 90.0, -474.0, -14.0
22.72958912, -37.0, -452.0, -111.0
22.748853888, -124.0, -378.0, -75.0
22.768118528, -263.0, -429.0, -111.0
22.787383296, -393.0, -466.0, -183.0
22.806647936, -447.0, -493.0, -269.0
22.825912704, -489.0, -510.0, -368.0
22.845177344, -566.0, -518.0, -449.0
22.864442112, -632.0, -568.0, -544.0
22.883706752, -716.0, -602.0, -602.0
22.902971392, -779.0, -604.0, -620.0
22.92223616, -831.0, -592.0, -632.0
22.9415008, -857.0, -634.0, -619.0
22.960765568, -884.0, -611.0, -595.0
22.980030208, -827.0, -515.0, -538.0
22.999294976, -814.0, -466.0, -528.0
23.018559616, -816.0, -382.0, -536.0
23.037824384, -830.0, -367.0, -580.0
23.057089024, -852.0, -326.0, -596.0
23.076353664, -821.0, -227.0, -615.0
23.095618432, -829.0, -66.0, -599.0
23.114883072, -876.0, 23.0, -545.0
23.13414784, -895.0, 96.0, -500.0
23.15341248, -878.0, 151.0, -444.0
23.172677248, -813.0, 193.0, -397.0
23.191941888, -753.0, 235.0, -366.0
23.211206656, -665.0, 281.0, -335.0
23.230471296, -580.0, 315.0, -324.0
23.249736064, -517.0, 350.0, -285.0
23.269000704, -443.0, 394.0, -261.0
23.288265344, -366.0, 401.0, -266.0
23.307530112, -292.0, 416.0, -254.0
23.326794752, -210.0, 417.0, -241.0
23.346059499, -185.0, 422.0, -221.0
23.36532416, -180.0, 412.0, -174.0
23.3845888, -179.0, 378.0, -135.0
23.403853568, -177.0, 345.0, -126.0
23.423118208, -160.0, 295.0, -132.0
23.442382976, -85.0, 246.0, -165.0
23.461647616, -82.0, 154.0, -212.0
23.480912256, -217.0, 32.0, -269.0
23.500177024, -354.0, -61.0, -283.0
23.519441664, -306.0, -94.0, -385.0
23.538706432, -130.0, -248.0, -557.0
23.557971072, -200.0, -470.0, -469.0
23.57723584, -583.0, -503.0, -132.0
23.59650048, -964.0, -192.0, 201.0
23.61576512, -299.0, -523.0, -6.0
23.635029888, 451.0, -1389.0, -1010.0
23.654294528, -904.0, -1187.0, -1390.0
23.673559296, -1299.0, -808.0, -871.0
23.692823936, -968.0, -1075.0, -955.0
23.712088576, -718.0, -986.0, -885.0
23.731353344, -690.0, -979.0, -589.0
23.750617984, -501.0, -1138.0, -501.0
23.769882752, -448.0, -1081.0, -509.0
23.789147392, -386.0, -1074.0, -593.0
23.80841216, -306.0, -1215.0, -587.0
23.8276768, -345.0, -1348.0, -531.0
23.84694144, -196.0, -1470.0, -621.0
23.866206208, -249.0, -1478.0, -615.0
23.885470848, -177.0, -1380.0, -574.0
23.904735616, -142.0, -1419.0, -578.0
23.924000256, -89.0, -1505.0, -571.0
23.943264896, -151.0, -1548.0, -569.0
23.962529664, -176.0, -1546.0, -456.0
23.981794304, -70.0, -1487.0, -481.0
24.001059072, -38.0, -1386.0, -389.0
24.020323712, -32.0, -1333.0, -272.0
24.039588352, 121.0, -1327.0, -221.0
24.05885312, 204.0, -1303.0, -249.0
24.07811776, 120.0, -1251.0, -312.0
24.097382528, -32.0, -1297.0, -298.0
24.116647168, 157.0, -1513.0, -170.0
24.135911936, 667.0, -1517.0, -226.0
24.155176576, 1041.0, -1517.0, -225.0
24.174441216, 872.0, -1557.0, -135.0
24.193705984, 535.0, -1331.0, 20.0
24.212970624, 584.0, -1322.0, -166.0
24.232235392, 548.0, -1267.0, -313.0
24.251500032, 226.0, -1166.0, -121.0
24.270764672, 118.0, -922.0, -70.0
24.29002944, 146.0, -902.0, -76.0
24.30929408, 163.0, -848.0, -155.0
24.328558848, 138.0, -760.0, -118.0
24.347823533, 173.0, -679.0, -129.0
24.367088512, 191.0, -619.0, -115.0
24.386353536, 241.0, -561.0, -73.0
24.40561856, 111.0, -503.0, -160.0
24.424883584, 118.0, -441.0, -61.0
24.444148736, 35.0, -426.0, -95.0
24.46341376, -119.0, -444.0, -140.0
24.482678784, -254.0, -421.0, -227.0
24.501943808, -436.0, -441.0, -302.0
24.521208832, -595.0, -488.0, -409.0
24.540473856, -689.0, -510.0, -524.0
24.55973888, -757.0, -540.0, -592.0
24.579004032, -849.0, -554.0, -615.0
24.598269056, -891.0, -579.0, -634.0
24.61753408, -916.0, -589.0, -662.0
24.636799104, -889.0, -577.0, -641.0
24.656064128, -872.0, -545.0, -643.0
24.675329152, -896.0, -515.0, -617.0
24.694594176, -850.0, -482.0, -612.0
24.713859328, -824.0, -408.0, -581.0
24.733124352, -798.0, -290.0, -574.0
24.752389376, -828.0, -191.0, -532.0
24.7716544, -826.0, -105.0, -504.0
24.790919424, -843.0, -28.0, -495.0
24.810184448, -847.0, 50.0, -493.0
24.829449472, -815.0, 132.0, -498.0
24.848714624, -797.0, 191.0, -501.0
24.867979648, -737.0, 240.0, -499.0
24.887244672, -699.0, 275.0, -453.0
24.906509696, -611.0, 383.0, -370.0
24.92577472, -466.0, 378.0, -336.0
24.945039744, -373.0, 355.0, -377.0
24.964304768, -297.0, 415.0, -344.0
24.98356992, -237.0, 449.0, -328.0
25.002834944, -219.0, 466.0, -298.0
25.022099968, -203.0, 481.0, -268.0
25.041364992, -183.0, 495.0, -229.0
25.060630016, -184.0, 452.0, -175.0
25.07989504, -195.0, 412.0, -122.0
25.099160064, -202.0, 371.0, -69.0
25.118425216, -223.0, 306.0, -46.0
25.13769024, -198.0, 211.0, -65.0
25.156955264, -190.0, 91.0, -94.0
25.176220288, -137.0, -53.0, -87.0
25.195485312, -102.0, -183.0, -196.0
25.214750336, -101.0, -293.0, -379.0
25.23401536, -255.0, -344.0, -430.0
25.253280512, -849.0, -123.0, -249.0
25.272545536, -982.0, 63.0, 2.0
25.29181056, 80.0, -787.0, -13.0
25.311075584, -85.0, -1736.0, -1193.0
25.330340608, -636.0, -1649.0, -729.0
25.349605632, -812.0, -750.0, -1001.0
25.368870656, -443.0, -986.0, -1051.0
25.388135808, -452.0, -1202.0, -762.0
25.407400866, -497.0, -1194.0, -450.0
25.42666688, -370.0, -1219.0, -466.0
25.445932928, -403.0, -1279.0, -501.0
25.465198848, -506.0, -1232.0, -535.0
25.484464896, -544.0, -1229.0, -544.0
25.503730944, -507.0, -1262.0, -503.0
25.522996992, -317.0, -1268.0, -509.0
25.542262912, -235.0, -1368.0, -493.0
25.56152896, -230.0, -1452.0, -577.0
25.580795008, -134.0, -1422.0, -500.0
25.600061056, -192.0, -1457.0, -559.0
25.619326976, -152.0, -1320.0, -394.0
25.638593024, -63.0, -1296.0, -291.0
25.657859072, 18.0, -1278.0, -274.0
25.677124992, 77.0, -1258.0, -209.0
25.69639104, 125.0, -1279.0, -133.0
25.715657088, 156.0, -1332.0, -171.0
25.734923136, 137.0, -1355.0, -251.0
25.754189056, 2.0, -1380.0, -271.0
25.773455104, 50.0, -1499.0, -214.0
25.792721152, 383.0, -1606.0, -472.0
25.8119872, 615.0, -1539.0, -434.0
25.83125312, 460.0, -1548.0, -261.0
25.850519168, 267.0, -1423.0, -136.0
25.869785216, 355.0, -1345.0, -114.0
25.889051264, 478.0, -1423.0, -243.0
25.908317184, 451.0, -1298.0, -166.0
25.927583232, 387.0, -1162.0, -87.0
25.94684928, 427.0, -1108.0, -30.0
25.9661152, 464.0, -1092.0, -75.0
25.985381248, 450.0, -1029.0, 19.0
26.004647296, 344.0, -844.0, -50.0
26.023913344, 251.0, -673.0, 29.0
26.043179264, 119.0, -621.0, 15.0
26.062445312, 160.0, -614.0, -3.0
26.08171136, 241.0, -662.0, -89.0
26.100977408, 204.0, -638.0, -173.0
26.120243328, 102.0, -576.0, -241.0
26.139509376, -56.0, -543.0, -237.0
26.158775424, -189.0, -529.0, -230.0
26.178041344, -257.0, -558.0, -148.0
26.197307392, -309.0, -592.0, -166.0
26.21657344, -360.0, -596.0, -244.0
26.235839488, -451.0, -591.0, -350.0
26.255105408, -524.0, -563.0, -427.0
26.274371456, -632.0, -535.0, -514.0
26.293637504, -756.0, -544.0, -552.0
26.312903552, -805.0, -578.0, -573.0
26.332169472, -812.0, -623.0, -562.0
26.35143552, -853.0, -603.0, -582.0
26.370701568, -912.0, -546.0, -618.0
26.389967488, -926.0, -545.0, -629.0
26.409233536, -932.0, -491.0, -633.0
26.428499584, -875.0, -407.0, -593.0
26.447765632, -811.0, -342.0, -532.0
26.467031552, -816.0, -265.0, -497.0
26.4862976, -790.0, -187.0, -472.0
26.505563648, -761.0, -127.0, -501.0
26.524829696, -770.0, -41.0, -497.0
26.544095616, -762.0, 48.0, -515.0
26.56336167, -764.0, 133.0, -499.0
26.582625792, -782.0, 221.0, -491.0
26.60188992, -762.0, 258.0, -463.0
26.621154176, -734.0, 294.0, -451.0
26.640418304, -714.0, 336.0, -404.0
26.65968256, -640.0, 366.0, -359.0
26.678946688, -533.0, 391.0, -321.0
26.698210944, -410.0, 421.0, -320.0
26.717475072, -307.0, 421.0, -305.0
26.7367392, -265.0, 436.0, -288.0
26.756003456, -223.0, 434.0, -263.0
26.775267584, -187.0, 408.0, -229.0
26.79453184, -179.0, 371.0, -187.0
26.813795968, -181.0, 358.0, -141.0
26.833060224, -188.0, 321.0, -99.0
26.852324352, -182.0, 270.0, -84.0
26.87158848, -90.0, 147.0, -244.0
26.890852736, -55.0, -8.0, -172.0
26.910116864, 65.0, -181.0, -33.0
26.92938112, 138.0, -417.0, -17.0
26.948645248, -498.0, -492.0, -403.0
26.967909376, -1323.0, -473.0, -390.0
26.987173632, -1535.0, 85.0, 24.0
27.00643776, -412.0, 11.0, 256.0
27.025702016, 961.0, -1407.0, -910.0
27.044966144, -86.0, -1754.0, -1282.0
27.0642304, -737.0, -936.0, -604.0
27.083494528, -712.0, -1073.0, -643.0
27.102758656, -456.0, -1301.0, -846.0
27.122022912, -717.0, -1278.0, -641.0
27.14128704, -720.0, -1319.0, -588.0
27.160551296, -587.0, -1128.0, -569.0
27.179815424, -443.0, -1223.0, -621.0
27.19907968, -378.0, -1326.0, -626.0
27.218343808, -330.0, -1342.0, -582.0
27.237607936, -226.0, -1320.0, -628.0
27.256872192, -130.0, -1384.0, -554.0
27.27613632, -162.0, -1394.0, -512.0
27.295400576, -85.0, -1376.0, -471.0
27.314664704, -12.0, -1408.0, -411.0
27.33392896, -34.0, -1349.0, -401.0
27.353193088, 13.0, -1304.0, -303.0
27.372457216, -19.0, -1244.0, -332.0
27.391721472, -6.0, -1173.0, -280.0
27.4109856, 31.0, -1207.0, -192.0
27.430249856, 121.0, -1373.0, -203.0
27.449513984, 226.0, -1433.0, -322.0
27.468778112, 137.0, -1359.0, -341.0
27.488042368, 241.0, -1499.0, -274.0
27.507306496, 471.0, -1545.0, -222.0
27.526570782, 656.0, -1471.0, -153.0
27.54583744, 1793.0, -978.0, -914.0
27.565104128, 582.0, -1392.0, -69.0
27.584370816, 577.0, -1520.0, -148.0
27.603637504, 517.0, -1384.0, -250.0
27.622904192, 568.0, -1299.0, -125.0
27.64217088, 331.0, -1112.0, -111.0
27.661437568, 317.0, -991.0, 5.0
27.680704256, 374.0, -1114.0, -67.0
27.699970944, 320.0, -811.0, -64.0
27.719237632, 316.0, -835.0, -96.0
27.73850432, 326.0, -737.0, -83.0
27.757771008, 285.0, -666.0, -25.0
27.777037696, 229.0, -605.0, -49.0
27.796304384, 216.0, -546.0, -90.0
27.815571072, 133.0, -490.0, -90.0
27.83483776, 60.0, -471.0, -91.0
27.854104448, -139.0, -477.0, -225.0
27.873371136, -205.0, -520.0, -182.0
27.892637952, -320.0, -566.0, -205.0
27.91190464, -385.0, -614.0, -302.0
27.931171328, -441.0, -645.0, -395.0
27.950438016, -503.0, -667.0, -517.0
27.969704704, -554.0, -603.0, -566.0
27.988971392, -638.0, -589.0, -619.0
28.00823808, -707.0, -623.0, -611.0
28.027504768, -743.0, -553.0, -607.0
28.046771456, -731.0, -590.0, -627.0
28.066038144, -746.0, -587.0, -652.0
28.085304832, -766.0, -596.0, -661.0
28.10457152, -838.0, -528.0, -671.0
28.123838208, -852.0, -447.0, -671.0
28.143104896, -854.0, -365.0, -647.0
28.162371584, -937.0, -375.0, -612.0
28.181638272, -976.0, -384.0, -645.0
28.20090496, -970.0, -268.0, -681.0
28.220171648, -922.0, -40.0, -685.0
28.239438336, -840.0, 100.0, -659.0
28.258705024, -760.0, 135.0, -631.0
28.277971712, -662.0, 173.0, -585.0
28.2972384, -582.0, 230.0, -534.0
28.316505088, -497.0, 290.0, -426.0
28.335771776, -417.0, 315.0, -369.0
28.355038464, -373.0, 343.0, -338.0
28.374305152, -329.0, 413.0, -337.0
28.39357184, -303.0, 500.0, -294.0
28.412838528, -306.0, 561.0, -233.0
28.432105216, -337.0, 589.0, -238.0
28.451371904, -350.0, 599.0, -251.0
28.470638592, -330.0, 582.0, -255.0
28.48990528, -286.0, 600.0, -245.0
28.509171968, -278.0, 600.0, -203.0
28.528438656, -240.0, 579.0, -176.0
28.547705344, -170.0, 526.0, -149.0
28.56697213, -118.0, 469.0, -79.0
28.586239744, -95.0, 404.0, -38.0
28.605507328, -98.0, 297.0, -15.0
28.624774784, -103.0, 124.0, -45.0
28.644042368, -175.0, -65.0, -65.0
28.663309952, -132.0, -194.0, -128.0
28.682577408, 42.0, -381.0, -255.0
28.701844992, -178.0, -557.0, -286.0
28.721112576, -1062.0, -251.0, -125.0
28.740380032, -1589.0, 234.0, 113.0
28.759647616, -427.0, -374.0, -267.0
28.7789152, -207.0, -1402.0, -1187.0
28.798182656, -726.0, -1575.0, -792.0
28.81745024, -320.0, -898.0, -817.0
28.836717696, 19.0, -1001.0, -862.0
28.85598528, -249.0, -1039.0, -650.0
28.875252864, -380.0, -1332.0, -639.0
28.89452032, -478.0, -1368.0, -704.0
28.913787904, -492.0, -1440.0, -768.0
28.933055488, -417.0, -1467.0, -696.0
28.952322944, -364.0, -1450.0, -712.0
28.971590528, -330.0, -1396.0, -562.0
28.990858112, -200.0, -1373.0, -541.0
29.010125568, -272.0, -1370.0, -552.0
29.029393152, -365.0, -1382.0, -481.0
29.048660736, -346.0, -1428.0, -436.0
29.067928192, -305.0, -1543.0, -491.0
29.087195776, -325.0, -1491.0, -430.0
29.10646336, -255.0, -1349.0, -285.0
29.125730816, -159.0, -1265.0, -220.0
29.1449984, -96.0, -1377.0, -175.0
29.164265984, 37.0, -1369.0, -149.0
29.18353344, 149.0, -1249.0, -185.0
29.202801024, 266.0, -1200.0, -243.0
29.22206848, 210.0, -1239.0, -191.0
29.241336064, 373.0, -1518.0, -34.0
29.260603648, 628.0, -1657.0, -91.0
29.279871104, 628.0, -1553.0, -145.0
29.299138688, 514.0, -1559.0, -127.0
29.318406272, 393.0, -1481.0, -184.0
29.337673728, 264.0, -1476.0, -93.0
29.356941312, 289.0, -1380.0, -235.0
29.376208896, 332.0, -1302.0, -210.0
29.395476352, 429.0, -1201.0, -104.0
29.414743936, 414.0, -1141.0, 4.0
29.43401152, 413.0, -1056.0, 35.0
29.453278976, 417.0, -949.0, 60.0
29.47254656, 420.0, -878.0, 126.0
29.491814144, 346.0, -766.0, 52.0
29.5110816, 298.0, -610.0, 69.0
29.530349184, 222.0, -587.0, 14.0
29.549616768, 171.0, -497.0, -17.0
29.568884224, 105.0, -458.0, -27.0
29.588151709, 35.0, -438.0, -40.0
29.607417088, -49.0, -426.0, -30.0
29.626682496, -206.0, -393.0, -80.0
29.645947776, -319.0, -445.0, -97.0
29.665213184, -448.0, -510.0, -163.0
29.684478464, -566.0, -533.0, -266.0
29.703743872, -661.0, -551.0, -343.0
29.723009152, -696.0, -540.0, -414.0
29.74227456, -792.0, -576.0, -452.0
29.76153984, -896.0, -658.0, -507.0
29.780805248, -943.0, -712.0, -545.0
29.800070528, -944.0, -718.0, -576.0
29.819335936, -918.0, -715.0, -593.0
29.838601216, -899.0, -659.0, -623.0
29.857866624, -967.0, -619.0, -617.0
29.877131904, -930.0, -535.0, -611.0
29.896397312, -948.0, -450.0, -592.0
29.915662592, -940.0, -379.0, -575.0
29.934928, -952.0, -307.0, -535.0
29.95419328, -927.0, -224.0, -506.0
29.973458688, -878.0, -147.0, -489.0
29.992723968, -855.0, -76.0, -471.0
30.011989376, -819.0, -3.0, -475.0
30.031254656, -775.0, 78.0, -455.0
30.050520064, -719.0, 119.0, -449.0
30.069785344, -653.0, 188.0, -450.0
30.089050752, -615.0, 238.0, -445.0
30.108316032, -619.0, 283.0, -447.0
30.12758144, -629.0, 360.0, -422.0
30.14684672, -597.0, 416.0, -407.0
30.166112128, -601.0, 438.0, -380.0
30.185377408, -573.0, 467.0, -360.0
30.204642816, -541.0, 504.0, -318.0
30.223908096, -498.0, 518.0, -299.0
30.243173504, -432.0, 536.0, -271.0
30.262438784, -356.0, 539.0, -247.0
30.281704192, -270.0, 542.0, -227.0
30.300969472, -216.0, 535.0, -189.0
30.32023488, -172.0, 503.0, -159.0
30.33950016, -144.0, 451.0, -134.0
30.358765568, -121.0, 388.0, -92.0
30.378030848, -132.0, 307.0, -73.0
30.397296256, -33.0, 203.0, -114.0
30.416561536, 24.0, 78.0, -113.0
30.435826944, -72.0, -93.0, -108.0
30.455092224, -189.0, -212.0, -230.0
30.474357632, -134.0, -290.0, -387.0
30.493622912, -164.0, -405.0, -564.0
30.51288832, -730.0, -389.0, -574.0
30.5321536, -1242.0, 38.0, 62.0
30.551419008, -666.0, -333.0, -84.0
30.570684288, 634.0, -1320.0, -891.0
30.589949696, -463.0, -1378.0, -1295.0
30.609214976, -949.0, -903.0, -719.0
30.628480384, -881.0, -1032.0, -795.0
30.647745664, -564.0, -1199.0, -887.0
30.667011072, -635.0, -1114.0, -720.0
30.686276322, -553.0, -1184.0, -545.0
30.705542528, -548.0, -1112.0, -487.0
30.724808704, -267.0, -1195.0, -486.0
30.744075008, -292.0, -1285.0, -496.0
30.763341184, -281.0, -1353.0, -497.0
30.78260736, -203.0, -1435.0, -517.0
30.801873664, -233.0, -1488.0, -545.0
30.82113984, -187.0, -1453.0, -458.0
30.840406016, -143.0, -1432.0, -443.0
30.85967232, -216.0, -1541.0, -492.0
30.878938496, -175.0, -1419.0, -467.0
30.898204672, -143.0, -1346.0, -331.0
30.917470976, -111.0, -1443.0, -333.0
30.936737152, -80.0, -1436.0, -293.0
30.956003456, -16.0, -1305.0, -219.0
30.975269632, 24.0, -1173.0, -90.0
30.994535808, 107.0, -1226.0, -71.0
31.013802112, 158.0, -1331.0, -143.0
31.033068288, 53.0, -1379.0, -170.0
31.052334464, 229.0, -1553.0, -259.0
31.071600768, 542.0, -1523.0, -268.0
31.090866944, 609.0, -1612.0, -251.0
31.11013312, 737.0, -1671.0, -49.0
31.129399424, 478.0, -1471.0, -8.0
31.1486656, 334.0, -1386.0, -107.0
31.167931776, 360.0, -1349.0, -177.0
31.18719808, 445.0, -1348.0, -158.0
31.206464256, 290.0, -1180.0, -128.0
31.225730432, 296.0, -1082.0, -24.0
31.244996736, 245.0, -945.0, 22.0
31.264262912, 202.0, -832.0, 21.0
31.283529088, 160.0, -733.0, -14.0
31.302795392, 129.0, -675.0, -33.0
31.322061568, 128.0, -639.0, -81.0
31.341327744, 142.0, -603.0, -94.0
31.360594048, 138.0, -556.0, -89.0
31.379860224, 58.0, -525.0, -104.0
31.3991264, 8.0, -449.0, -85.0
31.418392704, -95.0, -461.0, -119.0
31.43765888, -213.0, -514.0, -166.0
31.456925184, -325.0, -540.0, -205.0
31.47619136, -426.0, -570.0, -293.0
31.495457536, -513.0, -582.0, -401.0
31.51472384, -614.0, -667.0, -480.0
31.533990016, -709.0, -664.0, -552.0
31.553256192, -717.0, -676.0, -621.0
31.572522496, -717.0, -680.0, -643.0
31.591788672, -717.0, -668.0, -636.0
31.611054848, -747.0, -656.0, -619.0
31.630321152, -802.0, -601.0, -585.0
31.649587328, -798.0, -579.0, -569.0
31.668853504, -782.0, -545.0, -574.0
31.688119808, -767.0, -480.0, -577.0
31.707385984, -797.0, -405.0, -552.0
31.72665216, -826.0, -279.0, -519.0
31.745918464, -836.0, -212.0, -499.0
31.76518464, -817.0, -131.0, -506.0
31.784450816, -832.0, -59.0, -488.0
31.80371712, -849.0, -24.0, -480.0
31.822983323, -824.0, 73.0, -483.0
31.84225024, -818.0, 148.0, -483.0
31.861517184, -805.0, 195.0, -484.0
31.880784256, -800.0, 267.0, -519.0
31.9000512, -774.0, 330.0, -501.0
31.919318272, -770.0, 292.0, -450.0
31.938585216, -747.0, 318.0, -375.0
31.95785216, -668.0, 416.0, -323.0
31.977119232, -578.0, 435.0, -384.0
31.996386176, -529.0, 427.0, -409.0
32.01565312, -480.0, 428.0, -350.0
32.034920192, -390.0, 446.0, -301.0
32.054187136, -320.0, 431.0, -265.0
32.073454208, -230.0, 427.0, -246.0
32.092721152, -138.0, 404.0, -224.0
32.111988096, -61.0, 383.0, -218.0
32.131255168, -59.0, 322.0, -163.0
32.150522112, -124.0, 317.0, -115.0
32.169789056, -82.0, 219.0, -74.0
32.189056128, 9.0, 139.0, -55.0
32.208323072, 122.0, 30.0, -94.0
32.227590144, 172.0, -208.0, -80.0
32.246857088, 94.0, -335.0, -137.0
32.266124032, -126.0, -388.0, -87.0
32.285391104, -710.0, -237.0, -8.0
32.304658048, -946.0, 119.0, 283.0
32.323924992, 133.0, -565.0, -126.0
32.343192064, 540.0, -1672.0, -973.0
32.362459008, -719.0, -1479.0, -1071.0
32.38172608, -612.0, -1397.0, -973.0
32.400993024, -921.0, -1433.0, -1188.0
32.420259968, -1043.0, -1275.0, -1034.0
32.43952704, -910.0, -1270.0, -815.0
32.458793984, -548.0, -1170.0, -624.0
32.478060928, -314.0, -1270.0, -422.0
32.497328, -297.0, -1479.0, -476.0
32.516594944, -334.0, -1476.0, -602.0
32.535862016, -265.0, -1282.0, -554.0
32.55512896, -196.0, -1230.0, -516.0
32.574395904, -186.0, -1327.0, -428.0
32.593662976, -187.0, -1402.0, -524.0
32.61292992, -126.0, -1355.0, -577.0
32.632196864, -182.0, -1433.0, -565.0
32.651463936, 17.0, -1450.0, -391.0
32.67073088, 118.0, -1432.0, -317.0
32.689997952, 33.0, -1498.0, -332.0
32.709264896, -70.0, -1503.0, -351.0
32.72853184, -73.0, -1541.0, -162.0
32.747798912, 83.0, -1419.0, -51.0
32.767065856, 216.0, -1278.0, -16.0
32.7863328, 380.0, -1310.0, -230.0
32.805599872, 428.0, -1380.0, -255.0
32.824866816, 432.0, -1617.0, -78.0
32.844133916, 512.0, -1651.0, -77.0
32.863398272, 681.0, -1611.0, -144.0
32.882662656, 731.0, -1558.0, -161.0
32.90192704, 708.0, -1565.0, -181.0
32.921191296, 520.0, -1415.0, -195.0
32.94045568, 258.0, -1273.0, -226.0
32.959720064, 338.0, -1385.0, -283.0
32.978984448, 156.0, -1038.0, -167.0
32.998248832, 279.0, -1048.0, -70.0
33.017513088, 382.0, -957.0, 38.0
33.036777472, 389.0, -850.0, 93.0
33.056041856, 325.0, -731.0, 51.0
33.07530624, 241.0, -656.0, -32.0
33.094570624, 196.0, -614.0, -2.0
33.11383488, 159.0, -547.0, -65.0
33.133099264, 130.0, -461.0, -50.0
33.152363648, 81.0, -475.0, -73.0
33.171628032, -53.0, -438.0, -104.0
33.190892416, -116.0, -439.0, -122.0
33.210156672, -226.0, -438.0, -149.0
33.229421056, -352.0, -470.0, -231.0
33.24868544, -438.0, -547.0, -387.0
33.267949824, -476.0, -588.0, -505.0
33.287214208, -522.0, -593.0, -554.0
33.306478464, -646.0, -579.0, -541.0
33.325742848, -730.0, -585.0, -567.0
33.345007232, -723.0, -614.0, -584.0
33.364271616, -734.0, -642.0, -582.0
33.383536, -734.0, -621.0, -575.0
33.402800256, -807.0, -589.0, -537.0
33.42206464, -832.0, -586.0, -529.0
33.441329024, -848.0, -557.0, -529.0
33.460593408, -850.0, -482.0, -529.0
33.479857792, -831.0, -400.0, -540.0
33.499122048, -815.0, -333.0, -550.0
33.518386432, -821.0, -253.0, -561.0
33.537650816, -870.0, -162.0, -550.0
33.5569152, -945.0, -101.0, -539.0
33.576179584, -934.0, -26.0, -535.0
33.59544384, -905.0, 39.0, -516.0
33.614708224, -889.0, 128.0, -490.0
33.633972608, -884.0, 183.0, -471.0
33.653236992, -872.0, 213.0, -469.0
33.672501376, -807.0, 251.0, -461.0
33.691765632, -717.0, 277.0, -433.0
33.711030016, -657.0, 324.0, -393.0
33.7302944, -585.0, 369.0, -353.0
33.749558784, -513.0, 398.0, -316.0
33.768823168, -434.0, 409.0, -282.0
33.788087424, -354.0, 398.0, -295.0
33.807351808, -272.0, 422.0, -301.0
33.826616192, -208.0, 433.0, -283.0
33.845880576, -141.0, 457.0, -263.0
33.86514496, -103.0, 461.0, -237.0
33.884409216, -79.0, 439.0, -178.0
33.9036736, -68.0, 392.0, -110.0
33.922937984, -109.0, 330.0, -49.0
33.942202368, -181.0, 237.0, -28.0
33.961466752, -239.0, 121.0, -31.0
33.980731049, -203.0, 48.0, -26.0
33.999993984, -18.0, -106.0, -102.0
34.01925696, 228.0, -306.0, -253.0
34.038520064, 129.0, -462.0, -395.0
34.05778304, -927.0, -464.0, -189.0
34.077046016, -1599.0, 122.0, 354.0
34.09630912, -337.0, -520.0, 53.0
34.115572096, 700.0, -1844.0, -1384.0
34.134835072, -587.0, -1567.0, -1104.0
34.154098176, -739.0, -797.0, -1014.0
34.173361152, -578.0, -1095.0, -1038.0
34.192624128, -721.0, -1233.0, -843.0
34.211887232, -830.0, -1292.0, -671.0
34.231150208, -713.0, -1164.0, -600.0
34.250413184, -412.0, -1105.0, -583.0
34.269676288, -371.0, -1167.0, -562.0
34.288939264, -393.0, -1196.0, -541.0
34.30820224, -298.0, -1229.0, -509.0
34.327465344, -206.0, -1195.0, -507.0
34.34672832, -174.0, -1198.0, -424.0
34.365991296, -213.0, -1328.0, -482.0
34.3852544, -92.0, -1440.0, -503.0
34.404517376, -125.0, -1482.0, -559.0
34.423780352, -128.0, -1468.0, -424.0
34.443043456, 11.0, -1393.0, -343.0
34.462306432, 77.0, -1433.0, -271.0
34.481569408, 134.0, -1395.0, -262.0
34.500832512, 161.0, -1312.0, -214.0
34.520095488, 213.0, -1285.0, -186.0
34.539358464, 226.0, -1432.0, -165.0
34.558621568, 188.0, -1432.0, -172.0
34.577884544, 267.0, -1466.0, -73.0
34.59714752, 463.0, -1574.0, -199.0
34.616410624, 728.0, -1648.0, -249.0
34.6356736, 846.0, -1666.0, -237.0
34.654936576, 555.0, -1595.0, -209.0
34.67419968, 322.0, -1441.0, -178.0
34.693462656, 428.0, -1369.0, -258.0
34.712725632, 501.0, -1290.0, -209.0
34.731988736, 429.0, -1130.0, -100.0
34.751251712, 405.0, -1129.0, -16.0
34.770514688, 485.0, -1018.0, 43.0
34.789777792, 452.0, -844.0, 55.0
34.809040768, 339.0, -807.0, 110.0
34.828303744, 292.0, -712.0, 42.0
34.847566848, 245.0, -705.0, -24.0
34.866829824, 204.0, -693.0, -66.0
34.8860928, 180.0, -678.0, -98.0
34.905355904, 131.0, -609.0, -145.0
34.92461888, 126.0, -604.0, -136.0
34.943881856, 102.0, -589.0, -93.0
34.96314496, 28.0, -534.0, -101.0
34.982407936, -79.0, -539.0, -193.0
35.001671056, -202.0, -560.0, -255.0
35.020935424, -298.0, -617.0, -314.0
35.040199808, -351.0, -632.0, -383.0
35.059464192, -379.0, -645.0, -443.0
35.078728576, -374.0, -652.0, -461.0
35.09799296, -418.0, -627.0, -490.0
35.117257344, -462.0, -609.0, -519.0
35.136521728, -542.0, -587.0, -562.0
35.155786112, -642.0, -596.0, -580.0
35.175050496, -730.0, -574.0, -614.0
35.19431488, -777.0, -548.0, -640.0
35.213579264, -836.0, -509.0, -632.0
35.232843648, -835.0, -466.0, -619.0
35.252108032, -854.0, -413.0, -579.0
35.271372416, -903.0, -351.0, -550.0
35.2906368, -905.0, -301.0, -537.0
35.309901184, -841.0, -255.0, -566.0
35.329165568, -814.0, -186.0, -574.0
35.348429952, -858.0, -103.0, -555.0
35.367694336, -883.0, -10.0, -526.0
35.38695872, -929.0, 75.0, -480.0
35.406223104, -929.0, 148.0, -463.0
35.425487488, -894.0, 214.0, -437.0
35.444751872, -834.0, 251.0, -424.0
35.464016256, -754.0, 254.0, -413.0
35.48328064, -697.0, 312.0, -411.0
35.502545024, -612.0, 384.0, -390.0
35.521809408, -536.0, 404.0, -389.0
35.541073792, -433.0, 426.0, -347.0
35.560338176, -357.0, 470.0, -305.0
35.57960256, -305.0, 488.0, -298.0
35.598866944, -272.0, 494.0, -301.0
35.618131328, -224.0, 469.0, -290.0
35.637395712, -184.0, 460.0, -262.0
35.656660096, -159.0, 443.0, -226.0
35.67592448, -133.0, 427.0, -175.0
35.695188864, -127.0, 384.0, -97.0
35.714453248, -118.0, 293.0, -34.0
35.733717632, -153.0, 173.0, -4.0
35.752982016, -156.0, 88.0, -37.0
35.772246272, 94.0, -122.0, -196.0
35.791510656, 287.0, -387.0, -377.0
35.81077504, 283.0, -532.0, -393.0
35.830039424, -153.0, -669.0, -92.0
35.849303808, -1772.0, -188.0, 318.0
35.868568192, -1309.0, 147.0, 222.0
35.887832576, 291.0, -812.0, -1103.0
35.90709696, 164.0, -1504.0, -1444.0
35.926361344, -985.0, -1426.0, -1146.0
35.945625728, -844.0, -908.0, -681.0
35.964890112, -531.0, -1305.0, -653.0
35.984154496, -485.0, -1189.0, -513.0
36.00341888, -657.0, -1057.0, -726.0
36.022683264, -688.0, -961.0, -600.0
36.041947648, -625.0, -1183.0, -656.0
36.061212032, -557.0, -1236.0, -677.0
36.080476416, -403.0, -1142.0, -680.0
36.0997408, -238.0, -1127.0, -512.0
36.119005232, -222.0, -1142.0, -424.0
36.138269184, -163.0, -1231.0, -475.0
36.157533184, -121.0, -1345.0, -486.0
36.176797312, -150.0, -1409.0, -536.0
36.196061312, -121.0, -1409.0, -441.0
36.215325312, -12.0, -1382.0, -417.0
36.23458944, -47.0, -1332.0, -341.0
36.25385344, 36.0, -1331.0, -184.0
36.27311744, 82.0, -1283.0, -123.0
36.292381568, 149.0, -1220.0, -26.0
36.311645568, 200.0, -1297.0, -7.0
36.330909568, 212.0, -1368.0, -146.0
36.350173696, 59.0, -1364.0, -154.0
36.369437696, 54.0, -1616.0, -174.0
36.388701696, 394.0, -1718.0, -230.0
36.407965824, 675.0, -1602.0, -215.0
36.427229824, 884.0, -1630.0, -119.0
36.446493824, 822.0, -1662.0, 2.0
36.465757952, 566.0, -1614.0, 16.0
36.485021952, 587.0, -1573.0, -159.0
36.504285952, 312.0, -1460.0, -91.0
36.523549952, 151.0, -1161.0, -57.0
36.54281408, 133.0, -1104.0, -17.0
36.56207808, 244.0, -1178.0, 67.0
36.58134208, 242.0, -872.0, 25.0
36.600606208, 255.0, -864.0, 29.0
36.619870208, 222.0, -855.0, 5.0
36.639134208, 240.0, -790.0, -30.0
36.658398336, 278.0, -771.0, -38.0
36.677662336, 301.0, -707.0, -30.0
36.696926336, 259.0, -667.0, -54.0
36.716190464, 186.0, -641.0, -72.0
36.735454464, 100.0, -603.0, -117.0
36.754718464, 17.0, -545.0, -145.0
36.773982592, -89.0, -535.0, -180.0
36.793246592, -186.0, -543.0, -260.0
36.812510592, -265.0, -559.0, -325.0
36.83177472, -329.0, -568.0, -380.0
36.85103872, -401.0, -584.0, -414.0
36.87030272, -492.0, -590.0, -449.0
36.889566848, -570.0, -607.0, -506.0
36.908830848, -641.0, -612.0, -550.0
36.928094848, -676.0, -586.0, -594.0
36.947358976, -756.0, -574.0, -599.0
36.966622976, -811.0, -545.0, -604.0
36.985886976, -866.0, -536.0, -588.0
37.005151104, -840.0, -515.0, -585.0
37.024415104, -833.0, -470.0, -574.0
37.043679104, -833.0, -411.0, -553.0
37.062943232, -785.0, -342.0, -560.0
37.082207232, -766.0, -275.0, -536.0
37.101471232, -765.0, -205.0, -519.0
37.12073536, -753.0, -109.0, -512.0
37.13999936, -779.0, -3.0, -505.0
37.15926336, -795.0, 88.0, -486.0
37.178527488, -831.0, 184.0, -477.0
37.197791488, -855.0, 237.0, -477.0
37.217055488, -834.0, 293.0, -495.0
37.236319616, -791.0, 317.0, -491.0
37.255583616, -757.0, 320.0, -462.0
37.274847616, -683.0, 330.0, -447.0
37.294111616, -592.0, 343.0, -417.0
37.313375744, -523.0, 333.0, -382.0
37.332639744, -477.0, 352.0, -345.0
37.351903744, -426.0, 372.0, -319.0
37.371167935, -408.0, 381.0, -297.0
37.390432768, -363.0, 376.0, -293.0
37.409697664, -324.0, 366.0, -289.0
37.42896256, -278.0, 354.0, -261.0
37.448227456, -243.0, 345.0, -224.0
37.467492352, -207.0, 324.0, -183.0
37.48675712, -172.0, 287.0, -128.0
37.506022016, -211.0, 232.0, -92.0
37.525286912, -244.0, 171.0, -83.0
37.544551808, -228.0, 47.0, -96.0
37.563816704, -336.0, -25.0, -280.0
37.5830816, -354.0, -111.0, -199.0
37.602346496, -164.0, -221.0, -213.0
37.621611392, -65.0, -408.0, -463.0
37.640876288, -618.0, -374.0, -394.0
37.660141184, -1245.0, -154.0, 16.0
37.679405952, -269.0, -640.0, -156.0
37.698670848, 52.0, -1124.0, -1411.0
37.717935744, -219.0, -1320.0, -1046.0
37.73720064, -839.0, -702.0, -877.0
37.756465536, -347.0, -1013.0, -815.0
37.775730432, -221.0, -1133.0, -747.0
37.794995328, -262.0, -1093.0, -610.0
37.814260224, -288.0, -1050.0, -600.0
37.83352512, -284.0, -1030.0, -591.0
37.852790016, -160.0, -1130.0, -490.0
37.872054784, 3.0, -1178.0, -569.0
37.89131968, -65.0, -1154.0, -479.0
37.910584576, 9.0, -1231.0, -534.0
37.929849472, -110.0, -1280.0, -577.0
37.949114368, -84.0, -1375.0, -520.0
37.968379264, -44.0, -1414.0, -623.0
37.98764416, -45.0, -1410.0, -570.0
38.006909056, 49.0, -1463.0, -477.0
38.026173952, 99.0, -1396.0, -319.0
38.045438848, 181.0, -1381.0, -217.0
38.064703616, 158.0, -1433.0, -155.0
38.083968512, 212.0, -1391.0, -166.0
38.103233408, 148.0, -1409.0, -167.0
38.122498304, -67.0, -1477.0, -220.0
38.1417632, -194.0, -1511.0, -320.0
38.161028096, 68.0, -1640.0, -433.0
38.180292992, 471.0, -1562.0, -462.0
38.199557888, 551.0, -1631.0, -504.0
38.218822784, 474.0, -1658.0, -252.0
38.23808768, 262.0, -1495.0, -155.0
38.257352448, 265.0, -1440.0, -206.0
38.276617344, 330.0, -1432.0, -232.0
38.29588224, 326.0, -1298.0, -139.0
38.315147136, 267.0, -1189.0, -79.0
38.334412032, 230.0, -1106.0, -46.0
38.353676928, 196.0, -1026.0, -22.0
38.372941824, 194.0, -971.0, -62.0
38.39220672, 112.0, -856.0, -95.0
38.411471617, 90.0, -809.0, -99.0
38.430736256, 91.0, -783.0, -106.0
38.450000896, 73.0, -753.0, -120.0
38.469265536, 60.0, -729.0, -139.0
38.488530176, 16.0, -687.0, -155.0
38.507794816, -15.0, -640.0, -147.0
38.527059456, -106.0, -636.0, -226.0
38.546323968, -229.0, -633.0, -241.0
38.565588608, -344.0, -651.0, -267.0
38.584853248, -408.0, -638.0, -347.0
38.604117888, -424.0, -639.0, -428.0
38.623382528, -485.0, -669.0, -460.0
38.642647168, -585.0, -642.0, -483.0
38.661911808, -657.0, -608.0, -507.0
38.681176448, -726.0, -598.0, -535.0
38.700441088, -793.0, -606.0, -555.0
38.719705728, -864.0, -636.0, -541.0
38.738970368, -886.0, -655.0, -522.0
38.758235008, -842.0, -601.0, -529.0
38.77749952, -850.0, -464.0, -536.0
38.79676416, -875.0, -394.0, -519.0
38.8160288, -868.0, -290.0, -502.0
38.83529344, -806.0, -184.0, -492.0
38.85455808, -805.0, -134.0, -466.0
38.87382272, -796.0, -53.0, -459.0
38.89308736, -771.0, 17.0, -425.0
38.912352, -712.0, 128.0, -404.0
38.93161664, -640.0, 186.0, -395.0
38.95088128, -577.0, 230.0, -416.0
38.97014592, -520.0, 277.0, -389.0
38.989410432, -429.0, 331.0, -352.0
39.008675072, -360.0, 360.0, -327.0
39.027939712, -331.0, 383.0, -319.0
39.047204352, -296.0, 412.0, -304.0
39.066468992, -237.0, 438.0, -293.0
39.085733632, -210.0, 464.0, -266.0
39.104998272, -199.0, 457.0, -205.0
39.124262912, -206.0, 418.0, -158.0
39.143527552, -199.0, 395.0, -96.0
39.162792192, -189.0, 339.0, -42.0
39.182056832, -228.0, 241.0, 5.0
39.201321472, -201.0, 148.0, -11.0
39.220585984, -138.0, 50.0, -16.0
39.239850624, 4.0, -131.0, -27.0
39.259115264, 191.0, -281.0, -95.0
39.278379904, 317.0, -451.0, -324.0
39.297644544, -220.0, -544.0, -480.0
39.316909184, -1461.0, -55.0, -120.0
39.336173824, -1710.0, 126.0, 372.0
39.355438464, 848.0, -1105.0, -180.0
39.374703104, -29.0, -1893.0, -1720.0
39.393967744, -1031.0, -850.0, -934.0
39.413232384, -944.0, -853.0, -872.0
39.432496896, -408.0, -1301.0, -1021.0
39.451761573, -601.0, -1362.0, -730.0
39.471025536, -533.0, -1161.0, -581.0
39.490289536, -390.0, -1101.0, -624.0
39.509553408, -433.0, -1184.0, -622.0
39.528817408, -408.0, -1209.0, -628.0
39.548081408, -372.0, -1233.0, -634.0
39.56734528, -226.0, -1348.0, -622.0
39.58660928, -232.0, -1227.0, -533.0
39.60587328, -176.0, -1262.0, -568.0
39.62513728, -157.0, -1287.0, -460.0
39.644401152, -50.0, -1301.0, -428.0
39.663665152, -55.0, -1311.0, -492.0
39.682929152, -84.0, -1277.0, -415.0
39.702193024, 23.0, -1233.0, -311.0
39.721457024, 45.0, -1304.0, -248.0
39.740721024, 85.0, -1355.0, -249.0
39.759984896, 162.0, -1349.0, -218.0
39.779248896, 234.0, -1441.0, -188.0
39.798512896, 156.0, -1565.0, -264.0
39.817776896, 81.0, -1575.0, -257.0
39.837040768, 158.0, -1577.0, -226.0
39.856304768, 366.0, -1579.0, -270.0
39.875568768, 461.0, -1501.0, -292.0
39.89483264, 612.0, -1497.0, -213.0
39.91409664, 480.0, -1568.0, -18.0
39.93336064, 495.0, -1348.0, -31.0
39.952624512, 515.0, -1393.0, -80.0
39.971888512, 613.0, -1359.0, -143.0
39.991152512, 479.0, -1246.0, -70.0
40.010416512, 424.0, -1197.0, 34.0
40.029680384, 354.0, -1073.0, 28.0
40.048944384, 384.0, -986.0, 110.0
40.068208384, 238.0, -802.0, -8.0
40.087472256, 302.0, -912.0, -37.0
40.106736256, 208.0, -774.0, -25.0
40.126000256, 250.0, -740.0, -20.0
40.145264128, 268.0, -697.0, -97.0
40.164528128, 211.0, -650.0, -79.0
40.183792128, 159.0, -646.0, -62.0
40.203056128, 144.0, -601.0, -55.0
40.22232, 84.0, -574.0, -106.0
40.241584, 13.0, -560.0, -127.0
40.260848, -77.0, -553.0, -161.0
40.280111872, -193.0, -570.0, -212.0
40.299375872, -294.0, -608.0, -270.0
40.318639872, -357.0, -595.0, -332.0
40.337903744, -414.0, -632.0, -395.0
40.357167744, -463.0, -652.0, -433.0
40.376431744, -576.0, -627.0, -467.0
40.395695744, -651.0, -625.0, -492.0
40.414959616, -738.0, -609.0, -535.0
40.434223616, -800.0, -584.0, -556.0
40.453487616, -830.0, -528.0, -564.0
40.472751488, -839.0, -514.0, -540.0
40.492015488, -857.0, -487.0, -538.0
40.511279488, -827.0, -460.0, -562.0
40.53054336, -843.0, -420.0, -564.0
40.54980736, -841.0, -338.0, -548.0
40.569071331, -846.0, -251.0, -511.0
40.588336, -834.0, -187.0, -491.0
40.60760064, -845.0, -92.0, -469.0
40.62686528, -862.0, -22.0, -445.0
40.64612992, -856.0, 59.0, -449.0
40.665394432, -825.0, 142.0, -436.0
40.684659072, -803.0, 167.0, -410.0
40.703923712, -777.0, 243.0, -405.0
40.723188352, -727.0, 295.0, -419.0
40.742452992, -680.0, 334.0, -423.0
40.761717632, -631.0, 364.0, -422.0
40.780982144, -600.0, 406.0, -401.0
40.800246784, -570.0, 457.0, -368.0
40.819511424, -528.0, 482.0, -327.0
40.838776064, -478.0, 496.0, -298.0
40.858040704, -424.0, 495.0, -282.0
40.877305344, -377.0, 489.0, -274.0
40.896569856, -309.0, 489.0, -246.0
40.915834496, -250.0, 498.0, -208.0
40.935099136, -204.0, 485.0, -154.0
40.954363776, -196.0, 431.0, -80.0
40.973628416, -168.0, 359.0, -38.0
40.992893056, -155.0, 299.0, -13.0
41.012157568, -128.0, 183.0, -23.0
41.031422208, -114.0, 38.0, -46.0
41.050686848, -29.0, -90.0, -40.0
41.069951488, 98.0, -283.0, -192.0
41.089216128, 80.0, -452.0, -361.0
41.108480768, -347.0, -518.0, -314.0
41.12774528, -1093.0, -11.0, 252.0
41.14700992, -1006.0, -118.0, 431.0
41.16627456, 746.0, -1460.0, -1192.0
41.1855392, -632.0, -1803.0, -1195.0
41.20480384, -1060.0, -720.0, -938.0
41.22406848, -809.0, -861.0, -1031.0
41.243332992, -742.0, -1236.0, -1106.0
41.262597632, -766.0, -1328.0, -653.0
41.281862272, -584.0, -1050.0, -518.0
41.301126912, -336.0, -1056.0, -483.0
41.320391552, -397.0, -1113.0, -589.0
41.339656192, -480.0, -1181.0, -623.0
41.358920704, -401.0, -1220.0, -528.0
41.378185344, -219.0, -1223.0, -616.0
41.397449984, -208.0, -1267.0, -558.0
41.416714624, -144.0, -1219.0, -409.0
41.435979264, -75.0, -1244.0, -409.0
41.455243904, -31.0, -1320.0, -485.0
41.474508416, -143.0, -1324.0, -477.0
41.493773056, -187.0, -1240.0, -417.0
41.513037696, -88.0, -1240.0, -391.0
41.532302336, -31.0, -1323.0, -365.0
41.551566976, 11.0, -1361.0, -239.0
41.570831616, 126.0, -1386.0, -172.0
41.590096128, 200.0, -1553.0, -149.0
41.609360768, 284.0, -1596.0, -172.0
41.628625408, 232.0, -1554.0, -268.0
41.647890048, 379.0, -1576.0, -286.0
41.667154688, 497.0, -1602.0, -257.0
41.686419237, 493.0, -1571.0, -418.0
41.705683584, 514.0, -1524.0, -358.0
41.724947968, 291.0, -1435.0, -298.0
41.744212352, 202.0, -1338.0, -333.0
41.763476608, 266.0, -1350.0, -329.0
41.782740992, 388.0, -1311.0, -224.0
41.802005376, 370.0, -1257.0, -70.0
41.82126976, 422.0, -1121.0, 53.0
41.840534144, 506.0, -993.0, 8.0
41.8597984, 340.0, -867.0, 59.0
41.879062784, 247.0, -875.0, -2.0
41.898327168, 189.0, -800.0, -47.0
41.917591552, 179.0, -786.0, -81.0
41.936855936, 231.0, -747.0, -70.0
41.956120192, 231.0, -696.0, -80.0
41.975384576, 212.0, -675.0, -74.0
41.99464896, 172.0, -670.0, -97.0
42.013913344, 96.0, -642.0, -116.0
42.033177728, 30.0, -616.0, -148.0
42.052441984, -68.0, -592.0, -225.0
42.071706368, -198.0, -599.0, -283.0
42.090970752, -326.0, -633.0, -313.0
42.110235136, -383.0, -619.0, -372.0
42.12949952, -431.0, -629.0, -409.0
42.148763776, -478.0, -645.0, -433.0
42.16802816, -529.0, -617.0, -457.0
42.187292544, -566.0, -603.0, -470.0
42.206556928, -622.0, -571.0, -479.0
42.225821312, -674.0, -560.0, -490.0
42.245085568, -764.0, -548.0, -501.0
42.264349952, -880.0, -551.0, -487.0
42.283614336, -923.0, -498.0, -482.0
42.30287872, -933.0, -458.0, -488.0
42.322143104, -913.0, -415.0, -506.0
42.34140736, -892.0, -349.0, -516.0
42.360671744, -877.0, -276.0, -501.0
42.379936128, -872.0, -212.0, -509.0
42.399200512, -899.0, -157.0, -504.0
42.418464896, -872.0, -96.0, -478.0
42.437729152, -852.0, -30.0, -477.0
42.456993536, -828.0, 61.0, -476.0
42.47625792, -818.0, 141.0, -457.0
42.495522304, -772.0, 200.0, -457.0
42.514786688, -727.0, 235.0, -453.0
42.534050944, -696.0, 303.0, -440.0
42.553315328, -645.0, 340.0, -426.0
42.572579712, -601.0, 369.0, -409.0
42.591844096, -548.0, 399.0, -393.0
42.61110848, -524.0, 443.0, -362.0
42.630372736, -491.0, 470.0, -352.0
42.64963712, -449.0, 512.0, -337.0
42.668901504, -416.0, 530.0, -315.0
42.688165888, -361.0, 537.0, -283.0
42.707430272, -316.0, 508.0, -233.0
42.726694528, -269.0, 501.0, -182.0
42.745958912, -208.0, 494.0, -121.0
42.765223296, -172.0, 449.0, -23.0
42.78448768, -107.0, 360.0, 27.0
42.803752064, -154.0, 268.0, 57.0
42.82301637, -191.0, 130.0, 50.0
42.842281344, -229.0, -15.0, -41.0
42.861546368, -55.0, -131.0, -179.0
42.880811392, 68.0, -370.0, -508.0
42.900076416, -86.0, -464.0, -549.0
42.919341568, -617.0, -504.0, -267.0
42.938606592, -1321.0, -139.0, -176.0
42.957871616, -644.0, -115.0, 286.0
42.97713664, 1097.0, -1193.0, -921.0
42.996401664, -417.0, -1691.0, -1220.0
43.015666688, -824.0, -848.0, -609.0
43.034931712, -681.0, -1026.0, -915.0
43.054196864, -588.0, -1050.0, -922.0
43.073461888, -795.0, -1072.0, -799.0
43.092726912, -812.0, -1031.0, -674.0
43.111991936, -574.0, -1040.0, -675.0
43.13125696, -395.0, -1082.0, -540.0
43.150521984, -302.0, -1180.0, -528.0
43.169787008, -238.0, -1290.0, -592.0
43.18905216, -228.0, -1311.0, -523.0
43.208317184, -172.0, -1251.0, -490.0
43.227582208, -168.0, -1318.0, -515.0
43.246847232, -205.0, -1199.0, -505.0
43.266112256, -183.0, -1233.0, -533.0
43.28537728, -169.0, -1329.0, -472.0
43.304642304, -124.0, -1332.0, -346.0
43.323907456, -81.0, -1417.0, -325.0
43.34317248, -15.0, -1434.0, -372.0
43.362437504, -22.0, -1366.0, -280.0
43.381702528, 58.0, -1415.0, -216.0
43.400967552, 123.0, -1477.0, -221.0
43.420232576, 55.0, -1454.0, -252.0
43.4394976, -36.0, -1448.0, -262.0
43.458762752, 57.0, -1599.0, -255.0
43.478027776, 271.0, -1663.0, -273.0
43.4972928, 408.0, -1601.0, -301.0
43.516557824, 454.0, -1587.0, -269.0
43.535822848, 379.0, -1533.0, -196.0
43.555087872, 282.0, -1430.0, -161.0
43.574352896, 321.0, -1431.0, -176.0
43.593618048, 349.0, -1374.0, -175.0
43.612883072, 335.0, -1267.0, -64.0
43.632148096, 340.0, -1213.0, 38.0
43.65141312, 254.0, -1069.0, 39.0
43.670678144, 259.0, -1004.0, -27.0
43.689943168, 255.0, -984.0, -1.0
43.709208192, 227.0, -881.0, -4.0
43.728473344, 210.0, -841.0, -45.0
43.747738368, 206.0, -798.0, -46.0
43.767003392, 230.0, -761.0, -48.0
43.786268416, 171.0, -704.0, -53.0
43.80553344, 100.0, -666.0, -66.0
43.824798464, 50.0, -606.0, -70.0
43.844063488, -22.0, -568.0, -116.0
43.86332864, -69.0, -559.0, -141.0
43.882593693, -161.0, -550.0, -205.0
43.901860736, -211.0, -550.0, -272.0
43.921127808, -301.0, -563.0, -282.0
43.940394752, -393.0, -583.0, -343.0
43.959661824, -460.0, -595.0, -397.0
43.978928896, -561.0, -587.0, -450.0
43.998195968, -657.0, -562.0, -481.0
44.017462912, -727.0, -538.0, -522.0
44.036729984, -766.0, -519.0, -541.0
44.055997056, -807.0, -512.0, -538.0
44.075264128, -843.0, -513.0, -518.0
44.094531072, -851.0, -511.0, -501.0
44.113798144, -806.0, -460.0, -507.0
44.133065216, -762.0, -401.0, -517.0
44.152332288, -795.0, -316.0, -491.0
44.171599232, -800.0, -250.0, -508.0
44.190866304, -792.0, -181.0, -519.0
44.210133376, -785.0, -121.0, -502.0
44.229400448, -808.0, -42.0, -495.0
44.248667392, -821.0, 46.0, -497.0
44.267934464, -849.0, 125.0, -483.0
44.287201536, -855.0, 175.0, -479.0
44.306468608, -829.0, 235.0, -485.0
44.325735552, -790.0, 275.0, -475.0
44.345002624, -761.0, 316.0, -471.0
44.364269696, -708.0, 352.0, -474.0
44.383536768, -666.0, 375.0, -458.0
44.402803712, -619.0, 416.0, -446.0
44.422070784, -588.0, 451.0, -407.0
44.441337856, -548.0, 505.0, -366.0
44.460604928, -496.0, 528.0, -330.0
44.479871872, -444.0, 538.0, -310.0
44.499138944, -375.0, 546.0, -269.0
44.518406016, -325.0, 549.0, -224.0
44.537673088, -277.0, 546.0, -177.0
44.556940032, -228.0, 521.0, -127.0
44.576207104, -210.0, 462.0, -60.0
44.595474176, -190.0, 402.0, -7.0
44.614741248, -177.0, 335.0, 28.0
44.634008192, -193.0, 260.0, 51.0
44.653275264, -146.0, 177.0, 51.0
44.672542336, -68.0, -17.0, -28.0
44.691809408, -21.0, -192.0, -165.0
44.711076352, 216.0, -342.0, -326.0
44.730343424, 189.0, -625.0, -566.0
44.749610496, -893.0, -444.0, -416.0
44.768877568, -1787.0, 220.0, 312.0
44.788144512, -472.0, -367.0, 283.0
44.807411584, 924.0, -1745.0, -1452.0
44.826678656, -675.0, -1481.0, -1122.0
44.845945728, -1010.0, -643.0, -840.0
44.865212672, -666.0, -1122.0, -958.0
44.884479744, -659.0, -1192.0, -960.0
44.903746816, -779.0, -1166.0, -717.0
44.923013888, -614.0, -1131.0, -676.0
44.942280832, -363.0, -1108.0, -630.0
44.961547904, -260.0, -1145.0, -524.0
44.980814976, -250.0, -1182.0, -536.0
45.000081983, -258.0, -1151.0, -471.0
45.019345408, -238.0, -1129.0, -496.0
45.038608896, -240.0, -1196.0, -492.0
45.057872512, -187.0, -1234.0, -397.0
45.077136, -123.0, -1366.0, -443.0
45.096399616, -140.0, -1454.0, -543.0
45.115663104, -112.0, -1397.0, -424.0
45.13492672, -44.0, -1324.0, -389.0
45.154190208, -1.0, -1364.0, -365.0
45.173453824, 46.0, -1417.0, -372.0
45.192717312, 104.0, -1433.0, -261.0
45.211980928, 184.0, -1478.0, -211.0
45.231244416, 206.0, -1498.0, -208.0
45.250507904, 139.0, -1458.0, -240.0
45.26977152, 149.0, -1515.0, -200.0
45.289035008, 297.0, -1631.0, -195.0
45.308298624, 509.0, -1581.0, -342.0
45.327562112, 622.0, -1525.0, -317.0
45.346825728, 539.0, -1540.0, -210.0
45.366089216, 414.0, -1457.0, -205.0
45.385352832, 363.0, -1450.0, -190.0
45.40461632, 377.0, -1293.0, -138.0
45.423879936, 339.0, -1249.0, -66.0
45.443143424, 357.0, -1260.0, -24.0
45.46240704, 422.0, -1142.0, -80.0
45.481670528, 341.0, -998.0, 17.0
45.500934016, 288.0, -943.0, 18.0
45.520197632, 243.0, -865.0, 2.0
45.53946112, 232.0, -841.0, -69.0
45.558724736, 211.0, -779.0, -114.0
45.577988224, 179.0, -657.0, -132.0
45.59725184, 144.0, -620.0, -112.0
45.616515328, 147.0, -623.0, -71.0
45.635778944, 136.0, -589.0, -69.0
45.655042432, 70.0, -556.0, -100.0
45.674306048, 24.0, -523.0, -107.0
45.693569536, -86.0, -528.0, -119.0
45.712833024, -196.0, -554.0, -152.0
45.73209664, -289.0, -555.0, -198.0
45.751360128, -390.0, -542.0, -292.0
45.770623744, -459.0, -563.0, -383.0
45.789887232, -533.0, -567.0, -433.0
45.809150848, -630.0, -576.0, -474.0
45.828414336, -745.0, -573.0, -517.0
45.847677952, -811.0, -607.0, -545.0
45.86694144, -854.0, -591.0, -580.0
45.886205056, -852.0, -573.0, -588.0
45.905468544, -878.0, -548.0, -594.0
45.924732032, -856.0, -533.0, -581.0
45.943995648, -807.0, -487.0, -563.0
45.963259136, -797.0, -429.0, -566.0
45.982522752, -810.0, -360.0, -568.0
46.00178624, -821.0, -267.0, -557.0
46.021049856, -843.0, -181.0, -547.0
46.040313344, -871.0, -86.0, -518.0
46.05957696, -851.0, 3.0, -509.0
46.078840448, -863.0, 75.0, -498.0
46.098104064, -877.0, 110.0, -472.0
46.117367552, -863.0, 177.0, -470.0
46.136631168, -814.0, 242.0, -454.0
46.155894773, -734.0, 275.0, -427.0
46.175159296, -683.0, 317.0, -425.0
46.194423808, -638.0, 364.0, -395.0
46.21368832, -593.0, 404.0, -360.0
46.232952704, -554.0, 440.0, -325.0
46.252217216, -500.0, 487.0, -311.0
46.271481728, -423.0, 503.0, -290.0
46.29074624, -348.0, 531.0, -266.0
46.310010752, -303.0, 557.0, -236.0
46.329275136, -260.0, 560.0, -214.0
46.348539648, -258.0, 528.0, -178.0
46.36780416, -252.0, 480.0, -129.0
46.387068672, -225.0, 425.0, -81.0
46.406333184, -204.0, 368.0, -20.0
46.425597696, -169.0, 291.0, -5.0
46.44486208, -182.0, 179.0, -8.0
46.464126592, -195.0, 24.0, -51.0
46.483391104, -226.0, -115.0, -145.0
46.502655616, -172.0, -270.0, -249.0
46.521920128, -141.0, -484.0, -231.0
46.541184512, -270.0, -540.0, -184.0
46.560449024, -854.0, 18.0, -324.0
46.579713536, -532.0, 191.0, -143.0
46.598978048, 465.0, -911.0, -407.0
46.61824256, -239.0, -1656.0, -918.0
46.637506944, -456.0, -1127.0, -701.0
46.656771456, -481.0, -998.0, -931.0
46.676035968, -622.0, -1353.0, -1016.0
46.69530048, -756.0, -1157.0, -864.0
46.714564992, -690.0, -1071.0, -698.0
46.733829376, -473.0, -1106.0, -586.0
46.753093888, -319.0, -1137.0, -444.0
46.7723584, -213.0, -1199.0, -414.0
46.791622912, -162.0, -1282.0, -540.0
46.810887424, -243.0, -1288.0, -494.0
46.830151936, -170.0, -1289.0, -391.0
46.84941632, -129.0, -1304.0, -437.0
46.868680832, -149.0, -1294.0, -413.0
46.887945344, -33.0, -1406.0, -367.0
46.907209856, -100.0, -1532.0, -422.0
46.926474368, -73.0, -1487.0, -352.0
46.945738752, -73.0, -1489.0, -325.0
46.965003264, -26.0, -1424.0, -369.0
46.984267776, -35.0, -1315.0, -280.0
47.003532288, 92.0, -1316.0, -117.0
47.0227968, 298.0, -1331.0, -110.0
47.042061184, 358.0, -1245.0, -201.0
47.061325696, 152.0, -1304.0, -175.0
47.080590208, -44.0, -1474.0, 69.0
47.09985472, 53.0, -1746.0, -22.0
47.119119232, 494.0, -1657.0, -103.0
47.138383616, 779.0, -1605.0, -191.0
47.157648127, 825.0, -1699.0, -125.0
47.176913792, 676.0, -1572.0, -38.0
47.196179456, 490.0, -1518.0, -83.0
47.215445248, 694.0, -1599.0, -42.0
47.234710912, 174.0, -1576.0, -186.0
47.253976704, 240.0, -1206.0, 2.0
47.273242368, 213.0, -1130.0, -65.0
47.29250816, 302.0, -1014.0, -104.0
47.311773824, 312.0, -922.0, -153.0
47.331039488, 338.0, -904.0, 4.0
47.35030528, 308.0, -819.0, -17.0
47.369570944, 348.0, -742.0, -37.0
47.388836736, 352.0, -725.0, -38.0
47.4081024, 342.0, -659.0, -27.0
47.427368192, 294.0, -567.0, 6.0
47.446633856, 154.0, -533.0, -45.0
47.46589952, 73.0, -473.0, -62.0
47.485165312, -60.0, -463.0, -141.0
47.504430976, -138.0, -469.0, -190.0
47.523696768, -191.0, -525.0, -242.0
47.542962432, -248.0, -545.0, -314.0
47.562228224, -325.0, -528.0, -361.0
47.581493888, -439.0, -575.0, -410.0
47.600759552, -537.0, -577.0, -445.0
47.620025344, -625.0, -549.0, -479.0
47.639291008, -706.0, -531.0, -498.0
47.6585568, -785.0, -538.0, -527.0
47.677822464, -817.0, -540.0, -554.0
47.697088256, -849.0, -550.0, -560.0
47.71635392, -871.0, -518.0, -574.0
47.735619584, -878.0, -516.0, -576.0
47.754885376, -865.0, -476.0, -579.0
47.77415104, -842.0, -396.0, -561.0
47.793416832, -860.0, -340.0, -526.0
47.812682496, -840.0, -274.0, -535.0
47.831948288, -835.0, -197.0, -531.0
47.851213952, -807.0, -99.0, -533.0
47.870479616, -813.0, -26.0, -530.0
47.889745408, -807.0, 46.0, -521.0
47.909011072, -843.0, 97.0, -493.0
47.928276864, -823.0, 134.0, -483.0
47.947542528, -793.0, 195.0, -451.0
47.96680832, -736.0, 264.0, -455.0
47.986073984, -702.0, 304.0, -449.0
48.005339648, -656.0, 363.0, -451.0
48.02460544, -631.0, 414.0, -421.0
48.043871104, -594.0, 444.0, -396.0
48.063136896, -542.0, 476.0, -372.0
48.08240256, -501.0, 507.0, -358.0
48.101668352, -449.0, 525.0, -337.0
48.120934016, -413.0, 528.0, -308.0
48.14019968, -372.0, 538.0, -273.0
48.159465472, -311.0, 537.0, -227.0
48.178731136, -262.0, 527.0, -186.0
48.197996928, -225.0, 494.0, -129.0
48.217262592, -198.0, 442.0, -79.0
48.236528384, -159.0, 381.0, -23.0
48.255794108, -141.0, 327.0, 38.0
48.275059456, -136.0, 227.0, 77.0
48.294324864, -62.0, 159.0, 40.0
48.3135904, 49.0, -34.0, -60.0
48.332855808, 142.0, -275.0, -101.0
48.352121216, 236.0, -416.0, -284.0
48.371386752, -9.0, -519.0, -463.0
48.39065216, -902.0, -442.0, -440.0
48.409917568, -1735.0, 178.0, 316.0
48.429183104, -498.0, -306.0, 258.0
48.448448512, 1169.0, -1819.0, -1340.0
48.46771392, -867.0, -1749.0, -1274.0
48.486979328, -1132.0, -685.0, -946.0
48.506244864, -612.0, -1193.0, -1103.0
48.525510272, -630.0, -1335.0, -842.0
48.54477568, -691.0, -1320.0, -556.0
48.564041216, -470.0, -1218.0, -561.0
48.583306624, -422.0, -1280.0, -639.0
48.602572032, -409.0, -1360.0, -624.0
48.621837568, -405.0, -1304.0, -536.0
48.641102976, -261.0, -1222.0, -506.0
48.660368384, -243.0, -1185.0, -461.0
48.67963392, -244.0, -1204.0, -443.0
48.698899328, -256.0, -1135.0, -450.0
48.718164736, -270.0, -1203.0, -521.0
48.737430272, -341.0, -1299.0, -439.0
48.75669568, -207.0, -1325.0, -281.0
48.775961088, -101.0, -1410.0, -353.0
48.795226496, -31.0, -1396.0, -361.0
48.814492032, 16.0, -1370.0, -257.0
48.83375744, 36.0, -1465.0, -172.0
48.853022848, 202.0, -1531.0, -175.0
48.872288384, 304.0, -1535.0, -221.0
48.891553792, 194.0, -1494.0, -219.0
48.9108192, 93.0, -1524.0, -241.0
48.930084736, 360.0, -1677.0, -208.0
48.949350144, 571.0, -1561.0, -168.0
48.968615552, 601.0, -1540.0, -198.0
48.987881088, 548.0, -1563.0, -113.0
49.007146496, 429.0, -1551.0, -57.0
49.026411904, 462.0, -1381.0, -132.0
49.04567744, 637.0, -1331.0, -142.0
49.064942848, 288.0, -1315.0, -71.0
49.084208256, 348.0, -1164.0, -20.0
49.103473792, 189.0, -1107.0, 12.0
49.1227392, 327.0, -988.0, 61.0
49.142004608, 192.0, -790.0, 0.0
49.161270016, 230.0, -828.0, -101.0
49.180535552, 152.0, -771.0, -18.0
49.19980096, 227.0, -718.0, -49.0
49.219066368, 215.0, -675.0, -69.0
49.238331904, 213.0, -605.0, -70.0
49.257597312, 155.0, -616.0, -45.0
49.27686272, 90.0, -586.0, -33.0
49.296128316, -7.0, -562.0, -60.0
49.31539328, -80.0, -595.0, -118.0
49.334658304, -119.0, -636.0, -166.0
49.353923328, -178.0, -630.0, -244.0
49.373188352, -253.0, -623.0, -304.0
49.392453376, -383.0, -620.0, -364.0
49.4117184, -481.0, -629.0, -404.0
49.430983424, -526.0, -607.0, -427.0
49.450248448, -595.0, -605.0, -438.0
49.4695136, -685.0, -602.0, -496.0
49.488778624, -730.0, -604.0, -547.0
49.508043648, -799.0, -575.0, -558.0
49.527308672, -870.0, -570.0, -556.0
49.546573696, -877.0, -560.0, -533.0
49.56583872, -829.0, -560.0, -529.0
49.585103744, -769.0, -527.0, -531.0
49.604368768, -780.0, -436.0, -537.0
49.623633792, -809.0, -355.0, -542.0
49.642898816, -812.0, -287.0, -545.0
49.66216384, -848.0, -225.0, -553.0
49.681428864, -859.0, -152.0, -565.0
49.700693888, -860.0, -56.0, -570.0
49.719958912, -861.0, 20.0, -552.0
49.739223936, -873.0, 75.0, -519.0
49.75848896, -860.0, 129.0, -490.0
49.777754112, -825.0, 159.0, -471.0
49.797019136, -768.0, 180.0, -467.0
49.81628416, -716.0, 228.0, -472.0
49.835549184, -655.0, 276.0, -444.0
49.854814208, -585.0, 292.0, -408.0
49.874079232, -550.0, 344.0, -399.0
49.893344256, -509.0, 384.0, -376.0
49.91260928, -452.0, 419.0, -351.0
49.931874304, -412.0, 451.0, -337.0
49.951139328, -370.0, 480.0, -336.0
49.970404352, -335.0, 512.0, -314.0
49.989669376, -298.0, 528.0, -277.0
50.0089344, -256.0, 526.0, -234.0
50.028199424, -230.0, 494.0, -168.0
50.047464448, -217.0, 434.0, -86.0
50.0667296, -166.0, 362.0, -24.0
50.085994624, -137.0, 270.0, 15.0
50.105259648, -94.0, 132.0, 5.0
50.124524672, -107.0, -22.0, -34.0
50.143789696, -33.0, -125.0, -151.0
50.16305472, 30.0, -269.0, -453.0
50.182319744, -215.0, -504.0, -740.0
50.201584768, -896.0, -596.0, -353.0
50.220849792, -1365.0, -196.0, 86.0
50.240114816, 38.0, -586.0, -183.0
50.25937984, 12.0, -1411.0, -1518.0
50.278644864, -291.0, -1387.0, -994.0
50.297909888, -596.0, -866.0, -856.0
50.317174912, -202.0, -1121.0, -872.0
50.336439936, -387.0, -1120.0, -587.0
50.355705088, -363.0, -1045.0, -508.0
50.374970126, -417.0, -942.0, -596.0
50.394235008, -461.0, -956.0, -545.0
50.413499904, -419.0, -1015.0, -521.0
50.4327648, -249.0, -1161.0, -508.0
50.452029696, -161.0, -1208.0, -486.0
50.471294592, -198.0, -1114.0, -485.0
50.490559488, -218.0, -1122.0, -425.0
50.509824384, -240.0, -1209.0, -492.0
50.52908928, -185.0, -1182.0, -388.0
50.548354176, -159.0, -1237.0, -432.0
50.567619072, -188.0, -1319.0, -338.0
50.586883968, -103.0, -1412.0, -288.0
50.606148864, 15.0, -1424.0, -275.0
50.62541376, 95.0, -1381.0, -233.0
50.644678656, 150.0, -1472.0, -118.0
50.663943552, 305.0, -1543.0, -158.0
50.683208448, 342.0, -1523.0, -165.0
50.702473344, 251.0, -1480.0, -225.0
50.72173824, 315.0, -1624.0, -250.0
50.741003136, 441.0, -1782.0, -205.0
50.760268032, 479.0, -1764.0, -196.0
50.779532928, 368.0, -1691.0, -287.0
50.798797824, 281.0, -1635.0, -237.0
50.81806272, 239.0, -1565.0, -123.0
50.837327616, 244.0, -1325.0, -118.0
50.856592512, 464.0, -1383.0, -76.0
50.875857408, 283.0, -992.0, -45.0
50.895122304, 392.0, -1105.0, 20.0
50.9143872, 415.0, -1171.0, 18.0
50.933652096, 300.0, -906.0, 19.0
50.952916992, 338.0, -929.0, -27.0
50.972181888, 403.0, -906.0, -9.0
50.991446784, 317.0, -810.0, -33.0
51.01071168, 294.0, -789.0, -62.0
51.029976576, 259.0, -762.0, -60.0
51.049241472, 262.0, -734.0, -48.0
51.068506368, 238.0, -675.0, -38.0
51.087771264, 171.0, -612.0, -40.0
51.10703616, 69.0, -599.0, -63.0
51.126301056, -18.0, -605.0, -81.0
51.145565952, -110.0, -617.0, -142.0
51.164830848, -186.0, -629.0, -225.0
51.184095616, -258.0, -668.0, -271.0
51.203360512, -312.0, -674.0, -318.0
51.222625408, -366.0, -642.0, -362.0
51.241890304, -461.0, -640.0, -385.0
51.2611552, -541.0, -635.0, -422.0
51.280420096, -613.0, -629.0, -443.0
51.299684992, -677.0, -618.0, -461.0
51.318949888, -690.0, -584.0, -484.0
51.338214784, -719.0, -561.0, -487.0
51.35747968, -775.0, -539.0, -464.0
51.376744576, -801.0, -529.0, -435.0
51.396009472, -780.0, -500.0, -456.0
51.415274368, -788.0, -477.0, -489.0
51.434539264, -813.0, -417.0, -536.0
51.45380416, -861.0, -361.0, -556.0
51.473069056, -849.0, -258.0, -577.0
51.492333952, -867.0, -182.0, -544.0
51.511598848, -863.0, -113.0, -516.0
51.530863792, -913.0, -59.0, -493.0
51.550128384, -911.0, -6.0, -488.0
51.569393024, -902.0, 57.0, -460.0
51.588657536, -881.0, 136.0, -461.0
51.607922176, -867.0, 198.0, -437.0
51.627186816, -844.0, 239.0, -412.0
51.646451328, -804.0, 275.0, -387.0
51.665715968, -763.0, 296.0, -384.0
51.684980608, -729.0, 343.0, -375.0
51.704245248, -708.0, 400.0, -356.0
51.72350976, -646.0, 455.0, -339.0
51.7427744, -586.0, 473.0, -338.0
51.76203904, -539.0, 489.0, -320.0
51.781303552, -494.0, 492.0, -297.0
51.800568192, -436.0, 504.0, -268.0
51.819832832, -370.0, 500.0, -233.0
51.839097344, -304.0, 479.0, -204.0
51.858361984, -240.0, 457.0, -172.0
51.877626624, -198.0, 421.0, -128.0
51.896891136, -168.0, 373.0, -79.0
51.916155776, -138.0, 326.0, -11.0
51.935420416, -113.0, 224.0, 15.0
51.954685056, -69.0, 67.0, -39.0
51.973949568, -31.0, -108.0, -101.0
51.993214208, -3.0, -266.0, -174.0
52.012478848, 75.0, -304.0, -238.0
52.03174336, 69.0, -336.0, -373.0
52.051008, -264.0, -398.0, -336.0
52.07027264, -974.0, -145.0, 17.0
52.089537152, -797.0, -156.0, 463.0
52.108801792, 940.0, -1071.0, -431.0
52.128066432, -495.0, -1662.0, -1455.0
52.147330944, -918.0, -1429.0, -1186.0
52.166595584, -1116.0, -1431.0, -1449.0
52.185860224, -548.0, -1355.0, -1067.0
52.205124864, -431.0, -1192.0, -625.0
52.224389376, -350.0, -1144.0, -410.0
52.243654016, -334.0, -1151.0, -408.0
52.262918656, -369.0, -1310.0, -642.0
52.282183168, -415.0, -1225.0, -580.0
52.301447808, -394.0, -1264.0, -459.0
52.320712448, -162.0, -1442.0, -559.0
52.33997696, -61.0, -1305.0, -517.0
52.3592416, -116.0, -1232.0, -505.0
52.37850624, -61.0, -1315.0, -361.0
52.397770752, 22.0, -1404.0, -433.0
52.417035392, -55.0, -1352.0, -494.0
52.436300032, -148.0, -1446.0, -402.0
52.455564672, -1.0, -1651.0, -302.0
52.474829184, 98.0, -1721.0, -366.0
52.494093824, 93.0, -1468.0, -198.0
52.513358464, 243.0, -1342.0, 33.0
52.532622976, 343.0, -1392.0, 33.0
52.551887616, 380.0, -1403.0, -90.0
52.571152222, 240.0, -1298.0, 15.0
52.590419584, 195.0, -1563.0, 74.0
52.609686912, 610.0, -1772.0, -68.0
52.628954112, 848.0, -1928.0, -189.0
52.64822144, 1021.0, -1688.0, -195.0
52.667488768, 694.0, -1525.0, -182.0
52.686755968, 454.0, -1472.0, -358.0
52.706023296, 418.0, -1364.0, -46.0
52.725290624, 11.0, -1130.0, -79.0
52.744557824, 70.0, -875.0, 56.0
52.763825152, 396.0, -1111.0, 136.0
52.78309248, 82.0, -799.0, 42.0
52.80235968, 219.0, -771.0, -22.0
52.821627008, 325.0, -766.0, 85.0
52.840894336, 324.0, -722.0, 64.0
52.860161536, 267.0, -630.0, 20.0
52.879428864, 208.0, -609.0, -26.0
52.898696192, 190.0, -580.0, -17.0
52.917963392, 145.0, -554.0, -18.0
52.93723072, 87.0, -528.0, -35.0
52.956498048, 22.0, -500.0, -52.0
52.975765248, -66.0, -471.0, -95.0
52.995032576, -167.0, -506.0, -129.0
53.014299904, -236.0, -488.0, -188.0
53.033567104, -317.0, -484.0, -290.0
53.052834432, -380.0, -537.0, -364.0
53.07210176, -482.0, -625.0, -401.0
53.09136896, -595.0, -693.0, -446.0
53.110636288, -687.0, -715.0, -520.0
53.129903616, -734.0, -730.0, -587.0
53.149170816, -792.0, -694.0, -618.0
53.168438144, -831.0, -652.0, -640.0
53.187705472, -864.0, -564.0, -624.0
53.206972672, -908.0, -522.0, -602.0
53.22624, -920.0, -495.0, -605.0
53.245507328, -865.0, -426.0, -577.0
53.264774528, -874.0, -406.0, -539.0
53.284041856, -867.0, -353.0, -495.0
53.303309184, -823.0, -290.0, -496.0
53.322576384, -787.0, -233.0, -488.0
53.341843712, -760.0, -156.0, -495.0
53.36111104, -796.0, -76.0, -489.0
53.38037824, -826.0, -2.0, -475.0
53.399645568, -860.0, 66.0, -466.0
53.418912896, -874.0, 128.0, -450.0
53.438180096, -869.0, 162.0, -450.0
53.457447424, -847.0, 204.0, -454.0
53.476714752, -827.0, 253.0, -450.0
53.495981952, -775.0, 294.0, -455.0
53.51524928, -758.0, 354.0, -435.0
53.534516608, -703.0, 394.0, -435.0
53.553783808, -640.0, 432.0, -416.0
53.573051136, -569.0, 462.0, -398.0
53.592318464, -501.0, 475.0, -385.0
53.611585664, -449.0, 488.0, -363.0
53.630852992, -405.0, 491.0, -335.0
53.65012032, -356.0, 475.0, -303.0
53.66938752, -301.0, 470.0, -268.0
53.688654848, -255.0, 472.0, -224.0
53.707922176, -195.0, 476.0, -181.0
53.727189322, -189.0, 434.0, -116.0
53.746453504, -177.0, 386.0, -66.0
53.765717632, -167.0, 317.0, -19.0
53.78498176, -163.0, 224.0, 20.0
53.80424576, -164.0, 98.0, -15.0
53.823509888, -27.0, -28.0, -140.0
53.842774016, 461.0, -296.0, -354.0
53.862038144, 817.0, -535.0, -336.0
53.881302272, -154.0, -464.0, -217.0
53.9005664, -1741.0, -502.0, 287.0
53.9198304, -1867.0, 280.0, -44.0
53.939094528, -727.0, 107.0, 420.0
53.958358656, 2102.0, -1614.0, -656.0
53.977622784, -668.0, -2133.0, -1527.0
53.996886912, -1025.0, -667.0, -642.0
54.01615104, -757.0, -963.0, -936.0
54.03541504, -478.0, -1530.0, -985.0
54.054679168, -783.0, -1514.0, -708.0
54.073943296, -631.0, -1098.0, -475.0
54.093207424, -376.0, -1020.0, -442.0
54.112471552, -277.0, -1297.0, -494.0
54.13173568, -209.0, -1464.0, -623.0
54.15099968, -275.0, -1463.0, -637.0
54.170263808, -221.0, -1463.0, -644.0
54.189527936, -98.0, -1357.0, -454.0
54.208792064, 178.0, -1495.0, -400.0
54.228056192, 191.0, -1543.0, -350.0
54.24732032, 124.0, -1533.0, -305.0
54.26658432, 29.0, -1583.0, -563.0
54.285848448, -70.0, -1452.0, -244.0
54.305112576, 21.0, -1494.0, -302.0
54.324376704, -23.0, -1494.0, -249.0
54.343640832, 43.0, -1367.0, -49.0
54.36290496, 230.0, -1344.0, 17.0
54.38216896, 333.0, -1467.0, 11.0
54.401433088, 305.0, -1377.0, -76.0
54.420697216, 242.0, -1369.0, -111.0
54.439961344, 352.0, -1522.0, -13.0
54.459225472, 568.0, -1497.0, 47.0
54.478489472, 2256.0, -1692.0, -48.0
54.497753562, 694.0, -1748.0, -209.0
54.51701824, 643.0, -1666.0, -175.0
54.53628288, 120.0, -1532.0, -488.0
54.55554752, 765.0, -1335.0, -238.0
54.57481216, 258.0, -1257.0, -133.0
54.594076928, 258.0, -1146.0, 92.0
54.613341568, 341.0, -986.0, 195.0
54.632606208, 406.0, -932.0, 48.0
54.651870848, 98.0, -911.0, 81.0
54.671135488, 396.0, -730.0, 46.0
54.690400128, 446.0, -766.0, 33.0
54.709664896, 382.0, -672.0, 31.0
54.728929536, 289.0, -628.0, 63.0
54.748194176, 219.0, -598.0, 38.0
54.767458816, 170.0, -551.0, 41.0
54.786723456, 160.0, -519.0, 33.0
54.805988096, 73.0, -476.0, -64.0
54.825252864, -7.0, -510.0, -128.0
54.844517504, -149.0, -550.0, -167.0
54.863782144, -232.0, -548.0, -193.0
54.883046784, -319.0, -563.0, -255.0
54.902311424, -427.0, -572.0, -353.0
54.921576064, -536.0, -613.0, -409.0
54.940840704, -615.0, -662.0, -497.0
54.960105472, -675.0, -676.0, -551.0
54.979370112, -679.0, -678.0, -566.0
54.998634752, -706.0, -690.0, -575.0
55.017899392, -788.0, -696.0, -588.0
55.037164032, -816.0, -643.0, -619.0
55.056428672, -854.0, -597.0, -614.0
55.07569344, -881.0, -549.0, -590.0
55.09495808, -926.0, -487.0, -573.0
55.11422272, -953.0, -486.0, -566.0
55.13348736, -971.0, -498.0, -553.0
55.152752, -965.0, -515.0, -564.0
55.17201664, -903.0, -395.0, -607.0
55.191281408, -853.0, -201.0, -618.0
55.210546048, -841.0, -21.0, -562.0
55.229810688, -837.0, 119.0, -525.0
55.249075328, -815.0, 151.0, -474.0
55.268339968, -764.0, 181.0, -411.0
55.287604608, -669.0, 194.0, -380.0
55.306869376, -590.0, 232.0, -319.0
55.326134016, -520.0, 279.0, -306.0
55.345398656, -456.0, 349.0, -259.0
55.364663296, -393.0, 359.0, -268.0
55.383927936, -313.0, 379.0, -258.0
55.403192576, -239.0, 405.0, -245.0
55.422457216, -155.0, 448.0, -221.0
55.441721984, -113.0, 468.0, -193.0
55.460986624, -78.0, 456.0, -187.0
55.480251264, -58.0, 416.0, -146.0
55.499515904, -45.0, 360.0, -97.0
55.518780559, -103.0, 264.0, -65.0
55.538048128, -137.0, 161.0, -59.0
55.557315712, -102.0, 60.0, -70.0
55.576583168, 97.0, -92.0, -60.0
55.595850752, 283.0, -307.0, -68.0
55.615118336, 99.0, -456.0, -215.0
55.634385792, -380.0, -384.0, -364.0
55.653653376, -1060.0, 139.0, 216.0
55.67292096, -891.0, 211.0, 614.0
55.692188416, 689.0, -1268.0, -330.0
55.711456, -103.0, -1976.0, -1412.0
55.730723584, -840.0, -1209.0, -1007.0
55.74999104, -928.0, -1172.0, -1226.0
55.769258624, -566.0, -1202.0, -1071.0
55.78852608, -472.0, -1341.0, -666.0
55.807793664, -437.0, -1353.0, -549.0
55.827061248, -380.0, -1195.0, -619.0
55.846328704, -454.0, -1251.0, -570.0
55.865596288, -381.0, -1390.0, -501.0
55.884863872, -204.0, -1475.0, -600.0
55.904131328, -230.0, -1418.0, -678.0
55.923398912, -281.0, -1297.0, -512.0
55.942666496, -115.0, -1403.0, -429.0
55.961933952, -110.0, -1454.0, -403.0
55.981201536, -139.0, -1466.0, -439.0
56.00046912, -101.0, -1427.0, -531.0
56.019736576, -114.0, -1373.0, -361.0
56.03900416, -6.0, -1396.0, -233.0
56.058271744, 42.0, -1446.0, -235.0
56.0775392, 111.0, -1359.0, -170.0
56.096806784, 232.0, -1244.0, -71.0
56.116074368, 235.0, -1424.0, -92.0
56.135341824, 121.0, -1485.0, -121.0
56.154609408, 50.0, -1428.0, 18.0
56.173876864, 318.0, -1584.0, -113.0
56.193144448, 804.0, -1689.0, -195.0
56.212412032, 972.0, -1643.0, 14.0
56.231679488, 700.0, -1726.0, -16.0
56.250947072, 517.0, -1363.0, -209.0
56.270214656, 527.0, -1407.0, -236.0
56.289482112, 576.0, -1398.0, -178.0
56.308749696, 103.0, -1290.0, -169.0
56.32801728, 2.0, -955.0, -36.0
56.347284736, 465.0, -1290.0, 110.0
56.36655232, 255.0, -867.0, 25.0
56.385819904, 247.0, -901.0, -11.0
56.40508736, 300.0, -847.0, 64.0
56.424354944, 292.0, -785.0, 106.0
56.443622528, 399.0, -719.0, 42.0
56.462889984, 357.0, -751.0, 33.0
56.482157568, 326.0, -674.0, 47.0
56.501425152, 261.0, -593.0, -5.0
56.520692608, 112.0, -582.0, -78.0
56.539960138, 6.0, -573.0, -105.0
56.559225472, -65.0, -573.0, -148.0
56.578490752, -113.0, -580.0, -191.0
56.59775616, -154.0, -574.0, -240.0
56.61702144, -223.0, -613.0, -292.0
56.636286848, -265.0, -647.0, -321.0
56.655552128, -314.0, -633.0, -356.0
56.674817536, -376.0, -591.0, -374.0
56.694082816, -439.0, -573.0, -398.0
56.713348224, -557.0, -607.0, -416.0
56.732613504, -679.0, -648.0, -454.0
56.751878912, -747.0, -625.0, -498.0
56.771144192, -816.0, -619.0, -533.0
56.7904096, -845.0, -608.0, -553.0
56.80967488, -832.0, -607.0, -570.0
56.828940288, -853.0, -594.0, -553.0
56.848205568, -846.0, -538.0, -566.0
56.867470976, -858.0, -494.0, -579.0
56.886736256, -869.0, -391.0, -562.0
56.906001664, -857.0, -313.0, -539.0
56.925266944, -850.0, -265.0, -532.0
56.944532352, -864.0, -169.0, -529.0
56.963797632, -886.0, -110.0, -540.0
56.983062912, -902.0, -69.0, -598.0
57.00232832, -911.0, 54.0, -551.0
57.0215936, -874.0, 138.0, -511.0
57.040859008, -832.0, 204.0, -505.0
57.060124288, -778.0, 249.0, -495.0
57.079389696, -727.0, 289.0, -467.0
57.098654976, -602.0, 327.0, -404.0
57.117920384, -519.0, 357.0, -376.0
57.137185664, -432.0, 381.0, -333.0
57.156451072, -348.0, 408.0, -283.0
57.175716352, -260.0, 430.0, -252.0
57.19498176, -172.0, 446.0, -229.0
57.21424704, -141.0, 435.0, -190.0
57.233512448, -106.0, 429.0, -135.0
57.252777728, -73.0, 412.0, -87.0
57.272043136, -25.0, 345.0, -90.0
57.291308416, -24.0, 261.0, -70.0
57.310573824, -42.0, 169.0, -78.0
57.329839104, 40.0, 1.0, -166.0
57.349104512, 28.0, -195.0, -287.0
57.368369792, -144.0, -303.0, -286.0
57.387635072, -339.0, -439.0, -257.0
57.40690048, -486.0, -476.0, -218.0
57.42616576, -1006.0, -194.0, 79.0
57.445431168, -787.0, -103.0, 218.0
57.464696448, 326.0, -743.0, -344.0
57.483961856, -4.0, -1833.0, -1320.0
57.503227136, -758.0, -1395.0, -852.0
57.522492544, -723.0, -789.0, -680.0
57.541757824, -304.0, -1120.0, -760.0
57.561023232, -308.0, -1186.0, -661.0
57.580288512, -401.0, -1160.0, -520.0
57.59955392, -430.0, -1091.0, -447.0
57.6188192, -383.0, -1196.0, -541.0
57.638084608, -318.0, -1224.0, -538.0
57.657349888, -225.0, -1239.0, -560.0
57.676615251, -259.0, -1211.0, -420.0
57.695879296, -148.0, -1231.0, -451.0
57.715143296, -49.0, -1350.0, -432.0
57.734407424, -29.0, -1384.0, -393.0
57.753671424, -72.0, -1318.0, -323.0
57.772935424, 51.0, -1443.0, -364.0
57.792199424, 0.0, -1495.0, -389.0
57.811463552, -14.0, -1450.0, -297.0
57.830727552, 13.0, -1384.0, -165.0
57.849991552, 198.0, -1265.0, -15.0
57.869255552, 346.0, -1323.0, 28.0
57.88851968, 431.0, -1518.0, -79.0
57.90778368, 343.0, -1416.0, -148.0
57.92704768, 159.0, -1369.0, -131.0
57.946311808, 274.0, -1580.0, -77.0
57.965575808, 892.0, -1684.0, 113.0
57.984839808, 573.0, -1678.0, -117.0
58.004103808, 842.0, -1674.0, -154.0
58.023367936, 499.0, -1538.0, -77.0
58.042631936, 720.0, -1436.0, 53.0
58.061895936, 536.0, -1450.0, -186.0
58.081160064, 495.0, -1287.0, -88.0
58.100424064, 532.0, -1024.0, 0.0
58.119688064, 606.0, -1255.0, 35.0
58.138952064, 194.0, -977.0, 2.0
58.158216192, 281.0, -753.0, 98.0
58.177480192, 372.0, -825.0, 85.0
58.196744192, 291.0, -738.0, -46.0
58.216008192, 116.0, -718.0, 23.0
58.23527232, 368.0, -892.0, 16.0
58.25453632, 744.0, -662.0, 84.0
58.27380032, 413.0, -695.0, -1.0
58.293064448, 334.0, -675.0, 30.0
58.312328448, 218.0, -755.0, -38.0
58.331592448, 151.0, -659.0, -94.0
58.350856448, 28.0, -651.0, -218.0
58.370120576, -61.0, -693.0, -216.0
58.389384576, -128.0, -728.0, -176.0
58.408648576, -106.0, -787.0, -208.0
58.427912704, -84.0, -816.0, -302.0
58.447176704, -116.0, -804.0, -396.0
58.466440704, -181.0, -777.0, -433.0
58.485704704, -316.0, -744.0, -466.0
58.504968832, -421.0, -697.0, -469.0
58.524232832, -519.0, -669.0, -429.0
58.543496832, -623.0, -706.0, -444.0
58.562760832, -659.0, -722.0, -470.0
58.58202496, -704.0, -698.0, -494.0
58.60128896, -746.0, -670.0, -525.0
58.62055296, -783.0, -634.0, -528.0
58.639817088, -782.0, -592.0, -538.0
58.659081088, -741.0, -511.0, -560.0
58.678345088, -753.0, -445.0, -552.0
58.697609088, -748.0, -378.0, -540.0
58.716873167, -767.0, -292.0, -536.0
58.736138624, -792.0, -203.0, -525.0
58.755404032, -774.0, -124.0, -547.0
58.774669312, -782.0, -40.0, -554.0
58.79393472, -797.0, 36.0, -554.0
58.813200128, -808.0, 89.0, -545.0
58.832465408, -812.0, 151.0, -531.0
58.851730816, -790.0, 194.0, -532.0
58.870996224, -756.0, 232.0, -512.0
58.890261504, -701.0, 274.0, -511.0
58.909526912, -668.0, 302.0, -489.0
58.92879232, -614.0, 338.0, -442.0
58.9480576, -521.0, 363.0, -411.0
58.967323008, -422.0, 384.0, -385.0
58.986588288, -361.0, 422.0, -341.0
59.005853696, -287.0, 450.0, -302.0
59.025119104, -233.0, 462.0, -267.0
59.044384384, -152.0, 470.0, -226.0
59.063649792, -90.0, 464.0, -176.0
59.0829152, -74.0, 446.0, -110.0
59.10218048, -69.0, 400.0, -28.0
59.121445888, -95.0, 336.0, 36.0
59.140711296, -127.0, 234.0, 43.0
59.159976576, -102.0, 71.0, 8.0
59.179241984, 32.0, -122.0, -130.0
59.198507392, 173.0, -385.0, -491.0
59.217772672, 23.0, -538.0, -638.0
59.23703808, -445.0, -568.0, -352.0
59.256303488, -1268.0, 20.0, 207.0
59.275568768, -570.0, -559.0, 396.0
59.294834176, 471.0, -1632.0, -951.0
59.314099584, -608.0, -1850.0, -1169.0
59.333364864, -865.0, -639.0, -771.0
59.352630272, -386.0, -1043.0, -1116.0
59.37189568, -469.0, -1148.0, -822.0
59.39116096, -401.0, -1199.0, -548.0
59.410426368, -241.0, -1051.0, -518.0
59.429691648, -40.0, -1081.0, -553.0
59.448957056, -154.0, -1276.0, -538.0
59.468222464, -147.0, -1306.0, -484.0
59.487487744, -141.0, -1241.0, -425.0
59.506753152, -67.0, -1113.0, -286.0
59.52601856, -53.0, -1157.0, -420.0
59.54528384, -114.0, -1188.0, -410.0
59.564549248, -114.0, -1106.0, -359.0
59.583814656, 76.0, -1210.0, -259.0
59.603079936, 172.0, -1386.0, -238.0
59.622345344, 84.0, -1322.0, -280.0
59.641610752, 70.0, -1370.0, -258.0
59.660876032, 1.0, -1379.0, -43.0
59.68014144, 167.0, -1357.0, 56.0
59.699406848, 356.0, -1447.0, 102.0
59.718672128, 496.0, -1489.0, -70.0
59.737937536, 511.0, -1491.0, -37.0
59.757202797, 381.0, -1544.0, 0.0
59.776467328, 460.0, -1726.0, 26.0
59.79573184, 709.0, -1728.0, 9.0
59.814996352, 1138.0, -1692.0, -119.0
59.834260736, 638.0, -1567.0, -165.0
59.853525248, 556.0, -1696.0, -79.0
59.87278976, 280.0, -1285.0, -176.0
59.892054272, 514.0, -1371.0, -50.0
59.911318784, 415.0, -1304.0, -56.0
59.930583168, 398.0, -1348.0, 115.0
59.94984768, 459.0, -936.0, 114.0
59.969112192, 560.0, -1173.0, 142.0
59.988376704, 303.0, -1035.0, 206.0
60.007641216, 291.0, -585.0, -73.0
60.026905728, 487.0, -878.0, 52.0
60.046170112, 478.0, -864.0, 76.0
60.065434624, 333.0, -763.0, 40.0
60.084699136, 373.0, -752.0, 20.0
60.103963648, 349.0, -784.0, -18.0
60.12322816, 322.0, -739.0, -33.0
60.142492544, 223.0, -700.0, -72.0
60.161757056, 137.0, -666.0, -105.0
60.181021568, 58.0, -665.0, -144.0
60.20028608, 17.0, -671.0, -168.0
60.219550592, -26.0, -689.0, -222.0
60.238814976, -78.0, -677.0, -294.0
60.258079488, -131.0, -662.0, -332.0
60.277344, -199.0, -666.0, -327.0
60.296608512, -298.0, -614.0, -334.0
60.315873024, -400.0, -583.0, -386.0
60.335137408, -470.0, -600.0, -406.0
60.35440192, -600.0, -607.0, -421.0
60.373666432, -746.0, -596.0, -445.0
60.392930944, -829.0, -586.0, -485.0
60.412195456, -836.0, -614.0, -499.0
60.43145984, -827.0, -644.0, -529.0
60.450724352, -795.0, -613.0, -537.0
60.469988864, -848.0, -546.0, -546.0
60.489253376, -878.0, -471.0, -544.0
60.508517888, -869.0, -409.0, -547.0
60.5277824, -848.0, -330.0, -553.0
60.547046784, -849.0, -279.0, -557.0
60.566311296, -854.0, -209.0, -564.0
60.585575808, -887.0, -115.0, -562.0
60.60484032, -891.0, -21.0, -538.0
60.624104832, -876.0, 60.0, -511.0
60.643369216, -872.0, 110.0, -484.0
60.662633728, -850.0, 133.0, -486.0
60.68189824, -816.0, 214.0, -439.0
60.701162752, -711.0, 258.0, -388.0
60.720427264, -635.0, 276.0, -401.0
60.739691648, -575.0, 314.0, -381.0
60.75895616, -505.0, 351.0, -342.0
60.778220672, -424.0, 394.0, -292.0
60.797485184, -335.0, 409.0, -278.0
60.816749696, -268.0, 434.0, -255.0
60.83601408, -208.0, 441.0, -218.0
60.855278592, -192.0, 412.0, -169.0
60.874543104, -162.0, 398.0, -94.0
60.893807616, -128.0, 383.0, -43.0
60.913072047, -97.0, 311.0, -30.0
60.93233536, -113.0, 212.0, -88.0
60.95159872, -155.0, 78.0, -160.0
60.97086208, -87.0, -64.0, -176.0
60.990125312, -69.0, -208.0, -215.0
61.009388672, -13.0, -361.0, -271.0
61.028652032, -62.0, -506.0, -281.0
61.047915392, -607.0, -348.0, -248.0
61.067178752, -722.0, -56.0, 124.0
61.086441984, -62.0, -526.0, 96.0
61.105705344, 168.0, -1342.0, -1201.0
61.124968704, -741.0, -1737.0, -942.0
61.144232064, -1064.0, -647.0, -945.0
61.163495424, -542.0, -964.0, -931.0
61.182758784, -408.0, -1216.0, -693.0
61.202022016, -488.0, -1226.0, -592.0
61.221285376, -465.0, -1107.0, -509.0
61.240548736, -308.0, -1181.0, -558.0
61.259812096, -240.0, -1256.0, -501.0
61.279075456, -192.0, -1376.0, -563.0
61.298338688, -235.0, -1326.0, -540.0
61.317602048, -196.0, -1218.0, -319.0
61.336865408, -53.0, -1384.0, -334.0
61.356128768, -122.0, -1344.0, -443.0
61.375392128, -235.0, -1379.0, -518.0
61.39465536, -232.0, -1394.0, -408.0
61.41391872, -186.0, -1453.0, -374.0
61.43318208, -185.0, -1451.0, -303.0
61.45244544, -90.0, -1412.0, -307.0
61.4717088, 21.0, -1260.0, -152.0
61.49097216, 153.0, -1353.0, -82.0
61.510235392, 277.0, -1583.0, -97.0
61.529498752, 226.0, -1501.0, -136.0
61.548762112, 53.0, -1364.0, -71.0
61.568025472, 108.0, -1432.0, -64.0
61.587288832, 367.0, -1591.0, -69.0
61.606552064, 583.0, -1585.0, -61.0
61.625815424, 609.0, -1667.0, -49.0
61.645078784, 472.0, -1524.0, 13.0
61.664342144, 443.0, -1390.0, -5.0
61.683605504, 567.0, -1401.0, 17.0
61.702868736, 410.0, -1320.0, -87.0
61.722132096, 366.0, -1253.0, -49.0
61.741395456, 383.0, -1132.0, 14.0
61.760658816, 410.0, -1104.0, -75.0
61.779922176, 129.0, -897.0, 63.0
61.799185408, 230.0, -843.0, 168.0
61.818448768, 358.0, -887.0, 42.0
61.837712128, 226.0, -779.0, -87.0
61.856975488, 335.0, -853.0, -10.0
61.876238848, 368.0, -800.0, -27.0
61.895502208, 332.0, -744.0, -84.0
61.91476544, 292.0, -721.0, -107.0
61.934028842, 244.0, -719.0, -104.0
61.953293696, 179.0, -708.0, -100.0
61.972558592, 97.0, -694.0, -129.0
61.991823488, 66.0, -679.0, -171.0
62.011088384, 44.0, -676.0, -211.0
62.030353152, -23.0, -675.0, -239.0
62.049618048, -122.0, -675.0, -274.0
62.068882944, -236.0, -654.0, -278.0
62.08814784, -321.0, -623.0, -321.0
62.107412736, -430.0, -599.0, -367.0
62.126677632, -529.0, -583.0, -390.0
62.1459424, -617.0, -591.0, -438.0
62.165207296, -685.0, -593.0, -529.0
62.184472192, -778.0, -622.0, -571.0
62.203737088, -847.0, -614.0, -610.0
62.223001984, -847.0, -610.0, -629.0
62.24226688, -882.0, -586.0, -610.0
62.261531648, -923.0, -551.0, -602.0
62.280796544, -857.0, -496.0, -585.0
62.30006144, -841.0, -413.0, -568.0
62.319326336, -835.0, -333.0, -545.0
62.338591232, -859.0, -278.0, -528.0
62.357856128, -835.0, -215.0, -544.0
62.377120896, -799.0, -122.0, -551.0
62.396385792, -782.0, -28.0, -541.0
62.415650688, -763.0, 60.0, -525.0
62.434915584, -763.0, 157.0, -514.0
62.45418048, -739.0, 220.0, -492.0
62.473445376, -674.0, 280.0, -473.0
62.492710272, -617.0, 319.0, -466.0
62.51197504, -545.0, 349.0, -434.0
62.531239936, -479.0, 367.0, -394.0
62.550504832, -417.0, 380.0, -344.0
62.569769728, -335.0, 391.0, -300.0
62.589034624, -235.0, 406.0, -255.0
62.60829952, -163.0, 424.0, -195.0
62.627564288, -105.0, 463.0, -145.0
62.646829184, -108.0, 463.0, -87.0
62.66609408, -122.0, 419.0, -45.0
62.685358976, -117.0, 316.0, -46.0
62.704623872, -157.0, 210.0, -43.0
62.723888768, -187.0, 129.0, -42.0
62.743153536, -206.0, 37.0, -28.0
62.762418432, -134.0, -26.0, -113.0
62.781683328, 9.0, -156.0, -280.0
62.800948224, 88.0, -314.0, -320.0
62.82021312, -356.0, -306.0, -149.0
62.839478016, -1102.0, 41.0, 175.0
62.858742784, -949.0, 53.0, 361.0
62.87800768, 917.0, -1397.0, -903.0
62.897272576, -837.0, -1814.0, -1221.0
62.916537472, -561.0, -1078.0, -755.0
62.935802368, -319.0, -1097.0, -1109.0
62.955067264, -170.0, -1310.0, -828.0
62.97433216, -266.0, -1421.0, -597.0
62.993596928, -360.0, -1285.0, -527.0
63.012861824, -517.0, -1206.0, -584.0
63.03212672, -379.0, -1326.0, -677.0
63.051391616, -475.0, -1429.0, -642.0
63.070656495, -379.0, -1463.0, -612.0
63.089923328, -224.0, -1388.0, -631.0
63.109190144, -176.0, -1331.0, -491.0
63.12845696, -133.0, -1320.0, -459.0
63.147723904, -131.0, -1265.0, -478.0
63.16699072, -217.0, -1412.0, -365.0
63.186257536, -99.0, -1409.0, -296.0
63.205524352, -87.0, -1374.0, -423.0
63.224791296, -75.0, -1366.0, -310.0
63.244058112, -78.0, -1360.0, -284.0
63.263324928, 66.0, -1296.0, -144.0
63.282591744, 249.0, -1404.0, -77.0
63.301858688, 397.0, -1538.0, -210.0
63.321125504, 370.0, -1501.0, -232.0
63.34039232, 159.0, -1395.0, -151.0
63.359659136, 165.0, -1472.0, -81.0
63.378925952, 424.0, -1594.0, -76.0
63.398192896, 782.0, -1622.0, -82.0
63.417459712, 860.0, -1659.0, -55.0
63.436726528, 547.0, -1313.0, 39.0
63.455993344, 484.0, -1604.0, -64.0
63.475260288, 645.0, -1333.0, -15.0
63.494527104, 519.0, -1263.0, -138.0
63.51379392, 137.0, -1013.0, -10.0
63.533060736, 606.0, -1144.0, 124.0
63.55232768, 88.0, -802.0, -25.0
63.571594496, 129.0, -843.0, 97.0
63.590861312, 331.0, -739.0, -95.0
63.610128128, 285.0, -854.0, 51.0
63.629395072, 302.0, -761.0, -18.0
63.648661888, 300.0, -769.0, -6.0
63.667928704, 257.0, -738.0, 14.0
63.68719552, 244.0, -690.0, 12.0
63.706462336, 156.0, -676.0, -15.0
63.72572928, 38.0, -673.0, -39.0
63.744996096, -71.0, -626.0, -88.0
63.764262912, -163.0, -618.0, -152.0
63.783529728, -200.0, -647.0, -199.0
63.802796672, -257.0, -669.0, -273.0
63.822063488, -262.0, -688.0, -333.0
63.841330304, -317.0, -714.0, -361.0
63.86059712, -371.0, -720.0, -377.0
63.879864064, -445.0, -714.0, -404.0
63.89913088, -551.0, -724.0, -438.0
63.918397696, -616.0, -703.0, -490.0
63.937664512, -680.0, -677.0, -540.0
63.956931328, -757.0, -655.0, -561.0
63.976198272, -819.0, -606.0, -594.0
63.995465088, -859.0, -577.0, -592.0
64.014731904, -909.0, -542.0, -559.0
64.03399872, -899.0, -486.0, -556.0
64.053265664, -883.0, -422.0, -539.0
64.07253248, -877.0, -349.0, -529.0
64.091799296, -861.0, -276.0, -515.0
64.111066112, -844.0, -207.0, -501.0
64.130333012, -840.0, -137.0, -490.0
64.14959872, -806.0, -70.0, -476.0
64.168864384, -787.0, -6.0, -461.0
64.188130048, -785.0, 85.0, -460.0
64.207395712, -770.0, 140.0, -439.0
64.226661504, -745.0, 199.0, -423.0
64.245927168, -726.0, 267.0, -423.0
64.265192832, -674.0, 305.0, -404.0
64.284458496, -608.0, 321.0, -385.0
64.30372416, -569.0, 346.0, -362.0
64.322989824, -514.0, 383.0, -337.0
64.342255616, -451.0, 404.0, -312.0
64.36152128, -389.0, 424.0, -293.0
64.380786944, -320.0, 447.0, -273.0
64.400052608, -276.0, 442.0, -233.0
64.419318272, -269.0, 445.0, -159.0
64.438583936, -226.0, 442.0, -83.0
64.457849728, -100.0, 372.0, -122.0
64.477115392, 45.0, 295.0, 57.0
64.496381056, 105.0, 244.0, 203.0
64.51564672, -9.0, 124.0, 204.0
64.534912384, -172.0, 4.0, 196.0
64.554178048, -323.0, -89.0, -16.0
64.573443712, -269.0, -278.0, -260.0
64.592709504, -214.0, -534.0, -499.0
64.611975168, -668.0, -479.0, -605.0
64.631240832, -1158.0, -78.0, 127.0
64.650506496, -464.0, -365.0, 435.0
64.66977216, 1226.0, -1611.0, -1027.0
64.689037824, -332.0, -1841.0, -1590.0
64.708303616, -1313.0, -640.0, -595.0
64.72756928, -830.0, -1324.0, -795.0
64.746834944, -492.0, -1254.0, -786.0
64.766100608, -552.0, -1124.0, -519.0
64.785366272, -675.0, -1223.0, -365.0
64.804631936, -459.0, -1232.0, -440.0
64.823897728, -361.0, -1301.0, -415.0
64.843163392, -310.0, -1313.0, -464.0
64.862429056, -228.0, -1243.0, -385.0
64.88169472, -140.0, -1285.0, -395.0
64.900960384, -162.0, -1330.0, -435.0
64.920226048, -143.0, -1314.0, -395.0
64.93949184, -111.0, -1408.0, -453.0
64.958757504, 23.0, -1502.0, -379.0
64.978023168, 36.0, -1536.0, -400.0
64.997288832, 37.0, -1463.0, -260.0
65.016554496, -14.0, -1494.0, -323.0
65.03582016, 38.0, -1410.0, -219.0
65.055085824, 159.0, -1396.0, -101.0
65.074351616, 274.0, -1487.0, -110.0
65.09361728, 327.0, -1501.0, -176.0
65.112882913, 196.0, -1360.0, -149.0
65.132147968, 155.0, -1352.0, 1.0
65.151412992, 504.0, -1555.0, 12.0
65.170678016, 1139.0, -1583.0, 147.0
65.18994304, 810.0, -1525.0, 29.0
65.209207936, 738.0, -1464.0, 67.0
65.22847296, 664.0, -1313.0, -101.0
65.247737984, 803.0, -1354.0, -164.0
65.267003008, 369.0, -1260.0, -255.0
65.286268032, 291.0, -1257.0, -41.0
65.305533056, 435.0, -1018.0, 47.0
65.324797952, 410.0, -1220.0, -5.0
65.344062976, 290.0, -926.0, 97.0
65.363328, 212.0, -726.0, 107.0
65.382593024, 410.0, -840.0, 25.0
65.401858048, 175.0, -720.0, -50.0
65.421123072, 361.0, -812.0, -49.0
65.440388096, 463.0, -739.0, 27.0
65.459652992, 395.0, -631.0, 32.0
65.478918016, 218.0, -604.0, -8.0
65.49818304, 117.0, -601.0, -43.0
65.517448064, 44.0, -609.0, -73.0
65.536713088, -48.0, -637.0, -139.0
65.555978112, -126.0, -674.0, -179.0
65.575243136, -166.0, -678.0, -224.0
65.594508032, -224.0, -702.0, -281.0
65.613773056, -289.0, -693.0, -286.0
65.63303808, -329.0, -687.0, -294.0
65.652303104, -394.0, -664.0, -279.0
65.671568128, -456.0, -628.0, -262.0
65.690833152, -574.0, -642.0, -298.0
65.710098048, -634.0, -698.0, -357.0
65.729363072, -683.0, -696.0, -390.0
65.748628096, -768.0, -658.0, -427.0
65.76789312, -878.0, -640.0, -505.0
65.787158144, -956.0, -634.0, -580.0
65.806423168, -951.0, -559.0, -649.0
65.825688192, -918.0, -514.0, -628.0
65.844953088, -950.0, -469.0, -588.0
65.864218112, -980.0, -390.0, -578.0
65.883483136, -1014.0, -308.0, -551.0
65.90274816, -1027.0, -220.0, -519.0
65.922013184, -1049.0, -127.0, -485.0
65.941278208, -1034.0, -57.0, -457.0
65.960543232, -963.0, -14.0, -441.0
65.979808128, -902.0, 38.0, -424.0
65.999073152, -817.0, 98.0, -421.0
66.018338176, -760.0, 168.0, -401.0
66.0376032, -710.0, 247.0, -376.0
66.056868224, -671.0, 288.0, -361.0
66.076133248, -614.0, 332.0, -318.0
66.095398144, -539.0, 373.0, -301.0
66.114663168, -447.0, 404.0, -280.0
66.133928192, -386.0, 442.0, -251.0
66.153193216, -298.0, 444.0, -236.0
66.17245824, -222.0, 441.0, -202.0
66.191723264, -161.0, 451.0, -178.0
66.210988288, -112.0, 451.0, -140.0
66.230253184, -79.0, 435.0, -87.0
66.249518194, -61.0, 390.0, -42.0
66.268785792, -75.0, 311.0, -27.0
66.288053376, -122.0, 232.0, -14.0
66.307320832, -118.0, 152.0, 0.0
66.326588416, 78.0, 11.0, -45.0
66.345856, 463.0, -239.0, -94.0
66.365123456, 467.0, -556.0, -298.0
66.38439104, -227.0, -631.0, 9.0
66.403658624, -1312.0, -238.0, 406.0
66.42292608, -1633.0, -35.0, 601.0
66.442193664, 766.0, -737.0, 21.0
66.461461248, 564.0, -2212.0, -2241.0
66.480728704, -872.0, -1315.0, -1417.0
66.499996288, -1504.0, -1063.0, -1008.0
66.519263744, -601.0, -1078.0, -749.0
66.538531328, -479.0, -1249.0, -615.0
66.557798912, -501.0, -1245.0, -511.0
66.577066368, -401.0, -1047.0, -489.0
66.596333952, -553.0, -1109.0, -653.0
66.615601536, -458.0, -1266.0, -667.0
66.634868992, -249.0, -1366.0, -716.0
66.654136576, -262.0, -1263.0, -570.0
66.67340416, -174.0, -1171.0, -502.0
66.692671616, -148.0, -1106.0, -423.0
66.7119392, -63.0, -1196.0, -326.0
66.731206784, 36.0, -1392.0, -446.0
66.75047424, -8.0, -1474.0, -489.0
66.769741824, -26.0, -1457.0, -421.0
66.789009408, 128.0, -1395.0, -271.0
66.808276864, 173.0, -1376.0, -183.0
66.827544448, 104.0, -1382.0, -159.0
66.846812032, 126.0, -1479.0, -105.0
66.866079488, 173.0, -1598.0, -159.0
66.885347072, 148.0, -1496.0, -214.0
66.904614528, 88.0, -1362.0, -272.0
66.923882112, 220.0, -1501.0, -174.0
66.943149696, 456.0, -1594.0, -154.0
66.962417152, 673.0, -1609.0, -114.0
66.981684736, 1057.0, -1516.0, -79.0
67.00095232, 757.0, -1711.0, -14.0
67.020219776, 554.0, -1379.0, 1.0
67.03948736, 535.0, -1360.0, -58.0
67.058754944, 510.0, -1437.0, -68.0
67.0780224, 335.0, -1233.0, -164.0
67.097289984, 410.0, -1232.0, -131.0
67.116557461, 266.0, -1054.0, -7.0
67.135823232, 172.0, -992.0, 78.0
67.155089024, 225.0, -870.0, -35.0
67.174354816, 328.0, -860.0, 46.0
67.193620608, 336.0, -792.0, 22.0
67.2128864, 329.0, -730.0, -17.0
67.232152192, 283.0, -695.0, -69.0
67.251418112, 185.0, -702.0, -48.0
67.270683904, 125.0, -667.0, -51.0
67.289949696, 98.0, -630.0, -86.0
67.309215488, 53.0, -599.0, -75.0
67.32848128, -10.0, -593.0, -77.0
67.347747072, -83.0, -603.0, -112.0
67.367012864, -146.0, -573.0, -185.0
67.386278656, -233.0, -565.0, -255.0
67.405544448, -287.0, -536.0, -293.0
67.42481024, -338.0, -512.0, -322.0
67.444076032, -410.0, -529.0, -379.0
67.463341824, -505.0, -520.0, -418.0
67.482607744, -619.0, -535.0, -460.0
67.501873536, -776.0, -558.0, -495.0
67.521139328, -927.0, -558.0, -583.0
67.54040512, -983.0, -558.0, -657.0
67.559670912, -990.0, -536.0, -673.0
67.578936704, -973.0, -499.0, -642.0
67.598202496, -977.0, -479.0, -605.0
67.617468288, -966.0, -457.0, -591.0
67.63673408, -941.0, -393.0, -586.0
67.655999872, -907.0, -316.0, -575.0
67.675265664, -846.0, -218.0, -573.0
67.694531456, -832.0, -111.0, -554.0
67.713797376, -810.0, -33.0, -524.0
67.733063168, -793.0, 37.0, -486.0
67.75232896, -804.0, 97.0, -475.0
67.771594752, -763.0, 166.0, -471.0
67.790860544, -707.0, 225.0, -466.0
67.810126336, -682.0, 282.0, -455.0
67.829392128, -624.0, 322.0, -443.0
67.84865792, -580.0, 346.0, -418.0
67.867923712, -534.0, 414.0, -385.0
67.887189504, -468.0, 437.0, -364.0
67.906455296, -419.0, 461.0, -352.0
67.925721216, -358.0, 488.0, -304.0
67.944987008, -292.0, 495.0, -276.0
67.9642528, -215.0, 499.0, -254.0
67.983518592, -151.0, 487.0, -219.0
68.002784384, -106.0, 485.0, -154.0
68.022050176, -83.0, 451.0, -80.0
68.041315968, -91.0, 396.0, 17.0
68.06058176, -107.0, 345.0, 64.0
68.079847552, -99.0, 224.0, 59.0
68.099113344, -30.0, 25.0, 5.0
68.118379136, 89.0, -165.0, -76.0
68.137644928, 169.0, -359.0, -172.0
68.156910848, 54.0, -499.0, -318.0
68.17617664, -407.0, -484.0, -517.0
68.195442432, -1133.0, 21.0, -98.0
68.214708224, -1272.0, 531.0, 476.0
68.233974031, 300.0, -596.0, 205.0
68.25323904, 1019.0, -2050.0, -1173.0
68.272504064, -1318.0, -1655.0, -1027.0
68.291769088, -1075.0, -1005.0, -971.0
68.311034112, -639.0, -1229.0, -1082.0
68.330299136, -519.0, -1371.0, -834.0
68.34956416, -567.0, -1559.0, -762.0
68.368829184, -600.0, -1177.0, -668.0
68.388094208, -310.0, -1193.0, -521.0
68.40735936, -213.0, -1403.0, -397.0
68.426624384, -268.0, -1445.0, -519.0
68.445889408, -283.0, -1264.0, -572.0
68.465154432, -233.0, -1216.0, -323.0
68.484419456, -40.0, -1268.0, -342.0
68.50368448, 34.0, -1343.0, -357.0
68.522949504, 10.0, -1381.0, -268.0
68.542214528, -8.0, -1385.0, -403.0
68.561479552, -41.0, -1437.0, -308.0
68.580744576, -46.0, -1502.0, -306.0
68.6000096, -60.0, -1537.0, -286.0
68.619274624, 43.0, -1434.0, -130.0
68.638539648, 163.0, -1282.0, -28.0
68.657804672, 292.0, -1389.0, -25.0
68.677069696, 346.0, -1502.0, -61.0
68.696334848, 289.0, -1415.0, -34.0
68.715599872, 313.0, -1458.0, 29.0
68.734864896, 557.0, -1602.0, -41.0
68.75412992, 1785.0, -1388.0, -125.0
68.773394944, 749.0, -1618.0, 43.0
68.792659968, 841.0, -1659.0, 48.0
68.811924992, 584.0, -1444.0, -33.0
68.831190016, 643.0, -1367.0, -133.0
68.85045504, 349.0, -1491.0, -233.0
68.869720064, 253.0, -1216.0, -96.0
68.888985088, 395.0, -1054.0, 0.0
68.908250112, 329.0, -1126.0, 80.0
68.927515136, 95.0, -1076.0, 40.0
68.94678016, 281.0, -694.0, 114.0
68.966045184, 476.0, -818.0, 52.0
68.985310336, 401.0, -701.0, -56.0
69.00457536, 443.0, -733.0, 13.0
69.023840384, 346.0, -649.0, 38.0
69.043105393, 295.0, -615.0, 18.0
69.06237056, 213.0, -610.0, -13.0
69.081635712, 121.0, -611.0, -30.0
69.100900864, 51.0, -578.0, -45.0
69.120166144, -65.0, -545.0, -119.0
69.139431296, -152.0, -549.0, -197.0
69.158696448, -239.0, -628.0, -246.0
69.1779616, -317.0, -674.0, -302.0
69.19722688, -376.0, -658.0, -355.0
69.216492032, -416.0, -673.0, -409.0
69.235757184, -402.0, -678.0, -425.0
69.255022336, -426.0, -658.0, -446.0
69.274287616, -584.0, -666.0, -484.0
69.293552768, -725.0, -662.0, -536.0
69.31281792, -815.0, -623.0, -592.0
69.332083072, -885.0, -592.0, -612.0
69.351348224, -934.0, -550.0, -634.0
69.370613504, -917.0, -513.0, -635.0
69.389878656, -970.0, -471.0, -578.0
69.409143808, -970.0, -444.0, -555.0
69.42840896, -915.0, -397.0, -548.0
69.44767424, -813.0, -304.0, -539.0
69.466939392, -777.0, -207.0, -505.0
69.486204544, -737.0, -101.0, -478.0
69.505469696, -733.0, -18.0, -469.0
69.524734848, -747.0, 54.0, -466.0
69.544000128, -761.0, 119.0, -460.0
69.56326528, -736.0, 204.0, -459.0
69.582530432, -707.0, 291.0, -459.0
69.601795584, -688.0, 360.0, -439.0
69.621060864, -663.0, 398.0, -433.0
69.640326016, -627.0, 422.0, -457.0
69.659591168, -584.0, 454.0, -443.0
69.67885632, -513.0, 493.0, -405.0
69.6981216, -457.0, 536.0, -380.0
69.717386752, -390.0, 562.0, -285.0
69.736651904, -293.0, 583.0, -226.0
69.755917056, -211.0, 577.0, -191.0
69.775182208, -159.0, 560.0, -163.0
69.794447488, -140.0, 560.0, -98.0
69.81371264, -71.0, 537.0, -33.0
69.832977792, -35.0, 513.0, 3.0
69.852242944, -3.0, 465.0, 44.0
69.871508224, -22.0, 359.0, 59.0
69.890773376, -68.0, 130.0, -14.0
69.910038528, -120.0, -167.0, -135.0
69.92930368, 62.0, -321.0, -176.0
69.948568832, 160.0, -418.0, -350.0
69.967834112, 39.0, -464.0, -459.0
69.987099264, -648.0, -367.0, -257.0
70.006364416, -1163.0, 89.0, 413.0
70.025629568, -236.0, -468.0, 476.0
70.044894848, 1065.0, -1579.0, -1373.0
70.06416, -988.0, -1872.0, -1558.0
70.083425152, -1561.0, -763.0, -779.0
70.102690356, -943.0, -1079.0, -1072.0
70.121953792, -595.0, -1264.0, -930.0
70.14121728, -517.0, -1154.0, -703.0
70.160480768, -468.0, -1073.0, -577.0
70.179744256, -403.0, -1076.0, -495.0
70.199007616, -325.0, -1211.0, -578.0
70.218271104, -303.0, -1305.0, -598.0
70.237534592, -314.0, -1259.0, -538.0
70.25679808, -211.0, -1335.0, -630.0
70.276061568, -228.0, -1330.0, -470.0
70.295325056, -166.0, -1297.0, -408.0
70.314588544, -167.0, -1298.0, -392.0
70.333851904, -185.0, -1442.0, -413.0
70.353115392, -138.0, -1446.0, -496.0
70.37237888, -145.0, -1375.0, -369.0
70.391642368, -73.0, -1402.0, -323.0
70.410905856, 15.0, -1423.0, -209.0
70.430169344, 130.0, -1447.0, -143.0
70.449432832, 174.0, -1493.0, -47.0
70.46869632, 272.0, -1459.0, -57.0
70.48795968, 213.0, -1359.0, -76.0
70.507223168, 136.0, -1398.0, -107.0
70.526486656, 267.0, -1567.0, -86.0
70.545750144, 440.0, -1542.0, -90.0
70.565013632, 584.0, -1508.0, -99.0
70.58427712, 662.0, -1763.0, 43.0
70.603540608, 515.0, -1525.0, -18.0
70.622803968, 554.0, -1494.0, -62.0
70.642067456, 454.0, -1440.0, -145.0
70.661330944, 455.0, -1397.0, -63.0
70.680594432, 370.0, -1254.0, -43.0
70.69985792, 383.0, -1118.0, 76.0
70.719121408, 305.0, -970.0, 70.0
70.738384896, 126.0, -810.0, 71.0
70.757648256, 345.0, -764.0, 95.0
70.776911744, 339.0, -764.0, 37.0
70.796175232, 345.0, -887.0, -2.0
70.81543872, 323.0, -871.0, 26.0
70.834702208, 304.0, -754.0, 48.0
70.853965696, 294.0, -733.0, 6.0
70.873229184, 275.0, -684.0, -13.0
70.892492544, 214.0, -621.0, 9.0
70.911756032, 125.0, -575.0, 3.0
70.93101952, 4.0, -559.0, -44.0
70.950283008, -76.0, -569.0, -117.0
70.969546496, -172.0, -597.0, -186.0
70.988809984, -248.0, -625.0, -253.0
71.008073472, -325.0, -627.0, -318.0
71.027336832, -397.0, -617.0, -376.0
71.04660032, -462.0, -684.0, -409.0
71.065863808, -524.0, -675.0, -442.0
71.085127296, -577.0, -680.0, -502.0
71.104390784, -635.0, -656.0, -544.0
71.123654272, -694.0, -624.0, -531.0
71.14291776, -758.0, -609.0, -534.0
71.162181248, -800.0, -590.0, -552.0
71.181444608, -864.0, -553.0, -552.0
71.200708096, -906.0, -504.0, -526.0
71.219971584, -926.0, -453.0, -529.0
71.239235072, -897.0, -390.0, -529.0
71.25849857, -883.0, -342.0, -526.0
71.277764224, -879.0, -249.0, -518.0
71.297029888, -860.0, -178.0, -514.0
71.316295424, -851.0, -57.0, -526.0
71.335561088, -853.0, 45.0, -506.0
71.354826752, -859.0, 111.0, -467.0
71.374092288, -843.0, 146.0, -440.0
71.393357952, -767.0, 198.0, -424.0
71.412623488, -690.0, 252.0, -408.0
71.431889152, -612.0, 299.0, -399.0
71.451154816, -582.0, 343.0, -365.0
71.470420352, -531.0, 383.0, -330.0
71.489686016, -470.0, 403.0, -293.0
71.50895168, -379.0, 422.0, -264.0
71.528217216, -305.0, 430.0, -240.0
71.54748288, -245.0, 429.0, -210.0
71.566748544, -196.0, 422.0, -177.0
71.58601408, -208.0, 385.0, -139.0
71.605279744, -194.0, 323.0, -90.0
71.62454528, -176.0, 276.0, -47.0
71.643810944, -129.0, 238.0, -25.0
71.663076608, -88.0, 189.0, -25.0
71.682342144, -74.0, 81.0, -52.0
71.701607808, -83.0, -42.0, -102.0
71.720873472, -68.0, -148.0, -204.0
71.740139008, -51.0, -243.0, -389.0
71.759404672, -266.0, -318.0, -197.0
71.778670336, -671.0, -180.0, 112.0
71.797935872, -823.0, -52.0, 120.0
71.817201536, 995.0, -1143.0, -658.0
71.8364672, -654.0, -1804.0, -1339.0
71.855732736, -878.0, -961.0, -530.0
71.8749984, -595.0, -1109.0, -1107.0
71.894263936, -301.0, -1147.0, -1046.0
71.9135296, -498.0, -1298.0, -689.0
71.932795264, -405.0, -1316.0, -474.0
71.9520608, -144.0, -1206.0, -429.0
71.971326464, -143.0, -1298.0, -445.0
71.990592128, -247.0, -1208.0, -429.0
72.009857664, -223.0, -1323.0, -527.0
72.029123328, -234.0, -1388.0, -506.0
72.048388992, -189.0, -1293.0, -448.0
72.067654528, -127.0, -1327.0, -492.0
72.086920192, -136.0, -1361.0, -426.0
72.106185728, -52.0, -1464.0, -500.0
72.125451392, -61.0, -1490.0, -442.0
72.144717056, -6.0, -1480.0, -292.0
72.163982592, 76.0, -1463.0, -297.0
72.183248256, 54.0, -1355.0, -205.0
72.20251392, 105.0, -1315.0, -50.0
72.221779456, 256.0, -1440.0, 118.0
72.24104512, 369.0, -1476.0, 127.0
72.260310784, 409.0, -1443.0, 42.0
72.27957632, 393.0, -1497.0, -30.0
72.298841924, 438.0, -1617.0, -99.0
72.31810752, 461.0, -1641.0, -183.0
72.337373056, 2136.0, -1253.0, 652.0
72.35663872, 367.0, -1765.0, -244.0
72.375904256, 575.0, -1596.0, -192.0
72.395169792, 284.0, -1379.0, -104.0
72.414435456, 553.0, -1471.0, -62.0
72.433700992, 438.0, -1326.0, 61.0
72.452966528, 576.0, -1166.0, 232.0
72.472232192, 399.0, -1072.0, 148.0
72.491497728, 531.0, -1151.0, 180.0
72.510763264, 435.0, -805.0, 173.0
72.530028928, 196.0, -772.0, 46.0
72.549294464, 377.0, -841.0, 4.0
72.56856, 328.0, -864.0, -52.0
72.587825664, 390.0, -775.0, -80.0
72.6070912, 302.0, -771.0, -11.0
72.626356736, 300.0, -723.0, 8.0
72.6456224, 269.0, -697.0, -38.0
72.664887936, 213.0, -674.0, -26.0
72.684153472, 157.0, -611.0, -46.0
72.703419008, 63.0, -547.0, -119.0
72.722684672, -72.0, -562.0, -174.0
72.741950208, -187.0, -593.0, -250.0
72.761215744, -323.0, -592.0, -311.0
72.780481408, -411.0, -595.0, -352.0
72.799746944, -481.0, -603.0, -388.0
72.81901248, -587.0, -604.0, -423.0
72.838278144, -681.0, -624.0, -476.0
72.85754368, -719.0, -596.0, -543.0
72.876809216, -740.0, -600.0, -596.0
72.89607488, -818.0, -594.0, -597.0
72.915340416, -905.0, -551.0, -577.0
72.934605952, -959.0, -515.0, -579.0
72.953871616, -947.0, -542.0, -580.0
72.973137152, -924.0, -591.0, -609.0
72.992402688, -991.0, -567.0, -638.0
73.011668352, -926.0, -404.0, -653.0
73.030933888, -871.0, -232.0, -633.0
73.050199424, -879.0, -102.0, -536.0
73.069465088, -852.0, -4.0, -493.0
73.088730624, -826.0, 51.0, -479.0
73.10799616, -772.0, 94.0, -469.0
73.127261824, -693.0, 168.0, -403.0
73.14652736, -557.0, 221.0, -394.0
73.165792896, -476.0, 287.0, -371.0
73.18505856, -389.0, 348.0, -341.0
73.204324096, -319.0, 377.0, -312.0
73.223589632, -257.0, 419.0, -292.0
73.242855296, -195.0, 455.0, -282.0
73.262120832, -157.0, 484.0, -250.0
73.281386368, -123.0, 522.0, -184.0
73.300652032, -127.0, 524.0, -138.0
73.319917568, -103.0, 535.0, -103.0
73.339183104, -63.0, 514.0, -71.0
73.358448768, -26.0, 481.0, -50.0
73.377714264, 1.0, 413.0, -43.0
73.396979968, -72.0, 333.0, -2.0
73.416245632, -114.0, 190.0, 16.0
73.435511424, -89.0, 21.0, -50.0
73.454777088, -45.0, -212.0, -174.0
73.474042752, -80.0, -462.0, -338.0
73.493308544, -406.0, -601.0, -134.0
73.512574208, -919.0, -239.0, 198.0
73.531839872, -849.0, 82.0, 189.0
73.551105664, 609.0, -904.0, -539.0
73.570371328, -347.0, -1750.0, -1631.0
73.589636992, -997.0, -1373.0, -972.0
73.608902784, -799.0, -783.0, -967.0
73.628168448, -398.0, -1080.0, -895.0
73.647434112, -559.0, -1194.0, -697.0
73.666699904, -609.0, -1164.0, -708.0
73.685965568, -642.0, -932.0, -613.0
73.70523136, -315.0, -1077.0, -633.0
73.724497024, -320.0, -1265.0, -622.0
73.743762688, -253.0, -1235.0, -551.0
73.76302848, -158.0, -1234.0, -563.0
73.782294144, -147.0, -1254.0, -479.0
73.801559808, -77.0, -1195.0, -345.0
73.8208256, -17.0, -1254.0, -438.0
73.840091264, -69.0, -1360.0, -460.0
73.859356928, -53.0, -1433.0, -460.0
73.87862272, -67.0, -1357.0, -334.0
73.897888384, -14.0, -1398.0, -355.0
73.917154048, 6.0, -1372.0, -331.0
73.93641984, 13.0, -1302.0, -281.0
73.955685504, 95.0, -1329.0, -144.0
73.974951168, 299.0, -1447.0, -67.0
73.99421696, 415.0, -1565.0, -162.0
74.013482624, 349.0, -1424.0, -152.0
74.032748288, 312.0, -1436.0, -58.0
74.05201408, 440.0, -1643.0, -43.0
74.071279744, 638.0, -1705.0, -104.0
74.090545408, 585.0, -1742.0, -164.0
74.1098112, 623.0, -1571.0, -46.0
74.129076864, 520.0, -1444.0, -92.0
74.148342528, 732.0, -1443.0, -65.0
74.16760832, 433.0, -1284.0, -66.0
74.186873984, 368.0, -1324.0, -131.0
74.206139776, 246.0, -1122.0, 38.0
74.22540544, 565.0, -1180.0, 85.0
74.244671104, 219.0, -823.0, -23.0
74.263936896, 230.0, -575.0, 53.0
74.28320256, 532.0, -854.0, -62.0
74.302468224, 474.0, -662.0, -159.0
74.321734016, 337.0, -862.0, 8.0
74.340999678, 349.0, -808.0, 23.0
74.360264704, 324.0, -654.0, 9.0
74.379529728, 278.0, -618.0, 12.0
74.398794752, 209.0, -636.0, -29.0
74.418059776, 143.0, -591.0, -38.0
74.4373248, 55.0, -573.0, -104.0
74.456589824, -31.0, -581.0, -124.0
74.475854848, -93.0, -621.0, -172.0
74.495119744, -155.0, -667.0, -252.0
74.514384768, -216.0, -685.0, -345.0
74.533649792, -285.0, -704.0, -376.0
74.552914816, -365.0, -713.0, -412.0
74.57217984, -408.0, -661.0, -440.0
74.591444864, -476.0, -624.0, -456.0
74.610709888, -532.0, -618.0, -455.0
74.629974912, -598.0, -650.0, -425.0
74.649239936, -732.0, -660.0, -445.0
74.66850496, -819.0, -664.0, -494.0
74.687769984, -843.0, -606.0, -547.0
74.707035008, -877.0, -524.0, -563.0
74.726299904, -897.0, -455.0, -586.0
74.745564928, -937.0, -402.0, -592.0
74.764829952, -951.0, -351.0, -582.0
74.784094976, -949.0, -317.0, -562.0
74.80336, -925.0, -276.0, -550.0
74.822625024, -891.0, -187.0, -536.0
74.841890048, -904.0, -96.0, -519.0
74.861155072, -898.0, -13.0, -496.0
74.880420096, -870.0, 68.0, -482.0
74.89968512, -848.0, 160.0, -455.0
74.918950144, -805.0, 227.0, -437.0
74.938215168, -757.0, 261.0, -408.0
74.957480064, -690.0, 309.0, -359.0
74.976745088, -597.0, 357.0, -325.0
74.996010112, -528.0, 362.0, -297.0
75.015275136, -455.0, 394.0, -261.0
75.03454016, -351.0, 413.0, -224.0
75.053805184, -282.0, 423.0, -196.0
75.073070208, -208.0, 434.0, -165.0
75.092335232, -149.0, 442.0, -123.0
75.111600256, -112.0, 462.0, -93.0
75.13086528, -75.0, 433.0, -50.0
75.150130304, -70.0, 342.0, -36.0
75.169395328, -101.0, 233.0, -41.0
75.188660224, -174.0, 156.0, -46.0
75.207925248, -160.0, 74.0, -48.0
75.227190272, -14.0, -25.0, -84.0
75.246455296, 230.0, -255.0, -231.0
75.26572032, 386.0, -499.0, -230.0
75.284985344, -247.0, -709.0, -76.0
75.304250368, -1135.0, -212.0, 207.0
75.323515392, -459.0, -263.0, 220.0
75.342780416, 325.0, -1387.0, -1163.0
75.36204544, -647.0, -1979.0, -1250.0
75.381310464, -859.0, -949.0, -919.0
75.400575488, -610.0, -1056.0, -1135.0
75.419840384, -489.0, -1150.0, -757.0
75.439105408, -474.0, -1215.0, -647.0
75.458370462, -555.0, -1144.0, -584.0
75.477635456, -438.0, -1110.0, -635.0
75.49690048, -449.0, -1326.0, -757.0
75.516165504, -403.0, -1347.0, -579.0
75.535430656, -128.0, -1415.0, -543.0
75.55469568, -180.0, -1353.0, -548.0
75.573960704, -90.0, -1224.0, -434.0
75.593225728, -70.0, -1292.0, -445.0
75.612490752, -104.0, -1363.0, -446.0
75.631755776, -128.0, -1341.0, -328.0
75.651020928, -38.0, -1344.0, -336.0
75.670285952, 20.0, -1311.0, -312.0
75.689550976, -44.0, -1269.0, -277.0
75.708816, -33.0, -1361.0, -206.0
75.728081024, 63.0, -1360.0, -95.0
75.747346176, 190.0, -1442.0, -27.0
75.7666112, 333.0, -1527.0, 4.0
75.785876224, 321.0, -1481.0, -63.0
75.805141248, 326.0, -1474.0, -90.0
75.824406272, 524.0, -1601.0, -86.0
75.843671296, 664.0, -1681.0, -39.0
75.862936448, 606.0, -1828.0, 4.0
75.882201472, 756.0, -1789.0, -29.0
75.901466496, 616.0, -1391.0, -51.0
75.92073152, 598.0, -1338.0, -78.0
75.939996544, 546.0, -1432.0, -92.0
75.959261568, 230.0, -1266.0, -164.0
75.97852672, 257.0, -1110.0, -30.0
75.997791744, 458.0, -1133.0, 85.0
76.017056768, 200.0, -874.0, 64.0
76.036321792, 277.0, -825.0, 150.0
76.055586816, 340.0, -827.0, 37.0
76.074851968, 409.0, -929.0, 38.0
76.094116992, 416.0, -748.0, -16.0
76.113382016, 442.0, -763.0, 72.0
76.13264704, 307.0, -646.0, 76.0
76.151912064, 275.0, -608.0, 58.0
76.171177088, 223.0, -557.0, 25.0
76.19044224, 141.0, -519.0, 10.0
76.209707264, 26.0, -512.0, -30.0
76.228972288, -67.0, -520.0, -82.0
76.248237312, -139.0, -562.0, -131.0
76.267502336, -208.0, -596.0, -199.0
76.286767488, -275.0, -613.0, -272.0
76.306032512, -380.0, -658.0, -336.0
76.325297536, -491.0, -718.0, -439.0
76.34456256, -567.0, -739.0, -536.0
76.363827584, -686.0, -716.0, -574.0
76.383092608, -769.0, -733.0, -581.0
76.40235776, -832.0, -736.0, -557.0
76.421622784, -842.0, -726.0, -545.0
76.440887808, -839.0, -721.0, -544.0
76.460152832, -827.0, -670.0, -526.0
76.479417856, -848.0, -615.0, -512.0
76.498683008, -845.0, -532.0, -510.0
76.517948032, -852.0, -439.0, -516.0
76.537213056, -862.0, -378.0, -511.0
76.55647808, -836.0, -286.0, -530.0
76.575743104, -846.0, -207.0, -521.0
76.595008128, -836.0, -134.0, -507.0
76.61427328, -846.0, -28.0, -506.0
76.633538816, -861.0, 67.0, -481.0
76.652804352, -853.0, 126.0, -486.0
76.672070016, -851.0, 190.0, -471.0
76.691335552, -791.0, 239.0, -434.0
76.710601088, -716.0, 290.0, -366.0
76.729866752, -595.0, 318.0, -328.0
76.749132288, -525.0, 322.0, -328.0
76.768397824, -409.0, 353.0, -271.0
76.787663488, -336.0, 381.0, -245.0
76.806929024, -238.0, 388.0, -232.0
76.826194688, -160.0, 414.0, -213.0
76.845460224, -139.0, 436.0, -178.0
76.86472576, -151.0, 435.0, -136.0
76.883991424, -130.0, 407.0, -89.0
76.90325696, -126.0, 337.0, -58.0
76.922522496, -126.0, 242.0, -79.0
76.94178816, -172.0, 132.0, -98.0
76.961053696, -150.0, 28.0, -91.0
76.980319232, -74.0, -99.0, -96.0
76.999584896, 11.0, -233.0, -244.0
77.018850432, -122.0, -337.0, -460.0
77.038115968, -259.0, -425.0, -218.0
77.057381632, -691.0, -89.0, -48.0
77.076647168, -555.0, -25.0, 379.0
77.095912832, 688.0, -1058.0, -340.0
77.115178368, -242.0, -1842.0, -1225.0
77.134443904, -825.0, -1368.0, -1048.0
77.153709568, -812.0, -1049.0, -1126.0
77.172975104, -270.0, -1373.0, -1063.0
77.19224064, -416.0, -1378.0, -673.0
77.211506304, -413.0, -1112.0, -471.0
77.23077184, -304.0, -1123.0, -421.0
77.250037376, -347.0, -1306.0, -586.0
77.26930304, -411.0, -1320.0, -673.0
77.288568576, -437.0, -1180.0, -615.0
77.307834112, -336.0, -1222.0, -390.0
77.327099776, 45.0, -1276.0, -369.0
77.346365312, 36.0, -1291.0, -434.0
77.365630976, -106.0, -1307.0, -470.0
77.384896512, -137.0, -1369.0, -394.0
77.404162048, -117.0, -1422.0, -365.0
77.423427712, -73.0, -1393.0, -303.0
77.442693248, -64.0, -1416.0, -346.0
77.461958784, -41.0, -1382.0, -328.0
77.481224448, 88.0, -1286.0, -152.0
77.500489984, 202.0, -1394.0, -48.0
77.51975552, 265.0, -1543.0, -64.0
77.539021184, 251.0, -1442.0, -37.0
77.55828672, 195.0, -1428.0, 96.0
77.577552256, 415.0, -1588.0, 11.0
77.59681792, 676.0, -1657.0, -28.0
77.616083456, 657.0, -1728.0, 25.0
77.635349107, 602.0, -1647.0, -51.0
77.654614656, 508.0, -1501.0, -140.0
77.673880192, 517.0, -1427.0, -195.0
77.693145728, 469.0, -1351.0, -118.0
77.712411264, 321.0, -1320.0, -117.0
77.7316768, 305.0, -1176.0, -53.0
77.750942208, 498.0, -1144.0, 54.0
77.770207744, 251.0, -1125.0, 88.0
77.78947328, 270.0, -869.0, 142.0
77.808738816, 344.0, -900.0, 87.0
77.828004352, 505.0, -797.0, -21.0
77.847269888, 385.0, -816.0, -33.0
77.866535424, 381.0, -798.0, 39.0
77.88580096, 336.0, -669.0, 60.0
77.905066496, 340.0, -689.0, 62.0
77.924331904, 290.0, -659.0, 17.0
77.94359744, 252.0, -592.0, 13.0
77.962862976, 124.0, -591.0, -64.0
77.982128512, -1.0, -577.0, -106.0
78.001394048, -52.0, -583.0, -134.0
78.020659584, -125.0, -597.0, -202.0
78.03992512, -191.0, -647.0, -260.0
78.059190656, -235.0, -672.0, -317.0
78.078456192, -309.0, -677.0, -383.0
78.0977216, -377.0, -684.0, -423.0
78.116987136, -453.0, -667.0, -473.0
78.136252672, -523.0, -649.0, -496.0
78.155518208, -639.0, -657.0, -522.0
78.174783744, -733.0, -677.0, -559.0
78.19404928, -783.0, -652.0, -605.0
78.213314816, -765.0, -660.0, -633.0
78.232580352, -812.0, -647.0, -618.0
78.251845888, -841.0, -602.0, -609.0
78.271111424, -869.0, -557.0, -576.0
78.290376832, -845.0, -501.0, -577.0
78.309642368, -803.0, -382.0, -559.0
78.328907904, -807.0, -300.0, -540.0
78.34817344, -834.0, -231.0, -547.0
78.367438976, -847.0, -161.0, -540.0
78.386704512, -850.0, -70.0, -519.0
78.405970048, -867.0, 1.0, -501.0
78.425235584, -895.0, 81.0, -487.0
78.44450112, -868.0, 169.0, -448.0
78.463766528, -838.0, 220.0, -435.0
78.483032064, -803.0, 270.0, -420.0
78.5022976, -726.0, 328.0, -371.0
78.521563136, -627.0, 355.0, -326.0
78.540828672, -516.0, 366.0, -311.0
78.560094208, -445.0, 371.0, -299.0
78.579359744, -370.0, 402.0, -264.0
78.59862528, -290.0, 433.0, -247.0
78.617890816, -228.0, 461.0, -234.0
78.637156224, -199.0, 463.0, -201.0
78.65642176, -159.0, 478.0, -166.0
78.675687296, -164.0, 440.0, -117.0
78.694952832, -140.0, 374.0, -76.0
78.714218368, -134.0, 295.0, -72.0
78.733483904, -145.0, 190.0, -111.0
78.75274944, -149.0, 112.0, -151.0
78.772014906, -88.0, -7.0, -159.0
78.791281152, -38.0, -214.0, -285.0
78.810547456, -97.0, -326.0, -360.0
78.82981376, -361.0, -440.0, -170.0
78.849080064, -1069.0, -64.0, 156.0
78.868346368, -355.0, -231.0, 378.0
78.887612672, 418.0, -975.0, -1282.0
78.906878976, -604.0, -1455.0, -1611.0
78.92614528, -956.0, -808.0, -769.0
78.945411584, -470.0, -935.0, -893.0
78.96467776, -167.0, -889.0, -469.0
78.983944064, -153.0, -1110.0, -419.0
79.003210368, -415.0, -1040.0, -535.0
79.022476672, -660.0, -946.0, -562.0
79.041742976, -626.0, -1229.0, -744.0
79.06100928, -483.0, -1218.0, -548.0
79.080275584, -285.0, -1199.0, -466.0
79.099541888, -120.0, -1195.0, -425.0
79.118808192, -71.0, -1274.0, -464.0
79.138074496, -127.0, -1323.0, -412.0
79.1573408, -128.0, -1249.0, -305.0
79.176607104, -171.0, -1300.0, -274.0
79.195873408, -106.0, -1390.0, -270.0
79.215139712, -83.0, -1467.0, -315.0
79.234406016, -120.0, -1363.0, -357.0
79.25367232, -118.0, -1355.0, -333.0
79.272938496, -145.0, -1493.0, -114.0
79.2922048, 133.0, -1459.0, -11.0
79.311471104, 403.0, -1508.0, -56.0
79.330737408, 478.0, -1514.0, -47.0
79.350003712, 380.0, -1393.0, -82.0
79.369270016, 300.0, -1417.0, -121.0
79.38853632, 415.0, -1638.0, -77.0
79.407802624, 879.0, -1742.0, -61.0
79.427068928, 542.0, -1794.0, -129.0
79.446335232, 644.0, -1791.0, -141.0
79.465601536, 286.0, -1653.0, -116.0
79.48486784, 563.0, -1472.0, 26.0
79.504134144, 391.0, -1384.0, -78.0
79.523400448, 545.0, -1330.0, 1.0
79.542666752, 632.0, -1153.0, 100.0
79.561933056, 583.0, -1157.0, 149.0
79.581199232, 476.0, -1071.0, 137.0
79.600465536, 307.0, -815.0, 118.0
79.61973184, 551.0, -800.0, 131.0
79.638998144, 218.0, -646.0, -20.0
79.658264448, 452.0, -699.0, -79.0
79.677530752, 521.0, -699.0, 45.0
79.696797056, 443.0, -716.0, 30.0
79.71606336, 370.0, -597.0, 53.0
79.735329664, 288.0, -532.0, 56.0
79.754595968, 207.0, -508.0, 31.0
79.773862272, 61.0, -470.0, -59.0
79.793128576, -54.0, -477.0, -119.0
79.812394892, -126.0, -525.0, -203.0
79.831658752, -226.0, -540.0, -308.0
79.850922624, -346.0, -585.0, -357.0
79.870186496, -405.0, -643.0, -430.0
79.889450368, -463.0, -678.0, -503.0
79.90871424, -546.0, -663.0, -532.0
79.927978112, -660.0, -650.0, -540.0
79.947242112, -691.0, -654.0, -601.0
79.966505984, -745.0, -671.0, -594.0
79.985769856, -825.0, -666.0, -591.0
80.005033728, -827.0, -625.0, -592.0
80.0242976, -821.0, -573.0, -591.0
80.043561472, -849.0, -507.0, -572.0
80.062825344, -857.0, -467.0, -574.0
80.082089216, -863.0, -404.0, -551.0
80.101353088, -841.0, -330.0, -556.0
80.12061696, -807.0, -222.0, -554.0
80.139880832, -843.0, -135.0, -535.0
80.159144704, -841.0, -51.0, -510.0
80.178408704, -843.0, 67.0, -497.0
80.197672576, -862.0, 148.0, -482.0
80.216936448, -846.0, 205.0, -481.0
80.23620032, -814.0, 245.0, -466.0
80.255464192, -766.0, 280.0, -469.0
80.274728064, -708.0, 331.0, -440.0
80.293991936, -628.0, 373.0, -421.0
80.313255808, -573.0, 386.0, -418.0
80.33251968, -527.0, 463.0, -355.0
80.351783552, -424.0, 499.0, -285.0
80.371047424, -330.0, 499.0, -270.0
80.390311296, -243.0, 489.0, -243.0
80.409575296, -165.0, 492.0, -224.0
80.428839168, -108.0, 516.0, -172.0
80.44810304, -90.0, 524.0, -110.0
80.467366912, -68.0, 502.0, -33.0
80.486630784, -73.0, 432.0, 22.0
80.505894656, -88.0, 355.0, 32.0
80.525158528, -127.0, 221.0, 33.0
80.5444224, -141.0, 73.0, -1.0
80.563686272, -20.0, -53.0, -36.0
80.582950144, 272.0, -280.0, -184.0
80.602214016, 352.0, -468.0, -303.0
80.621477888, -136.0, -636.0, -369.0
80.640741888, -1323.0, -68.0, -101.0
80.66000576, -1624.0, 368.0, 587.0
80.679269632, 494.0, -807.0, -58.0
80.698533504, 699.0, -1800.0, -1602.0
80.717797376, -1044.0, -1264.0, -1057.0
80.737061248, -1234.0, -1010.0, -877.0
80.75632512, -681.0, -1137.0, -964.0
80.775588992, -478.0, -1279.0, -785.0
80.794852864, -504.0, -1149.0, -605.0
80.814116736, -525.0, -1028.0, -486.0
80.833380677, -531.0, -1205.0, -437.0
80.852646528, -396.0, -1266.0, -572.0
80.87191232, -392.0, -1321.0, -646.0
80.89117824, -384.0, -1266.0, -642.0
80.910444032, -267.0, -1222.0, -469.0
80.929709952, -79.0, -1217.0, -406.0
80.948975744, -72.0, -1255.0, -436.0
80.968241664, -69.0, -1299.0, -321.0
80.987507456, -12.0, -1394.0, -388.0
81.006773376, 27.0, -1488.0, -515.0
81.026039168, -50.0, -1530.0, -364.0
81.045305088, 33.0, -1454.0, -219.0
81.06457088, 81.0, -1575.0, -257.0
81.083836672, 123.0, -1460.0, -198.0
81.103102592, 202.0, -1473.0, -88.0
81.122368384, 299.0, -1624.0, -97.0
81.141634304, 271.0, -1515.0, -154.0
81.160900096, 181.0, -1447.0, -139.0
81.180166016, 254.0, -1519.0, 8.0
81.199431808, 405.0, -1577.0, -29.0
81.218697728, 931.0, -1410.0, -196.0
81.23796352, 776.0, -1606.0, -58.0
81.25722944, 660.0, -1768.0, -96.0
81.276495232, 372.0, -1200.0, -112.0
81.295761024, 744.0, -1359.0, -118.0
81.315026944, 247.0, -1211.0, -256.0
81.334292736, 420.0, -1081.0, 59.0
81.353558656, 413.0, -1132.0, 43.0
81.372824448, 403.0, -951.0, 13.0
81.392090368, 154.0, -837.0, 46.0
81.41135616, 207.0, -725.0, -21.0
81.43062208, 294.0, -810.0, 129.0
81.449887872, 315.0, -744.0, -91.0
81.469153664, 340.0, -695.0, -1.0
81.488419584, 289.0, -580.0, 7.0
81.507685376, 259.0, -532.0, 1.0
81.526951296, 182.0, -544.0, -20.0
81.546217088, 135.0, -540.0, 2.0
81.565483008, 47.0, -496.0, -11.0
81.5847488, -93.0, -489.0, -130.0
81.60401472, -183.0, -543.0, -189.0
81.623280512, -278.0, -569.0, -235.0
81.642546432, -355.0, -598.0, -312.0
81.661812224, -436.0, -617.0, -374.0
81.681078016, -526.0, -619.0, -438.0
81.700343936, -628.0, -618.0, -496.0
81.719609728, -730.0, -655.0, -534.0
81.738875648, -828.0, -684.0, -566.0
81.75814144, -894.0, -677.0, -592.0
81.77740736, -926.0, -648.0, -604.0
81.796673152, -925.0, -636.0, -593.0
81.815939072, -900.0, -618.0, -607.0
81.835204864, -867.0, -555.0, -595.0
81.854470784, -892.0, -451.0, -576.0
81.873736576, -908.0, -388.0, -553.0
81.893002368, -850.0, -333.0, -554.0
81.912268277, -848.0, -242.0, -527.0
81.931533056, -839.0, -138.0, -519.0
81.950797824, -851.0, -15.0, -490.0
81.970062592, -860.0, 91.0, -476.0
81.98932736, -850.0, 147.0, -459.0
82.008592256, -811.0, 202.0, -442.0
82.027857024, -755.0, 262.0, -425.0
82.047121792, -690.0, 288.0, -395.0
82.06638656, -587.0, 326.0, -367.0
82.085651328, -504.0, 346.0, -338.0
82.104916096, -431.0, 375.0, -299.0
82.124180864, -354.0, 409.0, -258.0
82.14344576, -257.0, 435.0, -232.0
82.162710528, -190.0, 451.0, -204.0
82.181975296, -123.0, 468.0, -179.0
82.201240064, -104.0, 480.0, -142.0
82.220504832, -84.0, 475.0, -89.0
82.2397696, -81.0, 440.0, -57.0
82.259034368, -84.0, 375.0, -51.0
82.278299264, -123.0, 265.0, -47.0
82.297564032, -160.0, 126.0, -32.0
82.3168288, -203.0, 40.0, -16.0
82.336093568, -171.0, 12.0, -74.0
82.355358336, -8.0, -125.0, -214.0
82.374623104, 65.0, -358.0, -358.0
82.393887872, -227.0, -534.0, -129.0
82.41315264, -1084.0, -128.0, 76.0
82.432417536, -963.0, 50.0, 175.0
82.451682304, 1124.0, -1393.0, -1123.0
82.470947072, -677.0, -2072.0, -1313.0
82.49021184, -905.0, -1012.0, -702.0
82.509476608, -351.0, -1145.0, -987.0
82.528741376, -493.0, -1310.0, -986.0
82.548006144, -731.0, -1222.0, -631.0
82.56727104, -630.0, -1246.0, -573.0
82.586535808, -553.0, -1185.0, -616.0
82.605800576, -495.0, -1215.0, -608.0
82.625065344, -417.0, -1186.0, -505.0
82.644330112, -296.0, -1207.0, -469.0
82.66359488, -230.0, -1241.0, -513.0
82.682859648, -187.0, -1231.0, -490.0
82.702124544, -166.0, -1293.0, -452.0
82.721389312, -85.0, -1383.0, -386.0
82.74065408, 1.0, -1435.0, -338.0
82.759918848, 10.0, -1488.0, -363.0
82.779183616, 8.0, -1504.0, -358.0
82.798448427, -10.0, -1420.0, -404.0
82.817711872, -30.0, -1285.0, -305.0
82.83697536, 123.0, -1218.0, -121.0
82.85623872, 211.0, -1355.0, -116.0
82.875502208, 278.0, -1444.0, -107.0
82.894765568, 214.0, -1391.0, -28.0
82.914029056, 163.0, -1451.0, 78.0
82.933292544, 459.0, -1616.0, -28.0
82.952555904, 701.0, -1561.0, -71.0
82.971819392, 636.0, -1651.0, -77.0
82.991082752, 783.0, -1710.0, -17.0
83.01034624, 539.0, -1398.0, -93.0
83.029609728, 600.0, -1362.0, -29.0
83.048873088, 338.0, -1456.0, -218.0
83.068136576, 305.0, -1304.0, -84.0
83.087399936, 260.0, -1153.0, -44.0
83.106663424, 529.0, -1158.0, 78.0
83.125926912, 225.0, -897.0, 40.0
83.145190272, 216.0, -789.0, 148.0
83.16445376, 419.0, -970.0, 138.0
83.18371712, 462.0, -881.0, 4.0
83.202980608, 401.0, -835.0, -51.0
83.222244096, 335.0, -761.0, 56.0
83.241507456, 331.0, -700.0, 64.0
83.260770944, 312.0, -678.0, 50.0
83.280034304, 254.0, -611.0, -1.0
83.299297792, 219.0, -576.0, 35.0
83.31856128, 136.0, -545.0, 6.0
83.33782464, 48.0, -564.0, -65.0
83.357088128, -29.0, -586.0, -98.0
83.376351488, -143.0, -612.0, -138.0
83.395614976, -238.0, -627.0, -174.0
83.414878464, -318.0, -631.0, -249.0
83.434141824, -400.0, -620.0, -343.0
83.453405312, -536.0, -653.0, -430.0
83.472668672, -669.0, -680.0, -462.0
83.49193216, -741.0, -695.0, -502.0
83.511195648, -782.0, -657.0, -528.0
83.530459008, -788.0, -678.0, -593.0
83.549722496, -776.0, -682.0, -601.0
83.568985856, -812.0, -649.0, -560.0
83.588249344, -819.0, -587.0, -537.0
83.607512832, -850.0, -555.0, -526.0
83.626776192, -900.0, -525.0, -524.0
83.64603968, -923.0, -468.0, -520.0
83.665303168, -911.0, -390.0, -509.0
83.684566528, -883.0, -285.0, -509.0
83.703830016, -884.0, -196.0, -500.0
83.723093376, -904.0, -91.0, -479.0
83.742356864, -899.0, -6.0, -468.0
83.761620352, -848.0, 70.0, -455.0
83.780883712, -806.0, 139.0, -437.0
83.8001472, -789.0, 177.0, -420.0
83.81941056, -748.0, 235.0, -420.0
83.838674048, -672.0, 305.0, -400.0
83.857937536, -623.0, 354.0, -378.0
83.877200896, -579.0, 388.0, -345.0
83.896464384, -514.0, 416.0, -335.0
83.915727744, -433.0, 446.0, -298.0
83.934991232, -354.0, 466.0, -271.0
83.95425472, -281.0, 477.0, -240.0
83.97351809, -208.0, 500.0, -203.0
83.992780672, -180.0, 507.0, -141.0
84.012043264, -127.0, 498.0, -68.0
84.031305856, -90.0, 460.0, -29.0
84.050568576, -64.0, 396.0, -14.0
84.069831168, -103.0, 331.0, 17.0
84.08909376, -142.0, 224.0, 54.0
84.108356352, -153.0, 56.0, 34.0
84.127619072, -177.0, -64.0, -10.0
84.146881664, -103.0, -194.0, -110.0
84.166144256, -16.0, -365.0, -320.0
84.185406848, -114.0, -454.0, -326.0
84.204669568, -904.0, -207.0, -252.0
84.22393216, -1287.0, 133.0, -169.0
84.243194752, 283.0, -939.0, -427.0
84.262457344, -89.0, -1469.0, -1280.0
84.281720064, -647.0, -1081.0, -540.0
84.300982656, -587.0, -712.0, -700.0
84.320245248, -225.0, -1032.0, -762.0
84.33950784, -323.0, -1246.0, -687.0
84.35877056, -514.0, -1254.0, -580.0
84.378033152, -511.0, -1240.0, -593.0
84.397295744, -437.0, -1341.0, -583.0
84.416558336, -301.0, -1347.0, -462.0
84.435820928, -227.0, -1404.0, -387.0
84.455083648, -212.0, -1407.0, -454.0
84.47434624, -248.0, -1368.0, -543.0
84.493608832, -286.0, -1307.0, -466.0
84.512871424, -142.0, -1360.0, -341.0
84.532134144, -129.0, -1535.0, -395.0
84.551396736, -119.0, -1597.0, -460.0
84.570659328, -139.0, -1486.0, -383.0
84.58992192, -119.0, -1578.0, -352.0
84.60918464, -105.0, -1528.0, -338.0
84.628447232, -1.0, -1437.0, -186.0
84.647709824, 97.0, -1380.0, -60.0
84.666972416, 215.0, -1385.0, -41.0
84.686235136, 263.0, -1398.0, -42.0
84.705497728, 121.0, -1352.0, 15.0
84.72476032, 199.0, -1475.0, 127.0
84.744022912, 645.0, -1698.0, 83.0
84.763285632, 1056.0, -1832.0, -11.0
84.782548224, 848.0, -1840.0, 0.0
84.801810816, 667.0, -1600.0, 3.0
84.821073408, 531.0, -1427.0, -135.0
84.840336, 516.0, -1467.0, -150.0
84.85959872, 199.0, -1364.0, -197.0
84.878861312, 76.0, -1012.0, -57.0
84.898123904, 330.0, -1198.0, 79.0
84.917386496, 160.0, -937.0, 43.0
84.936649216, 271.0, -883.0, 133.0
84.955911808, 331.0, -687.0, 59.0
84.9751744, 429.0, -753.0, 13.0
84.994436992, 319.0, -760.0, -18.0
85.0136997, 336.0, -834.0, 137.0
85.032962944, 397.0, -714.0, 49.0
85.052226176, 333.0, -664.0, 48.0
85.071489536, 277.0, -592.0, 21.0
85.090752768, 245.0, -573.0, -18.0
85.110016, 115.0, -580.0, -56.0
85.12927936, -24.0, -631.0, -122.0
85.148542592, -66.0, -638.0, -174.0
85.167805824, -115.0, -662.0, -232.0
85.187069184, -181.0, -698.0, -300.0
85.206332416, -250.0, -695.0, -344.0
85.225595776, -323.0, -680.0, -351.0
85.244859008, -419.0, -692.0, -358.0
85.26412224, -494.0, -698.0, -414.0
85.2833856, -556.0, -707.0, -448.0
85.302648832, -635.0, -702.0, -479.0
85.321912064, -705.0, -687.0, -485.0
85.341175424, -752.0, -651.0, -491.0
85.360438656, -807.0, -628.0, -483.0
85.379701888, -811.0, -586.0, -524.0
85.398965248, -888.0, -553.0, -546.0
85.41822848, -952.0, -502.0, -605.0
85.437491712, -946.0, -430.0, -637.0
85.456755072, -913.0, -339.0, -626.0
85.476018304, -915.0, -261.0, -601.0
85.495281536, -961.0, -190.0, -544.0
85.514544896, -983.0, -105.0, -521.0
85.533808128, -986.0, -26.0, -503.0
85.553071488, -949.0, 67.0, -468.0
85.57233472, -911.0, 124.0, -425.0
85.591597952, -846.0, 191.0, -400.0
85.610861312, -774.0, 241.0, -390.0
85.630124544, -708.0, 294.0, -316.0
85.649387776, -588.0, 359.0, -249.0
85.668651136, -505.0, 387.0, -236.0
85.687914368, -430.0, 405.0, -222.0
85.7071776, -350.0, 423.0, -193.0
85.72644096, -259.0, 423.0, -173.0
85.745704192, -188.0, 465.0, -142.0
85.764967424, -136.0, 495.0, -106.0
85.784230784, -107.0, 509.0, -70.0
85.803494016, -73.0, 507.0, -24.0
85.822757376, -44.0, 480.0, 49.0
85.842020608, 11.0, 394.0, 76.0
85.86128384, -15.0, 209.0, 8.0
85.8805472, -91.0, 69.0, -67.0
85.899810432, -152.0, -49.0, -157.0
85.919073664, -142.0, -145.0, -254.0
85.938337024, -157.0, -347.0, -259.0
85.957600256, -66.0, -510.0, -227.0
85.976863488, -305.0, -447.0, -235.0
85.996126848, -945.0, 84.0, 320.0
86.01539008, -423.0, -166.0, 493.0
86.034653312, 1200.0, -1705.0, -616.0
86.053916672, -539.0, -1797.0, -1619.0
86.073179904, -1336.0, -799.0, -728.0
86.092443136, -967.0, -1233.0, -960.0
86.111706496, -719.0, -1413.0, -1103.0
86.130969782, -726.0, -1331.0, -837.0
86.150233728, -661.0, -1190.0, -651.0
86.169497728, -510.0, -1161.0, -512.0
86.188761728, -268.0, -1289.0, -491.0
86.208025728, -276.0, -1366.0, -469.0
86.227289728, -271.0, -1206.0, -402.0
86.246553856, -319.0, -1277.0, -496.0
86.265817856, -303.0, -1258.0, -536.0
86.285081856, -354.0, -1161.0, -400.0
86.304345856, -108.0, -1316.0, -368.0
86.323609856, 38.0, -1472.0, -276.0
86.342873856, 44.0, -1527.0, -298.0
86.362137856, 14.0, -1527.0, -372.0
86.381401856, -56.0, -1461.0, -284.0
86.400665856, -109.0, -1505.0, -196.0
86.419929984, 21.0, -1491.0, -113.0
86.439193984, 98.0, -1420.0, -22.0
86.458457984, 279.0, -1494.0, 1.0
86.477721984, 381.0, -1534.0, -105.0
86.496985984, 306.0, -1496.0, -183.0
86.516249984, 269.0, -1541.0, -122.0
86.535513984, 344.0, -1671.0, -127.0
86.554777984, 684.0, -1627.0, 22.0
86.574041984, 783.0, -1705.0, -77.0
86.593306112, 878.0, -1803.0, -45.0
86.612570112, 412.0, -1440.0, -67.0
86.631834112, 667.0, -1295.0, 116.0
86.651098112, 247.0, -1303.0, -179.0
86.670362112, 225.0, -1253.0, 53.0
86.689626112, 549.0, -1026.0, -51.0
86.708890112, 508.0, -986.0, 71.0
86.728154112, 221.0, -940.0, 78.0
86.747418112, 140.0, -611.0, 59.0
86.766682112, 379.0, -941.0, 190.0
86.78594624, 374.0, -677.0, -90.0
86.80521024, 474.0, -738.0, 74.0
86.82447424, 311.0, -658.0, 86.0
86.84373824, 311.0, -540.0, 85.0
86.86300224, 270.0, -533.0, 55.0
86.88226624, 202.0, -523.0, 8.0
86.90153024, 163.0, -498.0, -13.0
86.92079424, 38.0, -518.0, -89.0
86.94005824, -74.0, -535.0, -127.0
86.959322368, -107.0, -590.0, -155.0
86.978586368, -157.0, -653.0, -251.0
86.997850368, -227.0, -657.0, -308.0
87.017114368, -340.0, -665.0, -367.0
87.036378368, -430.0, -640.0, -420.0
87.055642368, -521.0, -625.0, -447.0
87.074906368, -622.0, -632.0, -488.0
87.094170368, -717.0, -639.0, -531.0
87.113434368, -763.0, -638.0, -579.0
87.132698496, -786.0, -644.0, -581.0
87.151962496, -821.0, -641.0, -581.0
87.171226496, -861.0, -623.0, -576.0
87.190490496, -867.0, -542.0, -579.0
87.209754496, -851.0, -492.0, -589.0
87.229018496, -864.0, -456.0, -592.0
87.248282592, -873.0, -388.0, -576.0
87.267547392, -865.0, -287.0, -569.0
87.28681216, -871.0, -207.0, -566.0
87.306076928, -849.0, -141.0, -557.0
87.325341824, -883.0, -49.0, -529.0
87.344606592, -909.0, 36.0, -489.0
87.36387136, -881.0, 125.0, -455.0
87.383136128, -843.0, 188.0, -420.0
87.402400896, -781.0, 205.0, -397.0
87.421665792, -717.0, 233.0, -386.0
87.44093056, -663.0, 271.0, -375.0
87.460195328, -582.0, 324.0, -338.0
87.479460096, -511.0, 350.0, -301.0
87.498724864, -453.0, 383.0, -269.0
87.51798976, -369.0, 414.0, -248.0
87.537254528, -281.0, 445.0, -224.0
87.556519296, -220.0, 460.0, -186.0
87.575784064, -172.0, 460.0, -140.0
87.595048832, -145.0, 451.0, -73.0
87.6143136, -151.0, 412.0, -12.0
87.633578496, -122.0, 366.0, 1.0
87.652843264, -123.0, 271.0, 6.0
87.672108032, -142.0, 132.0, -14.0
87.6913728, -93.0, 15.0, 4.0
87.710637568, 66.0, -114.0, -108.0
87.729902464, 114.0, -289.0, -339.0
87.749167232, -121.0, -446.0, -488.0
87.768432, -397.0, -538.0, -414.0
87.787696768, -1232.0, 8.0, -370.0
87.806961536, -1100.0, 140.0, 543.0
87.826226432, 1388.0, -1531.0, -802.0
87.8454912, -565.0, -2330.0, -1451.0
87.864755968, -1132.0, -952.0, -569.0
87.884020736, -835.0, -1074.0, -916.0
87.903285504, -516.0, -993.0, -975.0
87.9225504, -552.0, -1188.0, -752.0
87.941815168, -612.0, -1132.0, -577.0
87.961079936, -282.0, -1059.0, -492.0
87.980344704, -114.0, -1172.0, -429.0
87.999609472, -109.0, -1209.0, -453.0
88.018874368, -143.0, -1277.0, -493.0
88.038139136, -168.0, -1221.0, -408.0
88.057403904, -106.0, -1272.0, -481.0
88.076668672, -72.0, -1324.0, -425.0
88.09593344, -60.0, -1323.0, -399.0
88.115198336, -93.0, -1217.0, -363.0
88.134463104, -72.0, -1262.0, -161.0
88.153727872, -24.0, -1417.0, -296.0
88.17299264, -79.0, -1432.0, -366.0
88.192257408, -177.0, -1447.0, -251.0
88.211522232, -44.0, -1418.0, -108.0
88.230787712, 270.0, -1393.0, -43.0
88.250053248, 462.0, -1413.0, 41.0
88.269318784, 434.0, -1395.0, 93.0
88.288584192, 374.0, -1513.0, 98.0
88.307849728, 615.0, -1777.0, 128.0
88.327115264, 726.0, -1795.0, -21.0
88.3463808, 774.0, -1902.0, -71.0
88.365646208, 474.0, -1760.0, -112.0
88.384911744, 398.0, -1579.0, -226.0
88.40417728, 248.0, -1371.0, -156.0
88.423442816, 355.0, -1336.0, -125.0
88.442708224, 233.0, -1342.0, -63.0
88.46197376, 411.0, -1180.0, 84.0
88.481239296, 382.0, -1062.0, 125.0
88.500504832, 314.0, -1045.0, 120.0
88.51977024, 233.0, -868.0, 189.0
88.539035776, 459.0, -751.0, 73.0
88.558301312, 445.0, -878.0, -11.0
88.577566848, 53.0, -669.0, 388.0
88.596832256, 262.0, -816.0, 55.0
88.616097792, 396.0, -665.0, 54.0
88.635363328, 341.0, -675.0, -33.0
88.654628864, 216.0, -664.0, -47.0
88.673894272, 133.0, -602.0, -53.0
88.693159808, 50.0, -617.0, -102.0
88.712425344, -4.0, -638.0, -135.0
88.73169088, -18.0, -655.0, -189.0
88.750956288, -43.0, -673.0, -242.0
88.770221824, -136.0, -688.0, -247.0
88.78948736, -240.0, -705.0, -250.0
88.808752896, -298.0, -702.0, -319.0
88.828018304, -343.0, -701.0, -385.0
88.84728384, -417.0, -698.0, -425.0
88.866549376, -500.0, -661.0, -454.0
88.885814912, -569.0, -652.0, -453.0
88.90508032, -641.0, -622.0, -430.0
88.924345856, -685.0, -621.0, -432.0
88.943611392, -726.0, -634.0, -483.0
88.962876928, -757.0, -616.0, -545.0
88.982142336, -856.0, -573.0, -583.0
89.001407872, -919.0, -511.0, -582.0
89.020673408, -931.0, -445.0, -584.0
89.039938944, -936.0, -410.0, -558.0
89.05920448, -944.0, -332.0, -540.0
89.078469888, -944.0, -289.0, -522.0
89.097735424, -916.0, -200.0, -522.0
89.11700096, -920.0, -132.0, -502.0
89.136266496, -876.0, -38.0, -494.0
89.155531904, -876.0, 38.0, -477.0
89.17479744, -882.0, 119.0, -451.0
89.194062976, -852.0, 173.0, -430.0
89.213328512, -818.0, 213.0, -397.0
89.23259392, -754.0, 260.0, -392.0
89.251859456, -681.0, 307.0, -401.0
89.271124992, -605.0, 341.0, -377.0
89.290390528, -559.0, 385.0, -349.0
89.309655936, -506.0, 452.0, -315.0
89.328921472, -450.0, 473.0, -288.0
89.348187008, -395.0, 474.0, -265.0
89.367452518, -326.0, 479.0, -243.0
89.386717184, -247.0, 481.0, -211.0
89.405981824, -162.0, 470.0, -161.0
89.425246464, -113.0, 464.0, -94.0
89.444511104, -98.0, 458.0, 6.0
89.463775872, -82.0, 442.0, 84.0
89.483040512, -11.0, 375.0, 97.0
89.502305152, -1.0, 210.0, 12.0
89.521569792, -22.0, 20.0, -78.0
89.540834432, -59.0, -108.0, -123.0
89.560099072, -62.0, -236.0, -252.0
89.579363712, -129.0, -381.0, -360.0
89.598628352, -133.0, -587.0, -284.0
89.61789312, -969.0, -345.0, -413.0
89.63715776, -1476.0, 322.0, 385.0
89.6564224, -22.0, -181.0, 168.0
89.67568704, 721.0, -1571.0, -1638.0
89.69495168, -980.0, -1925.0, -1277.0
89.71421632, -1142.0, -909.0, -871.0
89.73348096, -541.0, -1026.0, -866.0
89.752745728, -402.0, -1206.0, -847.0
89.772010368, -530.0, -1267.0, -691.0
89.791275008, -599.0, -1140.0, -544.0
89.810539648, -465.0, -1083.0, -583.0
89.829804288, -263.0, -1290.0, -623.0
89.849068928, -389.0, -1240.0, -500.0
89.868333568, -272.0, -1209.0, -455.0
89.887598208, -205.0, -1195.0, -464.0
89.906862976, -180.0, -1233.0, -452.0
89.926127616, -186.0, -1267.0, -426.0
89.945392256, -180.0, -1316.0, -486.0
89.964656896, -137.0, -1348.0, -453.0
89.983921536, -17.0, -1437.0, -423.0
90.003186176, 28.0, -1488.0, -389.0
90.022450816, 135.0, -1399.0, -319.0
90.041715456, 137.0, -1367.0, -247.0
90.060980224, 182.0, -1384.0, -120.0
90.080244864, 260.0, -1542.0, -70.0
90.099509504, 273.0, -1583.0, -80.0
90.118774144, 150.0, -1445.0, -36.0
90.138038784, 94.0, -1411.0, -17.0
90.157303424, 378.0, -1616.0, -90.0
90.176568064, 688.0, -1629.0, -98.0
90.195832832, 635.0, -1642.0, -39.0
90.215097472, 665.0, -1602.0, -42.0
90.234362112, 564.0, -1240.0, -3.0
90.253626752, 732.0, -1426.0, -170.0
90.272891392, 445.0, -1338.0, -125.0
90.292156032, 272.0, -1233.0, -26.0
90.311420672, 293.0, -1126.0, -50.0
90.330685312, 593.0, -1096.0, 131.0
90.34995008, 175.0, -1005.0, 32.0
90.36921472, 282.0, -553.0, 90.0
90.38847936, 368.0, -688.0, 145.0
90.40774399, 386.0, -796.0, 13.0
90.427008, 470.0, -816.0, -35.0
90.446272, 408.0, -757.0, 75.0
90.465535872, 292.0, -608.0, 57.0
90.484799872, 255.0, -619.0, 36.0
90.504063872, 162.0, -655.0, 13.0
90.523327872, 186.0, -615.0, 30.0
90.542591744, 125.0, -590.0, -54.0
90.561855744, 46.0, -576.0, -132.0
90.581119744, -55.0, -631.0, -158.0
90.600383616, -134.0, -678.0, -212.0
90.619647616, -159.0, -697.0, -258.0
90.638911616, -223.0, -699.0, -325.0
90.658175488, -292.0, -741.0, -355.0
90.677439488, -337.0, -763.0, -390.0
90.696703488, -366.0, -735.0, -409.0
90.715967488, -447.0, -747.0, -411.0
90.73523136, -551.0, -717.0, -399.0
90.75449536, -623.0, -718.0, -420.0
90.77375936, -697.0, -710.0, -453.0
90.793023232, -750.0, -686.0, -510.0
90.812287232, -757.0, -666.0, -570.0
90.831551232, -801.0, -639.0, -571.0
90.850815104, -837.0, -613.0, -556.0
90.870079104, -864.0, -577.0, -530.0
90.889343104, -855.0, -512.0, -512.0
90.908607104, -858.0, -453.0, -527.0
90.927870976, -862.0, -377.0, -546.0
90.947134976, -876.0, -305.0, -542.0
90.966398976, -868.0, -229.0, -537.0
90.985662848, -888.0, -156.0, -542.0
91.004926848, -896.0, -64.0, -521.0
91.024190848, -904.0, 2.0, -510.0
91.043454848, -868.0, 62.0, -508.0
91.06271872, -827.0, 121.0, -497.0
91.08198272, -796.0, 182.0, -480.0
91.10124672, -777.0, 243.0, -443.0
91.120510592, -701.0, 297.0, -412.0
91.139774592, -642.0, 338.0, -420.0
91.159038592, -602.0, 379.0, -420.0
91.178302464, -550.0, 424.0, -397.0
91.197566464, -488.0, 470.0, -343.0
91.216830464, -399.0, 485.0, -319.0
91.236094464, -330.0, 480.0, -291.0
91.255358336, -258.0, 475.0, -259.0
91.274622336, -201.0, 486.0, -215.0
91.293886336, -137.0, 492.0, -174.0
91.313150208, -93.0, 476.0, -116.0
91.332414208, -60.0, 441.0, -47.0
91.351678208, -45.0, 384.0, -12.0
91.370942208, -43.0, 259.0, -2.0
91.39020608, -56.0, 139.0, -11.0
91.40947008, -52.0, 13.0, -18.0
91.42873408, 60.0, -122.0, -80.0
91.447997952, 244.0, -269.0, -255.0
91.467261952, 245.0, -426.0, -457.0
91.486525952, -503.0, -519.0, -202.0
91.505789824, -1217.0, 61.0, 284.0
91.525053824, -588.0, 105.0, 523.0
91.544317824, 1022.0, -1523.0, -864.0
91.563581824, -806.0, -1523.0, -1504.0
91.582845683, -975.0, -994.0, -754.0
91.602108544, -875.0, -1314.0, -1179.0
91.621371392, -812.0, -1288.0, -1174.0
91.64063424, -788.0, -1295.0, -846.0
91.659897088, -695.0, -1177.0, -616.0
91.679159936, -358.0, -1181.0, -490.0
91.698422784, -166.0, -1268.0, -545.0
91.717685632, -245.0, -1294.0, -536.0
91.73694848, -207.0, -1294.0, -505.0
91.756211328, -250.0, -1271.0, -605.0
91.775474176, -218.0, -1187.0, -556.0
91.794737152, -202.0, -1195.0, -411.0
91.814, -115.0, -1311.0, -440.0
91.833262848, -82.0, -1407.0, -505.0
91.852525696, -115.0, -1453.0, -552.0
91.871788544, -64.0, -1503.0, -460.0
91.891051392, -25.0, -1471.0, -356.0
91.91031424, 74.0, -1484.0, -305.0
91.929577088, 121.0, -1467.0, -244.0
91.948839936, 174.0, -1378.0, -79.0
91.968102784, 225.0, -1495.0, 21.0
91.987365632, 221.0, -1537.0, -1.0
92.00662848, 117.0, -1376.0, 5.0
92.025891328, 220.0, -1400.0, 24.0
92.045154176, 552.0, -1568.0, -34.0
92.064417024, 861.0, -1510.0, -110.0
92.083679872, 870.0, -1679.0, 9.0
92.10294272, 765.0, -1659.0, 18.0
92.122205568, 636.0, -1428.0, -133.0
92.141468416, 576.0, -1374.0, -95.0
92.160731264, 329.0, -1530.0, -237.0
92.17999424, 192.0, -1153.0, -5.0
92.199257088, 306.0, -927.0, 48.0
92.218519936, 284.0, -953.0, 53.0
92.237782784, 99.0, -993.0, 106.0
92.257045632, 251.0, -771.0, 142.0
92.27630848, 344.0, -841.0, 21.0
92.295571328, 340.0, -690.0, -88.0
92.314834176, 444.0, -868.0, 102.0
92.334097024, 441.0, -726.0, 59.0
92.353359872, 373.0, -708.0, 13.0
92.37262272, 344.0, -648.0, 15.0
92.391885568, 277.0, -609.0, 30.0
92.411148416, 181.0, -564.0, -9.0
92.430411264, 90.0, -556.0, -59.0
92.449674112, -2.0, -559.0, -109.0
92.46893696, -88.0, -558.0, -127.0
92.488199808, -169.0, -599.0, -159.0
92.507462656, -258.0, -642.0, -185.0
92.526725504, -337.0, -679.0, -236.0
92.545988352, -397.0, -665.0, -297.0
92.565251328, -454.0, -650.0, -378.0
92.584514176, -523.0, -694.0, -428.0
92.603777024, -606.0, -692.0, -423.0
92.623039872, -742.0, -654.0, -445.0
92.64230272, -758.0, -688.0, -494.0
92.661565568, -782.0, -676.0, -477.0
92.68082839, -811.0, -665.0, -509.0
92.70009216, -827.0, -611.0, -534.0
92.719355904, -866.0, -581.0, -510.0
92.738619648, -913.0, -562.0, -523.0
92.757883392, -919.0, -508.0, -541.0
92.777147008, -917.0, -439.0, -549.0
92.796410752, -946.0, -370.0, -538.0
92.815674496, -990.0, -326.0, -541.0
92.83493824, -991.0, -241.0, -549.0
92.854201984, -963.0, -160.0, -566.0
92.873465728, -941.0, -76.0, -555.0
92.892729344, -950.0, -10.0, -535.0
92.911993088, -924.0, 52.0, -514.0
92.931256832, -877.0, 104.0, -501.0
92.950520576, -816.0, 134.0, -482.0
92.96978432, -766.0, 207.0, -449.0
92.989048064, -663.0, 291.0, -418.0
93.008311808, -596.0, 346.0, -401.0
93.027575424, -535.0, 380.0, -359.0
93.046839168, -477.0, 396.0, -357.0
93.066102912, -398.0, 464.0, -318.0
93.085366656, -344.0, 485.0, -290.0
93.1046304, -279.0, 512.0, -252.0
93.123894144, -221.0, 525.0, -227.0
93.143157888, -189.0, 515.0, -198.0
93.162421504, -135.0, 518.0, -164.0
93.181685248, -77.0, 504.0, -123.0
93.200948992, -49.0, 470.0, -64.0
93.220212736, -42.0, 413.0, -13.0
93.23947648, -81.0, 328.0, 5.0
93.258740224, -118.0, 180.0, -12.0
93.27800384, -157.0, 48.0, -45.0
93.297267584, -69.0, -59.0, -98.0
93.316531328, 122.0, -246.0, -350.0
93.335795072, 202.0, -395.0, -573.0
93.355058816, 210.0, -527.0, 13.0
93.37432256, -1405.0, 78.0, 362.0
93.393586304, -1798.0, 385.0, 1032.0
93.41284992, 917.0, -1054.0, -944.0
93.432113664, -25.0, -2178.0, -1192.0
93.451377408, -1166.0, -1205.0, -875.0
93.470641152, -869.0, -797.0, -1145.0
93.489904896, -635.0, -1059.0, -1154.0
93.50916864, -721.0, -1393.0, -736.0
93.528432384, -696.0, -1244.0, -551.0
93.547696, -365.0, -1060.0, -433.0
93.566959744, -251.0, -1109.0, -562.0
93.586223488, -423.0, -1182.0, -567.0
93.605487178, -353.0, -1268.0, -554.0
93.624752256, -215.0, -1282.0, -614.0
93.64401728, -248.0, -1258.0, -576.0
93.663282304, -64.0, -1164.0, -368.0
93.6825472, -53.0, -1221.0, -391.0
93.701812224, -89.0, -1312.0, -382.0
93.721077248, -209.0, -1245.0, -318.0
93.740342272, -55.0, -1244.0, -155.0
93.759607168, 14.0, -1324.0, -248.0
93.778872192, 26.0, -1393.0, -298.0
93.798137216, -84.0, -1473.0, -315.0
93.81740224, -34.0, -1404.0, -73.0
93.836667264, 205.0, -1351.0, 32.0
93.85593216, 343.0, -1417.0, 46.0
93.875197184, 401.0, -1487.0, -6.0
93.894462208, 314.0, -1472.0, -14.0
93.913727232, 321.0, -1481.0, -9.0
93.932992256, 604.0, -1742.0, -76.0
93.952257152, 1024.0, -1890.0, -102.0
93.971522176, 773.0, -1760.0, -132.0
93.9907872, 820.0, -1633.0, 4.0
94.010052224, 478.0, -1546.0, 23.0
94.02931712, 568.0, -1402.0, 127.0
94.048582144, 391.0, -1493.0, 69.0
94.067847168, 247.0, -1313.0, 74.0
94.087112192, 341.0, -1063.0, 50.0
94.106377216, 363.0, -747.0, 144.0
94.125642112, 201.0, -1054.0, 69.0
94.144907136, 373.0, -583.0, -67.0
94.16417216, 522.0, -767.0, -44.0
94.183437184, 389.0, -732.0, -58.0
94.20270208, 507.0, -711.0, 147.0
94.221967104, 449.0, -713.0, 74.0
94.241232128, 392.0, -689.0, -15.0
94.260497152, 280.0, -655.0, -75.0
94.279762176, 226.0, -670.0, -30.0
94.299027072, 199.0, -599.0, -50.0
94.318292096, 129.0, -594.0, -102.0
94.33755712, 86.0, -627.0, -107.0
94.356822144, 26.0, -646.0, -163.0
94.376087168, -45.0, -659.0, -217.0
94.395352064, -132.0, -663.0, -257.0
94.414617088, -227.0, -689.0, -280.0
94.433882112, -277.0, -667.0, -316.0
94.453147136, -350.0, -660.0, -351.0
94.472412032, -461.0, -656.0, -377.0
94.491677056, -547.0, -687.0, -404.0
94.51094208, -621.0, -712.0, -436.0
94.530207104, -698.0, -677.0, -477.0
94.549472128, -736.0, -659.0, -510.0
94.568737024, -829.0, -660.0, -520.0
94.588002048, -870.0, -659.0, -524.0
94.607267072, -888.0, -592.0, -532.0
94.626532096, -900.0, -531.0, -538.0
94.645796992, -896.0, -460.0, -538.0
94.665062016, -906.0, -414.0, -531.0
94.68432704, -876.0, -348.0, -538.0
94.703592064, -872.0, -293.0, -529.0
94.722857088, -855.0, -225.0, -534.0
94.742121984, -834.0, -127.0, -520.0
94.761386946, -872.0, -22.0, -489.0
94.78065344, -830.0, 59.0, -483.0
94.799919872, -847.0, 123.0, -458.0
94.819186304, -827.0, 180.0, -440.0
94.838452736, -784.0, 242.0, -429.0
94.857719296, -726.0, 265.0, -423.0
94.876985728, -665.0, 298.0, -397.0
94.89625216, -605.0, 348.0, -376.0
94.915518592, -523.0, 392.0, -336.0
94.934785024, -444.0, 409.0, -296.0
94.954051456, -380.0, 444.0, -256.0
94.973317888, -310.0, 473.0, -201.0
94.99258432, -254.0, 471.0, -163.0
95.01185088, -187.0, 461.0, -144.0
95.031117312, -148.0, 434.0, -119.0
95.050383744, -119.0, 404.0, -108.0
95.069650176, -104.0, 343.0, -88.0
95.088916608, -120.0, 286.0, -105.0
95.10818304, -181.0, 233.0, -114.0
95.127449472, -136.0, 117.0, -138.0
95.146716032, -103.0, 13.0, -115.0
95.165982464, -51.0, -96.0, -183.0
95.185248896, -139.0, -259.0, -263.0
95.204515328, -158.0, -393.0, -110.0
95.22378176, -385.0, -371.0, -98.0
95.243048192, -868.0, -52.0, 89.0
95.262314624, 217.0, -562.0, 88.0
95.281581184, 143.0, -1625.0, -1510.0
95.300847616, -799.0, -1600.0, -795.0
95.320114048, -827.0, -1027.0, -1126.0
95.33938048, -199.0, -1033.0, -931.0
95.358646912, -289.0, -1250.0, -614.0
95.377913344, -398.0, -1276.0, -434.0
95.397179776, -433.0, -1168.0, -523.0
95.416446208, -417.0, -1148.0, -653.0
95.435712768, -467.0, -1178.0, -525.0
95.4549792, -381.0, -1271.0, -481.0
95.474245632, -284.0, -1349.0, -541.0
95.493512064, -189.0, -1285.0, -524.0
95.512778496, -170.0, -1232.0, -493.0
95.532044928, -117.0, -1273.0, -376.0
95.55131136, -91.0, -1412.0, -403.0
95.57057792, -65.0, -1424.0, -475.0
95.589844352, -123.0, -1455.0, -342.0
95.609110784, 42.0, -1463.0, -262.0
95.628377216, -22.0, -1486.0, -335.0
95.647643648, -43.0, -1360.0, -223.0
95.66691008, 61.0, -1328.0, -30.0
95.686176512, 179.0, -1486.0, 25.0
95.705442944, 219.0, -1618.0, -2.0
95.724709504, 185.0, -1502.0, -62.0
95.743975936, 226.0, -1516.0, -32.0
95.763242368, 519.0, -1721.0, -81.0
95.7825088, 713.0, -1677.0, -90.0
95.801775232, 679.0, -1789.0, -41.0
95.821041664, 679.0, -1758.0, 2.0
95.840308106, 508.0, -1486.0, -55.0
95.859570816, 668.0, -1345.0, -47.0
95.878833536, 561.0, -1414.0, -91.0
95.898096384, 255.0, -1310.0, -31.0
95.917359104, 267.0, -1020.0, 31.0
95.936621824, 561.0, -1128.0, 86.0
95.955884544, 204.0, -941.0, 94.0
95.975147392, -45.0, -635.0, 151.0
95.994410112, 312.0, -897.0, 185.0
96.013672832, 416.0, -823.0, 52.0
96.03293568, 535.0, -789.0, -87.0
96.0521984, 739.0, -713.0, -15.0
96.07146112, 351.0, -703.0, 148.0
96.090723968, 362.0, -628.0, 37.0
96.109986688, 257.0, -635.0, -11.0
96.129249408, 159.0, -584.0, 2.0
96.148512128, 87.0, -574.0, -48.0
96.167774976, -20.0, -596.0, -96.0
96.187037696, -74.0, -611.0, -104.0
96.206300416, -91.0, -638.0, -131.0
96.225563264, -135.0, -676.0, -179.0
96.244825984, -204.0, -687.0, -219.0
96.264088704, -294.0, -689.0, -281.0
96.283351552, -381.0, -683.0, -347.0
96.302614272, -511.0, -650.0, -381.0
96.321876992, -637.0, -632.0, -428.0
96.341139712, -728.0, -668.0, -473.0
96.36040256, -761.0, -657.0, -544.0
96.37966528, -773.0, -676.0, -572.0
96.398928, -798.0, -650.0, -579.0
96.418190848, -843.0, -634.0, -558.0
96.437453568, -891.0, -592.0, -564.0
96.456716288, -904.0, -558.0, -572.0
96.475979136, -892.0, -492.0, -559.0
96.495241856, -910.0, -412.0, -541.0
96.514504576, -907.0, -354.0, -520.0
96.533767296, -872.0, -294.0, -510.0
96.553030144, -840.0, -206.0, -513.0
96.572292864, -837.0, -136.0, -498.0
96.591555584, -831.0, -53.0, -488.0
96.610818432, -807.0, 42.0, -469.0
96.630081152, -787.0, 102.0, -426.0
96.649343872, -791.0, 176.0, -410.0
96.668606592, -735.0, 212.0, -389.0
96.68786944, -669.0, 255.0, -373.0
96.70713216, -574.0, 285.0, -352.0
96.72639488, -515.0, 326.0, -335.0
96.745657728, -441.0, 363.0, -320.0
96.764920448, -373.0, 385.0, -285.0
96.784183168, -308.0, 412.0, -263.0
96.803446016, -260.0, 418.0, -248.0
96.822708736, -231.0, 428.0, -232.0
96.841971456, -207.0, 430.0, -186.0
96.861234176, -196.0, 416.0, -142.0
96.880497024, -189.0, 364.0, -84.0
96.899759744, -189.0, 295.0, -48.0
96.919022464, -195.0, 252.0, -24.0
96.938285312, -205.0, 158.0, -43.0
96.957548032, -195.0, -3.0, -154.0
96.976810752, -202.0, -119.0, -213.0
96.99607359, 59.0, -247.0, -151.0
97.015337856, 268.0, -445.0, -200.0
97.034602112, -35.0, -564.0, 27.0
97.053866368, -974.0, -335.0, 149.0
97.073130496, -843.0, -241.0, 480.0
97.092394752, 336.0, -1170.0, -971.0
97.111659008, -582.0, -2098.0, -1378.0
97.130923264, -1118.0, -1117.0, -996.0
97.15018752, -561.0, -1140.0, -992.0
97.169451776, -421.0, -1422.0, -916.0
97.188715904, -619.0, -1224.0, -645.0
97.20798016, -677.0, -1197.0, -621.0
97.227244416, -494.0, -1308.0, -756.0
97.246508672, -481.0, -1237.0, -604.0
97.265772928, -334.0, -1241.0, -570.0
97.285037184, -284.0, -1299.0, -464.0
97.304301312, -156.0, -1200.0, -350.0
97.323565568, -208.0, -1204.0, -431.0
97.342829824, -274.0, -1187.0, -398.0
97.36209408, -324.0, -1248.0, -442.0
97.381358336, -159.0, -1325.0, -394.0
97.400622464, -110.0, -1450.0, -314.0
97.41988672, 39.0, -1510.0, -318.0
97.439150976, 40.0, -1462.0, -362.0
97.458415232, 15.0, -1306.0, -226.0
97.477679488, 197.0, -1327.0, -68.0
97.496943744, 291.0, -1567.0, -3.0
97.516207872, 274.0, -1611.0, -27.0
97.535472128, 103.0, -1432.0, -29.0
97.554736384, 136.0, -1403.0, 6.0
97.57400064, 458.0, -1664.0, -12.0
97.593264896, 1040.0, -1754.0, 65.0
97.612529152, 984.0, -1796.0, -2.0
97.63179328, 960.0, -1883.0, -68.0
97.651057536, 462.0, -1438.0, -59.0
97.670321792, 783.0, -1460.0, -116.0
97.689586048, 463.0, -1420.0, -179.0
97.708850304, 132.0, -1319.0, -47.0
97.728114432, 270.0, -1034.0, 3.0
97.747378688, 350.0, -1012.0, 77.0
97.766642944, 81.0, -816.0, 74.0
97.7859072, 170.0, -639.0, 12.0
97.805171456, 506.0, -801.0, 68.0
97.824435712, 465.0, -576.0, 21.0
97.84369984, 463.0, -713.0, -67.0
97.862964096, 278.0, -708.0, 50.0
97.882228352, 283.0, -650.0, 23.0
97.901492608, 205.0, -623.0, -12.0
97.92075679, 148.0, -608.0, -10.0
97.940019584, 95.0, -606.0, -33.0
97.959282432, 14.0, -589.0, -65.0
97.97854528, -65.0, -583.0, -116.0
97.997808128, -117.0, -648.0, -173.0
98.017070976, -166.0, -711.0, -229.0
98.036333824, -210.0, -734.0, -290.0
98.0555968, -247.0, -704.0, -336.0
98.074859648, -328.0, -692.0, -369.0
98.094122496, -454.0, -684.0, -396.0
98.113385344, -576.0, -671.0, -425.0
98.132648192, -637.0, -686.0, -462.0
98.15191104, -695.0, -665.0, -486.0
98.171173888, -741.0, -639.0, -491.0
98.190436736, -792.0, -622.0, -494.0
98.209699584, -807.0, -595.0, -501.0
98.228962432, -797.0, -537.0, -517.0
98.24822528, -840.0, -492.0, -503.0
98.267488256, -833.0, -454.0, -543.0
98.286751104, -821.0, -391.0, -561.0
98.306013952, -840.0, -307.0, -537.0
98.3252768, -877.0, -218.0, -533.0
98.344539648, -898.0, -155.0, -525.0
98.363802496, -902.0, -63.0, -517.0
98.383065344, -909.0, -12.0, -510.0
98.402328192, -899.0, 28.0, -509.0
98.42159104, -878.0, 96.0, -511.0
98.440853888, -839.0, 151.0, -494.0
98.460116864, -783.0, 208.0, -489.0
98.479379712, -750.0, 250.0, -466.0
98.49864256, -695.0, 279.0, -446.0
98.517905408, -640.0, 315.0, -436.0
98.537168256, -596.0, 370.0, -405.0
98.556431104, -530.0, 415.0, -384.0
98.575693952, -482.0, 453.0, -346.0
98.5949568, -433.0, 474.0, -316.0
98.614219648, -360.0, 469.0, -282.0
98.633482496, -303.0, 470.0, -252.0
98.652745344, -230.0, 483.0, -218.0
98.67200832, -185.0, 472.0, -161.0
98.691271168, -129.0, 471.0, -89.0
98.710534016, -131.0, 429.0, -29.0
98.729796864, -120.0, 381.0, 4.0
98.749059712, -143.0, 265.0, 19.0
98.76832256, -120.0, 163.0, -16.0
98.787585408, -68.0, 12.0, -49.0
98.806848256, -2.0, -171.0, -230.0
98.826111104, -48.0, -337.0, -398.0
98.845373952, -190.0, -470.0, -235.0
98.8646368, -1001.0, -255.0, -176.0
98.883899776, -1168.0, 59.0, 265.0
98.903162624, 237.0, -346.0, -124.0
98.922425472, 198.0, -1284.0, -1493.0
98.94168832, -813.0, -1732.0, -1111.0
98.960951168, -950.0, -741.0, -701.0
98.980214016, -279.0, -915.0, -827.0
98.999476864, -365.0, -1060.0, -620.0
99.018739712, -470.0, -1151.0, -473.0
99.03800256, -526.0, -1071.0, -538.0
99.057265408, -371.0, -1240.0, -730.0
99.076528382, -363.0, -1240.0, -649.0
99.095791872, -260.0, -1231.0, -446.0
99.11505536, -143.0, -1293.0, -387.0
99.134318976, -122.0, -1178.0, -377.0
99.153582464, -151.0, -1099.0, -468.0
99.17284608, -240.0, -1141.0, -367.0
99.192109568, -155.0, -1192.0, -391.0
99.211373056, -131.0, -1258.0, -384.0
99.230636672, -122.0, -1363.0, -341.0
99.24990016, -2.0, -1429.0, -319.0
99.269163776, 79.0, -1540.0, -346.0
99.288427264, 41.0, -1563.0, -411.0
99.30769088, 36.0, -1506.0, -183.0
99.326954368, 206.0, -1477.0, -26.0
99.346217856, 356.0, -1563.0, 53.0
99.365481472, 523.0, -1557.0, 60.0
99.38474496, 425.0, -1435.0, 11.0
99.404008576, 407.0, -1519.0, 34.0
99.423272064, 644.0, -1709.0, 25.0
99.442535552, 2208.0, -1545.0, 378.0
99.461799168, 570.0, -1747.0, -93.0
99.481062656, 572.0, -1582.0, -136.0
99.500326272, 439.0, -1531.0, -23.0
99.51958976, 410.0, -1310.0, -101.0
99.538853248, 461.0, -1368.0, 0.0
99.558116864, 397.0, -1160.0, 64.0
99.577380352, 565.0, -1086.0, 117.0
99.596643968, 564.0, -1044.0, 125.0
99.615907456, 391.0, -786.0, 69.0
99.635170944, 308.0, -835.0, 194.0
99.65443456, 420.0, -691.0, 117.0
99.673698048, 270.0, -653.0, 49.0
99.692961664, 356.0, -670.0, 32.0
99.712225152, 442.0, -843.0, 26.0
99.731488768, 322.0, -765.0, 7.0
99.750752256, 314.0, -556.0, -1.0
99.770015744, 195.0, -593.0, -42.0
99.78927936, 141.0, -692.0, -5.0
99.808542848, 128.0, -687.0, -6.0
99.827806464, 72.0, -663.0, -69.0
99.847069952, -28.0, -674.0, -110.0
99.86633344, -133.0, -691.0, -140.0
99.885597056, -217.0, -732.0, -175.0
99.904860544, -293.0, -717.0, -226.0
99.92412416, -374.0, -732.0, -302.0
99.943387648, -420.0, -713.0, -365.0
99.962651136, -472.0, -717.0, -408.0
99.981914752, -531.0, -716.0, -436.0
100.00117824, -595.0, -707.0, -472.0
100.020441856, -652.0, -712.0, -470.0
100.039705344, -685.0, -698.0, -493.0
100.058968832, -750.0, -686.0, -490.0
100.078232448, -808.0, -651.0, -468.0
100.097495936, -855.0, -580.0, -494.0
100.116759552, -832.0, -546.0, -502.0
100.13602304, -817.0, -508.0, -514.0
100.155286656, -835.0, -454.0, -527.0
100.174550144, -860.0, -399.0, -535.0
100.193813726, -867.0, -319.0, -505.0
100.213076224, -858.0, -243.0, -484.0
100.232338688, -802.0, -175.0, -518.0
100.251601152, -858.0, -110.0, -503.0
100.270863616, -870.0, -57.0, -500.0
100.29012608, -860.0, 36.0, -502.0
100.309388544, -853.0, 110.0, -487.0
100.328651008, -843.0, 165.0, -490.0
100.347913472, -833.0, 209.0, -480.0
100.367175936, -774.0, 256.0, -478.0
100.3864384, -712.0, 297.0, -463.0
100.405700992, -662.0, 338.0, -438.0
100.424963456, -634.0, 366.0, -437.0
100.44422592, -581.0, 402.0, -417.0
100.463488384, -504.0, 420.0, -378.0
100.482750848, -440.0, 443.0, -342.0
100.502013312, -366.0, 461.0, -301.0
100.521275776, -310.0, 477.0, -278.0
100.54053824, -234.0, 479.0, -244.0
100.559800704, -186.0, 460.0, -195.0
100.579063168, -155.0, 424.0, -125.0
100.598325632, -134.0, 372.0, -59.0
100.617588096, -144.0, 325.0, -17.0
100.63685056, -122.0, 258.0, -14.0
100.656113024, -151.0, 134.0, -36.0
100.675375488, -184.0, -17.0, -65.0
100.694637952, -184.0, -129.0, -160.0
100.713900416, -45.0, -278.0, -280.0
100.73316288, 157.0, -513.0, -417.0
100.752425472, -326.0, -426.0, -457.0
100.771687936, -1036.0, 214.0, 442.0
100.7909504, -865.0, -106.0, 409.0
100.810212864, 820.0, -1399.0, -913.0
100.829475328, -517.0, -1833.0, -1272.0
100.848737792, -668.0, -773.0, -799.0
100.868000256, -553.0, -979.0, -1013.0
100.88726272, -529.0, -1144.0, -898.0
100.906525184, -651.0, -1236.0, -664.0
100.925787648, -579.0, -1050.0, -613.0
100.945050112, -366.0, -1131.0, -710.0
100.964312576, -400.0, -1204.0, -563.0
100.98357504, -276.0, -1276.0, -501.0
101.002837504, -120.0, -1336.0, -474.0
101.022099968, -76.0, -1276.0, -416.0
101.041362432, -55.0, -1298.0, -449.0
101.060624896, -90.0, -1265.0, -526.0
101.07988736, -109.0, -1263.0, -373.0
101.099149952, -10.0, -1405.0, -356.0
101.118412416, 28.0, -1502.0, -440.0
101.13767488, 15.0, -1502.0, -350.0
101.156937344, 10.0, -1569.0, -458.0
101.176199808, -45.0, -1452.0, -453.0
101.195462272, 15.0, -1437.0, -290.0
101.214724736, 137.0, -1458.0, -114.0
101.2339872, 284.0, -1567.0, -45.0
101.253249664, 369.0, -1505.0, -46.0
101.2725121, 271.0, -1381.0, 54.0
101.291775616, 250.0, -1439.0, 99.0
101.311039104, 480.0, -1634.0, 29.0
101.33030272, 654.0, -1774.0, 271.0
101.349566208, 849.0, -1674.0, -86.0
101.368829696, 961.0, -1846.0, -184.0
101.388093312, 428.0, -1391.0, -163.0
101.4073568, 755.0, -1276.0, -76.0
101.426620288, 317.0, -1408.0, -159.0
101.445883776, 233.0, -1206.0, -68.0
101.465147392, 399.0, -1070.0, -36.0
101.48441088, 316.0, -1044.0, 120.0
101.503674368, 135.0, -817.0, 142.0
101.522937984, 48.0, -581.0, 108.0
101.542201472, 363.0, -849.0, 79.0
101.56146496, 297.0, -829.0, -38.0
101.580728576, 290.0, -714.0, 63.0
101.599992064, 372.0, -730.0, 82.0
101.619255552, 330.0, -621.0, 24.0
101.63851904, 236.0, -660.0, -14.0
101.657782656, 158.0, -665.0, -44.0
101.677046144, 99.0, -635.0, -36.0
101.696309632, 44.0, -637.0, -70.0
101.715573248, -37.0, -648.0, -133.0
101.734836736, -75.0, -687.0, -169.0
101.754100224, -120.0, -710.0, -237.0
101.77336384, -186.0, -700.0, -248.0
101.792627328, -331.0, -723.0, -284.0
101.811890816, -481.0, -762.0, -350.0
101.831154304, -566.0, -791.0, -409.0
101.85041792, -657.0, -752.0, -475.0
101.869681408, -708.0, -716.0, -526.0
101.888944896, -745.0, -663.0, -567.0
101.908208512, -774.0, -664.0, -535.0
101.927472, -811.0, -624.0, -504.0
101.946735488, -803.0, -632.0, -502.0
101.965999104, -819.0, -606.0, -487.0
101.985262592, -851.0, -550.0, -501.0
102.00452608, -854.0, -456.0, -500.0
102.023789696, -873.0, -374.0, -512.0
102.043053184, -879.0, -271.0, -519.0
102.062316672, -854.0, -208.0, -514.0
102.08158016, -859.0, -124.0, -510.0
102.100843776, -858.0, -36.0, -496.0
102.120107264, -810.0, 53.0, -490.0
102.139370752, -794.0, 113.0, -490.0
102.158634368, -812.0, 155.0, -460.0
102.177897856, -770.0, 235.0, -423.0
102.197161344, -680.0, 264.0, -388.0
102.21642496, -606.0, 314.0, -373.0
102.235688448, -515.0, 359.0, -361.0
102.254951936, -448.0, 382.0, -311.0
102.274215424, -363.0, 413.0, -268.0
102.29347904, -281.0, 427.0, -239.0
102.312742548, -213.0, 457.0, -218.0
102.332007424, -152.0, 475.0, -192.0
102.35127232, -123.0, 474.0, -149.0
102.370537216, -92.0, 472.0, -98.0
102.389801984, -81.0, 446.0, -51.0
102.40906688, -81.0, 366.0, -34.0
102.428331776, -91.0, 265.0, -49.0
102.447596672, -190.0, 145.0, -81.0
102.466861568, -175.0, 24.0, -56.0
102.486126336, -56.0, -118.0, -109.0
102.505391232, 8.0, -287.0, -337.0
102.524656128, -95.0, -448.0, -243.0
102.543921024, -624.0, -330.0, -50.0
102.563185792, -995.0, -92.0, 315.0
102.582450688, 89.0, -491.0, 20.0
102.601715584, 189.0, -1070.0, -1633.0
102.62098048, -857.0, -1710.0, -1364.0
102.640245376, -1260.0, -827.0, -927.0
102.659510144, -452.0, -973.0, -964.0
102.67877504, -302.0, -1055.0, -751.0
102.698039936, -352.0, -1110.0, -523.0
102.717304832, -470.0, -991.0, -520.0
102.736569728, -364.0, -1157.0, -625.0
102.755834496, -355.0, -1245.0, -673.0
102.775099392, -330.0, -1257.0, -582.0
102.794364288, -232.0, -1251.0, -425.0
102.813629184, -135.0, -1235.0, -425.0
102.83289408, -169.0, -1250.0, -507.0
102.852158848, -281.0, -1212.0, -446.0
102.871423744, -177.0, -1261.0, -453.0
102.89068864, -219.0, -1267.0, -501.0
102.909953536, -156.0, -1380.0, -474.0
102.929218304, 14.0, -1353.0, -348.0
102.9484832, 121.0, -1390.0, -289.0
102.967748096, 99.0, -1506.0, -249.0
102.987012992, 124.0, -1499.0, -168.0
103.006277888, 139.0, -1485.0, -114.0
103.025542656, 162.0, -1515.0, -72.0
103.044807552, 196.0, -1525.0, -17.0
103.064072448, 105.0, -1517.0, -41.0
103.083337344, 139.0, -1479.0, 27.0
103.10260224, 481.0, -1588.0, -42.0
103.121867008, 838.0, -1615.0, -53.0
103.141131904, 1096.0, -1849.0, -35.0
103.1603968, 449.0, -1764.0, 56.0
103.179661696, 668.0, -1533.0, -43.0
103.198926592, 519.0, -1445.0, -107.0
103.21819136, 527.0, -1380.0, -161.0
103.237456266, 249.0, -1515.0, -94.0
103.256720768, 353.0, -1152.0, 119.0
103.27598528, 363.0, -911.0, 104.0
103.295249792, 262.0, -976.0, 23.0
103.314514176, 304.0, -704.0, 169.0
103.333778688, 221.0, -545.0, 40.0
103.3530432, 360.0, -857.0, 117.0
103.372307712, 237.0, -762.0, 59.0
103.391572224, 368.0, -758.0, 77.0
103.410836608, 357.0, -682.0, 54.0
103.43010112, 362.0, -657.0, 23.0
103.449365632, 321.0, -663.0, 3.0
103.468630144, 239.0, -628.0, -7.0
103.487894656, 121.0, -617.0, -33.0
103.507159168, 10.0, -629.0, -73.0
103.526423552, -46.0, -619.0, -115.0
103.545688064, -90.0, -628.0, -164.0
103.564952576, -150.0, -637.0, -192.0
103.584217088, -230.0, -670.0, -215.0
103.6034816, -306.0, -668.0, -254.0
103.622745984, -409.0, -666.0, -325.0
103.642010496, -497.0, -712.0, -390.0
103.661275008, -576.0, -747.0, -423.0
103.68053952, -651.0, -756.0, -466.0
103.699804032, -687.0, -759.0, -510.0
103.719068416, -699.0, -732.0, -530.0
103.738332928, -733.0, -705.0, -538.0
103.75759744, -809.0, -674.0, -530.0
103.776861952, -861.0, -640.0, -539.0
103.796126464, -878.0, -616.0, -531.0
103.815390848, -856.0, -541.0, -536.0
103.83465536, -854.0, -454.0, -532.0
103.853919872, -866.0, -371.0, -516.0
103.873184384, -875.0, -320.0, -490.0
103.892448896, -866.0, -270.0, -497.0
103.91171328, -866.0, -202.0, -518.0
103.930977792, -858.0, -125.0, -531.0
103.950242304, -850.0, -25.0, -535.0
103.969506816, -832.0, 57.0, -517.0
103.988771328, -858.0, 111.0, -496.0
104.00803584, -849.0, 174.0, -476.0
104.027300224, -812.0, 204.0, -484.0
104.046564736, -767.0, 241.0, -464.0
104.065829248, -690.0, 312.0, -440.0
104.08509376, -626.0, 345.0, -379.0
104.104358272, -557.0, 389.0, -332.0
104.123622656, -496.0, 408.0, -304.0
104.142887168, -426.0, 421.0, -282.0
104.16215168, -341.0, 444.0, -263.0
104.181416192, -276.0, 471.0, -234.0
104.200680704, -188.0, 502.0, -199.0
104.219945088, -144.0, 501.0, -159.0
104.2392096, -117.0, 483.0, -104.0
104.258474112, -107.0, 443.0, -46.0
104.277738624, -87.0, 372.0, -21.0
104.297003136, -104.0, 241.0, -14.0
104.31626752, -165.0, 105.0, -30.0
104.335532032, -190.0, 15.0, -24.0
104.354796544, -86.0, -96.0, -176.0
104.374061056, 201.0, -315.0, -399.0
104.393325516, 352.0, -525.0, -480.0
104.412590592, -360.0, -534.0, -80.0
104.431855616, -1837.0, 186.0, 744.0
104.45112064, -451.0, 77.0, 668.0
104.470385536, 983.0, -1697.0, -1660.0
104.48965056, -723.0, -1938.0, -994.0
104.508915584, -1386.0, -674.0, -886.0
104.528180608, -749.0, -821.0, -1116.0
104.547445504, -653.0, -1170.0, -1118.0
104.566710528, -748.0, -1285.0, -713.0
104.585975552, -533.0, -1091.0, -475.0
104.605240576, -222.0, -1046.0, -382.0
104.6245056, -166.0, -1218.0, -427.0
104.643770496, -203.0, -1283.0, -484.0
104.66303552, -267.0, -1289.0, -550.0
104.682300544, -324.0, -1280.0, -633.0
104.701565568, -243.0, -1230.0, -446.0
104.720830592, -108.0, -1322.0, -395.0
104.740095488, -53.0, -1274.0, -327.0
104.759360512, -29.0, -1346.0, -363.0
104.778625536, -42.0, -1356.0, -366.0
104.79789056, 4.0, -1344.0, -379.0
104.817155456, 25.0, -1407.0, -296.0
104.83642048, 73.0, -1390.0, -244.0
104.855685504, 162.0, -1305.0, -178.0
104.874950528, 214.0, -1280.0, -86.0
104.894215552, 309.0, -1432.0, -70.0
104.913480448, 334.0, -1540.0, -32.0
104.932745472, 299.0, -1505.0, 125.0
104.952010496, 341.0, -1558.0, 159.0
104.97127552, 609.0, -1691.0, -8.0
104.990540416, 710.0, -1646.0, -160.0
105.00980544, 539.0, -1624.0, -146.0
105.029070464, 639.0, -1722.0, 14.0
105.048335488, 406.0, -1344.0, -167.0
105.067600512, 635.0, -1271.0, -138.0
105.086865408, 372.0, -1483.0, -242.0
105.106130432, 295.0, -1223.0, -21.0
105.125395456, 376.0, -967.0, 31.0
105.14466048, 716.0, -1016.0, 114.0
105.163925376, 216.0, -893.0, 17.0
105.1831904, 204.0, -905.0, 87.0
105.202455424, 443.0, -826.0, 105.0
105.221720448, 422.0, -852.0, 23.0
105.240985472, 366.0, -709.0, 48.0
105.260250339, 445.0, -858.0, 172.0
105.279515392, 467.0, -815.0, 23.0
105.298780416, 433.0, -728.0, 38.0
105.31804544, 358.0, -709.0, 11.0
105.337310336, 266.0, -711.0, 8.0
105.35657536, 199.0, -694.0, 42.0
105.375840384, 148.0, -641.0, -21.0
105.395105408, 74.0, -621.0, -98.0
105.414370304, -29.0, -624.0, -144.0
105.433635328, -113.0, -648.0, -200.0
105.452900352, -183.0, -642.0, -239.0
105.472165376, -285.0, -630.0, -293.0
105.4914304, -401.0, -589.0, -344.0
105.510695296, -527.0, -637.0, -380.0
105.52996032, -617.0, -659.0, -432.0
105.549225344, -728.0, -691.0, -483.0
105.568490368, -789.0, -695.0, -532.0
105.587755392, -796.0, -696.0, -571.0
105.607020288, -805.0, -697.0, -565.0
105.626285312, -836.0, -622.0, -562.0
105.645550336, -879.0, -611.0, -545.0
105.66481536, -924.0, -550.0, -555.0
105.684080256, -920.0, -493.0, -549.0
105.70334528, -870.0, -444.0, -537.0
105.722610304, -821.0, -370.0, -531.0
105.741875328, -852.0, -257.0, -524.0
105.761140352, -870.0, -201.0, -493.0
105.780405248, -863.0, -142.0, -500.0
105.799670272, -826.0, -46.0, -493.0
105.818935296, -803.0, 50.0, -479.0
105.83820032, -784.0, 156.0, -471.0
105.857465216, -749.0, 214.0, -441.0
105.87673024, -696.0, 269.0, -412.0
105.895995264, -646.0, 305.0, -373.0
105.915260288, -585.0, 346.0, -350.0
105.934525312, -521.0, 377.0, -318.0
105.953790208, -464.0, 404.0, -284.0
105.973055232, -400.0, 431.0, -255.0
105.992320256, -323.0, 463.0, -230.0
106.01158528, -260.0, 476.0, -196.0
106.030850304, -224.0, 459.0, -142.0
106.0501152, -197.0, 442.0, -110.0
106.069380224, -160.0, 432.0, -66.0
106.088645248, -139.0, 401.0, -30.0
106.107910272, -122.0, 315.0, -27.0
106.127175168, -164.0, 223.0, -49.0
106.146440192, -197.0, 84.0, -102.0
106.165705216, -177.0, -11.0, -120.0
106.18497024, -54.0, -143.0, -162.0
106.204235264, -31.0, -294.0, -334.0
106.22350016, -328.0, -304.0, -366.0
106.242765184, -1154.0, 125.0, -37.0
106.262030208, -906.0, 87.0, 564.0
106.281295232, 1030.0, -1052.0, -696.0
106.300560128, -178.0, -2248.0, -1329.0
106.319825152, -846.0, -1192.0, -743.0
106.339090176, -493.0, -984.0, -926.0
106.3583552, -230.0, -1184.0, -884.0
106.377620224, -398.0, -1271.0, -624.0
106.39688512, -473.0, -1230.0, -592.0
106.416150144, -580.0, -985.0, -583.0
106.435415168, -468.0, -1082.0, -644.0
106.454680192, -464.0, -1198.0, -646.0
106.473945096, -364.0, -1178.0, -501.0
106.493209728, -201.0, -1041.0, -452.0
106.512474368, -111.0, -1059.0, -343.0
106.53173888, -5.0, -1107.0, -271.0
106.55100352, -51.0, -1091.0, -365.0
106.57026816, -84.0, -1073.0, -355.0
106.5895328, -47.0, -1171.0, -217.0
106.608797312, 86.0, -1342.0, -340.0
106.628061952, 33.0, -1398.0, -258.0
106.647326592, 109.0, -1386.0, -190.0
106.666591232, 179.0, -1356.0, -141.0
106.685855744, 181.0, -1362.0, -120.0
106.705120384, 287.0, -1410.0, -71.0
106.724385024, 353.0, -1541.0, -83.0
106.743649536, 416.0, -1575.0, -61.0
106.762914176, 267.0, -1479.0, 23.0
106.782178816, 257.0, -1480.0, 88.0
106.801443456, 1600.0, -1409.0, -343.0
106.820707968, 742.0, -1838.0, 59.0
106.839972608, 955.0, -1701.0, -14.0
106.859237248, 709.0, -1635.0, 96.0
106.878501888, 837.0, -1535.0, 27.0
106.8977664, 607.0, -1415.0, 30.0
106.91703104, 573.0, -1370.0, 85.0
106.93629568, 291.0, -1073.0, 76.0
106.955560192, 697.0, -1007.0, 135.0
106.974824832, 331.0, -939.0, 134.0
106.994089472, 30.0, -737.0, 194.0
107.013354112, 367.0, -650.0, 170.0
107.032618624, 474.0, -883.0, 243.0
107.051883264, 301.0, -686.0, 92.0
107.071147904, 495.0, -867.0, -58.0
107.090412544, 596.0, -896.0, 21.0
107.109677056, 516.0, -882.0, 49.0
107.128941696, 512.0, -863.0, 69.0
107.148206336, 465.0, -756.0, 31.0
107.167470848, 371.0, -743.0, -24.0
107.186735488, 262.0, -707.0, -50.0
107.206000128, 186.0, -698.0, -43.0
107.225264768, 118.0, -666.0, -40.0
107.24452928, 48.0, -638.0, -66.0
107.26379392, -54.0, -666.0, -86.0
107.28305856, -139.0, -674.0, -95.0
107.302323072, -204.0, -697.0, -131.0
107.321587712, -255.0, -697.0, -186.0
107.340852352, -322.0, -711.0, -258.0
107.360116992, -393.0, -693.0, -318.0
107.379381504, -467.0, -667.0, -360.0
107.398646144, -550.0, -631.0, -383.0
107.417910784, -685.0, -649.0, -420.0
107.437175424, -766.0, -653.0, -449.0
107.456439936, -831.0, -662.0, -472.0
107.475704552, -866.0, -666.0, -512.0
107.494969472, -822.0, -649.0, -555.0
107.514234368, -824.0, -596.0, -547.0
107.533499136, -822.0, -561.0, -517.0
107.552764032, -842.0, -507.0, -496.0
107.572028928, -861.0, -435.0, -531.0
107.591293824, -868.0, -369.0, -518.0
107.610558592, -902.0, -300.0, -522.0
107.629823488, -896.0, -220.0, -532.0
107.649088384, -910.0, -111.0, -531.0
107.66835328, -910.0, -37.0, -535.0
107.687618048, -895.0, 33.0, -531.0
107.706882944, -882.0, 82.0, -508.0
107.72614784, -851.0, 128.0, -490.0
107.745412736, -797.0, 172.0, -489.0
107.764677504, -726.0, 235.0, -466.0
107.7839424, -673.0, 287.0, -452.0
107.803207296, -637.0, 349.0, -421.0
107.822472064, -635.0, 369.0, -392.0
107.84173696, -577.0, 384.0, -378.0
107.861001856, -463.0, 397.0, -369.0
107.880266752, -367.0, 457.0, -305.0
107.89953152, -299.0, 497.0, -240.0
107.918796416, -233.0, 520.0, -181.0
107.938061312, -201.0, 496.0, -127.0
107.957326208, -157.0, 478.0, -70.0
107.976590976, -101.0, 477.0, -32.0
107.995855872, -85.0, 437.0, -1.0
108.015120768, -79.0, 326.0, 25.0
108.034385536, -107.0, 185.0, 9.0
108.053650432, -123.0, 65.0, -47.0
108.072915328, -60.0, -45.0, -137.0
108.092180224, 76.0, -159.0, -189.0
108.111444992, 131.0, -348.0, -345.0
108.130709888, -265.0, -541.0, -316.0
108.149974784, -1465.0, -117.0, 182.0
108.16923968, -1230.0, 60.0, 419.0
108.188504448, 949.0, -914.0, -500.0
108.207769344, 574.0, -1772.0, -1558.0
108.22703424, -882.0, -1104.0, -799.0
108.246299136, -750.0, -840.0, -707.0
108.265563904, -431.0, -1099.0, -951.0
108.2848288, -555.0, -1289.0, -695.0
108.304093696, -625.0, -1199.0, -621.0
108.323358464, -610.0, -1096.0, -679.0
108.34262336, -515.0, -1217.0, -682.0
108.361888256, -391.0, -1213.0, -555.0
108.381153152, -270.0, -1189.0, -387.0
108.40041792, -72.0, -1305.0, -481.0
108.419682816, -172.0, -1258.0, -600.0
108.438947712, -253.0, -1190.0, -521.0
108.458212608, -151.0, -1199.0, -387.0
108.477477376, 23.0, -1305.0, -320.0
108.496742221, 76.0, -1399.0, -318.0
108.516005376, 55.0, -1366.0, -324.0
108.53526848, -10.0, -1348.0, -330.0
108.554531456, -68.0, -1351.0, -282.0
108.57379456, 67.0, -1352.0, -249.0
108.593057536, 99.0, -1418.0, -173.0
108.61232064, 148.0, -1528.0, -146.0
108.631583616, 240.0, -1544.0, -98.0
108.65084672, 257.0, -1408.0, -78.0
108.670109696, 215.0, -1368.0, -80.0
108.6893728, 297.0, -1471.0, -26.0
108.708635776, 468.0, -1605.0, -84.0
108.72789888, 637.0, -1641.0, -88.0
108.747161856, 560.0, -1683.0, -71.0
108.76642496, 795.0, -1420.0, 186.0
108.785687936, 575.0, -1661.0, -74.0
108.80495104, 999.0, -1367.0, -68.0
108.824214016, 207.0, -1037.0, -144.0
108.84347712, 452.0, -1076.0, 50.0
108.862740096, 319.0, -1041.0, -129.0
108.8820032, 649.0, -886.0, 224.0
108.901266176, 494.0, -1515.0, -115.0
108.92052928, 468.0, -835.0, 92.0
108.939792256, 527.0, -893.0, 321.0
108.95905536, 612.0, -1145.0, 115.0
108.978318336, 716.0, -843.0, -91.0
108.99758144, 607.0, -763.0, 150.0
109.016844416, 387.0, -708.0, 86.0
109.03610752, 301.0, -676.0, 34.0
109.055370496, 210.0, -694.0, 14.0
109.0746336, 158.0, -670.0, 12.0
109.093896576, 123.0, -645.0, -10.0
109.11315968, 58.0, -640.0, -70.0
109.132422656, -35.0, -646.0, -104.0
109.15168576, -100.0, -669.0, -146.0
109.170948736, -150.0, -666.0, -194.0
109.19021184, -228.0, -678.0, -252.0
109.209474816, -316.0, -677.0, -312.0
109.22873792, -403.0, -673.0, -360.0
109.248000896, -494.0, -695.0, -397.0
109.267264, -594.0, -689.0, -437.0
109.286526976, -646.0, -675.0, -496.0
109.30579008, -671.0, -678.0, -537.0
109.325053056, -740.0, -692.0, -511.0
109.34431616, -857.0, -691.0, -518.0
109.363579136, -872.0, -655.0, -536.0
109.38284224, -888.0, -593.0, -544.0
109.402105216, -906.0, -528.0, -535.0
109.42136832, -900.0, -489.0, -536.0
109.440631296, -869.0, -410.0, -530.0
109.4598944, -880.0, -351.0, -533.0
109.479157376, -898.0, -256.0, -544.0
109.49842048, -904.0, -190.0, -520.0
109.517683456, -878.0, -94.0, -527.0
109.53694656, -886.0, 15.0, -489.0
109.556209536, -858.0, 83.0, -467.0
109.57547264, -810.0, 147.0, -439.0
109.594735616, -781.0, 196.0, -421.0
109.613998569, -710.0, 260.0, -395.0
109.633263744, -657.0, 287.0, -364.0
109.652528896, -564.0, 338.0, -316.0
109.671794048, -484.0, 364.0, -274.0
109.6910592, -390.0, 391.0, -258.0
109.71032448, -301.0, 406.0, -237.0
109.729589632, -233.0, 455.0, -210.0
109.748854784, -161.0, 500.0, -163.0
109.768119936, -106.0, 486.0, -113.0
109.787385088, -94.0, 447.0, -66.0
109.80665024, -99.0, 408.0, -29.0
109.82591552, -111.0, 353.0, -5.0
109.845180672, -136.0, 270.0, -20.0
109.864445824, -174.0, 175.0, -49.0
109.883710976, -163.0, 31.0, -72.0
109.902976128, -47.0, -66.0, -145.0
109.92224128, 44.0, -197.0, -337.0
109.94150656, -50.0, -400.0, -386.0
109.960771712, -504.0, -443.0, -162.0
109.980036864, -1383.0, 82.0, 125.0
109.999302016, -1170.0, 241.0, 571.0
110.018567168, 925.0, -1003.0, -927.0
110.03783232, -345.0, -1822.0, -1298.0
110.0570976, -907.0, -920.0, -664.0
110.076362752, -597.0, -871.0, -893.0
110.095627904, -392.0, -1068.0, -935.0
110.114893056, -423.0, -1380.0, -694.0
110.134158208, -547.0, -1297.0, -601.0
110.15342336, -478.0, -1091.0, -573.0
110.17268864, -349.0, -1215.0, -627.0
110.191953792, -384.0, -1252.0, -680.0
110.211218944, -476.0, -1218.0, -559.0
110.230484096, -327.0, -1234.0, -568.0
110.249749248, -218.0, -1262.0, -520.0
110.2690144, -188.0, -1219.0, -515.0
110.28827968, -162.0, -1197.0, -452.0
110.307544832, -112.0, -1264.0, -444.0
110.326809984, -90.0, -1287.0, -317.0
110.346075136, 63.0, -1323.0, -302.0
110.365340288, -36.0, -1355.0, -256.0
110.38460544, -62.0, -1369.0, -216.0
110.403870592, 52.0, -1404.0, -267.0
110.423135872, 89.0, -1382.0, -221.0
110.442401024, 136.0, -1495.0, -96.0
110.461666176, 216.0, -1582.0, -51.0
110.480931328, 257.0, -1477.0, -48.0
110.50019648, 266.0, -1415.0, -22.0
110.519461632, 484.0, -1569.0, -5.0
110.538726912, 695.0, -1689.0, -56.0
110.557992034, 1074.0, -1671.0, 180.0
110.577257088, 473.0, -1742.0, -93.0
110.596522112, 494.0, -1580.0, -151.0
110.615787136, 504.0, -1639.0, -184.0
110.635052032, 434.0, -1205.0, -107.0
110.654317056, 341.0, -1322.0, -81.0
110.67358208, 353.0, -1030.0, 48.0
110.692847104, 499.0, -1093.0, 170.0
110.712112, 484.0, -861.0, 139.0
110.731377024, 198.0, -872.0, 188.0
110.750642048, 263.0, -863.0, 194.0
110.769907072, 274.0, -821.0, 70.0
110.789172096, 227.0, -634.0, -76.0
110.808436992, 420.0, -729.0, -96.0
110.827702016, 235.0, -719.0, -37.0
110.84696704, 249.0, -632.0, 64.0
110.866232064, 212.0, -648.0, 40.0
110.885497088, 179.0, -651.0, -9.0
110.904761984, 107.0, -647.0, -17.0
110.924027008, 11.0, -669.0, -44.0
110.943292032, -87.0, -708.0, -85.0
110.962557056, -151.0, -714.0, -155.0
110.981821952, -208.0, -731.0, -223.0
111.001086976, -253.0, -745.0, -278.0
111.020352, -321.0, -763.0, -318.0
111.039617024, -431.0, -775.0, -373.0
111.058882048, -499.0, -752.0, -448.0
111.078146944, -553.0, -714.0, -504.0
111.097411968, -629.0, -657.0, -508.0
111.116676992, -711.0, -629.0, -511.0
111.135942016, -799.0, -641.0, -543.0
111.155206912, -845.0, -632.0, -555.0
111.174471936, -889.0, -607.0, -571.0
111.19373696, -891.0, -549.0, -570.0
111.213001984, -906.0, -448.0, -560.0
111.232267008, -912.0, -394.0, -539.0
111.251531904, -921.0, -345.0, -532.0
111.270796928, -946.0, -278.0, -543.0
111.290061952, -906.0, -197.0, -527.0
111.309326976, -880.0, -178.0, -507.0
111.328592, -857.0, -86.0, -518.0
111.347856896, -812.0, 14.0, -515.0
111.36712192, -781.0, 80.0, -496.0
111.386386944, -758.0, 160.0, -463.0
111.405651968, -694.0, 225.0, -442.0
111.424916864, -610.0, 252.0, -429.0
111.444181888, -563.0, 304.0, -396.0
111.463446912, -497.0, 343.0, -359.0
111.482711936, -434.0, 365.0, -348.0
111.50197696, -360.0, 384.0, -312.0
111.521241856, -293.0, 411.0, -279.0
111.54050688, -210.0, 439.0, -254.0
111.559771904, -140.0, 460.0, -218.0
111.579036928, -108.0, 441.0, -175.0
111.598301824, -96.0, 418.0, -142.0
111.617566848, -94.0, 380.0, -117.0
111.636831872, -99.0, 332.0, -100.0
111.656096896, -65.0, 222.0, -99.0
111.67536192, -84.0, 84.0, -120.0
111.694626816, -137.0, -3.0, -172.0
111.713891802, -201.0, -53.0, -217.0
111.73315776, -239.0, -163.0, -308.0
111.75242368, -206.0, -265.0, -280.0
111.7716896, -36.0, -325.0, -237.0
111.790955648, -726.0, 12.0, -216.0
111.810221568, -711.0, 240.0, 511.0
111.829487488, 765.0, -1342.0, -263.0
111.848753408, -272.0, -2196.0, -1433.0
111.868019456, -813.0, -1274.0, -815.0
111.887285376, -783.0, -1071.0, -1182.0
111.906551296, -449.0, -1125.0, -1074.0
111.925817216, -302.0, -1225.0, -747.0
111.945083264, -424.0, -1237.0, -625.0
111.964349184, -490.0, -1099.0, -612.0
111.983615104, -325.0, -1158.0, -606.0
112.002881024, -361.0, -1173.0, -473.0
112.022147072, -235.0, -1188.0, -462.0
112.041412992, -143.0, -1208.0, -520.0
112.060678912, -124.0, -1111.0, -393.0
112.079944832, -68.0, -1112.0, -335.0
112.09921088, 23.0, -1200.0, -303.0
112.1184768, -3.0, -1406.0, -510.0
112.13774272, -58.0, -1380.0, -478.0
112.15700864, -110.0, -1403.0, -474.0
112.176274688, 39.0, -1404.0, -315.0
112.195540608, 214.0, -1409.0, -249.0
112.214806528, 265.0, -1386.0, -182.0
112.234072448, 252.0, -1369.0, -119.0
112.253338496, 262.0, -1437.0, -53.0
112.272604416, 270.0, -1507.0, -67.0
112.291870336, 296.0, -1504.0, -32.0
112.311136256, 335.0, -1513.0, -13.0
112.330402304, 394.0, -1611.0, -71.0
112.349668224, -32.0, -1055.0, -168.0
112.368934144, 686.0, -1663.0, -88.0
112.388200064, 908.0, -1701.0, 16.0
112.407465984, 622.0, -1464.0, 19.0
112.426732032, 952.0, -1498.0, 29.0
112.445997952, 294.0, -1282.0, -131.0
112.465263872, 254.0, -1061.0, 25.0
112.484529792, 226.0, -1026.0, -131.0
112.50379584, 527.0, -1114.0, 169.0
112.52306176, 229.0, -844.0, 7.0
112.54232768, 33.0, -916.0, 146.0
112.5615936, 455.0, -923.0, 111.0
112.580859648, 483.0, -659.0, 40.0
112.600125568, 390.0, -719.0, 28.0
112.619391488, 489.0, -762.0, -12.0
112.638657408, 364.0, -808.0, 77.0
112.657923405, 340.0, -640.0, 64.0
112.677189248, 272.0, -675.0, 17.0
112.69645504, 181.0, -687.0, 33.0
112.715720832, 97.0, -680.0, 20.0
112.734986624, 10.0, -698.0, -52.0
112.754252544, -37.0, -706.0, -99.0
112.773518336, -48.0, -695.0, -174.0
112.792784128, -86.0, -725.0, -258.0
112.81204992, -164.0, -743.0, -268.0
112.831315712, -271.0, -736.0, -327.0
112.850581504, -377.0, -761.0, -392.0
112.869847424, -464.0, -830.0, -442.0
112.889113216, -518.0, -771.0, -494.0
112.908379008, -586.0, -743.0, -519.0
112.9276448, -665.0, -709.0, -525.0
112.946910592, -738.0, -691.0, -530.0
112.966176384, -782.0, -648.0, -522.0
112.985442304, -837.0, -597.0, -502.0
113.004708096, -862.0, -583.0, -498.0
113.023973888, -848.0, -567.0, -519.0
113.04323968, -811.0, -520.0, -537.0
113.062505472, -812.0, -439.0, -550.0
113.081771264, -813.0, -371.0, -533.0
113.101037184, -875.0, -272.0, -521.0
113.120302976, -860.0, -203.0, -530.0
113.139568768, -853.0, -140.0, -524.0
113.15883456, -875.0, -57.0, -494.0
113.178100352, -879.0, 33.0, -492.0
113.197366144, -825.0, 94.0, -492.0
113.216632064, -782.0, 148.0, -474.0
113.235897856, -732.0, 205.0, -468.0
113.255163648, -678.0, 267.0, -465.0
113.27442944, -631.0, 311.0, -422.0
113.293695232, -584.0, 368.0, -391.0
113.312961024, -536.0, 393.0, -372.0
113.332226944, -493.0, 424.0, -357.0
113.351492736, -434.0, 448.0, -335.0
113.370758528, -380.0, 495.0, -307.0
113.39002432, -313.0, 520.0, -281.0
113.409290112, -253.0, 546.0, -237.0
113.428555904, -210.0, 535.0, -181.0
113.447821824, -185.0, 485.0, -97.0
113.467087616, -164.0, 500.0, 2.0
113.486353408, 21.0, 453.0, -2.0
113.5056192, 369.0, 292.0, -67.0
113.524884992, 399.0, 125.0, 117.0
113.544150784, 66.0, -60.0, 144.0
113.563416704, -232.0, -127.0, 69.0
113.582682496, -475.0, -197.0, -176.0
113.601948288, -562.0, -321.0, -360.0
113.62121408, -584.0, -357.0, -232.0
113.640479872, -1069.0, -212.0, -52.0
113.659745664, -1523.0, 202.0, 263.0
113.679011584, -106.0, -193.0, 71.0
113.698277376, 1209.0, -1339.0, -1470.0
113.717543168, -764.0, -1637.0, -1313.0
113.73680896, -1087.0, -986.0, -569.0
113.756074752, -359.0, -918.0, -665.0
113.775340544, -222.0, -1122.0, -676.0
113.794606464, -519.0, -1396.0, -646.0
113.813872256, -653.0, -1243.0, -629.0
113.833138012, -486.0, -1099.0, -761.0
113.85240512, -452.0, -1308.0, -710.0
113.871672192, -307.0, -1358.0, -528.0
113.890939136, -177.0, -1320.0, -487.0
113.910206208, -197.0, -1313.0, -536.0
113.929473152, -293.0, -1142.0, -429.0
113.948740224, -202.0, -1188.0, -417.0
113.968007168, -258.0, -1309.0, -407.0
113.98727424, -171.0, -1322.0, -338.0
114.006541184, -28.0, -1326.0, -361.0
114.025808256, 11.0, -1259.0, -336.0
114.0450752, 8.0, -1262.0, -226.0
114.064342272, 64.0, -1391.0, -236.0
114.083609216, 50.0, -1423.0, -212.0
114.102876288, 120.0, -1471.0, -101.0
114.12214336, 240.0, -1539.0, -74.0
114.141410304, 272.0, -1540.0, -140.0
114.160677376, 203.0, -1480.0, -146.0
114.17994432, 241.0, -1491.0, -101.0
114.199211392, 471.0, -1600.0, -96.0
114.218478336, 684.0, -1592.0, -154.0
114.237745408, 592.0, -1705.0, -173.0
114.257012352, 611.0, -1537.0, -62.0
114.276279424, 602.0, -1401.0, -43.0
114.295546368, 711.0, -1447.0, -76.0
114.31481344, 516.0, -1303.0, -46.0
114.334080512, 382.0, -1225.0, 37.0
114.353347456, 269.0, -1092.0, 18.0
114.372614528, 530.0, -1016.0, 159.0
114.391881472, 120.0, -932.0, 45.0
114.411148544, 309.0, -873.0, 110.0
114.430415488, 433.0, -733.0, 92.0
114.44968256, 401.0, -714.0, 17.0
114.468949504, 310.0, -583.0, -56.0
114.488216576, 496.0, -859.0, -44.0
114.50748352, 340.0, -797.0, 7.0
114.526750592, 278.0, -625.0, 47.0
114.546017536, 181.0, -648.0, 2.0
114.565284608, 109.0, -678.0, -8.0
114.58455168, 70.0, -658.0, -13.0
114.603818624, 21.0, -640.0, -78.0
114.623085696, -40.0, -664.0, -139.0
114.64235264, -90.0, -705.0, -216.0
114.661619712, -139.0, -718.0, -304.0
114.680886656, -223.0, -696.0, -355.0
114.700153728, -332.0, -702.0, -433.0
114.719420672, -407.0, -690.0, -490.0
114.738687744, -528.0, -680.0, -523.0
114.757954688, -645.0, -658.0, -547.0
114.77722176, -689.0, -654.0, -532.0
114.796488704, -747.0, -631.0, -540.0
114.815755776, -807.0, -648.0, -543.0
114.835022848, -848.0, -625.0, -540.0
114.854289792, -882.0, -580.0, -541.0
114.873556864, -925.0, -568.0, -548.0
114.892823808, -905.0, -530.0, -547.0
114.91209088, -877.0, -458.0, -560.0
114.931357824, -862.0, -373.0, -545.0
114.950624776, -826.0, -301.0, -544.0
114.96988928, -834.0, -213.0, -543.0
114.989153792, -813.0, -113.0, -552.0
115.008418432, -818.0, -28.0, -540.0
115.027682944, -821.0, 71.0, -528.0
115.046947456, -817.0, 139.0, -480.0
115.066211968, -740.0, 180.0, -472.0
115.085476608, -743.0, 246.0, -478.0
115.10474112, -771.0, 357.0, -451.0
115.124005632, -623.0, 429.0, -407.0
115.143270144, -444.0, 422.0, -359.0
115.162534784, -367.0, 398.0, -323.0
115.181799296, -348.0, 477.0, -259.0
115.201063808, -323.0, 526.0, -265.0
115.22032832, -302.0, 524.0, -224.0
115.23959296, -279.0, 539.0, -171.0
115.258857472, -234.0, 566.0, -117.0
115.278121984, -192.0, 552.0, -82.0
115.297386496, -162.0, 528.0, -56.0
115.316651136, -104.0, 472.0, -52.0
115.335915648, -75.0, 401.0, -32.0
115.35518016, -50.0, 319.0, -12.0
115.374444672, -83.0, 166.0, -13.0
115.393709312, -42.0, -20.0, -67.0
115.412973824, 107.0, -187.0, -135.0
115.432238336, 128.0, -345.0, -289.0
115.451502848, -305.0, -448.0, -351.0
115.470767488, -1122.0, -171.0, -100.0
115.490032, -1516.0, 557.0, 417.0
115.509296512, 163.0, -293.0, 550.0
115.528561024, 1173.0, -2105.0, -1292.0
115.547825664, -853.0, -1547.0, -899.0
115.567090176, -849.0, -938.0, -1081.0
115.586354688, -591.0, -838.0, -1386.0
115.6056192, -510.0, -1209.0, -999.0
115.62488384, -509.0, -1335.0, -724.0
115.644148352, -422.0, -1097.0, -467.0
115.663412864, -216.0, -1126.0, -485.0
115.682677376, -300.0, -1165.0, -496.0
115.701942016, -414.0, -1164.0, -584.0
115.721206528, -322.0, -1170.0, -632.0
115.74047104, -189.0, -1248.0, -507.0
115.759735552, -113.0, -1209.0, -468.0
115.779000192, -123.0, -1195.0, -482.0
115.798264704, -203.0, -1137.0, -406.0
115.817529216, 16.0, -1244.0, -320.0
115.836793728, 71.0, -1394.0, -391.0
115.856058368, 10.0, -1500.0, -371.0
115.87532288, -16.0, -1591.0, -330.0
115.894587392, 0.0, -1539.0, -335.0
115.913851904, -40.0, -1477.0, -281.0
115.933116544, 18.0, -1503.0, -60.0
115.952381056, 269.0, -1584.0, -4.0
115.971645568, 353.0, -1545.0, -53.0
115.990910154, 348.0, -1438.0, -38.0
116.010173824, 328.0, -1460.0, -58.0
116.02943744, 516.0, -1605.0, -27.0
116.048700928, 613.0, -1682.0, -23.0
116.067964544, 595.0, -1736.0, -106.0
116.08722816, 727.0, -1739.0, -194.0
116.106491776, 372.0, -1404.0, -62.0
116.125755264, 479.0, -1430.0, -179.0
116.14501888, 308.0, -1427.0, -121.0
116.164282496, 292.0, -1260.0, -133.0
116.183546112, 191.0, -1048.0, -24.0
116.2028096, 643.0, -1023.0, 85.0
116.222073216, 199.0, -898.0, 102.0
116.241336832, 190.0, -784.0, 193.0
116.26060032, 368.0, -778.0, 174.0
116.279863936, 392.0, -717.0, 52.0
116.299127552, 211.0, -576.0, -84.0
116.318391168, 437.0, -833.0, 64.0
116.337654656, 322.0, -735.0, 19.0
116.356918272, 287.0, -663.0, 37.0
116.376181888, 172.0, -603.0, 36.0
116.395445504, 108.0, -602.0, 10.0
116.414708992, 22.0, -628.0, -15.0
116.433972608, -51.0, -628.0, -64.0
116.453236224, -104.0, -658.0, -117.0
116.47249984, -161.0, -660.0, -172.0
116.491763328, -218.0, -679.0, -261.0
116.511026944, -299.0, -689.0, -310.0
116.53029056, -395.0, -716.0, -349.0
116.549554048, -494.0, -699.0, -374.0
116.568817664, -595.0, -725.0, -397.0
116.58808128, -681.0, -724.0, -471.0
116.607344896, -718.0, -732.0, -497.0
116.626608384, -781.0, -695.0, -482.0
116.645872, -898.0, -705.0, -506.0
116.665135616, -920.0, -689.0, -527.0
116.684399232, -902.0, -667.0, -532.0
116.70366272, -893.0, -606.0, -519.0
116.722926336, -932.0, -534.0, -502.0
116.742189952, -919.0, -472.0, -507.0
116.76145344, -896.0, -395.0, -523.0
116.780717056, -914.0, -295.0, -521.0
116.799980672, -886.0, -232.0, -503.0
116.819244288, -879.0, -151.0, -497.0
116.838507776, -852.0, -45.0, -487.0
116.857771392, -818.0, 44.0, -473.0
116.877035008, -793.0, 101.0, -453.0
116.896298624, -766.0, 154.0, -451.0
116.915562112, -700.0, 186.0, -448.0
116.934825728, -655.0, 245.0, -441.0
116.954089344, -600.0, 327.0, -409.0
116.97335296, -557.0, 372.0, -372.0
116.992616448, -503.0, 423.0, -340.0
117.011880064, -442.0, 467.0, -287.0
117.03114368, -367.0, 482.0, -278.0
117.050407168, -316.0, 495.0, -258.0
117.069670784, -252.0, 505.0, -225.0
117.0889344, -189.0, 519.0, -185.0
117.108198016, -157.0, 509.0, -135.0
117.127461504, -121.0, 467.0, -76.0
117.14672512, -141.0, 416.0, -32.0
117.165988736, -130.0, 364.0, -1.0
117.185252352, -105.0, 274.0, -20.0
117.20451584, -78.0, 106.0, -63.0
117.223779368, -68.0, -44.0, -132.0
117.243044992, -36.0, -98.0, -206.0
117.262310656, -31.0, -294.0, -330.0
117.281576192, -208.0, -477.0, -418.0
117.300841856, -563.0, -443.0, -118.0
117.32010752, -1250.0, 84.0, 194.0
117.339373056, -508.0, -102.0, 571.0
117.35863872, 1162.0, -1340.0, -999.0
117.377904256, -415.0, -2157.0, -1161.0
117.39716992, -900.0, -1087.0, -687.0
117.416435584, -634.0, -1007.0, -1057.0
117.43570112, -525.0, -1075.0, -1074.0
117.454966784, -738.0, -1183.0, -973.0
117.474232448, -774.0, -1120.0, -722.0
117.493497984, -440.0, -1097.0, -485.0
117.512763648, -95.0, -1265.0, -545.0
117.532029312, -158.0, -1211.0, -457.0
117.551294848, -235.0, -1183.0, -435.0
117.570560512, -271.0, -1169.0, -480.0
117.589826176, -157.0, -1115.0, -472.0
117.609091712, -144.0, -1282.0, -570.0
117.628357376, -180.0, -1334.0, -433.0
117.647622912, -112.0, -1252.0, -428.0
117.666888576, -5.0, -1205.0, -329.0
117.68615424, 48.0, -1250.0, -355.0
117.705419776, 64.0, -1347.0, -291.0
117.72468544, 27.0, -1431.0, -287.0
117.743951104, 34.0, -1340.0, -150.0
117.76321664, 181.0, -1383.0, -48.0
117.782482304, 296.0, -1585.0, -78.0
117.801747968, 238.0, -1526.0, -46.0
117.821013504, 178.0, -1392.0, 24.0
117.840279168, 299.0, -1450.0, -4.0
117.859544704, 626.0, -1622.0, -27.0
117.878810368, 784.0, -1656.0, -56.0
117.898076032, 686.0, -1635.0, -84.0
117.917341568, 642.0, -1586.0, -59.0
117.936607232, 524.0, -1504.0, -29.0
117.955872896, 697.0, -1409.0, -122.0
117.975138432, 353.0, -1447.0, -165.0
117.994404096, 205.0, -1321.0, -37.0
118.01366976, 224.0, -1199.0, 24.0
118.032935296, 558.0, -1029.0, 90.0
118.05220096, 230.0, -1000.0, 77.0
118.071466496, 230.0, -821.0, 82.0
118.09073216, 486.0, -803.0, 142.0
118.109997824, 482.0, -806.0, 154.0
118.12926336, 403.0, -886.0, 105.0
118.148529024, 425.0, -787.0, 213.0
118.167794688, 312.0, -748.0, 101.0
118.187060224, 332.0, -682.0, 46.0
118.206325888, 287.0, -707.0, -33.0
118.225591552, 220.0, -686.0, -38.0
118.244857088, 132.0, -677.0, -47.0
118.264122732, 65.0, -671.0, -84.0
118.283389824, 14.0, -674.0, -143.0
118.302656896, -21.0, -691.0, -185.0
118.321924096, -92.0, -712.0, -178.0
118.341191168, -121.0, -702.0, -195.0
118.360458368, -205.0, -679.0, -258.0
118.37972544, -301.0, -676.0, -307.0
118.398992512, -407.0, -680.0, -341.0
118.418259712, -502.0, -685.0, -402.0
118.437526784, -585.0, -697.0, -437.0
118.456793984, -668.0, -693.0, -461.0
118.476061056, -750.0, -676.0, -497.0
118.495328128, -796.0, -648.0, -527.0
118.514595328, -822.0, -634.0, -552.0
118.5338624, -863.0, -604.0, -566.0
118.5531296, -858.0, -562.0, -558.0
118.572396672, -874.0, -477.0, -556.0
118.591663744, -898.0, -436.0, -518.0
118.610930944, -903.0, -395.0, -534.0
118.630198016, -902.0, -322.0, -532.0
118.649465216, -872.0, -248.0, -534.0
118.668732288, -883.0, -153.0, -538.0
118.68799936, -865.0, -62.0, -534.0
118.70726656, -840.0, 38.0, -509.0
118.726533632, -813.0, 107.0, -487.0
118.745800832, -782.0, 172.0, -466.0
118.765067904, -753.0, 229.0, -445.0
118.784334976, -693.0, 262.0, -420.0
118.803602176, -629.0, 303.0, -383.0
118.822869248, -551.0, 352.0, -345.0
118.842136448, -496.0, 389.0, -319.0
118.86140352, -425.0, 411.0, -285.0
118.880670592, -360.0, 456.0, -257.0
118.899937792, -311.0, 488.0, -233.0
118.919204864, -269.0, 516.0, -201.0
118.938472064, -197.0, 517.0, -161.0
118.957739136, -168.0, 499.0, -98.0
118.977006208, -142.0, 457.0, -44.0
118.996273408, -117.0, 371.0, -6.0
119.01554048, -121.0, 283.0, 14.0
119.03480768, -154.0, 195.0, 6.0
119.054074752, -149.0, 51.0, -46.0
119.073341824, -66.0, -70.0, -130.0
119.092609024, 165.0, -281.0, -250.0
119.111876096, 126.0, -579.0, -337.0
119.131143296, -376.0, -572.0, -273.0
119.150410368, -1338.0, 115.0, -10.0
119.16967744, -1098.0, 294.0, 549.0
119.18894464, 1172.0, -1154.0, -38.0
119.208211712, -6.0, -2262.0, -1568.0
119.227478912, -1029.0, -981.0, -592.0
119.246745984, -925.0, -901.0, -798.0
119.266013056, -503.0, -1141.0, -1117.0
119.285280256, -643.0, -1465.0, -879.0
119.304547328, -538.0, -1250.0, -618.0
119.323814499, -299.0, -1073.0, -484.0
119.343080704, -209.0, -1299.0, -469.0
119.36234688, -272.0, -1364.0, -448.0
119.381612928, -331.0, -1331.0, -563.0
119.400879104, -289.0, -1160.0, -498.0
119.42014528, -187.0, -1183.0, -372.0
119.439411456, -123.0, -1305.0, -464.0
119.458677504, -89.0, -1310.0, -442.0
119.47794368, -82.0, -1263.0, -446.0
119.497209856, -94.0, -1298.0, -432.0
119.516476032, 13.0, -1386.0, -359.0
119.53574208, 67.0, -1452.0, -358.0
119.555008256, 34.0, -1502.0, -291.0
119.574274432, 75.0, -1446.0, -191.0
119.59354048, 151.0, -1403.0, -111.0
119.612806656, 273.0, -1479.0, -78.0
119.632072832, 308.0, -1497.0, -90.0
119.651339008, 311.0, -1381.0, 16.0
119.670605056, 316.0, -1352.0, 85.0
119.689871232, 455.0, -1422.0, 77.0
119.709137408, 700.0, -1476.0, 43.0
119.728403456, 1109.0, -1507.0, 235.0
119.747669632, 684.0, -1569.0, -47.0
119.766935808, 655.0, -1538.0, -50.0
119.786201984, 512.0, -1365.0, -35.0
119.805468032, 492.0, -1271.0, -124.0
119.824734208, 329.0, -1276.0, -134.0
119.844000384, 334.0, -1050.0, 38.0
119.86326656, 564.0, -946.0, 19.0
119.882532608, 323.0, -937.0, 104.0
119.901798784, 411.0, -656.0, 97.0
119.92106496, 418.0, -770.0, 160.0
119.940331008, 442.0, -840.0, 196.0
119.959597184, 303.0, -699.0, 86.0
119.97886336, 516.0, -765.0, 107.0
119.998129536, 355.0, -814.0, 148.0
120.017395584, 297.0, -673.0, 98.0
120.03666176, 217.0, -701.0, 43.0
120.055927936, 187.0, -707.0, -19.0
120.075193984, 138.0, -695.0, -66.0
120.09446016, 71.0, -735.0, -104.0
120.113726336, 19.0, -757.0, -126.0
120.132992512, -56.0, -772.0, -154.0
120.15225856, -83.0, -807.0, -205.0
120.171524736, -110.0, -821.0, -271.0
120.190790912, -178.0, -808.0, -323.0
120.210057088, -301.0, -789.0, -328.0
120.229323136, -425.0, -779.0, -380.0
120.248589312, -501.0, -755.0, -426.0
120.267855488, -562.0, -731.0, -441.0
120.287121536, -649.0, -726.0, -446.0
120.306387712, -671.0, -702.0, -476.0
120.325653888, -673.0, -668.0, -479.0
120.344920064, -727.0, -622.0, -468.0
120.364186112, -814.0, -601.0, -461.0
120.383452288, -824.0, -560.0, -512.0
120.402718464, -813.0, -490.0, -530.0
120.421984512, -809.0, -408.0, -533.0
120.441250688, -852.0, -354.0, -530.0
120.460516864, -889.0, -278.0, -515.0
120.479782931, -891.0, -205.0, -523.0
120.499049856, -881.0, -153.0, -534.0
120.5183168, -845.0, -63.0, -534.0
120.537583744, -825.0, 27.0, -537.0
120.556850688, -789.0, 105.0, -516.0
120.576117632, -777.0, 158.0, -485.0
120.595384576, -732.0, 202.0, -453.0
120.61465152, -681.0, 227.0, -422.0
120.633918464, -621.0, 279.0, -393.0
120.653185408, -556.0, 339.0, -360.0
120.672452352, -507.0, 384.0, -331.0
120.691719296, -452.0, 413.0, -304.0
120.71098624, -398.0, 429.0, -270.0
120.730253184, -313.0, 437.0, -224.0
120.749520128, -221.0, 444.0, -178.0
120.768787072, -173.0, 460.0, -111.0
120.788054016, -141.0, 440.0, -49.0
120.80732096, -192.0, 419.0, 20.0
120.826587904, -97.0, 360.0, -12.0
120.845854848, 102.0, 222.0, -164.0
120.865121792, 219.0, 58.0, -9.0
120.884388736, 138.0, -56.0, 33.0
120.90365568, 1.0, -120.0, -138.0
120.922922624, -354.0, -268.0, -338.0
120.942189568, -639.0, -376.0, -342.0
120.961456512, -803.0, -229.0, -136.0
120.980723456, -1107.0, -12.0, 539.0
120.9999904, 432.0, -694.0, 427.0
121.019257344, 915.0, -1768.0, -1575.0
121.038524288, -802.0, -1431.0, -1341.0
121.057791232, -1237.0, -752.0, -834.0
121.077058176, -459.0, -1102.0, -988.0
121.09632512, -354.0, -1290.0, -646.0
121.115592064, -526.0, -1312.0, -486.0
121.134859136, -461.0, -1179.0, -522.0
121.15412608, -359.0, -1119.0, -675.0
121.173393024, -319.0, -1192.0, -572.0
121.192659968, -194.0, -1353.0, -462.0
121.211926912, -170.0, -1424.0, -435.0
121.231193856, -100.0, -1358.0, -418.0
121.2504608, -156.0, -1314.0, -515.0
121.269727744, -262.0, -1308.0, -502.0
121.288994688, -220.0, -1293.0, -412.0
121.308261632, -112.0, -1348.0, -404.0
121.327528576, -2.0, -1357.0, -395.0
121.34679552, 23.0, -1355.0, -492.0
121.366062464, 9.0, -1298.0, -402.0
121.385329408, 35.0, -1263.0, -282.0
121.404596352, 149.0, -1311.0, -195.0
121.423863296, 234.0, -1372.0, -79.0
121.44313024, 312.0, -1341.0, -45.0
121.462397184, 298.0, -1310.0, -5.0
121.481664128, 286.0, -1347.0, -19.0
121.500931072, 440.0, -1415.0, -77.0
121.520198015, 608.0, -1451.0, -72.0
121.53946432, 365.0, -1459.0, 17.0
121.558730624, 608.0, -1522.0, -21.0
121.577996928, 588.0, -1288.0, 17.0
121.597263232, 697.0, -1264.0, -23.0
121.616529536, 544.0, -1314.0, -145.0
121.63579584, 243.0, -1210.0, -79.0
121.655062016, 266.0, -1069.0, -23.0
121.67432832, 548.0, -919.0, 90.0
121.693594624, 296.0, -929.0, 96.0
121.712860928, 207.0, -919.0, 86.0
121.732127232, 329.0, -761.0, 59.0
121.751393536, 582.0, -928.0, 174.0
121.77065984, 339.0, -705.0, 33.0
121.789926144, 275.0, -684.0, 145.0
121.809192448, 431.0, -936.0, 169.0
121.828458752, 490.0, -882.0, 150.0
121.847725056, 403.0, -926.0, 2.0
121.86699136, 355.0, -942.0, -26.0
121.886257536, 310.0, -970.0, -48.0
121.90552384, 248.0, -994.0, -79.0
121.924790144, 238.0, -956.0, -124.0
121.944056448, 192.0, -933.0, -172.0
121.963322752, 123.0, -933.0, -180.0
121.982589056, 53.0, -940.0, -217.0
122.00185536, 13.0, -928.0, -215.0
122.021121664, -81.0, -910.0, -243.0
122.040387968, -181.0, -874.0, -279.0
122.059654272, -242.0, -843.0, -319.0
122.078920576, -334.0, -809.0, -341.0
122.09818688, -413.0, -756.0, -368.0
122.117453056, -502.0, -730.0, -390.0
122.13671936, -585.0, -689.0, -418.0
122.155985664, -656.0, -640.0, -459.0
122.175251968, -721.0, -619.0, -476.0
122.194518272, -791.0, -561.0, -499.0
122.213784576, -849.0, -525.0, -506.0
122.23305088, -850.0, -490.0, -509.0
122.252317184, -819.0, -434.0, -513.0
122.271583488, -796.0, -396.0, -499.0
122.290849792, -784.0, -330.0, -513.0
122.310116096, -794.0, -245.0, -517.0
122.3293824, -781.0, -149.0, -512.0
122.348648576, -749.0, -94.0, -501.0
122.36791488, -758.0, -16.0, -485.0
122.387181184, -728.0, 91.0, -477.0
122.406447488, -682.0, 168.0, -479.0
122.425713792, -657.0, 237.0, -447.0
122.444980096, -606.0, 291.0, -418.0
122.4642464, -547.0, 323.0, -378.0
122.483512704, -459.0, 344.0, -348.0
122.502779008, -399.0, 383.0, -306.0
122.522045312, -310.0, 423.0, -261.0
122.541311616, -237.0, 452.0, -206.0
122.56057792, -168.0, 465.0, -150.0
122.579844096, -134.0, 462.0, -81.0
122.5991104, -156.0, 441.0, -15.0
122.618376704, -107.0, 427.0, -7.0
122.637643008, 197.0, 283.0, -302.0
122.656909312, 389.0, 155.0, -31.0
122.676175603, 154.0, 45.0, 126.0
122.69544256, -173.0, -90.0, 146.0
122.714709504, -394.0, -141.0, -29.0
122.733976448, -535.0, -218.0, -296.0
122.753243392, -445.0, -347.0, -173.0
122.772510336, -754.0, -141.0, 78.0
122.79177728, -891.0, 31.0, 366.0
122.811044224, 275.0, -751.0, 9.0
122.830311168, 381.0, -1649.0, -1571.0
122.849578112, -908.0, -1584.0, -1007.0
122.868845056, -1124.0, -946.0, -881.0
122.888112, -388.0, -1117.0, -879.0
122.907378944, -344.0, -1311.0, -650.0
122.926645888, -527.0, -1336.0, -639.0
122.945912832, -496.0, -1124.0, -694.0
122.965179776, -388.0, -1123.0, -657.0
122.98444672, -252.0, -1320.0, -558.0
123.003713664, -208.0, -1394.0, -579.0
123.022980608, -159.0, -1278.0, -511.0
123.042247552, -163.0, -1199.0, -478.0
123.061514496, -230.0, -1187.0, -346.0
123.08078144, -102.0, -1316.0, -313.0
123.100048384, -120.0, -1441.0, -362.0
123.1193152, -136.0, -1452.0, -402.0
123.138582144, -163.0, -1477.0, -507.0
123.157849088, -52.0, -1462.0, -401.0
123.177116032, 2.0, -1466.0, -280.0
123.196382976, 77.0, -1402.0, -184.0
123.21564992, 172.0, -1373.0, -131.0
123.234916864, 239.0, -1436.0, -55.0
123.254183808, 232.0, -1550.0, -59.0
123.273450752, 184.0, -1495.0, -61.0
123.292717696, 200.0, -1337.0, -34.0
123.31198464, 320.0, -1428.0, -44.0
123.331251584, 556.0, -1506.0, -32.0
123.350518528, 719.0, -1647.0, -33.0
123.369785472, 785.0, -1543.0, 9.0
123.389052416, 527.0, -1155.0, 128.0
123.40831936, 776.0, -1311.0, -6.0
123.427586304, 284.0, -1199.0, -134.0
123.446853248, 169.0, -1261.0, -43.0
123.466120192, -7.0, -998.0, -98.0
123.485387136, 732.0, -1030.0, 350.0
123.50465408, 210.0, -1573.0, 904.0
123.523921024, 179.0, -732.0, 130.0
123.543187968, 384.0, -572.0, -67.0
123.562454912, 348.0, -867.0, 147.0
123.581721856, 336.0, -760.0, 26.0
123.6009888, 344.0, -754.0, 120.0
123.620255744, 336.0, -732.0, 66.0
123.639522688, 319.0, -731.0, 34.0
123.658789592, 265.0, -714.0, 19.0
123.678054528, 163.0, -684.0, 5.0
123.697319424, 48.0, -691.0, -27.0
123.716584448, -33.0, -724.0, -67.0
123.735849344, -86.0, -741.0, -97.0
123.75511424, -153.0, -752.0, -140.0
123.774379264, -241.0, -780.0, -159.0
123.79364416, -299.0, -792.0, -236.0
123.812909184, -340.0, -777.0, -324.0
123.83217408, -402.0, -764.0, -407.0
123.851438976, -475.0, -758.0, -449.0
123.870704, -531.0, -756.0, -477.0
123.889968896, -566.0, -709.0, -479.0
123.909233792, -629.0, -704.0, -487.0
123.928498816, -676.0, -695.0, -493.0
123.947763712, -700.0, -692.0, -514.0
123.967028608, -754.0, -660.0, -546.0
123.986293632, -773.0, -587.0, -560.0
124.005558528, -842.0, -515.0, -544.0
124.024823552, -868.0, -454.0, -547.0
124.044088448, -881.0, -379.0, -536.0
124.063353344, -892.0, -311.0, -504.0
124.082618368, -902.0, -252.0, -511.0
124.101883264, -900.0, -202.0, -526.0
124.12114816, -853.0, -126.0, -520.0
124.140413184, -831.0, -62.0, -507.0
124.15967808, -799.0, 13.0, -503.0
124.178942976, -791.0, 76.0, -484.0
124.198208, -770.0, 151.0, -462.0
124.217472896, -786.0, 234.0, -442.0
124.23673792, -781.0, 293.0, -419.0
124.256002816, -742.0, 329.0, -395.0
124.275267712, -699.0, 364.0, -376.0
124.294532736, -640.0, 401.0, -346.0
124.313797632, -595.0, 442.0, -332.0
124.333062528, -533.0, 476.0, -315.0
124.352327552, -469.0, 508.0, -295.0
124.371592448, -392.0, 518.0, -274.0
124.390857344, -311.0, 525.0, -247.0
124.410122368, -231.0, 528.0, -212.0
124.429387264, -175.0, 535.0, -173.0
124.448652288, -120.0, 530.0, -123.0
124.467917184, -126.0, 482.0, -48.0
124.48718208, -143.0, 402.0, -9.0
124.506447104, -172.0, 317.0, 14.0
124.525712, -112.0, 164.0, 3.0
124.544976896, -57.0, 58.0, 6.0
124.56424192, 100.0, -47.0, -53.0
124.583506816, 250.0, -236.0, -205.0
124.602771712, 174.0, -349.0, -352.0
124.622036736, -456.0, -443.0, -50.0
124.641301632, -1386.0, -47.0, 188.0
124.660566656, -1140.0, 138.0, 579.0
124.679831552, 1322.0, -1253.0, -262.0
124.699096448, 109.0, -2128.0, -1933.0
124.718361472, -1203.0, -1006.0, -489.0
124.737626368, -1092.0, -999.0, -826.0
124.756891313, -393.0, -998.0, -1008.0
124.77615616, -708.0, -1125.0, -767.0
124.795421056, -609.0, -1173.0, -654.0
124.814685952, -446.0, -1108.0, -576.0
124.833950848, -248.0, -1190.0, -456.0
124.853215744, -162.0, -1349.0, -476.0
124.872480512, -183.0, -1335.0, -527.0
124.891745408, -309.0, -1221.0, -542.0
124.911010304, -230.0, -1302.0, -378.0
124.9302752, -158.0, -1464.0, -409.0
124.949540096, -45.0, -1421.0, -452.0
124.968804992, -45.0, -1397.0, -519.0
124.988069888, -68.0, -1400.0, -315.0
125.007334784, 37.0, -1539.0, -354.0
125.02659968, -32.0, -1705.0, -405.0
125.045864576, -140.0, -1638.0, -392.0
125.065129344, -105.0, -1558.0, -318.0
125.08439424, -28.0, -1371.0, -161.0
125.103659136, 128.0, -1332.0, -8.0
125.122924032, 285.0, -1543.0, 5.0
125.142188928, 353.0, -1504.0, 14.0
125.161453824, 376.0, -1453.0, 98.0
125.18071872, 532.0, -1476.0, 35.0
125.199983616, 659.0, -1509.0, -26.0
125.219248512, 606.0, -1638.0, -19.0
125.238513408, 821.0, -1553.0, -105.0
125.257778176, 697.0, -1299.0, -130.0
125.277043072, 732.0, -1453.0, -112.0
125.296307968, 255.0, -1173.0, -208.0
125.315572864, 233.0, -1220.0, -33.0
125.33483776, 144.0, -1133.0, 99.0
125.354102656, 639.0, -1116.0, 58.0
125.373367552, 107.0, -898.0, -4.0
125.392632448, 134.0, -827.0, 222.0
125.411897344, 366.0, -755.0, 99.0
125.43116224, 278.0, -564.0, -27.0
125.450427008, 329.0, -706.0, -65.0
125.469691904, 450.0, -610.0, 9.0
125.4889568, 260.0, -652.0, 43.0
125.508221696, 197.0, -589.0, 80.0
125.527486592, 137.0, -594.0, 37.0
125.546751488, 98.0, -600.0, 37.0
125.566016384, 9.0, -584.0, -5.0
125.58528128, -73.0, -568.0, -62.0
125.604546176, -158.0, -589.0, -101.0
125.623811072, -242.0, -639.0, -140.0
125.64307584, -307.0, -679.0, -215.0
125.662340736, -399.0, -715.0, -294.0
125.681605632, -515.0, -726.0, -370.0
125.700870528, -620.0, -776.0, -429.0
125.720135424, -697.0, -816.0, -487.0
125.73940032, -711.0, -825.0, -531.0
125.758665216, -715.0, -774.0, -567.0
125.777930112, -708.0, -774.0, -531.0
125.797195003, -747.0, -741.0, -482.0
125.816458496, -776.0, -728.0, -482.0
125.835721984, -777.0, -695.0, -484.0
125.854985344, -834.0, -637.0, -489.0
125.874248832, -861.0, -551.0, -511.0
125.89351232, -905.0, -468.0, -507.0
125.91277568, -912.0, -378.0, -474.0
125.932039168, -918.0, -270.0, -471.0
125.951302656, -942.0, -217.0, -446.0
125.970566016, -906.0, -158.0, -461.0
125.989829504, -919.0, -113.0, -473.0
126.009092992, -875.0, -30.0, -475.0
126.028356352, -841.0, 45.0, -452.0
126.04761984, -815.0, 98.0, -426.0
126.0668832, -791.0, 139.0, -404.0
126.086146688, -735.0, 204.0, -388.0
126.105410176, -692.0, 247.0, -364.0
126.124673536, -614.0, 288.0, -354.0
126.143937024, -552.0, 309.0, -323.0
126.163200512, -465.0, 341.0, -285.0
126.182463872, -387.0, 361.0, -245.0
126.20172736, -312.0, 388.0, -213.0
126.220990848, -228.0, 409.0, -170.0
126.240254208, -173.0, 402.0, -107.0
126.259517696, -144.0, 374.0, -61.0
126.278781184, -127.0, 310.0, -32.0
126.298044544, -115.0, 198.0, -8.0
126.317308032, -169.0, 103.0, -28.0
126.33657152, -201.0, 19.0, -51.0
126.35583488, -173.0, -72.0, -105.0
126.375098368, -135.0, -215.0, -221.0
126.394361856, -95.0, -409.0, -349.0
126.413625216, -221.0, -495.0, -392.0
126.432888704, -813.0, -128.0, -150.0
126.452152192, -1240.0, 168.0, 236.0
126.471415552, 291.0, -374.0, 259.0
126.49067904, 457.0, -1665.0, -1009.0
126.5099424, -600.0, -1335.0, -800.0
126.529205888, -668.0, -917.0, -745.0
126.548469376, -203.0, -1140.0, -947.0
126.567732736, -283.0, -1270.0, -731.0
126.586996224, -281.0, -1328.0, -511.0
126.606259712, -323.0, -1248.0, -304.0
126.625523072, -258.0, -1342.0, -471.0
126.64478656, -436.0, -1267.0, -462.0
126.664050048, -451.0, -1268.0, -510.0
126.683313408, -446.0, -1353.0, -490.0
126.702576896, -198.0, -1348.0, -441.0
126.721840384, -1.0, -1364.0, -353.0
126.741103744, 38.0, -1430.0, -379.0
126.760367232, 56.0, -1542.0, -335.0
126.77963072, 32.0, -1583.0, -461.0
126.79889408, -122.0, -1567.0, -420.0
126.818157568, -89.0, -1549.0, -304.0
126.837421056, -12.0, -1581.0, -287.0
126.856684416, 63.0, -1544.0, -225.0
126.875947904, 154.0, -1405.0, -102.0
126.89521128, 249.0, -1371.0, -62.0
126.914476416, 258.0, -1423.0, -73.0
126.933741568, 205.0, -1397.0, -5.0
126.95300672, 302.0, -1447.0, 139.0
126.972272, 618.0, -1445.0, 72.0
126.991537152, 815.0, -1606.0, 26.0
127.010802304, 1052.0, -1680.0, 136.0
127.030067456, 659.0, -1279.0, 56.0
127.049332736, 1215.0, -1561.0, 128.0
127.068597888, 124.0, -1142.0, -424.0
127.08786304, 695.0, -1190.0, 47.0
127.107128192, -104.0, -903.0, -176.0
127.126393472, 792.0, -762.0, 559.0
127.145658624, 419.0, -1427.0, -481.0
127.164923776, 442.0, -1411.0, 112.0
127.184188928, 589.0, -688.0, 372.0
127.20345408, 446.0, -1206.0, -19.0
127.22271936, 296.0, -599.0, 55.0
127.241984512, 504.0, -590.0, 146.0
127.261249664, 345.0, -700.0, 340.0
127.280514816, 433.0, -718.0, 78.0
127.299780096, 297.0, -640.0, 25.0
127.319045248, 142.0, -709.0, -17.0
127.3383104, 107.0, -745.0, -2.0
127.357575552, 66.0, -749.0, -51.0
127.376840704, 3.0, -749.0, -119.0
127.396105984, -26.0, -766.0, -146.0
127.415371136, -55.0, -788.0, -179.0
127.434636288, -88.0, -794.0, -222.0
127.45390144, -163.0, -826.0, -262.0
127.47316672, -242.0, -831.0, -309.0
127.492431872, -299.0, -786.0, -330.0
127.511697024, -417.0, -798.0, -372.0
127.530962176, -486.0, -774.0, -409.0
127.550227456, -580.0, -786.0, -426.0
127.569492608, -621.0, -732.0, -443.0
127.58875776, -641.0, -713.0, -461.0
127.608022912, -670.0, -687.0, -475.0
127.627288064, -713.0, -653.0, -485.0
127.646553344, -796.0, -589.0, -501.0
127.665818496, -831.0, -518.0, -529.0
127.685083648, -855.0, -453.0, -532.0
127.7043488, -853.0, -406.0, -515.0
127.72361408, -846.0, -353.0, -506.0
127.742879232, -828.0, -282.0, -501.0
127.762144384, -873.0, -209.0, -509.0
127.781409536, -920.0, -127.0, -524.0
127.800674688, -906.0, -41.0, -511.0
127.819939968, -846.0, 32.0, -479.0
127.83920512, -811.0, 104.0, -440.0
127.858470272, -822.0, 168.0, -409.0
127.877735424, -793.0, 219.0, -394.0
127.897000704, -740.0, 245.0, -397.0
127.916265856, -690.0, 266.0, -381.0
127.935531008, -634.0, 306.0, -364.0
127.954796243, -584.0, 355.0, -347.0
127.974061312, -536.0, 388.0, -314.0
127.993326336, -476.0, 432.0, -289.0
128.012591232, -407.0, 447.0, -269.0
128.031856256, -338.0, 450.0, -255.0
128.051121152, -258.0, 442.0, -231.0
128.070386176, -236.0, 427.0, -193.0
128.0896512, -200.0, 416.0, -143.0
128.108916096, -177.0, 393.0, -79.0
128.12818112, -167.0, 352.0, -35.0
128.147446144, -111.0, 292.0, -91.0
128.16671104, -147.0, 228.0, -234.0
128.185976064, -210.0, 14.0, -154.0
128.20524096, -180.0, -123.0, -117.0
128.224505984, -148.0, -290.0, -258.0
128.243771008, -204.0, -453.0, -300.0
128.263035904, -201.0, -521.0, -130.0
128.282300928, -640.0, -313.0, -58.0
128.301565952, -605.0, -292.0, 103.0
128.320830848, 454.0, -887.0, -495.0
128.340095872, -165.0, -1608.0, -1418.0
128.359360768, -783.0, -1105.0, -631.0
128.378625792, -650.0, -1206.0, -791.0
128.397890816, -312.0, -1109.0, -806.0
128.417155712, -476.0, -1221.0, -743.0
128.436420736, -620.0, -1115.0, -600.0
128.45568576, -397.0, -1167.0, -565.0
128.474950656, -335.0, -1252.0, -486.0
128.49421568, -161.0, -1178.0, -421.0
128.513480576, -116.0, -1160.0, -557.0
128.5327456, -273.0, -1228.0, -515.0
128.552010624, -111.0, -1228.0, -364.0
128.57127552, -64.0, -1145.0, -488.0
128.590540544, -89.0, -1234.0, -543.0
128.609805568, -1.0, -1256.0, -311.0
128.629070464, 95.0, -1330.0, -259.0
128.648335488, 167.0, -1424.0, -344.0
128.667600384, 126.0, -1461.0, -264.0
128.686865408, 42.0, -1388.0, -198.0
128.706130432, 77.0, -1320.0, -121.0
128.725395328, 183.0, -1392.0, -3.0
128.744660352, 259.0, -1511.0, 30.0
128.763925376, 367.0, -1447.0, 50.0
128.783190272, 446.0, -1449.0, 77.0
128.802455296, 626.0, -1569.0, 98.0
128.821720192, 779.0, -1673.0, 34.0
128.840985216, 705.0, -1944.0, -11.0
128.86025024, 696.0, -1762.0, -51.0
128.879515136, 627.0, -1602.0, 9.0
128.89878016, 847.0, -1566.0, -197.0
128.918045029, 333.0, -1372.0, -143.0
128.937311104, 257.0, -1069.0, -6.0
128.956577152, 187.0, -1024.0, -101.0
128.975843072, 806.0, -1094.0, 278.0
128.99510912, 178.0, -937.0, 87.0
129.014375168, 410.0, -854.0, 250.0
129.033641216, 527.0, -1012.0, 121.0
129.052907136, 572.0, -686.0, 70.0
129.072173184, 271.0, -798.0, 63.0
129.091439232, 382.0, -747.0, -38.0
129.11070528, 915.0, -938.0, -307.0
129.1299712, 384.0, -778.0, 16.0
129.149237248, 381.0, -708.0, 42.0
129.168503296, 313.0, -740.0, 28.0
129.187769216, 274.0, -708.0, 24.0
129.207035264, 190.0, -688.0, -21.0
129.226301312, 97.0, -671.0, -78.0
129.24556736, -3.0, -670.0, -92.0
129.26483328, -85.0, -674.0, -143.0
129.284099328, -122.0, -657.0, -193.0
129.303365376, -194.0, -661.0, -256.0
129.322631424, -275.0, -657.0, -301.0
129.341897344, -358.0, -667.0, -325.0
129.361163392, -422.0, -665.0, -368.0
129.38042944, -472.0, -656.0, -379.0
129.399695488, -577.0, -671.0, -414.0
129.418961408, -640.0, -656.0, -419.0
129.438227456, -689.0, -632.0, -451.0
129.457493504, -719.0, -609.0, -503.0
129.476759424, -751.0, -621.0, -494.0
129.496025472, -770.0, -593.0, -514.0
129.51529152, -803.0, -566.0, -538.0
129.534557568, -845.0, -508.0, -542.0
129.553823488, -923.0, -416.0, -532.0
129.573089536, -954.0, -345.0, -526.0
129.592355584, -945.0, -281.0, -517.0
129.611621632, -912.0, -184.0, -529.0
129.630887552, -924.0, -115.0, -529.0
129.6501536, -928.0, -47.0, -509.0
129.669419648, -915.0, 7.0, -487.0
129.688685568, -863.0, 57.0, -480.0
129.707951616, -828.0, 101.0, -437.0
129.727217664, -791.0, 164.0, -416.0
129.746483712, -774.0, 238.0, -384.0
129.765749632, -734.0, 296.0, -350.0
129.78501568, -687.0, 337.0, -346.0
129.804281728, -631.0, 382.0, -340.0
129.823547776, -569.0, 404.0, -316.0
129.842813696, -522.0, 436.0, -291.0
129.862079744, -462.0, 464.0, -274.0
129.881345792, -397.0, 490.0, -246.0
129.900611712, -324.0, 489.0, -196.0
129.91987776, -245.0, 482.0, -155.0
129.939143808, -179.0, 468.0, -102.0
129.958409856, -152.0, 418.0, -43.0
129.977675776, -143.0, 381.0, 12.0
129.996941824, -133.0, 332.0, 44.0
130.016207792, -104.0, 265.0, 38.0
130.03547136, -20.0, 115.0, 8.0
130.054734976, 93.0, -123.0, -54.0
130.073998464, 238.0, -316.0, -194.0
130.09326208, 86.0, -484.0, -306.0
130.112525696, -469.0, -632.0, -247.0
130.131789184, -1231.0, -41.0, -206.0
130.1510528, -1337.0, 444.0, 231.0
130.170316416, 384.0, -640.0, 265.0
130.189579904, 871.0, -1989.0, -1084.0
130.20884352, -807.0, -1326.0, -867.0
130.228107136, -989.0, -864.0, -790.0
130.247370624, -741.0, -810.0, -1036.0
130.26663424, -638.0, -1200.0, -912.0
130.285897856, -686.0, -1358.0, -581.0
130.305161344, -521.0, -1169.0, -524.0
130.32442496, -261.0, -1207.0, -609.0
130.343688576, -306.0, -1217.0, -458.0
130.362952064, -250.0, -1429.0, -496.0
130.38221568, -158.0, -1545.0, -659.0
130.401479168, -291.0, -1472.0, -582.0
130.420742784, -137.0, -1467.0, -472.0
130.4400064, -56.0, -1523.0, -404.0
130.459269888, 108.0, -1490.0, -411.0
130.478533504, 80.0, -1389.0, -425.0
130.49779712, -87.0, -1414.0, -451.0
130.517060608, -167.0, -1489.0, -370.0
130.536324224, -4.0, -1538.0, -270.0
130.55558784, 18.0, -1435.0, -293.0
130.574851328, 85.0, -1311.0, -157.0
130.594114944, 230.0, -1342.0, -37.0
130.61337856, 313.0, -1459.0, 1.0
130.632642048, 326.0, -1370.0, -38.0
130.651905664, 322.0, -1356.0, 20.0
130.67116928, 393.0, -1500.0, 23.0
130.690432768, 570.0, -1570.0, -43.0
130.709696384, 535.0, -1868.0, -70.0
130.72896, 757.0, -1599.0, -73.0
130.748223488, 570.0, -1176.0, -37.0
130.767487104, 843.0, -1323.0, -84.0
130.78675072, 314.0, -1168.0, -144.0
130.806014208, 259.0, -1171.0, -50.0
130.825277824, 118.0, -855.0, 94.0
130.84454144, 762.0, -1047.0, 130.0
130.863804928, 239.0, -882.0, 62.0
130.883068544, 343.0, -838.0, 217.0
130.90233216, 272.0, -795.0, 145.0
130.921595648, 339.0, -599.0, 44.0
130.940859264, 142.0, -627.0, -36.0
130.96012288, 438.0, -709.0, 9.0
130.979386396, 321.0, -776.0, 32.0
130.998649856, 271.0, -650.0, 82.0
131.017913344, 204.0, -650.0, 37.0
131.037176832, 186.0, -610.0, 38.0
131.05644032, 85.0, -587.0, 38.0
131.075703808, -15.0, -601.0, -6.0
131.094967296, -96.0, -648.0, -34.0
131.114230784, -158.0, -665.0, -113.0
131.133494272, -248.0, -673.0, -191.0
131.15275776, -349.0, -694.0, -254.0
131.172021248, -414.0, -708.0, -334.0
131.191284736, -502.0, -744.0, -377.0
131.210548224, -591.0, -792.0, -399.0
131.229811712, -624.0, -796.0, -461.0
131.2490752, -623.0, -777.0, -493.0
131.268338688, -623.0, -762.0, -490.0
131.287602176, -666.0, -750.0, -475.0
131.306865664, -690.0, -735.0, -467.0
131.326129152, -739.0, -684.0, -459.0
131.34539264, -780.0, -634.0, -467.0
131.364656128, -828.0, -560.0, -512.0
131.383919616, -803.0, -498.0, -530.0
131.403183104, -823.0, -443.0, -514.0
131.422446592, -887.0, -369.0, -545.0
131.44171008, -926.0, -283.0, -562.0
131.460973568, -950.0, -204.0, -546.0
131.480237056, -966.0, -116.0, -548.0
131.499500544, -964.0, -50.0, -522.0
131.518764032, -932.0, 10.0, -495.0
131.53802752, -930.0, 43.0, -470.0
131.557291008, -890.0, 80.0, -464.0
131.576554496, -849.0, 151.0, -458.0
131.595817984, -780.0, 203.0, -429.0
131.615081472, -753.0, 244.0, -399.0
131.63434496, -695.0, 284.0, -363.0
131.653608448, -635.0, 315.0, -347.0
131.672871936, -574.0, 347.0, -334.0
131.692135424, -522.0, 392.0, -322.0
131.711398912, -473.0, 433.0, -297.0
131.7306624, -422.0, 461.0, -274.0
131.749925888, -358.0, 486.0, -253.0
131.769189376, -292.0, 490.0, -211.0
131.788452864, -245.0, 492.0, -177.0
131.807716352, -193.0, 464.0, -130.0
131.82697984, -151.0, 447.0, -91.0
131.846243328, -141.0, 381.0, -43.0
131.865506816, -122.0, 323.0, -9.0
131.884770304, -54.0, 226.0, -23.0
131.904033792, 44.0, 85.0, -79.0
131.92329728, 267.0, -87.0, -99.0
131.942560768, 403.0, -271.0, -145.0
131.961824256, 41.0, -444.0, -273.0
131.981087744, -749.0, -591.0, -212.0
132.000351232, -1471.0, 190.0, 120.0
132.01961472, -674.0, 140.0, 680.0
132.038878208, 1829.0, -1874.0, -150.0
132.058141696, -174.0, -1736.0, -1929.0
132.077405184, -1348.0, -818.0, -432.0
132.096668676, -1086.0, -1116.0, -1060.0
132.115932544, -829.0, -1109.0, -1051.0
132.135196416, -870.0, -1284.0, -778.0
132.154460288, -684.0, -1133.0, -624.0
132.173724032, -355.0, -1029.0, -464.0
132.192987904, -164.0, -1210.0, -467.0
132.212251776, -190.0, -1302.0, -466.0
132.231515648, -172.0, -1326.0, -592.0
132.250779392, -190.0, -1306.0, -549.0
132.270043264, -142.0, -1374.0, -546.0
132.289307136, -96.0, -1396.0, -591.0
132.308571008, 15.0, -1450.0, -514.0
132.327834752, 34.0, -1526.0, -491.0
132.347098624, 97.0, -1568.0, -436.0
132.366362496, 15.0, -1551.0, -470.0
132.385626368, -48.0, -1454.0, -342.0
132.404890112, 0.0, -1377.0, -309.0
132.424153984, 5.0, -1367.0, -256.0
132.443417856, 102.0, -1343.0, -145.0
132.462681728, 218.0, -1427.0, -45.0
132.4819456, 270.0, -1453.0, -58.0
132.501209344, 269.0, -1363.0, -4.0
132.520473216, 356.0, -1329.0, 74.0
132.539737088, 530.0, -1391.0, 9.0
132.55900096, 665.0, -1447.0, -2.0
132.578264704, 483.0, -1734.0, -69.0
132.597528576, 767.0, -1509.0, -13.0
132.616792448, 555.0, -1357.0, -47.0
132.63605632, 899.0, -1499.0, -31.0
132.655320064, 250.0, -1287.0, -190.0
132.674583936, 226.0, -1306.0, -32.0
132.693847808, 64.0, -959.0, -52.0
132.71311168, 663.0, -1204.0, 151.0
132.732375552, 192.0, -944.0, 45.0
132.751639296, 396.0, -728.0, 164.0
132.770903168, 455.0, -886.0, 191.0
132.79016704, 584.0, -599.0, 82.0
132.809430912, 308.0, -596.0, 18.0
132.828694656, 467.0, -826.0, 11.0
132.847958528, 468.0, -803.0, 210.0
132.8672224, 407.0, -776.0, 84.0
132.886486272, 335.0, -700.0, 66.0
132.905750016, 222.0, -732.0, 56.0
132.925013888, 150.0, -695.0, 52.0
132.94427776, 117.0, -658.0, -3.0
132.963541632, 35.0, -632.0, -85.0
132.982805376, -34.0, -662.0, -131.0
133.002069248, -113.0, -685.0, -173.0
133.02133312, -203.0, -684.0, -237.0
133.040596992, -324.0, -697.0, -307.0
133.059860864, -439.0, -697.0, -392.0
133.079124608, -508.0, -717.0, -450.0
133.098388464, -595.0, -675.0, -456.0
133.117652352, -723.0, -668.0, -469.0
133.136916224, -809.0, -685.0, -507.0
133.156180224, -804.0, -735.0, -520.0
133.175444096, -818.0, -718.0, -524.0
133.194707968, -842.0, -675.0, -541.0
133.213971968, -860.0, -629.0, -551.0
133.23323584, -887.0, -542.0, -555.0
133.252499712, -887.0, -452.0, -545.0
133.271763584, -893.0, -402.0, -497.0
133.291027584, -891.0, -349.0, -479.0
133.310291456, -858.0, -256.0, -503.0
133.329555328, -830.0, -180.0, -505.0
133.348819328, -808.0, -107.0, -489.0
133.3680832, -806.0, -17.0, -474.0
133.387347072, -805.0, 58.0, -471.0
133.406611072, -793.0, 134.0, -451.0
133.425874944, -790.0, 202.0, -433.0
133.445138816, -744.0, 246.0, -422.0
133.464402816, -709.0, 281.0, -407.0
133.483666688, -664.0, 310.0, -394.0
133.50293056, -616.0, 357.0, -400.0
133.52219456, -570.0, 403.0, -377.0
133.541458432, -502.0, 435.0, -355.0
133.560722304, -436.0, 466.0, -329.0
133.579986176, -367.0, 480.0, -301.0
133.599250176, -318.0, 485.0, -266.0
133.618514048, -258.0, 491.0, -218.0
133.63777792, -219.0, 493.0, -137.0
133.65704192, -172.0, 505.0, -31.0
133.676305792, -81.0, 504.0, 50.0
133.695569664, 106.0, 440.0, 88.0
133.714833664, 108.0, 320.0, 178.0
133.734097536, -69.0, 88.0, 159.0
133.753361408, -173.0, -147.0, 48.0
133.772625408, -149.0, -269.0, -101.0
133.79188928, -80.0, -332.0, -270.0
133.811153152, -218.0, -370.0, -536.0
133.830417024, -604.0, -428.0, -370.0
133.849681024, -1397.0, 62.0, -312.0
133.868944896, -1512.0, 452.0, 329.0
133.888208768, 1022.0, -880.0, 41.0
133.907472768, 554.0, -2124.0, -1530.0
133.92673664, -939.0, -863.0, -328.0
133.946000512, -899.0, -1104.0, -770.0
133.965264512, -618.0, -1131.0, -832.0
133.984528384, -664.0, -1356.0, -900.0
134.003792256, -859.0, -1342.0, -697.0
134.023056256, -558.0, -1046.0, -522.0
134.042320128, -246.0, -1226.0, -539.0
134.061584, -317.0, -1319.0, -395.0
134.080848, -160.0, -1383.0, -428.0
134.100111872, -179.0, -1454.0, -528.0
134.119375785, -229.0, -1381.0, -497.0
134.138639232, -206.0, -1323.0, -509.0
134.15790272, -147.0, -1336.0, -425.0
134.17716608, -3.0, -1295.0, -338.0
134.196429568, 139.0, -1365.0, -350.0
134.215693056, 35.0, -1406.0, -438.0
134.234956416, 20.0, -1326.0, -382.0
134.254219904, 77.0, -1383.0, -342.0
134.273483264, 56.0, -1355.0, -279.0
134.292746752, 99.0, -1331.0, -173.0
134.31201024, 214.0, -1373.0, -101.0
134.3312736, 263.0, -1399.0, -24.0
134.350537088, 282.0, -1277.0, 10.0
134.369800576, 222.0, -1280.0, 51.0
134.389063936, 350.0, -1377.0, 63.0
134.408327424, 1456.0, -1218.0, -14.0
134.427590912, 800.0, -1551.0, 0.0
134.446854272, 1039.0, -1784.0, 28.0
134.46611776, 592.0, -1565.0, -62.0
134.485381248, 946.0, -1519.0, -59.0
134.504644608, 312.0, -1327.0, -213.0
134.523908096, 404.0, -1258.0, -92.0
134.543171456, 301.0, -1049.0, -62.0
134.562434944, 557.0, -1239.0, 176.0
134.581698432, 228.0, -1042.0, 130.0
134.600961792, 47.0, -437.0, 222.0
134.62022528, 352.0, -695.0, 169.0
134.639488768, 305.0, -671.0, 123.0
134.658752128, 276.0, -681.0, 62.0
134.678015616, 515.0, -806.0, 91.0
134.697279104, 527.0, -776.0, 201.0
134.716542464, 376.0, -796.0, 85.0
134.735805952, 323.0, -734.0, 43.0
134.755069312, 240.0, -782.0, 0.0
134.7743328, 169.0, -766.0, -3.0
134.793596288, 102.0, -781.0, -36.0
134.812859648, 26.0, -767.0, -98.0
134.832123136, -59.0, -767.0, -141.0
134.851386624, -96.0, -779.0, -179.0
134.870649984, -116.0, -745.0, -231.0
134.889913472, -219.0, -747.0, -268.0
134.90917696, -346.0, -775.0, -274.0
134.92844032, -416.0, -769.0, -278.0
134.947703808, -460.0, -719.0, -316.0
134.966967168, -487.0, -698.0, -351.0
134.986230656, -526.0, -672.0, -368.0
135.005494144, -615.0, -678.0, -376.0
135.024757504, -729.0, -671.0, -397.0
135.044020992, -829.0, -673.0, -441.0
135.06328448, -879.0, -628.0, -487.0
135.08254784, -857.0, -596.0, -534.0
135.101811328, -885.0, -545.0, -519.0
135.121074816, -971.0, -509.0, -498.0
135.140338176, -979.0, -446.0, -499.0
135.159601643, -937.0, -379.0, -499.0
135.178866048, -929.0, -297.0, -491.0
135.198130432, -929.0, -220.0, -471.0
135.217394816, -889.0, -157.0, -471.0
135.236659328, -850.0, -85.0, -471.0
135.255923712, -815.0, -19.0, -459.0
135.275188096, -807.0, 65.0, -442.0
135.29445248, -786.0, 149.0, -424.0
135.313716864, -783.0, 229.0, -392.0
135.332981248, -729.0, 286.0, -365.0
135.35224576, -656.0, 327.0, -346.0
135.371510144, -594.0, 362.0, -337.0
135.390774528, -541.0, 396.0, -306.0
135.410038912, -454.0, 424.0, -284.0
135.429303296, -370.0, 442.0, -250.0
135.44856768, -279.0, 464.0, -229.0
135.467832192, -195.0, 484.0, -196.0
135.487096576, -131.0, 481.0, -162.0
135.50636096, -127.0, 450.0, -118.0
135.525625344, -136.0, 423.0, -72.0
135.544889728, -126.0, 394.0, -31.0
135.564154112, -139.0, 306.0, -12.0
135.583418624, -157.0, 186.0, -27.0
135.602683008, -153.0, 76.0, -57.0
135.621947392, -103.0, -63.0, -126.0
135.641211776, 63.0, -198.0, -119.0
135.66047616, 275.0, -410.0, -319.0
135.679740544, 18.0, -594.0, -318.0
135.699005056, -1008.0, -220.0, -237.0
135.71826944, -1660.0, 337.0, 429.0
135.737533824, 166.0, -483.0, 425.0
135.756798208, 1020.0, -2129.0, -1317.0
135.776062592, -703.0, -1450.0, -922.0
135.795326976, -1122.0, -836.0, -827.0
135.814591488, -771.0, -1022.0, -1157.0
135.833855872, -676.0, -1372.0, -986.0
135.853120256, -708.0, -1345.0, -576.0
135.87238464, -204.0, -1180.0, -439.0
135.891649024, -237.0, -1154.0, -450.0
135.910913408, -407.0, -1216.0, -489.0
135.93017792, -413.0, -1258.0, -605.0
135.949442304, -384.0, -1221.0, -559.0
135.968706688, -301.0, -1182.0, -525.0
135.987971072, -113.0, -1286.0, -497.0
136.007235456, -13.0, -1340.0, -483.0
136.026499968, 37.0, -1315.0, -403.0
136.045764352, 101.0, -1361.0, -289.0
136.065028736, 100.0, -1532.0, -366.0
136.08429312, 49.0, -1555.0, -330.0
136.103557504, -20.0, -1484.0, -346.0
136.122821888, -58.0, -1390.0, -215.0
136.1420864, 66.0, -1345.0, -123.0
136.161350784, 197.0, -1378.0, 4.0
136.180615168, 303.0, -1450.0, 30.0
136.199879552, 351.0, -1472.0, -33.0
136.219143936, 349.0, -1418.0, 13.0
136.238408369, 364.0, -1438.0, -42.0
136.257672704, 534.0, -1575.0, -171.0
136.276937088, 578.0, -1745.0, -135.0
136.296201472, 713.0, -1664.0, -99.0
136.315465856, 659.0, -1386.0, 12.0
136.334730112, 682.0, -1357.0, 42.0
136.353994496, 581.0, -1244.0, 4.0
136.37325888, 338.0, -1278.0, -23.0
136.392523264, 249.0, -944.0, 38.0
136.411787648, 655.0, -1280.0, 61.0
136.431052032, 379.0, -1209.0, 67.0
136.450316288, 439.0, -947.0, 302.0
136.469580672, 120.0, -701.0, 119.0
136.488845056, 520.0, -818.0, 183.0
136.50810944, 170.0, -613.0, -28.0
136.527373824, 333.0, -811.0, 6.0
136.546638208, 448.0, -687.0, 319.0
136.565902592, 369.0, -722.0, 75.0
136.585166848, 308.0, -627.0, 23.0
136.604431232, 206.0, -650.0, -3.0
136.623695616, 150.0, -614.0, 37.0
136.64296, 104.0, -660.0, 20.0
136.662224384, 52.0, -668.0, -45.0
136.681488768, -24.0, -641.0, -122.0
136.700753024, -111.0, -672.0, -177.0
136.720017408, -203.0, -697.0, -181.0
136.739281792, -291.0, -688.0, -196.0
136.758546176, -379.0, -695.0, -237.0
136.77781056, -446.0, -729.0, -296.0
136.797074944, -534.0, -786.0, -343.0
136.816339328, -576.0, -817.0, -390.0
136.835603584, -580.0, -767.0, -438.0
136.854867968, -625.0, -781.0, -451.0
136.874132352, -643.0, -751.0, -426.0
136.893396736, -728.0, -701.0, -415.0
136.91266112, -797.0, -681.0, -420.0
136.931925504, -793.0, -630.0, -494.0
136.951189888, -819.0, -587.0, -511.0
136.970454144, -855.0, -534.0, -501.0
136.989718528, -889.0, -474.0, -479.0
137.008982912, -888.0, -426.0, -481.0
137.028247296, -856.0, -379.0, -508.0
137.04751168, -882.0, -285.0, -511.0
137.066776064, -899.0, -215.0, -493.0
137.08604032, -895.0, -142.0, -489.0
137.105304704, -863.0, -92.0, -501.0
137.124569088, -852.0, -15.0, -521.0
137.143833472, -853.0, 65.0, -507.0
137.163097856, -867.0, 104.0, -480.0
137.18236224, -834.0, 148.0, -468.0
137.201626624, -799.0, 192.0, -442.0
137.22089088, -762.0, 242.0, -419.0
137.240155264, -709.0, 293.0, -391.0
137.259419648, -662.0, 344.0, -360.0
137.278684032, -590.0, 379.0, -341.0
137.297948416, -522.0, 413.0, -306.0
137.3172128, -452.0, 439.0, -280.0
137.336477056, -371.0, 462.0, -264.0
137.35574144, -295.0, 470.0, -227.0
137.375005824, -241.0, 465.0, -177.0
137.394270208, -186.0, 443.0, -124.0
137.413534592, -163.0, 412.0, -70.0
137.432798965, -127.0, 375.0, -18.0
137.452060928, -127.0, 307.0, 9.0
137.47132288, -124.0, 254.0, 0.0
137.490584832, -96.0, 146.0, -23.0
137.509846784, -23.0, -12.0, -17.0
137.529108736, 99.0, -203.0, -89.0
137.548370688, 118.0, -284.0, -159.0
137.56763264, -175.0, -350.0, -332.0
137.586894592, -695.0, -458.0, -230.0
137.606156544, -1238.0, 93.0, -112.0
137.625418496, -1197.0, 252.0, 793.0
137.644680448, 2059.0, -1366.0, -259.0
137.6639424, -102.0, -2481.0, -2018.0
137.683204352, -1413.0, -931.0, -724.0
137.702466304, -1149.0, -868.0, -804.0
137.721728256, -368.0, -1260.0, -1050.0
137.740990208, -781.0, -1482.0, -675.0
137.76025216, -505.0, -1200.0, -447.0
137.779514112, -348.0, -1146.0, -479.0
137.798776192, -388.0, -1257.0, -521.0
137.818038144, -346.0, -1379.0, -611.0
137.837300096, -291.0, -1403.0, -563.0
137.856562048, -284.0, -1354.0, -494.0
137.875824, -103.0, -1339.0, -500.0
137.895085952, -112.0, -1310.0, -507.0
137.914347904, -102.0, -1318.0, -502.0
137.933609856, -21.0, -1334.0, -318.0
137.952871808, 120.0, -1484.0, -296.0
137.97213376, 152.0, -1586.0, -368.0
137.991395712, 21.0, -1451.0, -268.0
138.010657664, -76.0, -1386.0, -373.0
138.029919616, -23.0, -1391.0, -258.0
138.049181568, 90.0, -1412.0, -114.0
138.06844352, 237.0, -1490.0, -68.0
138.087705472, 350.0, -1500.0, -3.0
138.106967424, 318.0, -1457.0, -75.0
138.126229376, 325.0, -1526.0, -112.0
138.145491328, 429.0, -1594.0, -94.0
138.16475328, 651.0, -1448.0, -126.0
138.184015232, 643.0, -1801.0, -128.0
138.203277184, 802.0, -1512.0, 82.0
138.222539136, 716.0, -1455.0, -26.0
138.241801088, 719.0, -1301.0, -108.0
138.26106304, 616.0, -1374.0, -98.0
138.280325017, 327.0, -1055.0, -4.0
138.29958848, 375.0, -1041.0, 70.0
138.318851968, 519.0, -1022.0, 192.0
138.338115328, 115.0, -969.0, 221.0
138.357378816, 110.0, -754.0, 137.0
138.376642304, 463.0, -777.0, 179.0
138.395905664, 397.0, -562.0, 47.0
138.415169152, 307.0, -623.0, -40.0
138.43443264, 356.0, -824.0, 79.0
138.453696, 345.0, -795.0, 154.0
138.472959488, 354.0, -604.0, 144.0
138.492222976, 348.0, -561.0, 104.0
138.511486336, 250.0, -578.0, 75.0
138.530749824, 192.0, -522.0, 33.0
138.550013312, 90.0, -496.0, -49.0
138.569276672, -7.0, -538.0, -80.0
138.58854016, -79.0, -538.0, -113.0
138.607803648, -167.0, -600.0, -164.0
138.627067008, -212.0, -624.0, -188.0
138.646330496, -287.0, -679.0, -255.0
138.665593984, -393.0, -681.0, -299.0
138.684857344, -509.0, -666.0, -358.0
138.704120832, -635.0, -698.0, -428.0
138.72338432, -720.0, -712.0, -497.0
138.74264768, -748.0, -750.0, -552.0
138.761911168, -746.0, -750.0, -579.0
138.781174656, -773.0, -729.0, -559.0
138.800438016, -846.0, -726.0, -535.0
138.819701504, -869.0, -691.0, -531.0
138.838964992, -839.0, -662.0, -530.0
138.858228352, -850.0, -572.0, -571.0
138.87749184, -901.0, -519.0, -516.0
138.896755328, -913.0, -447.0, -520.0
138.916018688, -860.0, -397.0, -546.0
138.935282176, -836.0, -320.0, -532.0
138.954545664, -891.0, -246.0, -526.0
138.973809024, -894.0, -125.0, -528.0
138.993072512, -929.0, -36.0, -519.0
139.012336, -912.0, 5.0, -498.0
139.03159936, -803.0, 64.0, -497.0
139.050862848, -813.0, 132.0, -463.0
139.070126336, -726.0, 173.0, -430.0
139.089389696, -712.0, 215.0, -409.0
139.108653184, -682.0, 269.0, -376.0
139.127916544, -631.0, 313.0, -347.0
139.147180032, -568.0, 338.0, -318.0
139.16644352, -508.0, 368.0, -287.0
139.18570688, -435.0, 389.0, -250.0
139.204970368, -336.0, 409.0, -220.0
139.224233856, -249.0, 424.0, -185.0
139.243497216, -196.0, 404.0, -139.0
139.262760704, -136.0, 398.0, -108.0
139.282024192, -136.0, 386.0, -52.0
139.301287552, -106.0, 336.0, -14.0
139.32055104, -109.0, 253.0, -15.0
139.339814528, -146.0, 114.0, -42.0
139.359077888, -166.0, -29.0, -63.0
139.378341376, -12.0, -132.0, -172.0
139.397604864, 134.0, -259.0, -273.0
139.416868224, 58.0, -532.0, -238.0
139.436131707, -255.0, -588.0, -266.0
139.45539584, -935.0, -35.0, -69.0
139.474659968, -624.0, -5.0, 457.0
139.493923968, 930.0, -1075.0, -336.0
139.513188096, -257.0, -2028.0, -1235.0
139.532452224, -960.0, -1120.0, -572.0
139.551716224, -829.0, -1081.0, -876.0
139.570980352, -625.0, -1245.0, -1111.0
139.59024448, -716.0, -1330.0, -910.0
139.60950848, -612.0, -1234.0, -696.0
139.628772608, -247.0, -1303.0, -491.0
139.648036608, -158.0, -1367.0, -436.0
139.667300736, -167.0, -1368.0, -460.0
139.686564864, -236.0, -1336.0, -476.0
139.705828864, -223.0, -1343.0, -441.0
139.725092992, -225.0, -1354.0, -470.0
139.74435712, -71.0, -1421.0, -361.0
139.76362112, -46.0, -1523.0, -494.0
139.782885248, -22.0, -1451.0, -499.0
139.802149376, -23.0, -1479.0, -380.0
139.821413376, 44.0, -1489.0, -286.0
139.840677504, -5.0, -1469.0, -347.0
139.859941632, -49.0, -1357.0, -201.0
139.879205632, 7.0, -1286.0, -166.0
139.89846976, 103.0, -1350.0, -76.0
139.917733888, 243.0, -1533.0, -29.0
139.936997888, 341.0, -1503.0, -45.0
139.956262016, 322.0, -1394.0, -42.0
139.975526016, 441.0, -1469.0, -20.0
139.994790144, 645.0, -1570.0, -62.0
140.014054272, 533.0, -1673.0, -114.0
140.033318272, 707.0, -1667.0, 2.0
140.0525824, 529.0, -912.0, 170.0
140.071846528, 804.0, -1304.0, -40.0
140.091110528, 280.0, -1199.0, -255.0
140.110374656, 341.0, -1340.0, -103.0
140.129638784, 174.0, -1008.0, -82.0
140.148902784, 901.0, -1093.0, 252.0
140.168166912, 285.0, -620.0, -218.0
140.18743104, 284.0, -1067.0, 210.0
140.20669504, 421.0, -902.0, 75.0
140.225959168, 463.0, -750.0, 151.0
140.245223296, 281.0, -715.0, -14.0
140.264487296, 275.0, -721.0, 139.0
140.283751424, 290.0, -750.0, 17.0
140.303015424, 254.0, -635.0, 38.0
140.322279552, 209.0, -678.0, 38.0
140.34154368, 256.0, -674.0, 47.0
140.36080768, 214.0, -655.0, -23.0
140.380071766, 112.0, -647.0, -71.0
140.39933568, 20.0, -662.0, -92.0
140.418599552, -37.0, -644.0, -149.0
140.437863552, -99.0, -636.0, -196.0
140.457127424, -185.0, -693.0, -233.0
140.476391296, -266.0, -695.0, -267.0
140.495655168, -330.0, -696.0, -331.0
140.514919168, -425.0, -720.0, -353.0
140.53418304, -518.0, -777.0, -396.0
140.553446912, -531.0, -772.0, -429.0
140.572710912, -551.0, -753.0, -436.0
140.591974784, -608.0, -743.0, -442.0
140.611238656, -647.0, -750.0, -453.0
140.630502528, -664.0, -709.0, -483.0
140.649766528, -699.0, -653.0, -501.0
140.6690304, -796.0, -603.0, -506.0
140.688294272, -857.0, -546.0, -543.0
140.707558272, -857.0, -486.0, -519.0
140.726822144, -893.0, -463.0, -522.0
140.746086016, -893.0, -409.0, -542.0
140.765349888, -906.0, -334.0, -538.0
140.784613888, -925.0, -254.0, -512.0
140.80387776, -920.0, -180.0, -503.0
140.823141632, -920.0, -100.0, -502.0
140.842405632, -914.0, -30.0, -498.0
140.861669504, -876.0, 46.0, -496.0
140.880933376, -850.0, 88.0, -471.0
140.900197248, -824.0, 146.0, -462.0
140.919461248, -809.0, 206.0, -438.0
140.93872512, -749.0, 234.0, -407.0
140.957988992, -715.0, 273.0, -379.0
140.977252992, -646.0, 315.0, -371.0
140.996516864, -583.0, 359.0, -337.0
141.015780736, -528.0, 389.0, -313.0
141.035044608, -453.0, 423.0, -289.0
141.054308608, -371.0, 437.0, -265.0
141.07357248, -273.0, 441.0, -230.0
141.092836352, -208.0, 440.0, -182.0
141.112100352, -159.0, 432.0, -123.0
141.131364224, -151.0, 416.0, -53.0
141.150628096, -134.0, 378.0, -1.0
141.169891968, -132.0, 306.0, 37.0
141.189155968, -107.0, 191.0, 48.0
141.20841984, -92.0, 61.0, -16.0
141.227683712, 84.0, -99.0, -140.0
141.246947712, 436.0, -324.0, -281.0
141.266211584, 390.0, -653.0, -430.0
141.285475456, -502.0, -594.0, -269.0
141.304739328, -1571.0, 192.0, 59.0
141.324003328, -1330.0, 256.0, 575.0
141.3432672, 1476.0, -1105.0, -240.0
141.362531072, 9.0, -2159.0, -1782.0
141.381795072, -1068.0, -781.0, -453.0
141.401058944, -773.0, -943.0, -841.0
141.420322816, -497.0, -1036.0, -1082.0
141.439586688, -661.0, -1335.0, -727.0
141.458850688, -529.0, -1335.0, -622.0
141.47811456, -321.0, -1175.0, -520.0
141.497378472, -233.0, -1264.0, -597.0
141.51664448, -197.0, -1348.0, -600.0
141.535910528, -214.0, -1375.0, -575.0
141.555176448, -131.0, -1287.0, -529.0
141.574442496, -116.0, -1358.0, -512.0
141.593708544, -31.0, -1362.0, -490.0
141.612974592, 9.0, -1352.0, -467.0
141.632240512, -28.0, -1367.0, -484.0
141.65150656, 42.0, -1402.0, -424.0
141.670772608, 101.0, -1451.0, -450.0
141.690038656, 38.0, -1341.0, -413.0
141.709304576, 21.0, -1372.0, -335.0
141.728570624, 98.0, -1394.0, -206.0
141.747836672, 191.0, -1389.0, -142.0
141.767102592, 245.0, -1432.0, -79.0
141.78636864, 311.0, -1446.0, -80.0
141.805634688, 270.0, -1380.0, -78.0
141.824900736, 360.0, -1447.0, 36.0
141.844166656, 518.0, -1522.0, -37.0
141.863432704, 783.0, -1661.0, 211.0
141.882698752, 921.0, -1677.0, -52.0
141.9019648, 745.0, -1563.0, -29.0
141.92123072, 710.0, -1216.0, -96.0
141.940496768, 763.0, -1387.0, -224.0
141.959762816, 306.0, -1317.0, -202.0
141.979028864, 201.0, -903.0, 22.0
141.998294784, 667.0, -1212.0, 139.0
142.017560832, 520.0, -1013.0, 7.0
142.03682688, 437.0, -925.0, 263.0
142.0560928, 270.0, -831.0, 85.0
142.075358848, 624.0, -837.0, 90.0
142.094624896, 276.0, -686.0, -98.0
142.113890944, 312.0, -705.0, -100.0
142.133156864, 559.0, -845.0, 86.0
142.152422912, 407.0, -808.0, 57.0
142.17168896, 393.0, -723.0, 65.0
142.190955008, 302.0, -687.0, -1.0
142.210220928, 226.0, -665.0, -12.0
142.229486976, 150.0, -620.0, -25.0
142.248753024, 49.0, -592.0, -44.0
142.268018944, -16.0, -563.0, -56.0
142.287284992, -68.0, -559.0, -78.0
142.30655104, -126.0, -617.0, -115.0
142.325817088, -178.0, -661.0, -164.0
142.345083008, -279.0, -682.0, -246.0
142.364349056, -367.0, -674.0, -312.0
142.383615104, -469.0, -661.0, -379.0
142.402881152, -616.0, -698.0, -422.0
142.422147072, -752.0, -724.0, -454.0
142.44141312, -785.0, -719.0, -509.0
142.460679168, -773.0, -721.0, -550.0
142.479945088, -763.0, -700.0, -556.0
142.499211136, -783.0, -709.0, -529.0
142.518477184, -797.0, -666.0, -501.0
142.537743232, -825.0, -640.0, -520.0
142.557009152, -815.0, -552.0, -529.0
142.5762752, -833.0, -468.0, -541.0
142.595541248, -875.0, -393.0, -525.0
142.614807296, -919.0, -334.0, -508.0
142.634073216, -921.0, -235.0, -516.0
142.653339276, -903.0, -166.0, -536.0
142.672603648, -897.0, -77.0, -546.0
142.691868032, -906.0, -7.0, -539.0
142.711132544, -860.0, 78.0, -528.0
142.730396928, -842.0, 118.0, -468.0
142.749661312, -787.0, 167.0, -447.0
142.768925824, -744.0, 213.0, -419.0
142.788190208, -695.0, 251.0, -390.0
142.807454592, -641.0, 291.0, -368.0
142.826719104, -579.0, 340.0, -342.0
142.845983488, -504.0, 371.0, -306.0
142.865247872, -422.0, 407.0, -276.0
142.884512384, -347.0, 442.0, -237.0
142.903776768, -254.0, 451.0, -191.0
142.923041152, -189.0, 461.0, -147.0
142.942305664, -155.0, 450.0, -73.0
142.961570048, -123.0, 436.0, -30.0
142.980834432, -118.0, 389.0, 22.0
143.000098944, -70.0, 311.0, 28.0
143.019363328, -88.0, 157.0, 9.0
143.038627712, -100.0, 9.0, -38.0
143.057892224, -61.0, -73.0, -97.0
143.077156608, 104.0, -203.0, -318.0
143.096420992, 121.0, -383.0, -394.0
143.115685504, -239.0, -542.0, -299.0
143.134949888, -1141.0, -156.0, -112.0
143.154214272, -1221.0, 193.0, 930.0
143.173478784, 1026.0, -870.0, -205.0
143.192743168, 464.0, -2365.0, -1527.0
143.212007552, -926.0, -1266.0, -865.0
143.231272064, -1015.0, -979.0, -888.0
143.250536448, -660.0, -1101.0, -1133.0
143.269800832, -810.0, -1311.0, -845.0
143.289065344, -826.0, -1138.0, -628.0
143.308329728, -533.0, -1028.0, -468.0
143.327594112, -191.0, -1130.0, -476.0
143.346858624, -133.0, -1273.0, -526.0
143.366123008, -195.0, -1324.0, -511.0
143.385387392, -76.0, -1395.0, -407.0
143.404651904, 18.0, -1390.0, -450.0
143.423916288, -17.0, -1316.0, -551.0
143.443180672, -137.0, -1315.0, -386.0
143.462445184, -76.0, -1289.0, -382.0
143.481709568, -49.0, -1413.0, -453.0
143.500973952, -52.0, -1426.0, -458.0
143.520238464, 23.0, -1325.0, -293.0
143.539502848, 84.0, -1310.0, -252.0
143.558767232, 156.0, -1359.0, -151.0
143.578031744, 182.0, -1456.0, -83.0
143.597296128, 256.0, -1527.0, -36.0
143.616560592, 328.0, -1454.0, -53.0
143.635825024, 405.0, -1454.0, 8.0
143.655089408, 448.0, -1468.0, -43.0
143.674353792, 569.0, -1505.0, -7.0
143.693618176, 1470.0, -1294.0, 342.0
143.71288256, 777.0, -1674.0, -2.0
143.732146944, 878.0, -1708.0, 58.0
143.7514112, 585.0, -1545.0, -77.0
143.770675584, 875.0, -1409.0, 2.0
143.789939968, 287.0, -1235.0, -148.0
143.809204352, 353.0, -1117.0, 24.0
143.828468736, 477.0, -1044.0, -14.0
143.84773312, 580.0, -668.0, 457.0
143.866997504, -1177.0, -1577.0, 1000.0
143.886261888, -24.0, -559.0, 128.0
143.905526272, 567.0, -1050.0, 382.0
143.924790656, 110.0, -1074.0, 4.0
143.94405504, 189.0, -825.0, 53.0
143.963319296, 577.0, -686.0, 112.0
143.98258368, 462.0, -732.0, 132.0
144.001848064, 358.0, -679.0, -10.0
144.021112448, 269.0, -674.0, -14.0
144.040376832, 171.0, -722.0, 5.0
144.059641216, 171.0, -700.0, 15.0
144.0789056, 200.0, -695.0, 1.0
144.098169984, 146.0, -702.0, -48.0
144.117434368, 56.0, -685.0, -52.0
144.136698752, -40.0, -674.0, -96.0
144.155963136, -199.0, -686.0, -151.0
144.175227392, -361.0, -730.0, -228.0
144.194491776, -487.0, -786.0, -298.0
144.21375616, -543.0, -763.0, -359.0
144.233020544, -607.0, -750.0, -440.0
144.252284928, -600.0, -727.0, -468.0
144.271549312, -630.0, -705.0, -439.0
144.290813696, -698.0, -718.0, -428.0
144.31007808, -726.0, -754.0, -424.0
144.329342464, -747.0, -739.0, -436.0
144.348606848, -774.0, -690.0, -440.0
144.367871232, -794.0, -675.0, -487.0
144.387135488, -771.0, -593.0, -531.0
144.406399872, -812.0, -522.0, -492.0
144.425664256, -912.0, -455.0, -445.0
144.44492864, -937.0, -388.0, -463.0
144.464193024, -909.0, -336.0, -523.0
144.483457408, -854.0, -281.0, -559.0
144.502721792, -808.0, -225.0, -550.0
144.521986176, -788.0, -166.0, -544.0
144.54125056, -767.0, -92.0, -542.0
144.560514944, -765.0, -19.0, -535.0
144.579779328, -766.0, 63.0, -518.0
144.599043584, -750.0, 145.0, -511.0
144.618307968, -733.0, 205.0, -492.0
144.637572331, -716.0, 254.0, -462.0
144.656836864, -694.0, 305.0, -429.0
144.676101376, -662.0, 355.0, -404.0
144.695365888, -600.0, 379.0, -387.0
144.714630272, -540.0, 394.0, -346.0
144.733894784, -476.0, 409.0, -315.0
144.753159296, -406.0, 436.0, -282.0
144.772423808, -328.0, 460.0, -236.0
144.79168832, -266.0, 466.0, -198.0
144.810952704, -186.0, 456.0, -169.0
144.830217216, -119.0, 418.0, -138.0
144.849481728, -85.0, 357.0, -93.0
144.86874624, -112.0, 297.0, -67.0
144.888010752, -130.0, 248.0, -54.0
144.907275264, -151.0, 153.0, -89.0
144.926539648, -48.0, 34.0, -118.0
144.94580416, 82.0, -109.0, -147.0
144.965068672, 91.0, -243.0, -249.0
144.984333184, -237.0, -380.0, -314.0
145.003597696, -749.0, -325.0, -105.0
145.02286208, -1384.0, 143.0, 140.0
145.042126592, -894.0, 164.0, 574.0
145.061391104, 1953.0, -1329.0, -508.0
145.080655616, -168.0, -2151.0, -1792.0
145.099920128, -1232.0, -892.0, -339.0
145.119184512, -906.0, -943.0, -774.0
145.138449024, -397.0, -962.0, -822.0
145.157713536, -500.0, -1470.0, -714.0
145.176978048, -539.0, -1433.0, -674.0
145.19624256, -534.0, -1085.0, -542.0
145.215506944, -329.0, -1225.0, -624.0
145.234771456, -297.0, -1317.0, -481.0
145.254035968, -269.0, -1266.0, -545.0
145.27330048, -304.0, -1240.0, -564.0
145.292564992, -298.0, -1225.0, -544.0
145.311829376, -113.0, -1303.0, -435.0
145.331093888, 16.0, -1354.0, -428.0
145.3503584, 82.0, -1362.0, -437.0
145.369622912, 159.0, -1353.0, -310.0
145.388887424, 173.0, -1404.0, -260.0
145.408151936, 173.0, -1458.0, -248.0
145.42741632, -6.0, -1446.0, -263.0
145.446680832, 17.0, -1394.0, -237.0
145.465945344, 25.0, -1362.0, -166.0
145.485209856, 132.0, -1428.0, -35.0
145.504474368, 243.0, -1568.0, -22.0
145.523738752, 345.0, -1523.0, -28.0
145.543003264, 362.0, -1421.0, -16.0
145.562267776, 536.0, -1503.0, -40.0
145.581532214, 612.0, -1585.0, -97.0
145.600796032, 723.0, -1711.0, 78.0
145.620059904, 988.0, -1548.0, 166.0
145.639323776, 613.0, -1510.0, -116.0
145.658587648, 1217.0, -1670.0, 72.0
145.677851648, 57.0, -1878.0, -690.0
145.69711552, 279.0, -1193.0, 68.0
145.716379392, 279.0, -963.0, -87.0
145.735643264, 917.0, -1373.0, 204.0
145.754907136, 52.0, -888.0, -29.0
145.774171008, 4.0, -885.0, 389.0
145.793435008, 416.0, -796.0, 267.0
145.81269888, 330.0, -716.0, 192.0
145.831962752, 496.0, -322.0, -592.0
145.851226624, 404.0, -886.0, 394.0
145.870490496, 371.0, -753.0, 23.0
145.889754368, 354.0, -675.0, -17.0
145.909018368, 301.0, -687.0, -18.0
145.92828224, 233.0, -693.0, -8.0
145.947546112, 175.0, -702.0, -3.0
145.966809984, 140.0, -676.0, -41.0
145.986073856, 86.0, -661.0, -93.0
146.005337728, 7.0, -654.0, -118.0
146.024601728, -68.0, -659.0, -121.0
146.0438656, -143.0, -656.0, -142.0
146.063129472, -197.0, -644.0, -176.0
146.082393344, -264.0, -628.0, -234.0
146.101657216, -386.0, -650.0, -277.0
146.120921088, -499.0, -677.0, -304.0
146.140185088, -575.0, -691.0, -380.0
146.15944896, -574.0, -695.0, -442.0
146.178712832, -613.0, -676.0, -446.0
146.197976704, -726.0, -651.0, -423.0
146.217240576, -826.0, -606.0, -452.0
146.236504448, -847.0, -604.0, -475.0
146.25576832, -870.0, -595.0, -499.0
146.27503232, -891.0, -566.0, -525.0
146.294296192, -891.0, -510.0, -535.0
146.313560064, -908.0, -434.0, -532.0
146.332823936, -946.0, -406.0, -514.0
146.352087808, -980.0, -354.0, -525.0
146.37135168, -967.0, -291.0, -554.0
146.39061568, -954.0, -189.0, -560.0
146.409879552, -966.0, -97.0, -541.0
146.429143424, -956.0, -18.0, -531.0
146.448407296, -905.0, 38.0, -523.0
146.467671168, -876.0, 95.0, -494.0
146.48693504, -843.0, 121.0, -445.0
146.50619904, -825.0, 162.0, -414.0
146.525462912, -778.0, 208.0, -384.0
146.544726784, -703.0, 251.0, -356.0
146.563990656, -632.0, 307.0, -341.0
146.583254528, -571.0, 355.0, -328.0
146.6025184, -525.0, 402.0, -310.0
146.6217824, -453.0, 428.0, -287.0
146.641046272, -430.0, 440.0, -248.0
146.660310144, -357.0, 451.0, -213.0
146.679574016, -262.0, 469.0, -179.0
146.698837888, -166.0, 461.0, -152.0
146.718101883, -101.0, 415.0, -102.0
146.73736576, -86.0, 365.0, -53.0
146.756629632, -61.0, 320.0, -10.0
146.775893504, -81.0, 233.0, 20.0
146.795157376, -41.0, 131.0, 0.0
146.814421248, 149.0, -22.0, -85.0
146.83368512, 451.0, -219.0, -117.0
146.85294912, 408.0, -430.0, -191.0
146.872212992, -284.0, -659.0, -179.0
146.891476864, -1304.0, -321.0, -17.0
146.910740736, -1614.0, 320.0, 315.0
146.930004608, 697.0, -455.0, 290.0
146.94926848, 1396.0, -2602.0, -1362.0
146.968532352, -1188.0, -922.0, -1142.0
146.987796224, -995.0, -953.0, -423.0
147.007060096, -574.0, -931.0, -942.0
147.026323968, -919.0, -1321.0, -966.0
147.045587968, -973.0, -1139.0, -824.0
147.06485184, -774.0, -976.0, -676.0
147.084115712, -392.0, -1128.0, -523.0
147.103379584, -214.0, -1362.0, -496.0
147.122643456, -196.0, -1430.0, -437.0
147.141907328, -79.0, -1429.0, -508.0
147.1611712, -44.0, -1426.0, -496.0
147.180435072, 36.0, -1345.0, -379.0
147.199698944, 101.0, -1437.0, -434.0
147.218962816, 189.0, -1516.0, -477.0
147.238226816, 95.0, -1452.0, -441.0
147.257490688, 92.0, -1454.0, -459.0
147.27675456, 77.0, -1480.0, -376.0
147.296018432, 128.0, -1454.0, -288.0
147.315282304, 107.0, -1425.0, -258.0
147.334546176, 90.0, -1425.0, -209.0
147.353810048, 177.0, -1435.0, -97.0
147.37307392, 249.0, -1552.0, -77.0
147.392337792, 306.0, -1535.0, -86.0
147.411601664, 307.0, -1474.0, -71.0
147.430865536, 451.0, -1460.0, 21.0
147.450129536, 618.0, -1477.0, -60.0
147.469393408, 493.0, -1698.0, 253.0
147.48865728, 877.0, -1786.0, 15.0
147.507921152, 954.0, -1439.0, 180.0
147.527185024, 832.0, -1346.0, 54.0
147.546448912, 852.0, -1574.0, -68.0
147.56571392, 217.0, -1061.0, -233.0
147.584978944, 213.0, -908.0, -38.0
147.604243968, 661.0, -601.0, 112.0
147.623508992, -1050.0, -1235.0, 117.0
147.642774016, 621.0, -1049.0, -17.0
147.66203904, 700.0, -388.0, 238.0
147.681304064, 235.0, -854.0, 295.0
147.70056896, 916.0, -328.0, -29.0
147.719833984, 572.0, -495.0, -232.0
147.739099008, 570.0, -667.0, 233.0
147.758364032, 351.0, -587.0, 143.0
147.777629056, 283.0, -551.0, 43.0
147.79689408, 158.0, -571.0, 23.0
147.816159104, 116.0, -572.0, 59.0
147.835424128, 81.0, -576.0, 32.0
147.854689152, 9.0, -541.0, -53.0
147.873954176, -79.0, -546.0, -108.0
147.8932192, -153.0, -616.0, -153.0
147.912484224, -214.0, -672.0, -175.0
147.93174912, -253.0, -673.0, -255.0
147.951014144, -333.0, -676.0, -333.0
147.970279168, -441.0, -722.0, -379.0
147.989544192, -543.0, -787.0, -391.0
148.008809216, -667.0, -787.0, -437.0
148.02807424, -743.0, -754.0, -497.0
148.047339264, -773.0, -717.0, -544.0
148.066604288, -792.0, -646.0, -569.0
148.085869312, -848.0, -631.0, -534.0
148.105134336, -926.0, -577.0, -506.0
148.12439936, -899.0, -540.0, -504.0
148.143664384, -893.0, -516.0, -509.0
148.16292928, -912.0, -495.0, -500.0
148.182194304, -902.0, -435.0, -506.0
148.201459328, -915.0, -349.0, -506.0
148.220724352, -939.0, -253.0, -495.0
148.239989376, -961.0, -174.0, -499.0
148.2592544, -981.0, -86.0, -498.0
148.278519424, -937.0, -6.0, -480.0
148.297784448, -896.0, 58.0, -463.0
148.317049472, -868.0, 115.0, -438.0
148.336314496, -820.0, 183.0, -409.0
148.35557952, -762.0, 226.0, -380.0
148.374844544, -695.0, 274.0, -346.0
148.39410944, -626.0, 328.0, -328.0
148.413374464, -567.0, 390.0, -313.0
148.432639488, -506.0, 450.0, -285.0
148.451904512, -430.0, 483.0, -264.0
148.471169536, -354.0, 494.0, -241.0
148.49043456, -263.0, 503.0, -212.0
148.509699584, -209.0, 502.0, -162.0
148.528964608, -173.0, 502.0, -117.0
148.548229632, -152.0, 477.0, -44.0
148.567494656, -126.0, 470.0, 35.0
148.58675968, -116.0, 438.0, 114.0
148.606024704, -60.0, 378.0, 146.0
148.6252896, -45.0, 213.0, 111.0
148.644554624, -58.0, -39.0, 12.0
148.663819696, -96.0, -176.0, -80.0
148.6830848, -25.0, -175.0, -259.0
148.702349952, 138.0, -306.0, -369.0
148.721615232, 151.0, -603.0, -437.0
148.740880384, -612.0, -749.0, -386.0
148.760145664, -1747.0, 71.0, -130.0
148.779410816, -1469.0, 179.0, 310.0
148.798676096, 1895.0, -1337.0, -315.0
148.817941248, -359.0, -1681.0, -1723.0
148.837206528, -1139.0, -977.0, -139.0
148.85647168, -893.0, -1018.0, -745.0
148.87573696, -637.0, -1091.0, -1122.0
148.895002112, -744.0, -1406.0, -895.0
148.914267392, -775.0, -1329.0, -662.0
148.933532544, -423.0, -1254.0, -576.0
148.952797824, -274.0, -1305.0, -596.0
148.972062976, -395.0, -1248.0, -553.0
148.991328256, -283.0, -1299.0, -620.0
149.010593408, -196.0, -1367.0, -559.0
149.029858688, -194.0, -1335.0, -571.0
149.04912384, -112.0, -1341.0, -499.0
149.06838912, 8.0, -1445.0, -458.0
149.087654272, 72.0, -1516.0, -418.0
149.106919552, 62.0, -1499.0, -403.0
149.126184704, -9.0, -1431.0, -383.0
149.145449984, 64.0, -1387.0, -346.0
149.164715136, 62.0, -1458.0, -303.0
149.183980416, 78.0, -1505.0, -277.0
149.203245568, 135.0, -1454.0, -194.0
149.222510848, 234.0, -1438.0, -113.0
149.241776, 221.0, -1448.0, -84.0
149.26104128, 204.0, -1395.0, -157.0
149.280306432, 296.0, -1408.0, -110.0
149.299571712, 522.0, -1425.0, -65.0
149.318836864, 1501.0, -1121.0, 49.0
149.338102144, 744.0, -1386.0, -102.0
149.357367296, 886.0, -1376.0, 80.0
149.376632576, 556.0, -1283.0, -40.0
149.395897728, 910.0, -1394.0, -90.0
149.415163008, 414.0, -1264.0, -216.0
149.43442816, 342.0, -1016.0, -102.0
149.453693312, 515.0, -957.0, 58.0
149.472958698, 435.0, -831.0, 97.0
149.492222208, 335.0, -806.0, 177.0
149.511485696, 121.0, -847.0, 14.0
149.530749184, 478.0, -527.0, 217.0
149.550012672, 201.0, -663.0, 11.0
149.569276032, 218.0, -607.0, 33.0
149.58853952, 558.0, -779.0, 187.0
149.607803008, 378.0, -721.0, 23.0
149.627066496, 301.0, -632.0, 96.0
149.646329984, 237.0, -660.0, 93.0
149.665593472, 231.0, -686.0, 27.0
149.68485696, 165.0, -665.0, -22.0
149.70412032, 76.0, -659.0, -81.0
149.723383808, -30.0, -672.0, -126.0
149.742647296, -145.0, -708.0, -161.0
149.761910784, -229.0, -746.0, -201.0
149.781174272, -286.0, -774.0, -236.0
149.80043776, -358.0, -791.0, -294.0
149.819701248, -385.0, -801.0, -366.0
149.838964736, -425.0, -818.0, -379.0
149.858228096, -495.0, -822.0, -396.0
149.877491584, -554.0, -813.0, -393.0
149.896755072, -583.0, -789.0, -427.0
149.91601856, -602.0, -796.0, -431.0
149.935282048, -659.0, -756.0, -452.0
149.954545536, -726.0, -715.0, -489.0
149.973809024, -768.0, -645.0, -520.0
149.993072384, -811.0, -582.0, -529.0
150.012335872, -869.0, -530.0, -503.0
150.03159936, -879.0, -496.0, -492.0
150.050862848, -916.0, -456.0, -495.0
150.070126336, -892.0, -390.0, -513.0
150.089389824, -912.0, -316.0, -505.0
150.108653312, -939.0, -221.0, -506.0
150.127916672, -927.0, -135.0, -504.0
150.14718016, -932.0, -60.0, -507.0
150.166443648, -891.0, -4.0, -505.0
150.185707136, -859.0, 76.0, -480.0
150.204970624, -858.0, 151.0, -447.0
150.224234112, -818.0, 212.0, -409.0
150.2434976, -785.0, 244.0, -385.0
150.26276096, -709.0, 278.0, -364.0
150.282024448, -644.0, 309.0, -350.0
150.301287936, -595.0, 354.0, -337.0
150.320551424, -564.0, 376.0, -356.0
150.339814912, -531.0, 444.0, -335.0
150.3590784, -493.0, 500.0, -307.0
150.378341888, -422.0, 539.0, -289.0
150.397605248, -352.0, 559.0, -273.0
150.416868736, -284.0, 565.0, -255.0
150.436132224, -231.0, 558.0, -227.0
150.455395712, -176.0, 530.0, -184.0
150.4746592, -138.0, 489.0, -136.0
150.493922688, -150.0, 444.0, -82.0
150.513186176, -119.0, 401.0, -31.0
150.532449664, -89.0, 334.0, -15.0
150.551713024, 4.0, 195.0, -69.0
150.570976512, 171.0, 22.0, -106.0
150.59024, 338.0, -150.0, -166.0
150.609503488, 324.0, -298.0, -196.0
150.628766912, -238.0, -346.0, -376.0
150.648030592, -1018.0, -491.0, -329.0
150.667294336, -1408.0, 158.0, 241.0
150.68655808, -996.0, 159.0, 418.0
150.705821824, 1280.0, -1521.0, -350.0
150.72508544, -143.0, -1824.0, -1577.0
150.744349184, -983.0, -530.0, -415.0
150.763612928, -669.0, -734.0, -728.0
150.782876672, -355.0, -1057.0, -1034.0
150.802140416, -575.0, -1388.0, -856.0
150.82140416, -734.0, -1415.0, -609.0
150.840667776, -386.0, -1119.0, -536.0
150.85993152, -190.0, -1291.0, -616.0
150.879195264, -260.0, -1383.0, -494.0
150.898459008, -151.0, -1502.0, -671.0
150.917722752, -90.0, -1483.0, -689.0
150.936986496, -56.0, -1373.0, -576.0
150.95625024, 61.0, -1409.0, -526.0
150.975513856, 21.0, -1392.0, -421.0
150.9947776, 100.0, -1345.0, -353.0
151.014041344, 134.0, -1397.0, -385.0
151.033305088, 44.0, -1344.0, -352.0
151.052568832, 104.0, -1258.0, -282.0
151.071832576, 145.0, -1242.0, -234.0
151.09109632, 85.0, -1316.0, -137.0
151.110359936, 184.0, -1353.0, -82.0
151.12962368, 311.0, -1489.0, -53.0
151.148887424, 354.0, -1487.0, -4.0
151.168151168, 375.0, -1425.0, -49.0
151.187414912, 481.0, -1414.0, -82.0
151.206678656, 555.0, -1463.0, -76.0
151.225942272, 1174.0, -1426.0, 172.0
151.245206016, 703.0, -1792.0, -73.0
151.26446976, 623.0, -1576.0, 47.0
151.283733504, 736.0, -1343.0, -40.0
151.302997248, 893.0, -1520.0, -25.0
151.322260992, -180.0, -1008.0, 259.0
151.341524736, 381.0, -1193.0, -403.0
151.360788352, 834.0, -1090.0, 163.0
151.380052096, 545.0, -1117.0, 231.0
151.399315894, 593.0, -562.0, 389.0
151.418580864, 427.0, -1067.0, 93.0
151.437845888, 378.0, -748.0, 368.0
151.457110912, 442.0, -309.0, 89.0
151.476375808, 321.0, -406.0, 138.0
151.495640832, 537.0, -671.0, 237.0
151.514905856, 353.0, -709.0, 49.0
151.53417088, 251.0, -607.0, 52.0
151.553435776, 206.0, -670.0, 49.0
151.5727008, 210.0, -698.0, 40.0
151.591965824, 142.0, -666.0, -45.0
151.611230848, 96.0, -674.0, -79.0
151.630495872, 52.0, -693.0, -108.0
151.649760768, -16.0, -676.0, -177.0
151.669025792, -69.0, -692.0, -208.0
151.688290816, -145.0, -712.0, -218.0
151.70755584, -218.0, -726.0, -259.0
151.726820864, -289.0, -759.0, -301.0
151.74608576, -355.0, -783.0, -332.0
151.765350784, -391.0, -784.0, -386.0
151.784615808, -475.0, -813.0, -425.0
151.803880832, -574.0, -800.0, -433.0
151.823145728, -630.0, -778.0, -466.0
151.842410752, -625.0, -771.0, -478.0
151.861675776, -677.0, -740.0, -445.0
151.8809408, -745.0, -711.0, -482.0
151.900205824, -759.0, -657.0, -533.0
151.91947072, -773.0, -595.0, -556.0
151.938735744, -813.0, -531.0, -517.0
151.958000768, -880.0, -443.0, -520.0
151.977265792, -915.0, -388.0, -506.0
151.996530688, -900.0, -372.0, -493.0
152.015795712, -873.0, -325.0, -497.0
152.035060736, -876.0, -251.0, -509.0
152.05432576, -883.0, -174.0, -517.0
152.073590784, -890.0, -99.0, -517.0
152.09285568, -863.0, -7.0, -523.0
152.112120704, -865.0, 103.0, -503.0
152.131385728, -861.0, 171.0, -473.0
152.150650752, -858.0, 221.0, -438.0
152.169915776, -826.0, 247.0, -399.0
152.189180672, -779.0, 261.0, -374.0
152.208445696, -685.0, 302.0, -346.0
152.22771072, -612.0, 337.0, -333.0
152.246975744, -539.0, 385.0, -302.0
152.26624064, -469.0, 431.0, -287.0
152.285505664, -408.0, 444.0, -266.0
152.304770688, -335.0, 451.0, -230.0
152.324035712, -254.0, 463.0, -194.0
152.343300736, -194.0, 475.0, -154.0
152.362565632, -125.0, 479.0, -104.0
152.381830656, -95.0, 424.0, -55.0
152.40109568, -101.0, 350.0, -24.0
152.420360704, -105.0, 272.0, -13.0
152.4396256, -137.0, 157.0, -32.0
152.458890624, -140.0, 11.0, -102.0
152.478155648, 16.0, -134.0, -239.0
152.497420672, 174.0, -317.0, -330.0
152.516685696, 5.0, -521.0, -286.0
152.535950592, -493.0, -500.0, -268.0
152.555215662, -1294.0, 187.0, -76.0
152.574479488, -987.0, 318.0, 529.0
152.59374336, 1155.0, -1143.0, -147.0
152.613007104, 108.0, -2084.0, -1410.0
152.632270976, -826.0, -1008.0, -583.0
152.65153472, -968.0, -898.0, -954.0
152.670798592, -672.0, -1028.0, -1162.0
152.690062336, -663.0, -1438.0, -962.0
152.709326208, -537.0, -1397.0, -703.0
152.728589952, -301.0, -1132.0, -504.0
152.747853824, -179.0, -1189.0, -446.0
152.767117568, -136.0, -1256.0, -379.0
152.78638144, -153.0, -1275.0, -455.0
152.805645184, -258.0, -1291.0, -531.0
152.824909056, -289.0, -1249.0, -512.0
152.8441728, -179.0, -1273.0, -571.0
152.863436672, -57.0, -1255.0, -529.0
152.882700416, -9.0, -1310.0, -427.0
152.901964288, 126.0, -1420.0, -405.0
152.921228032, 34.0, -1461.0, -438.0
152.940491904, -9.0, -1430.0, -323.0
152.959755648, 50.0, -1496.0, -341.0
152.97901952, 37.0, -1376.0, -247.0
152.998283264, 99.0, -1420.0, -128.0
153.017547136, 205.0, -1561.0, -30.0
153.03681088, 271.0, -1481.0, 21.0
153.056074752, 302.0, -1411.0, 10.0
153.075338496, 399.0, -1437.0, -23.0
153.094602368, 662.0, -1520.0, -19.0
153.113866112, 848.0, -1593.0, -42.0
153.133129984, 781.0, -1773.0, 53.0
153.152393728, 693.0, -1498.0, -93.0
153.1716576, 578.0, -1404.0, -139.0
153.190921344, 568.0, -1487.0, -192.0
153.210185216, 358.0, -1214.0, -143.0
153.22944896, 394.0, -1132.0, -53.0
153.248712832, 540.0, -1178.0, 50.0
153.267976576, 667.0, -1072.0, 136.0
153.287240448, 361.0, -986.0, 79.0
153.306504192, 146.0, -856.0, 165.0
153.325768064, 399.0, -845.0, 152.0
153.345031808, 260.0, -683.0, 32.0
153.36429568, 267.0, -638.0, 61.0
153.383559424, 548.0, -748.0, 76.0
153.402823296, 694.0, -755.0, -246.0
153.422087079, 366.0, -678.0, 51.0
153.44135104, 315.0, -613.0, 87.0
153.46061504, 270.0, -574.0, 37.0
153.47987904, 209.0, -604.0, -14.0
153.49914304, 146.0, -586.0, -48.0
153.51840704, 58.0, -593.0, -96.0
153.53767104, -7.0, -574.0, -133.0
153.55693504, -99.0, -596.0, -178.0
153.57619904, -198.0, -632.0, -226.0
153.59546304, -247.0, -656.0, -256.0
153.61472704, -324.0, -685.0, -317.0
153.63399104, -408.0, -681.0, -356.0
153.65325504, -508.0, -671.0, -407.0
153.67251904, -594.0, -694.0, -447.0
153.69178304, -677.0, -690.0, -474.0
153.711046912, -746.0, -701.0, -503.0
153.730310912, -783.0, -697.0, -514.0
153.749574912, -789.0, -696.0, -535.0
153.768838912, -811.0, -667.0, -562.0
153.788102912, -822.0, -636.0, -570.0
153.807366912, -820.0, -603.0, -556.0
153.826630912, -853.0, -544.0, -555.0
153.845894912, -884.0, -486.0, -563.0
153.865158912, -885.0, -427.0, -574.0
153.884422912, -875.0, -357.0, -567.0
153.903686912, -905.0, -282.0, -546.0
153.922950912, -910.0, -214.0, -522.0
153.942214912, -894.0, -134.0, -545.0
153.961478912, -889.0, -55.0, -545.0
153.980742912, -888.0, 13.0, -529.0
154.000006912, -872.0, 87.0, -505.0
154.019270912, -831.0, 154.0, -496.0
154.038534912, -804.0, 197.0, -461.0
154.057798912, -755.0, 241.0, -445.0
154.077062912, -693.0, 281.0, -423.0
154.096326912, -638.0, 322.0, -375.0
154.115590912, -586.0, 355.0, -347.0
154.134854912, -523.0, 390.0, -331.0
154.154118912, -460.0, 425.0, -303.0
154.173382912, -408.0, 458.0, -281.0
154.192646912, -331.0, 485.0, -248.0
154.211910912, -263.0, 495.0, -211.0
154.231174784, -215.0, 491.0, -166.0
154.250438784, -165.0, 480.0, -115.0
154.269702784, -128.0, 446.0, -64.0
154.288966784, -112.0, 372.0, -14.0
154.308230784, -112.0, 295.0, -6.0
154.327494784, -139.0, 178.0, 4.0
154.346758784, -122.0, 35.0, -62.0
154.366022784, -2.0, -73.0, -152.0
154.385286784, 254.0, -254.0, -256.0
154.404550784, 229.0, -430.0, -336.0
154.423814784, -229.0, -468.0, -360.0
154.443078784, -1133.0, -78.0, -80.0
154.462342784, -1267.0, 291.0, 410.0
154.481606784, 561.0, -794.0, 32.0
154.500870784, 1005.0, -2118.0, -1252.0
154.520134784, -956.0, -1209.0, -558.0
154.539398784, -1097.0, -904.0, -829.0
154.558662784, -674.0, -990.0, -1193.0
154.577926784, -878.0, -1378.0, -1090.0
154.597190784, -873.0, -1367.0, -634.0
154.616454785, -461.0, -1207.0, -518.0
154.63572096, -268.0, -1243.0, -509.0
154.654987136, -240.0, -1182.0, -460.0
154.67425344, -252.0, -1263.0, -587.0
154.693519616, -285.0, -1271.0, -536.0
154.712785792, -267.0, -1257.0, -491.0
154.732052096, -183.0, -1300.0, -531.0
154.751318272, -107.0, -1310.0, -469.0
154.770584448, -27.0, -1302.0, -488.0
154.789850624, -22.0, -1420.0, -520.0
154.809116928, -28.0, -1543.0, -386.0
154.828383104, 18.0, -1440.0, -356.0
154.84764928, 36.0, -1384.0, -413.0
154.866915584, -28.0, -1369.0, -283.0
154.88618176, 96.0, -1404.0, -155.0
154.905447936, 204.0, -1501.0, -44.0
154.92471424, 340.0, -1533.0, -35.0
154.943980416, 399.0, -1498.0, 9.0
154.963246592, 355.0, -1386.0, 1.0
154.982512768, 445.0, -1427.0, -65.0
155.001779072, 627.0, -1537.0, -128.0
155.021045248, 651.0, -1568.0, -79.0
155.040311424, 595.0, -1638.0, -15.0
155.059577728, 610.0, -1380.0, 48.0
155.078843904, 650.0, -1302.0, 80.0
155.09811008, 757.0, -1341.0, 16.0
155.117376384, 318.0, -1303.0, -111.0
155.13664256, 237.0, -999.0, 55.0
155.155908736, 828.0, -1170.0, 108.0
155.17517504, 390.0, -1058.0, 97.0
155.194441216, 381.0, -974.0, 168.0
155.213707392, 245.0, -722.0, 162.0
155.232973568, 666.0, -865.0, 193.0
155.252239872, 178.0, -639.0, 89.0
155.271506048, 213.0, -429.0, 121.0
155.290772224, 594.0, -743.0, 153.0
155.310038528, 139.0, -563.0, 292.0
155.329304704, 298.0, -625.0, 73.0
155.34857088, 283.0, -572.0, 24.0
155.367837184, 222.0, -557.0, -36.0
155.38710336, 101.0, -608.0, -61.0
155.406369536, 63.0, -644.0, -79.0
155.425635712, 10.0, -641.0, -129.0
155.444902016, -63.0, -644.0, -154.0
155.464168192, -135.0, -683.0, -175.0
155.483434368, -193.0, -696.0, -203.0
155.502700672, -283.0, -709.0, -229.0
155.521966848, -384.0, -774.0, -260.0
155.541233024, -443.0, -823.0, -286.0
155.560499328, -513.0, -845.0, -365.0
155.579765504, -556.0, -839.0, -438.0
155.59903168, -600.0, -795.0, -476.0
155.618297984, -663.0, -779.0, -486.0
155.63756418, -710.0, -743.0, -489.0
155.65683136, -743.0, -748.0, -489.0
155.67609856, -774.0, -725.0, -494.0
155.695365632, -800.0, -699.0, -512.0
155.714632832, -792.0, -632.0, -530.0
155.733899904, -843.0, -554.0, -551.0
155.753167104, -859.0, -485.0, -562.0
155.772434176, -908.0, -380.0, -559.0
155.791701376, -965.0, -332.0, -537.0
155.810968448, -979.0, -277.0, -543.0
155.830235648, -956.0, -188.0, -530.0
155.84950272, -969.0, -99.0, -508.0
155.86876992, -923.0, -42.0, -492.0
155.888036992, -889.0, -1.0, -462.0
155.907304192, -835.0, 45.0, -451.0
155.926571264, -794.0, 96.0, -429.0
155.945838464, -760.0, 160.0, -410.0
155.965105536, -714.0, 222.0, -393.0
155.984372736, -663.0, 291.0, -371.0
156.003639808, -604.0, 345.0, -338.0
156.022907008, -529.0, 387.0, -312.0
156.04217408, -456.0, 400.0, -295.0
156.06144128, -388.0, 432.0, -271.0
156.080708352, -300.0, 457.0, -233.0
156.099975552, -214.0, 462.0, -178.0
156.119242624, -132.0, 451.0, -140.0
156.138509824, -100.0, 422.0, -83.0
156.157776896, -70.0, 388.0, -38.0
156.177044096, -53.0, 318.0, -20.0
156.196311168, -100.0, 228.0, -23.0
156.215578368, -152.0, 117.0, -45.0
156.23484544, -140.0, -4.0, -89.0
156.25411264, -51.0, -82.0, -155.0
156.273379712, 69.0, -231.0, -225.0
156.292646912, 116.0, -330.0, -349.0
156.311913984, -220.0, -427.0, -259.0
156.331181184, -1188.0, -26.0, 77.0
156.350448256, -1674.0, 403.0, 587.0
156.369715456, 742.0, -497.0, 242.0
156.388982528, 877.0, -2403.0, -1403.0
156.408249728, -879.0, -1486.0, -675.0
156.4275168, -816.0, -867.0, -901.0
156.446784, -204.0, -1076.0, -1378.0
156.466051072, -645.0, -1616.0, -1120.0
156.485318272, -719.0, -1351.0, -662.0
156.504585344, -338.0, -1096.0, -479.0
156.523852544, -120.0, -1146.0, -510.0
156.543119616, -270.0, -1222.0, -500.0
156.562386816, -268.0, -1308.0, -496.0
156.581653888, -150.0, -1368.0, -601.0
156.600921088, -176.0, -1303.0, -625.0
156.62018816, -121.0, -1377.0, -603.0
156.63945536, 42.0, -1334.0, -442.0
156.658722399, 229.0, -1471.0, -400.0
156.67798848, 145.0, -1586.0, -446.0
156.697254528, -44.0, -1553.0, -584.0
156.716520576, -71.0, -1542.0, -519.0
156.735786624, -51.0, -1481.0, -416.0
156.755052672, 21.0, -1383.0, -229.0
156.77431872, 107.0, -1353.0, -143.0
156.793584768, 231.0, -1361.0, -54.0
156.812850816, 303.0, -1545.0, 53.0
156.832116864, 372.0, -1504.0, 107.0
156.851382912, 390.0, -1395.0, 105.0
156.87064896, 548.0, -1440.0, 21.0
156.889915008, 912.0, -1775.0, 292.0
156.909181056, 796.0, -1746.0, -16.0
156.928446976, 1293.0, -1891.0, -172.0
156.947713024, 434.0, -1515.0, 1.0
156.966979072, 840.0, -1548.0, -35.0
156.98624512, 155.0, -1223.0, -206.0
157.005511168, 411.0, -1074.0, 29.0
157.024777216, 156.0, -1144.0, -56.0
157.044043264, 331.0, -1081.0, 180.0
157.063309312, 335.0, -796.0, 110.0
157.08257536, 37.0, -536.0, 116.0
157.101841408, 477.0, -679.0, 157.0
157.121107456, 168.0, -471.0, 38.0
157.140373504, 222.0, -536.0, -59.0
157.159639552, 399.0, -708.0, 107.0
157.1789056, 328.0, -704.0, 49.0
157.198171648, 277.0, -542.0, 50.0
157.217437696, 125.0, -537.0, 15.0
157.236703744, 67.0, -574.0, 39.0
157.255969792, 13.0, -557.0, -2.0
157.27523584, -59.0, -613.0, -49.0
157.294501888, -126.0, -657.0, -85.0
157.313767936, -192.0, -689.0, -141.0
157.333033984, -265.0, -741.0, -204.0
157.352300032, -324.0, -764.0, -297.0
157.37156608, -430.0, -757.0, -375.0
157.390832, -529.0, -777.0, -410.0
157.410098048, -623.0, -806.0, -451.0
157.429364096, -696.0, -791.0, -513.0
157.448630144, -740.0, -739.0, -533.0
157.467896192, -755.0, -716.0, -528.0
157.48716224, -787.0, -740.0, -526.0
157.506428288, -800.0, -700.0, -509.0
157.525694336, -802.0, -654.0, -516.0
157.544960384, -833.0, -591.0, -534.0
157.564226432, -886.0, -514.0, -506.0
157.58349248, -898.0, -444.0, -485.0
157.602758528, -868.0, -366.0, -481.0
157.622024576, -854.0, -297.0, -470.0
157.641290624, -858.0, -222.0, -513.0
157.660556621, -866.0, -129.0, -529.0
157.679823744, -874.0, -67.0, -533.0
157.699090816, -872.0, 38.0, -520.0
157.718357888, -859.0, 106.0, -476.0
157.73762496, -828.0, 158.0, -464.0
157.756892032, -791.0, 186.0, -431.0
157.776159104, -729.0, 218.0, -406.0
157.795426176, -671.0, 273.0, -379.0
157.814693376, -612.0, 313.0, -340.0
157.833960448, -528.0, 358.0, -316.0
157.85322752, -451.0, 385.0, -297.0
157.872494592, -370.0, 416.0, -270.0
157.891761664, -307.0, 439.0, -242.0
157.911028736, -251.0, 450.0, -185.0
157.930295808, -185.0, 440.0, -127.0
157.94956288, -149.0, 424.0, -69.0
157.968829952, -157.0, 386.0, -25.0
157.988097024, -149.0, 343.0, 13.0
158.007364096, -100.0, 272.0, -1.0
158.026631168, -26.0, 129.0, -45.0
158.04589824, 91.0, -41.0, -93.0
158.065165312, 277.0, -211.0, -97.0
158.084432512, 219.0, -241.0, -206.0
158.103699584, -258.0, -402.0, -190.0
158.122966656, -925.0, -472.0, -138.0
158.142233728, -1288.0, 97.0, 73.0
158.1615008, -717.0, 133.0, 602.0
158.180767872, 1797.0, -1437.0, -325.0
158.200034944, -165.0, -1853.0, -1447.0
158.219302016, -1080.0, -879.0, -505.0
158.238569088, -764.0, -839.0, -760.0
158.25783616, -538.0, -1222.0, -1152.0
158.277103232, -885.0, -1520.0, -862.0
158.296370304, -647.0, -1406.0, -588.0
158.315637376, -346.0, -1139.0, -389.0
158.334904576, -150.0, -1354.0, -427.0
158.354171648, -255.0, -1427.0, -528.0
158.37343872, -234.0, -1409.0, -641.0
158.392705792, -266.0, -1411.0, -707.0
158.411972864, -76.0, -1493.0, -480.0
158.431239936, 145.0, -1570.0, -443.0
158.450507008, 106.0, -1537.0, -455.0
158.46977408, 32.0, -1594.0, -406.0
158.489041152, -47.0, -1612.0, -465.0
158.508308224, -122.0, -1578.0, -427.0
158.527575296, -133.0, -1517.0, -369.0
158.546842368, -70.0, -1478.0, -297.0
158.56610944, 56.0, -1438.0, -179.0
158.585376512, 236.0, -1359.0, -105.0
158.604643712, 354.0, -1446.0, -24.0
158.623910695, 374.0, -1447.0, -38.0
158.643176576, 342.0, -1320.0, -31.0
158.662442496, 401.0, -1299.0, 66.0
158.681708288, 557.0, -1424.0, 55.0
158.700974208, 693.0, -1686.0, 5.0
158.720240128, 1034.0, -1687.0, 10.0
158.73950592, 598.0, -1345.0, 70.0
158.75877184, 958.0, -1420.0, -23.0
158.77803776, 257.0, -1274.0, -202.0
158.797303552, 454.0, -1496.0, -95.0
158.816569472, 96.0, -923.0, -21.0
158.835835264, 828.0, -1146.0, 252.0
158.855101184, 89.0, -734.0, 42.0
158.874367104, 171.0, -866.0, 191.0
158.893632896, 411.0, -722.0, 94.0
158.912898816, 327.0, -570.0, 30.0
158.932164736, 315.0, -602.0, 44.0
158.951430528, 436.0, -570.0, -34.0
158.970696448, 489.0, -673.0, 16.0
158.989962368, 320.0, -700.0, -38.0
159.00922816, 275.0, -598.0, 79.0
159.02849408, 187.0, -589.0, 81.0
159.04776, 141.0, -574.0, 24.0
159.067025792, 50.0, -579.0, -51.0
159.086291712, -25.0, -624.0, -85.0
159.105557632, -116.0, -662.0, -127.0
159.124823424, -213.0, -691.0, -184.0
159.144089344, -271.0, -707.0, -236.0
159.163355136, -319.0, -716.0, -285.0
159.182621056, -394.0, -718.0, -337.0
159.201886976, -480.0, -742.0, -391.0
159.221152768, -593.0, -793.0, -409.0
159.240418688, -660.0, -804.0, -457.0
159.259684608, -702.0, -775.0, -492.0
159.2789504, -718.0, -766.0, -528.0
159.29821632, -715.0, -756.0, -537.0
159.31748224, -745.0, -747.0, -512.0
159.336748032, -773.0, -660.0, -494.0
159.356013952, -766.0, -586.0, -490.0
159.375279872, -800.0, -536.0, -473.0
159.394545664, -840.0, -543.0, -484.0
159.413811584, -871.0, -476.0, -529.0
159.433077376, -850.0, -368.0, -563.0
159.452343296, -931.0, -220.0, -511.0
159.471609216, -968.0, -149.0, -507.0
159.490875008, -959.0, -110.0, -506.0
159.510140928, -979.0, -80.0, -485.0
159.529406848, -943.0, -7.0, -494.0
159.54867264, -902.0, 85.0, -472.0
159.56793856, -827.0, 144.0, -428.0
159.58720448, -778.0, 191.0, -387.0
159.606470272, -735.0, 225.0, -343.0
159.625736192, -670.0, 242.0, -316.0
159.645002112, -593.0, 282.0, -307.0
159.664267904, -521.0, 333.0, -287.0
159.683533802, -448.0, 372.0, -261.0
159.702799872, -395.0, 398.0, -222.0
159.72206592, -320.0, 422.0, -186.0
159.74133184, -250.0, 422.0, -151.0
159.760597888, -194.0, 409.0, -110.0
159.779863936, -178.0, 400.0, -64.0
159.799129984, -153.0, 360.0, -51.0
159.818395904, -127.0, 308.0, -38.0
159.837661952, -128.0, 202.0, -37.0
159.856928, -125.0, 65.0, -8.0
159.876194048, -9.0, -48.0, -49.0
159.895459968, 317.0, -117.0, -52.0
159.914726016, 520.0, -300.0, -91.0
159.933992064, -79.0, -530.0, 4.0
159.953257984, -1163.0, -184.0, 47.0
159.972524032, -1432.0, 252.0, 478.0
159.99179008, 1434.0, -844.0, 324.0
160.011056128, 959.0, -2455.0, -1517.0
160.030322048, -1369.0, -947.0, -826.0
160.049588096, -1235.0, -777.0, -592.0
160.068854144, -627.0, -1173.0, -1045.0
160.088120192, -887.0, -1473.0, -1228.0
160.107386112, -1074.0, -1252.0, -668.0
160.12665216, -541.0, -1237.0, -506.0
160.145918208, -142.0, -1353.0, -492.0
160.165184256, -316.0, -1478.0, -583.0
160.184450176, -225.0, -1434.0, -465.0
160.203716224, -63.0, -1524.0, -614.0
160.222982272, -150.0, -1565.0, -660.0
160.242248192, -144.0, -1533.0, -703.0
160.26151424, -58.0, -1555.0, -632.0
160.280780288, -24.0, -1632.0, -553.0
160.300046336, 112.0, -1653.0, -408.0
160.319312256, 115.0, -1631.0, -433.0
160.338578304, -76.0, -1639.0, -420.0
160.357844352, -85.0, -1638.0, -320.0
160.3771104, -34.0, -1662.0, -311.0
160.39637632, 88.0, -1553.0, -188.0
160.415642368, 236.0, -1527.0, -177.0
160.434908416, 282.0, -1535.0, -155.0
160.45417434, 246.0, -1414.0, -82.0
160.473439104, 358.0, -1363.0, 48.0
160.492703872, 649.0, -1397.0, 53.0
160.51196864, 966.0, -1325.0, -536.0
160.53123328, 1082.0, -1555.0, 146.0
160.550498048, 970.0, -1361.0, 313.0
160.569762816, 373.0, -1155.0, -261.0
160.589027584, 738.0, -2266.0, 194.0
160.608292352, 122.0, -1414.0, -393.0
160.627556992, -70.0, -1122.0, -179.0
160.64682176, 463.0, -940.0, 335.0
160.666086528, 251.0, -787.0, 6.0
160.685351296, 357.0, -722.0, 264.0
160.704616064, 211.0, -554.0, 161.0
160.723880704, 145.0, -484.0, 70.0
160.743145472, 226.0, -436.0, -15.0
160.76241024, 301.0, -541.0, 8.0
160.781675008, 255.0, -519.0, 17.0
160.800939776, 158.0, -530.0, 18.0
160.820204416, 105.0, -494.0, 7.0
160.839469184, 25.0, -482.0, 4.0
160.858733952, -1.0, -511.0, 16.0
160.87799872, -39.0, -540.0, -24.0
160.89726336, -95.0, -615.0, -57.0
160.916528128, -164.0, -641.0, -91.0
160.935792896, -239.0, -695.0, -162.0
160.955057664, -296.0, -745.0, -197.0
160.974322432, -354.0, -785.0, -241.0
160.993587072, -418.0, -782.0, -307.0
161.01285184, -480.0, -800.0, -344.0
161.032116608, -541.0, -828.0, -404.0
161.051381376, -579.0, -843.0, -440.0
161.070646144, -636.0, -825.0, -453.0
161.089910784, -646.0, -813.0, -455.0
161.109175552, -587.0, -803.0, -418.0
161.12844032, -570.0, -695.0, -439.0
161.147705088, -562.0, -678.0, -381.0
161.166969856, -667.0, -694.0, -332.0
161.186234496, -743.0, -701.0, -376.0
161.205499264, -784.0, -618.0, -473.0
161.224764032, -820.0, -545.0, -495.0
161.2440288, -832.0, -461.0, -478.0
161.263293568, -830.0, -412.0, -449.0
161.282558208, -788.0, -383.0, -450.0
161.301822976, -771.0, -371.0, -436.0
161.321087744, -786.0, -330.0, -455.0
161.340352512, -810.0, -249.0, -445.0
161.35961728, -839.0, -173.0, -432.0
161.37888192, -816.0, -136.0, -430.0
161.398146688, -834.0, -123.0, -435.0
161.417411456, -838.0, -108.0, -433.0
161.436676224, -851.0, -67.0, -444.0
161.455940992, -844.0, -28.0, -460.0
161.475205632, -862.0, 12.0, -459.0
161.4944704, -926.0, 80.0, -439.0
161.513735168, -953.0, 128.0, -433.0
161.532999936, -921.0, 165.0, -466.0
161.552264704, -889.0, 172.0, -494.0
161.571529344, -899.0, 186.0, -514.0
161.590794112, -900.0, 231.0, -521.0
161.610058846, -896.0, 288.0, -514.0
161.629324416, -897.0, 326.0, -492.0
161.648589952, -906.0, 350.0, -476.0
161.667855616, -880.0, 349.0, -472.0
161.687121152, -836.0, 346.0, -466.0
161.706386688, -789.0, 371.0, -463.0
161.725652352, -775.0, 397.0, -457.0
161.744917888, -749.0, 419.0, -465.0
161.764183424, -710.0, 414.0, -478.0
161.783449088, -705.0, 418.0, -477.0
161.802714624, -709.0, 423.0, -480.0
161.82198016, -722.0, 445.0, -499.0
161.841245824, -732.0, 449.0, -514.0
161.86051136, -733.0, 474.0, -506.0
161.879776896, -736.0, 470.0, -511.0
161.89904256, -719.0, 496.0, -539.0
161.918308096, -690.0, 505.0, -539.0
161.937573632, -672.0, 498.0, -545.0
161.956839296, -668.0, 506.0, -548.0
161.976104832, -664.0, 508.0, -537.0
161.995370368, -660.0, 507.0, -557.0
162.014635904, -653.0, 500.0, -560.0
162.033901568, -653.0, 517.0, -557.0
162.053167104, -656.0, 547.0, -538.0
162.07243264, -673.0, 524.0, -498.0
162.091698304, -734.0, 495.0, -497.0
162.11096384, -736.0, 467.0, -502.0
162.130229376, -707.0, 483.0, -524.0
162.14949504, -690.0, 502.0, -528.0
162.168760576, -700.0, 521.0, -535.0
162.188026112, -680.0, 526.0, -531.0
162.207291776, -649.0, 541.0, -522.0
162.226557312, -645.0, 559.0, -521.0
162.245822848, -650.0, 570.0, -520.0
162.265088512, -655.0, 575.0, -509.0
162.284354048, -656.0, 567.0, -500.0
162.303619584, -647.0, 547.0, -497.0
162.322885248, -645.0, 533.0, -513.0
162.342150784, -641.0, 525.0, -512.0
162.36141632, -652.0, 506.0, -513.0
162.380681984, -633.0, 491.0, -527.0
162.39994752, -628.0, 507.0, -533.0
162.419213056, -633.0, 513.0, -542.0
162.43847872, -629.0, 522.0, -554.0
162.457744256, -623.0, 524.0, -557.0
162.477009792, -616.0, 535.0, -564.0
162.496275456, -617.0, 556.0, -557.0
162.515540992, -643.0, 567.0, -536.0
162.534806528, -651.0, 580.0, -530.0
162.554072192, -659.0, 588.0, -525.0
162.573337728, -652.0, 594.0, -524.0
162.592603264, -640.0, 588.0, -509.0
162.611868928, -637.0, 587.0, -500.0
162.631134464, -605.0, 591.0, -499.0
162.6504, -574.0, 595.0, -503.0
162.669665664, -598.0, 616.0, -497.0
162.6889312, -612.0, 618.0, -490.0
162.708196736, -586.0, 590.0, -471.0
162.727462272, -531.0, 540.0, -460.0
162.746727936, -449.0, 532.0, -458.0
162.765993472, -404.0, 532.0, -438.0
162.785259008, -411.0, 567.0, -443.0
162.804524672, -406.0, 566.0, -410.0
162.823790208, -406.0, 544.0, -383.0
162.843055744, -429.0, 519.0, -381.0
162.862321408, -541.0, 525.0, -396.0
162.881586944, -705.0, 523.0, -411.0
162.90085248, -766.0, 554.0, -416.0
162.920118144, -755.0, 551.0, -382.0
162.93938368, -790.0, 542.0, -413.0
162.958649272, -897.0, 531.0, -410.0
162.977914112, -916.0, 483.0, -397.0
162.997179008, -864.0, 450.0, -447.0
163.016443904, -946.0, 424.0, -493.0
163.0357088, -1041.0, 369.0, -447.0
163.054973824, -940.0, 296.0, -475.0
163.07423872, -858.0, 265.0, -553.0
163.093503616, -934.0, 315.0, -611.0
163.112768512, -1011.0, 223.0, -602.0
163.132033408, -954.0, 148.0, -603.0
163.151298304, -847.0, 79.0, -616.0
163.170563328, -811.0, 27.0, -650.0
163.189828224, -831.0, -19.0, -674.0
163.20909312, -865.0, -68.0, -701.0
163.228358016, -891.0, -62.0, -707.0
163.247622912, -946.0, -32.0, -706.0
163.266887808, -1002.0, -23.0, -721.0
163.286152832, -968.0, -46.0, -733.0
163.305417728, -944.0, -39.0, -704.0
163.324682624, -927.0, 0.0, -646.0
163.34394752, -906.0, 4.0, -638.0
163.363212416, -873.0, -5.0, -630.0
163.382477312, -842.0, 29.0, -605.0
163.401742336, -859.0, 59.0, -594.0
163.421007232, -861.0, 79.0, -588.0
163.440272128, -882.0, 92.0, -582.0
163.459537024, -906.0, 101.0, -554.0
163.47880192, -899.0, 91.0, -564.0
163.498066816, -916.0, 93.0, -566.0
163.51733184, -902.0, 107.0, -547.0
163.536596736, -888.0, 144.0, -538.0
163.555861632, -877.0, 166.0, -514.0
163.575126528, -830.0, 156.0, -527.0
163.594391424, -788.0, 182.0, -555.0
163.61365632, -762.0, 227.0, -555.0
163.632921344, -788.0, 253.0, -530.0
163.65218624, -787.0, 267.0, -521.0
163.671451136, -787.0, 302.0, -496.0
163.690716032, -760.0, 321.0, -492.0
163.709980928, -727.0, 332.0, -512.0
163.729245824, -736.0, 315.0, -491.0
163.748510848, -730.0, 287.0, -474.0
163.767775744, -724.0, 266.0, -487.0
163.78704064, -735.0, 274.0, -498.0
163.806305536, -756.0, 301.0, -510.0
163.825570432, -773.0, 306.0, -521.0
163.844835328, -763.0, 308.0, -547.0
163.864100352, -769.0, 324.0, -577.0
163.883365248, -751.0, 339.0, -598.0
163.902630144, -768.0, 349.0, -584.0
163.92189504, -781.0, 387.0, -606.0
163.941159936, -761.0, 419.0, -604.0
163.960424832, -762.0, 461.0, -630.0
163.979689856, -763.0, 490.0, -654.0
163.998954752, -761.0, 501.0, -661.0
164.018219648, -761.0, 506.0, -647.0
164.037484544, -746.0, 498.0, -623.0
164.05674944, -722.0, 465.0, -616.0
164.076014336, -699.0, 454.0, -579.0
164.09527936, -670.0, 439.0, -571.0
164.114544256, -659.0, 433.0, -542.0
164.133809152, -652.0, 419.0, -557.0
164.153074048, -661.0, 406.0, -565.0
164.172338944, -675.0, 402.0, -568.0
164.19160384, -706.0, 434.0, -565.0
164.210868864, -723.0, 438.0, -567.0
164.23013376, -732.0, 444.0, -569.0
164.249398656, -758.0, 465.0, -569.0
164.268663552, -765.0, 444.0, -580.0
164.287928448, -775.0, 443.0, -577.0
164.307193344, -791.0, 447.0, -551.0
164.326458397, -771.0, 451.0, -547.0
164.345724672, -749.0, 457.0, -549.0
164.364990976, -712.0, 440.0, -537.0
164.384257152, -693.0, 433.0, -530.0
164.403523456, -672.0, 427.0, -528.0
164.422789632, -661.0, 424.0, -522.0
164.442055936, -654.0, 424.0, -515.0
164.461322112, -634.0, 414.0, -528.0
164.480588416, -632.0, 409.0, -532.0
164.49985472, -623.0, 392.0, -535.0
164.519120896, -630.0, 414.0, -544.0
164.5383872, -656.0, 384.0, -541.0
164.557653376, -683.0, 419.0, -530.0
164.57691968, -687.0, 400.0, -518.0
164.596185984, -686.0, 370.0, -500.0
164.61545216, -693.0, 357.0, -491.0
164.634718464, -668.0, 358.0, -509.0
164.65398464, -675.0, 332.0, -521.0
164.673250944, -712.0, 315.0, -523.0
164.69251712, -736.0, 297.0, -505.0
164.711783424, -744.0, 272.0, -516.0
164.731049728, -728.0, 241.0, -539.0
164.750315904, -740.0, 183.0, -562.0
164.769582208, -751.0, 140.0, -533.0
164.788848384, -773.0, 94.0, -542.0
164.808114688, -762.0, 75.0, -551.0
164.827380864, -733.0, 47.0, -553.0
164.846647168, -752.0, 0.0, -518.0
164.865913472, -771.0, -3.0, -504.0
164.885179648, -739.0, -49.0, -487.0
164.904445952, -734.0, -88.0, -464.0
164.923712128, -759.0, -105.0, -488.0
164.942978432, -763.0, -139.0, -529.0
164.962244608, -807.0, -184.0, -485.0
164.981510912, -829.0, -257.0, -470.0
165.000777216, -823.0, -347.0, -459.0
165.020043392, -835.0, -397.0, -500.0
165.039309696, -795.0, -382.0, -535.0
165.058575872, -787.0, -390.0, -539.0
165.077842176, -795.0, -410.0, -578.0
165.09710848, -786.0, -491.0, -583.0
165.116374656, -796.0, -552.0, -585.0
165.13564096, -755.0, -560.0, -576.0
165.154907136, -728.0, -622.0, -574.0
165.17417344, -702.0, -677.0, -605.0
165.193439616, -709.0, -705.0, -586.0
165.21270592, -681.0, -732.0, -568.0
165.231972224, -609.0, -794.0, -571.0
165.2512384, -561.0, -841.0, -557.0
165.270504704, -527.0, -849.0, -534.0
165.28977088, -493.0, -870.0, -522.0
165.309037184, -509.0, -886.0, -484.0
165.32830336, -491.0, -892.0, -475.0
165.347569664, -486.0, -907.0, -464.0
165.366835968, -472.0, -890.0, -473.0
165.386102144, -440.0, -874.0, -472.0
165.405368448, -416.0, -882.0, -453.0
165.424634624, -415.0, -898.0, -428.0
165.443900928, -406.0, -888.0, -418.0
165.463167104, -381.0, -857.0, -407.0
165.482433408, -364.0, -825.0, -384.0
165.501699712, -350.0, -825.0, -356.0
165.520965888, -344.0, -831.0, -344.0
165.540232192, -327.0, -845.0, -319.0
165.559498368, -341.0, -845.0, -327.0
165.578764672, -350.0, -835.0, -325.0
165.598030976, -343.0, -808.0, -354.0
165.617297152, -386.0, -809.0, -338.0
165.636563456, -426.0, -833.0, -348.0
165.655829632, -399.0, -821.0, -366.0
165.675095936, -363.0, -813.0, -371.0
165.694362138, -362.0, -831.0, -366.0
165.713627264, -377.0, -864.0, -358.0
165.732892416, -379.0, -898.0, -381.0
165.75215744, -370.0, -928.0, -375.0
165.771422592, -359.0, -892.0, -392.0
165.790687744, -347.0, -889.0, -394.0
165.809952896, -353.0, -902.0, -381.0
165.82921792, -357.0, -916.0, -379.0
165.848483072, -330.0, -925.0, -375.0
165.867748224, -312.0, -919.0, -349.0
165.887013248, -273.0, -946.0, -336.0
165.9062784, -243.0, -955.0, -332.0
165.925543552, -245.0, -918.0, -309.0
165.944808704, -266.0, -916.0, -288.0
165.964073728, -249.0, -907.0, -304.0
165.98333888, -206.0, -917.0, -321.0
166.002604032, -201.0, -930.0, -329.0
166.021869056, -162.0, -957.0, -311.0
166.041134208, -140.0, -1006.0, -294.0
166.06039936, -195.0, -995.0, -270.0
166.079664512, -182.0, -1011.0, -349.0
166.098929536, -154.0, -955.0, -438.0
166.118194688, -215.0, -932.0, -506.0
166.13745984, -266.0, -923.0, -536.0
166.156724864, -274.0, -914.0, -531.0
166.175990016, -227.0, -919.0, -537.0
166.195255168, -165.0, -920.0, -544.0
166.21452032, -135.0, -888.0, -557.0
166.233785344, -133.0, -852.0, -547.0
166.253050496, -144.0, -812.0, -514.0
166.272315648, -146.0, -749.0, -480.0
166.2915808, -108.0, -706.0, -459.0
166.310845824, -82.0, -651.0, -478.0
166.330110976, -14.0, -625.0, -543.0
166.349376128, -6.0, -705.0, -559.0
166.368641152, -10.0, -711.0, -545.0
166.387906304, 67.0, -678.0, -532.0
166.407171456, 58.0, -681.0, -554.0
166.426436608, 26.0, -711.0, -629.0
166.445701632, -4.0, -789.0, -681.0
166.464966784, 51.0, -824.0, -701.0
166.484231936, 50.0, -772.0, -657.0
166.50349696, 55.0, -820.0, -640.0
166.522762112, 67.0, -799.0, -661.0
166.542027264, 19.0, -755.0, -698.0
166.561292416, -19.0, -730.0, -709.0
166.58055744, 15.0, -752.0, -723.0
166.599822592, 64.0, -819.0, -780.0
166.619087744, 79.0, -840.0, -769.0
166.638352768, 57.0, -841.0, -701.0
166.65761792, 69.0, -806.0, -676.0
166.676883072, 138.0, -787.0, -652.0
166.696148224, 57.0, -709.0, -562.0
166.715413248, -18.0, -607.0, -467.0
166.7346784, -16.0, -528.0, -393.0
166.753943552, 11.0, -440.0, -298.0
166.773208576, 87.0, -365.0, -237.0
166.792473728, 150.0, -356.0, -222.0
166.81173888, 156.0, -392.0, -194.0
166.831004032, 141.0, -421.0, -161.0
166.850269056, 183.0, -475.0, -139.0
166.869534208, 245.0, -483.0, -145.0
166.88879936, 300.0, -469.0, -145.0
166.908064384, 311.0, -500.0, -130.0
166.927329536, 338.0, -635.0, -56.0
166.946594688, 359.0, -746.0, -14.0
166.96585984, 483.0, -718.0, -8.0
166.985124864, 514.0, -642.0, -52.0
167.004390008, 422.0, -723.0, -5.0
167.023654528, 369.0, -858.0, -23.0
167.04291904, 446.0, -918.0, -83.0
167.062183424, 457.0, -914.0, -130.0
167.081447936, 344.0, -997.0, -111.0
167.10071232, 229.0, -1157.0, -149.0
167.119976832, 204.0, -1205.0, -242.0
167.139241344, 180.0, -1112.0, -304.0
167.158505728, 110.0, -1089.0, -307.0
167.17777024, 86.0, -1167.0, -227.0
167.197034624, 136.0, -1186.0, -173.0
167.216299136, 207.0, -1164.0, -134.0
167.235563648, 190.0, -1149.0, -108.0
167.254828032, 144.0, -1152.0, -71.0
167.274092544, 69.0, -1148.0, -29.0
167.293356928, 106.0, -1126.0, -17.0
167.31262144, 113.0, -1100.0, -6.0
167.331885952, 101.0, -1081.0, 19.0
167.351150336, 75.0, -1047.0, 15.0
167.370414848, 53.0, -1016.0, 8.0
167.38967936, 4.0, -1028.0, 1.0
167.408943744, -30.0, -1033.0, 4.0
167.428208256, -5.0, -1042.0, 7.0
167.44747264, 0.0, -1040.0, 28.0
167.466737152, 41.0, -1051.0, 46.0
167.486001664, 32.0, -1041.0, 4.0
167.505266048, -39.0, -1112.0, 49.0
167.52453056, -127.0, -1093.0, 58.0
167.543794944, -260.0, -1195.0, 59.0
167.563059456, -347.0, -1386.0, -98.0
167.582323968, -402.0, -960.0, -198.0
167.601588352, -295.0, -952.0, -116.0
167.620852864, -274.0, -1093.0, -242.0
167.640117248, -247.0, -1151.0, -221.0
167.65938176, -162.0, -1248.0, -151.0
167.678646272, -44.0, -1211.0, -34.0
167.697910656, 43.0, -1072.0, 30.0
167.717175168, 108.0, -1016.0, 0.0
167.736439552, 134.0, -999.0, -33.0
167.755704064, 63.0, -1000.0, -53.0
167.774968576, -116.0, -989.0, -140.0
167.79423296, -273.0, -994.0, -143.0
167.813497472, -307.0, -995.0, -204.0
167.832761856, -312.0, -986.0, -234.0
167.852026368, -279.0, -990.0, -255.0
167.87129088, -267.0, -994.0, -245.0
167.890555264, -266.0, -964.0, -201.0
167.909819776, -246.0, -926.0, -261.0
167.929084288, -288.0, -921.0, -249.0
167.948348672, -360.0, -975.0, -281.0
167.967613184, -392.0, -1025.0, -219.0
167.986877568, -422.0, -1080.0, -263.0
168.00614208, -446.0, -1114.0, -265.0
168.025406592, -443.0, -1121.0, -276.0
168.044670976, -397.0, -1109.0, -272.0
168.063935488, -329.0, -1110.0, -270.0
168.083199872, -265.0, -1083.0, -248.0
168.102464384, -206.0, -1048.0, -232.0
168.121728896, -161.0, -997.0, -228.0
168.140993247, -143.0, -937.0, -241.0
168.160258944, -180.0, -908.0, -250.0
168.179524608, -211.0, -869.0, -236.0
168.198790272, -191.0, -824.0, -227.0
168.218055936, -176.0, -788.0, -207.0
168.2373216, -162.0, -758.0, -155.0
168.256587264, -131.0, -760.0, -157.0
168.275852928, -107.0, -797.0, -216.0
168.295118592, -112.0, -845.0, -236.0
168.314384256, -186.0, -934.0, -194.0
168.333650048, -218.0, -1005.0, -150.0
168.352915712, -228.0, -960.0, -231.0
168.372181376, -242.0, -990.0, -364.0
168.39144704, -287.0, -993.0, -433.0
168.410712704, -384.0, -977.0, -435.0
168.429978368, -449.0, -990.0, -470.0
168.449244032, -429.0, -968.0, -507.0
168.468509696, -382.0, -995.0, -521.0
168.48777536, -358.0, -968.0, -488.0
168.507041024, -364.0, -918.0, -409.0
168.526306688, -370.0, -809.0, -316.0
168.545572352, -360.0, -713.0, -282.0
168.564838016, -318.0, -685.0, -279.0
168.58410368, -299.0, -654.0, -198.0
168.603369344, -383.0, -656.0, -224.0
168.622635008, -365.0, -675.0, -268.0
168.641900672, -252.0, -696.0, -314.0
168.661166464, -179.0, -781.0, -281.0
168.680432128, -216.0, -830.0, -272.0
168.699697792, -344.0, -770.0, -302.0
168.718963456, -423.0, -793.0, -344.0
168.73822912, -388.0, -771.0, -419.0
168.757494784, -306.0, -733.0, -473.0
168.776760448, -382.0, -763.0, -398.0
168.796026112, -453.0, -836.0, -387.0
168.815291776, -429.0, -891.0, -348.0
168.83455744, -276.0, -952.0, -402.0
168.853823104, -164.0, -942.0, -448.0
168.873088768, -133.0, -922.0, -432.0
168.892354432, -120.0, -940.0, -421.0
168.911620096, -102.0, -956.0, -393.0
168.93088576, -129.0, -989.0, -439.0
168.950151424, -213.0, -921.0, -440.0
168.969417088, -227.0, -900.0, -415.0
168.988682752, -251.0, -848.0, -345.0
169.007948544, -223.0, -872.0, -327.0
169.027214208, -259.0, -947.0, -387.0
169.046479872, -270.0, -943.0, -367.0
169.065745536, -273.0, -896.0, -362.0
169.0850112, -266.0, -898.0, -302.0
169.104276864, -212.0, -953.0, -301.0
169.123542528, -186.0, -1004.0, -330.0
169.142808192, -155.0, -1023.0, -356.0
169.162073856, -173.0, -1006.0, -377.0
169.18133952, -321.0, -948.0, -309.0
169.200605184, -359.0, -929.0, -342.0
169.219870848, -285.0, -979.0, -384.0
169.239136512, -260.0, -996.0, -398.0
169.258402189, -263.0, -987.0, -371.0
