0.0, -971.0, 4.0, 321.0
0.004999936, -968.0, 5.0, 316.0
0.01, -969.0, 7.0, 309.0
0.015000064, -967.0, 6.0, 310.0
0.02, -972.0, 6.0, 313.0
0.024999936, -971.0, 7.0, 314.0
0.03, -971.0, 6.0, 313.0
0.035000064, -966.0, 10.0, 314.0
0.04, -966.0, 7.0, 320.0
0.044999936, -964.0, 6.0, 321.0
0.05, -965.0, 7.0, 323.0
0.055000064, -971.0, 7.0, 325.0
0.06, -973.0, 6.0, 316.0
0.064999936, -976.0, 4.0, 317.0
0.07, -974.0, 5.0, 313.0
0.075000064, -967.0, 5.0, 305.0
0.08, -960.0, 3.0, 309.0
0.084999936, -958.0, 4.0, 321.0
0.09, -963.0, 4.0, 314.0
0.095000064, -965.0, 4.0, 303.0
0.1, -963.0, 2.0, 291.0
0.104999936, -958.0, 0.0, 292.0
0.11, -956.0, 1.0, 298.0
0.115000064, -956.0, 3.0, 302.0
0.12, -961.0, 2.0, 315.0
0.124999936, -966.0, 5.0, 324.0
0.13, -966.0, 6.0, 326.0
0.135000064, -972.0, 8.0, 317.0
0.14, -969.0, 8.0, 318.0
0.144999936, -969.0, 5.0, 311.0
0.15, -965.0, 3.0, 304.0
0.155000064, -961.0, 1.0, 303.0
0.16, -960.0, -1.0, 296.0
0.164999936, -965.0, 2.0, 291.0
0.17, -965.0, 2.0, 296.0
0.175000092, -968.0, 1.0, 306.0
0.179939712, -973.0, 2.0, 304.0
0.18487936, -971.0, 6.0, 303.0
0.189819008, -969.0, 7.0, 310.0
0.194758784, -972.0, 8.0, 313.0
0.199698432, -974.0, 10.0, 314.0
0.20463808, -972.0, 9.0, 318.0
0.209577728, -971.0, 9.0, 321.0
0.214517504, -976.0, 8.0, 320.0
0.219457152, -970.0, 9.0, 324.0
0.2243968, -970.0, 8.0, 324.0
0.229336448, -974.0, 6.0, 325.0
0.234276224, -972.0, 7.0, 323.0
0.239215872, -973.0, 7.0, 323.0
0.24415552, -972.0, 9.0, 319.0
0.249095168, -975.0, 9.0, 320.0
0.254034816, -975.0, 9.0, 317.0
0.258974592, -971.0, 9.0, 315.0
0.26391424, -970.0, 9.0, 316.0
0.268853888, -970.0, 9.0, 315.0
0.273793536, -968.0, 9.0, 317.0
0.278733312, -965.0, 8.0, 318.0
0.28367296, -969.0, 9.0, 322.0
0.288612608, -965.0, 7.0, 314.0
0.293552256, -965.0, 9.0, 319.0
0.298492032, -964.0, 7.0, 318.0
0.30343168, -962.0, 7.0, 319.0
0.308371328, -963.0, 7.0, 317.0
0.313310976, -968.0, 6.0, 313.0
0.318250624, -966.0, 5.0, 312.0
0.3231904, -969.0, 0.0, 308.0
0.328130048, -970.0, 2.0, 308.0
0.333069696, -962.0, 1.0, 310.0
0.338009344, -961.0, -1.0, 317.0
0.34294912, -961.0, 1.0, 328.0
0.347888768, -967.0, 3.0, 336.0
0.352828482, -974.0, 4.0, 332.0
0.357769088, -970.0, 5.0, 323.0
0.362709632, -973.0, 2.0, 318.0
0.367650176, -966.0, 2.0, 318.0
0.37259072, -964.0, 1.0, 322.0
0.377531136, -964.0, 0.0, 320.0
0.38247168, -961.0, 0.0, 317.0
0.387412224, -959.0, 1.0, 317.0
0.392352768, -962.0, -2.0, 322.0
0.397293312, -961.0, 0.0, 326.0
0.402233856, -964.0, 3.0, 326.0
0.4071744, -970.0, 5.0, 323.0
0.412114816, -971.0, 4.0, 324.0
0.41705536, -973.0, 6.0, 322.0
0.421995904, -976.0, 8.0, 313.0
0.426936448, -974.0, 9.0, 311.0
0.431876992, -971.0, 11.0, 314.0
0.436817536, -969.0, 11.0, 310.0
0.44175808, -968.0, 11.0, 313.0
0.446698496, -965.0, 10.0, 307.0
0.45163904, -964.0, 10.0, 315.0
0.456579584, -968.0, 9.0, 313.0
0.461520128, -964.0, 11.0, 314.0
0.466460672, -968.0, 11.0, 314.0
0.471401216, -966.0, 10.0, 319.0
0.47634176, -965.0, 9.0, 319.0
0.481282176, -965.0, 8.0, 317.0
0.48622272, -968.0, 8.0, 320.0
0.491163264, -967.0, 6.0, 321.0
0.496103808, -968.0, 7.0, 327.0
0.501044352, -967.0, 6.0, 323.0
0.505984896, -966.0, 8.0, 321.0
0.510925312, -969.0, 7.0, 319.0
0.515865856, -970.0, 6.0, 320.0
0.5208064, -969.0, 5.0, 323.0
0.525746944, -968.0, 4.0, 321.0
0.530687396, -967.0, 6.0, 327.0
0.535628672, -970.0, 4.0, 325.0
0.540569984, -972.0, 5.0, 326.0
0.545511424, -974.0, 6.0, 323.0
0.550452736, -974.0, 7.0, 322.0
0.555394176, -973.0, 8.0, 322.0
0.560335488, -972.0, 10.0, 323.0
0.565276928, -968.0, 9.0, 328.0
0.57021824, -968.0, 10.0, 323.0
0.57515968, -965.0, 10.0, 321.0
0.580100992, -965.0, 12.0, 318.0
0.585042432, -962.0, 10.0, 322.0
0.589983744, -963.0, 12.0, 320.0
0.594925184, -968.0, 12.0, 319.0
0.599866496, -969.0, 11.0, 312.0
0.604807936, -968.0, 11.0, 317.0
0.609749248, -969.0, 11.0, 319.0
0.614690688, -972.0, 10.0, 322.0
0.619632, -974.0, 9.0, 323.0
0.624573312, -973.0, 7.0, 324.0
0.629514752, -973.0, 6.0, 321.0
0.634456064, -971.0, 4.0, 321.0
0.639397504, -971.0, 4.0, 319.0
0.644338816, -973.0, 2.0, 326.0
0.649280256, -967.0, 4.0, 331.0
0.654221568, -970.0, 5.0, 330.0
0.659163008, -968.0, 6.0, 333.0
0.66410432, -968.0, 5.0, 334.0
0.66904576, -970.0, 7.0, 333.0
0.673987072, -968.0, 9.0, 331.0
0.678928512, -966.0, 8.0, 329.0
0.683869824, -970.0, 8.0, 328.0
0.688811264, -973.0, 12.0, 336.0
0.693752576, -974.0, 11.0, 333.0
0.698693888, -975.0, 12.0, 330.0
0.703635328, -978.0, 12.0, 322.0
0.708576792, -966.0, 11.0, 314.0
0.713518976, -960.0, 4.0, 322.0
0.718461184, -957.0, 9.0, 324.0
0.723403392, -965.0, 10.0, 326.0
0.7283456, -969.0, 12.0, 322.0
0.733287808, -971.0, 10.0, 312.0
0.738230144, -973.0, 10.0, 306.0
0.743172352, -967.0, 9.0, 306.0
0.74811456, -961.0, 7.0, 310.0
0.753056768, -958.0, 9.0, 324.0
0.757998976, -963.0, 11.0, 329.0
0.762941184, -972.0, 12.0, 337.0
0.767883392, -968.0, 11.0, 339.0
0.7728256, -966.0, 13.0, 335.0
0.777767808, -965.0, 12.0, 330.0
0.782710016, -965.0, 9.0, 322.0
0.787652352, -961.0, 7.0, 320.0
0.79259456, -961.0, 6.0, 315.0
0.797536768, -965.0, 5.0, 310.0
0.802478976, -962.0, 3.0, 309.0
0.807421184, -964.0, 6.0, 305.0
0.812363392, -965.0, 8.0, 311.0
0.8173056, -963.0, 9.0, 311.0
0.822247808, -963.0, 11.0, 317.0
0.827190016, -961.0, 10.0, 321.0
0.832132224, -967.0, 13.0, 318.0
0.83707456, -969.0, 14.0, 319.0
0.842016768, -969.0, 14.0, 322.0
0.846958976, -967.0, 15.0, 323.0
0.851901184, -971.0, 13.0, 330.0
0.856843392, -973.0, 13.0, 333.0
0.8617856, -971.0, 12.0, 338.0
0.866727808, -973.0, 12.0, 332.0
0.871670016, -972.0, 12.0, 330.0
0.876612224, -971.0, 11.0, 334.0
0.881554432, -970.0, 9.0, 333.0
0.886496742, -969.0, 10.0, 333.0
0.891437312, -965.0, 9.0, 331.0
0.896377856, -967.0, 8.0, 331.0
0.9013184, -968.0, 7.0, 327.0
0.906258944, -969.0, 9.0, 324.0
0.91119936, -964.0, 11.0, 323.0
0.916139904, -964.0, 11.0, 321.0
0.921080448, -962.0, 12.0, 325.0
0.926020992, -961.0, 10.0, 323.0
0.930961536, -960.0, 10.0, 328.0
0.93590208, -959.0, 10.0, 324.0
0.940842624, -963.0, 9.0, 332.0
0.94578304, -963.0, 7.0, 335.0
0.950723584, -966.0, 9.0, 333.0
0.955664128, -968.0, 2.0, 329.0
0.960604672, -966.0, 4.0, 328.0
0.965545216, -966.0, 0.0, 322.0
0.97048576, -963.0, 1.0, 322.0
0.975426304, -959.0, 1.0, 326.0
0.98036672, -954.0, 4.0, 331.0
0.985307264, -958.0, 6.0, 336.0
0.990247808, -960.0, 10.0, 345.0
0.995188352, -968.0, 12.0, 339.0
1.000128896, -968.0, 13.0, 331.0
1.00506944, -971.0, 13.0, 332.0
1.010009984, -968.0, 12.0, 323.0
1.0149504, -967.0, 9.0, 324.0
1.019890944, -969.0, 10.0, 321.0
1.024831488, -966.0, 8.0, 322.0
1.029772032, -964.0, 9.0, 321.0
1.034712576, -968.0, 7.0, 322.0
1.03965312, -965.0, 9.0, 322.0
1.044593664, -965.0, 9.0, 323.0
1.04953408, -964.0, 12.0, 321.0
1.054474624, -965.0, 11.0, 321.0
1.059415168, -966.0, 13.0, 321.0
1.064355662, -967.0, 13.0, 319.0
1.06929536, -962.0, 9.0, 314.0
1.074235008, -967.0, 13.0, 324.0
1.079174656, -965.0, 14.0, 319.0
1.084114432, -961.0, 11.0, 324.0
1.08905408, -958.0, 12.0, 324.0
1.093993728, -958.0, 13.0, 327.0
1.098933376, -958.0, 12.0, 324.0
1.103873152, -960.0, 13.0, 323.0
1.1088128, -959.0, 11.0, 322.0
1.113752448, -961.0, 10.0, 325.0
1.118692096, -961.0, 11.0, 330.0
1.123631872, -964.0, 10.0, 330.0
1.12857152, -962.0, 10.0, 331.0
1.133511168, -965.0, 10.0, 332.0
1.138450816, -966.0, 10.0, 337.0
1.143390464, -965.0, 11.0, 333.0
1.14833024, -963.0, 8.0, 338.0
1.153269888, -960.0, 7.0, 336.0
1.158209536, -964.0, 6.0, 335.0
1.163149184, -963.0, 5.0, 329.0
1.16808896, -965.0, 4.0, 333.0
1.173028608, -967.0, 3.0, 333.0
1.177968256, -966.0, 4.0, 333.0
1.182907904, -966.0, 6.0, 327.0
1.187847552, -969.0, 3.0, 327.0
1.192787328, -967.0, 5.0, 328.0
1.197726976, -966.0, 5.0, 323.0
1.202666624, -964.0, 7.0, 322.0
1.207606272, -964.0, 9.0, 326.0
1.212546048, -964.0, 11.0, 321.0
1.217485696, -965.0, 13.0, 324.0
1.222425344, -961.0, 13.0, 328.0
1.227364992, -963.0, 16.0, 323.0
1.232304768, -965.0, 15.0, 329.0
1.237244416, -968.0, 13.0, 326.0
1.242184038, -965.0, 12.0, 329.0
1.247127168, -961.0, 13.0, 333.0
1.252070272, -964.0, 10.0, 334.0
1.257013248, -965.0, 8.0, 333.0
1.261956352, -967.0, 7.0, 334.0
1.266899456, -964.0, 3.0, 337.0
1.27184256, -965.0, 6.0, 337.0
1.276785536, -969.0, 5.0, 336.0
1.28172864, -970.0, 6.0, 331.0
1.286671744, -965.0, 5.0, 333.0
1.29161472, -965.0, 5.0, 327.0
1.296557824, -966.0, 8.0, 330.0
1.301500928, -964.0, 10.0, 330.0
1.306444032, -970.0, 10.0, 327.0
1.311387008, -967.0, 10.0, 329.0
1.316330112, -963.0, 10.0, 327.0
1.321273216, -964.0, 8.0, 328.0
1.32621632, -966.0, 8.0, 332.0
1.331159296, -964.0, 10.0, 337.0
1.3361024, -967.0, 9.0, 340.0
1.341045504, -968.0, 10.0, 334.0
1.34598848, -968.0, 10.0, 334.0
1.350931584, -961.0, 9.0, 332.0
1.355874688, -958.0, 7.0, 328.0
1.360817792, -955.0, 6.0, 332.0
1.365760768, -957.0, 7.0, 336.0
1.370703872, -961.0, 10.0, 332.0
1.375646976, -969.0, 9.0, 331.0
1.380589952, -966.0, 11.0, 314.0
1.385533056, -965.0, 10.0, 312.0
1.39047616, -958.0, 7.0, 321.0
1.395419264, -954.0, 9.0, 325.0
1.40036224, -955.0, 8.0, 339.0
1.405305344, -959.0, 10.0, 343.0
1.410248448, -959.0, 12.0, 344.0
1.415191552, -960.0, 10.0, 338.0
1.4201345, -960.0, 11.0, 333.0
1.425075072, -960.0, 10.0, 337.0
1.430015616, -960.0, 3.0, 329.0
1.43495616, -959.0, 4.0, 322.0
1.439896704, -960.0, 1.0, 318.0
1.44483712, -966.0, 3.0, 317.0
1.449777664, -966.0, 4.0, 313.0
1.454718208, -968.0, 6.0, 321.0
1.459658752, -969.0, 10.0, 326.0
1.464599296, -969.0, 11.0, 327.0
1.46953984, -969.0, 13.0, 332.0
1.474480384, -968.0, 14.0, 330.0
1.4794208, -968.0, 11.0, 331.0
1.484361344, -970.0, 14.0, 335.0
1.489301888, -971.0, 13.0, 338.0
1.494242432, -969.0, 12.0, 345.0
1.499182976, -968.0, 12.0, 343.0
1.50412352, -969.0, 12.0, 347.0
1.509064064, -971.0, 12.0, 348.0
1.51400448, -967.0, 10.0, 345.0
1.518945024, -969.0, 10.0, 338.0
1.523885568, -968.0, 9.0, 335.0
1.528826112, -969.0, 9.0, 339.0
1.533766656, -964.0, 10.0, 333.0
1.5387072, -966.0, 12.0, 338.0
1.543647616, -967.0, 11.0, 339.0
1.54858816, -969.0, 12.0, 337.0
1.553528704, -965.0, 10.0, 334.0
1.558469248, -969.0, 11.0, 336.0
1.563409792, -968.0, 11.0, 335.0
1.568350336, -967.0, 10.0, 338.0
1.57329088, -968.0, 10.0, 333.0
1.578231296, -966.0, 10.0, 332.0
1.58317184, -964.0, 10.0, 331.0
1.588112384, -965.0, 8.0, 330.0
1.593052928, -966.0, 8.0, 330.0
1.59799341, -962.0, 8.0, 328.0
1.60293312, -962.0, 6.0, 324.0
1.607872768, -965.0, 9.0, 326.0
1.612812416, -964.0, 10.0, 328.0
1.617752192, -962.0, 9.0, 333.0
1.62269184, -959.0, 11.0, 341.0
1.627631488, -960.0, 11.0, 346.0
1.632571136, -964.0, 12.0, 348.0
1.637510912, -969.0, 11.0, 345.0
1.64245056, -970.0, 11.0, 345.0
1.647390208, -970.0, 10.0, 337.0
1.652329856, -968.0, 6.0, 334.0
1.657269632, -968.0, 5.0, 336.0
1.66220928, -971.0, 6.0, 333.0
1.667148928, -970.0, 2.0, 332.0
1.672088576, -969.0, 3.0, 331.0
1.677028224, -969.0, 1.0, 338.0
1.681968, -961.0, 0.0, 338.0
1.686907648, -966.0, 5.0, 335.0
1.691847296, -964.0, 6.0, 336.0
1.696786944, -963.0, 8.0, 329.0
1.70172672, -964.0, 8.0, 329.0
1.706666368, -963.0, 9.0, 333.0
1.711606016, -963.0, 9.0, 335.0
1.716545664, -963.0, 10.0, 333.0
1.721485312, -960.0, 9.0, 333.0
1.726425088, -960.0, 10.0, 331.0
1.731364736, -961.0, 8.0, 326.0
1.736304384, -957.0, 12.0, 330.0
1.741244032, -959.0, 11.0, 326.0
1.746183808, -959.0, 11.0, 327.0
1.751123456, -960.0, 10.0, 325.0
1.756063104, -957.0, 10.0, 323.0
1.761002752, -960.0, 9.0, 327.0
1.765942528, -960.0, 8.0, 325.0
1.770882176, -959.0, 9.0, 324.0
1.775821786, -959.0, 6.0, 333.0
1.780763136, -963.0, 6.0, 334.0
1.785704448, -960.0, 5.0, 333.0
1.790645888, -963.0, 5.0, 330.0
1.7955872, -960.0, 3.0, 332.0
1.80052864, -965.0, 5.0, 332.0
1.805469952, -964.0, 3.0, 329.0
1.810411392, -963.0, 2.0, 328.0
1.815352704, -966.0, 2.0, 326.0
1.820294144, -967.0, 3.0, 328.0
1.825235456, -968.0, 3.0, 327.0
1.830176896, -970.0, 3.0, 324.0
1.835118208, -971.0, 4.0, 322.0
1.840059648, -971.0, 4.0, 325.0
1.84500096, -968.0, 6.0, 323.0
1.8499424, -968.0, 7.0, 333.0
1.854883712, -966.0, 7.0, 331.0
1.859825152, -965.0, 10.0, 326.0
1.864766464, -968.0, 11.0, 328.0
1.869707776, -969.0, 14.0, 325.0
1.874649216, -968.0, 14.0, 324.0
1.879590528, -969.0, 15.0, 328.0
1.884531968, -973.0, 17.0, 320.0
1.88947328, -972.0, 14.0, 321.0
1.89441472, -970.0, 15.0, 318.0
1.899356032, -966.0, 13.0, 319.0
1.904297472, -967.0, 13.0, 320.0
1.909238784, -964.0, 11.0, 320.0
1.914180224, -967.0, 10.0, 312.0
1.919121536, -966.0, 9.0, 317.0
1.924062976, -965.0, 6.0, 323.0
1.929004288, -967.0, 6.0, 321.0
1.933945728, -964.0, 7.0, 326.0
1.93888704, -962.0, 8.0, 328.0
1.94382848, -968.0, 9.0, 324.0
1.948769792, -963.0, 12.0, 328.0
1.953711192, -964.0, 12.0, 319.0
1.95865344, -963.0, 11.0, 324.0
1.963595648, -966.0, 13.0, 322.0
1.968537856, -966.0, 15.0, 322.0
1.973480064, -972.0, 14.0, 327.0
1.978422272, -977.0, 14.0, 329.0
1.983364608, -979.0, 14.0, 333.0
1.988306816, -980.0, 13.0, 320.0
1.993249024, -982.0, 14.0, 317.0
1.998191232, -981.0, 13.0, 312.0
2.00313344, -974.0, 13.0, 312.0
2.008075648, -961.0, 13.0, 307.0
2.013017856, -959.0, 14.0, 314.0
2.017960064, -958.0, 13.0, 314.0
2.022902272, -962.0, 13.0, 305.0
2.02784448, -964.0, 13.0, 295.0
2.032786816, -956.0, 11.0, 299.0
2.037729024, -958.0, 11.0, 304.0
2.042671232, -959.0, 11.0, 313.0
2.04761344, -962.0, 11.0, 320.0
2.052555648, -964.0, 11.0, 329.0
2.057497856, -966.0, 11.0, 333.0
2.062440064, -967.0, 10.0, 330.0
2.067382272, -969.0, 9.0, 331.0
2.07232448, -967.0, 10.0, 325.0
2.077266688, -965.0, 8.0, 319.0
2.082209024, -965.0, 4.0, 314.0
2.087151232, -966.0, 2.0, 306.0
2.09209344, -964.0, -1.0, 304.0
2.097035648, -965.0, 1.0, 304.0
2.101977856, -962.0, -1.0, 306.0
2.106920064, -964.0, 1.0, 307.0
2.111862272, -965.0, 3.0, 308.0
2.11680448, -965.0, 5.0, 309.0
2.121746688, -970.0, 7.0, 314.0
2.126688896, -967.0, 10.0, 317.0
2.131631142, -969.0, 10.0, 317.0
2.136574208, -972.0, 11.0, 330.0
2.141517312, -973.0, 13.0, 319.0
2.146460288, -969.0, 12.0, 313.0
2.151403392, -970.0, 14.0, 313.0
2.156346496, -969.0, 12.0, 320.0
2.1612896, -969.0, 11.0, 320.0
2.166232576, -970.0, 10.0, 324.0
2.17117568, -967.0, 9.0, 324.0
2.176118784, -966.0, 9.0, 321.0
2.181061888, -964.0, 8.0, 321.0
2.186004864, -969.0, 8.0, 315.0
2.190947968, -967.0, 10.0, 313.0
2.195891072, -964.0, 10.0, 312.0
2.200834048, -964.0, 10.0, 314.0
2.205777152, -965.0, 12.0, 320.0
2.210720256, -961.0, 10.0, 313.0
2.21566336, -962.0, 9.0, 319.0
2.220606336, -964.0, 9.0, 318.0
2.22554944, -967.0, 9.0, 316.0
2.230492544, -967.0, 9.0, 313.0
2.23543552, -968.0, 8.0, 311.0
2.240378624, -971.0, 7.0, 305.0
2.245321728, -969.0, 6.0, 302.0
2.250264832, -969.0, 4.0, 301.0
2.255207808, -968.0, 3.0, 295.0
2.260150912, -961.0, 2.0, 298.0
2.265094016, -959.0, 5.0, 304.0
2.27003712, -960.0, 6.0, 318.0
2.274980096, -961.0, 6.0, 319.0
2.2799232, -967.0, 7.0, 316.0
2.284866304, -964.0, 7.0, 312.0
2.28980928, -965.0, 7.0, 309.0
2.294752384, -968.0, 7.0, 304.0
2.299695488, -970.0, 7.0, 303.0
2.304638592, -970.0, 6.0, 302.0
2.30958161, -967.0, 5.0, 300.0
2.314523776, -966.0, 5.0, 307.0
2.319465984, -963.0, 2.0, 310.0
2.324408192, -965.0, 6.0, 318.0
2.3293504, -964.0, 7.0, 319.0
2.334292608, -964.0, 9.0, 315.0
2.339234816, -961.0, 8.0, 315.0
2.344177152, -961.0, 9.0, 315.0
2.34911936, -963.0, 9.0, 311.0
2.354061568, -963.0, 11.0, 314.0
2.359003776, -962.0, 9.0, 312.0
2.363945984, -964.0, 8.0, 313.0
2.368888192, -966.0, 10.0, 315.0
2.3738304, -964.0, 10.0, 316.0
2.378772608, -968.0, 10.0, 320.0
2.383714816, -969.0, 9.0, 316.0
2.388657024, -970.0, 9.0, 313.0
2.39359936, -968.0, 9.0, 315.0
2.398541568, -968.0, 10.0, 316.0
2.403483776, -967.0, 9.0, 322.0
2.408425984, -968.0, 9.0, 324.0
2.413368192, -968.0, 10.0, 324.0
2.4183104, -966.0, 10.0, 320.0
2.423252608, -969.0, 10.0, 318.0
2.428194816, -967.0, 10.0, 319.0
2.433137024, -970.0, 10.0, 321.0
2.438079232, -967.0, 10.0, 324.0
2.44302144, -967.0, 11.0, 323.0
2.447963776, -967.0, 9.0, 322.0
2.452905984, -966.0, 11.0, 320.0
2.457848192, -970.0, 10.0, 317.0
2.4627904, -969.0, 10.0, 313.0
2.467732608, -970.0, 9.0, 320.0
2.472674816, -966.0, 9.0, 316.0
2.477617024, -970.0, 10.0, 312.0
2.482559232, -970.0, 9.0, 317.0
2.48750154, -969.0, 7.0, 315.0
2.49244544, -971.0, 8.0, 316.0
2.497389312, -969.0, 9.0, 319.0
2.502333312, -965.0, 8.0, 321.0
2.507277184, -960.0, 8.0, 321.0
2.512221056, -962.0, 8.0, 321.0
2.517165056, -959.0, 8.0, 330.0
2.522108928, -960.0, 10.0, 328.0
2.5270528, -963.0, 9.0, 329.0
2.5319968, -963.0, 9.0, 322.0
2.536940672, -962.0, 10.0, 327.0
2.541884544, -963.0, 10.0, 327.0
2.546828544, -960.0, 9.0, 327.0
2.551772416, -962.0, 8.0, 328.0
2.556716416, -966.0, 9.0, 329.0
2.561660288, -969.0, 9.0, 326.0
2.56660416, -969.0, 11.0, 318.0
2.57154816, -971.0, 11.0, 317.0
2.576492032, -970.0, 12.0, 315.0
2.581435904, -972.0, 12.0, 317.0
2.586379904, -970.0, 12.0, 318.0
2.591323776, -969.0, 16.0, 316.0
2.596267648, -968.0, 16.0, 317.0
2.601211648, -969.0, 16.0, 319.0
2.60615552, -968.0, 15.0, 321.0
2.611099392, -967.0, 16.0, 323.0
2.616043392, -969.0, 15.0, 324.0
2.620987264, -972.0, 17.0, 328.0
2.625931136, -978.0, 15.0, 325.0
2.630875136, -977.0, 14.0, 322.0
2.635819008, -972.0, 12.0, 322.0
2.64076288, -969.0, 13.0, 321.0
2.64570688, -964.0, 12.0, 315.0
2.650650752, -960.0, 14.0, 316.0
2.655594624, -960.0, 16.0, 320.0
2.660538624, -963.0, 16.0, 326.0
2.665482536, -967.0, 16.0, 323.0
2.67042304, -967.0, 18.0, 321.0
2.675363584, -965.0, 16.0, 313.0
2.680304128, -960.0, 17.0, 318.0
2.685244672, -962.0, 17.0, 321.0
2.690185088, -962.0, 17.0, 330.0
2.695125632, -966.0, 18.0, 335.0
2.700066176, -967.0, 18.0, 340.0
2.70500672, -965.0, 19.0, 332.0
2.709947264, -966.0, 17.0, 324.0
2.714887808, -962.0, 15.0, 324.0
2.719828352, -965.0, 9.0, 319.0
2.724768768, -963.0, 8.0, 312.0
2.729709312, -963.0, 2.0, 306.0
2.734649856, -961.0, 3.0, 306.0
2.7395904, -963.0, 3.0, 304.0
2.744530944, -959.0, 4.0, 312.0
2.749471488, -964.0, 5.0, 316.0
2.754411904, -967.0, 10.0, 317.0
2.759352448, -973.0, 11.0, 323.0
2.764292992, -972.0, 12.0, 328.0
2.769233536, -973.0, 13.0, 328.0
2.77417408, -971.0, 15.0, 333.0
2.779114624, -971.0, 14.0, 337.0
2.784055168, -968.0, 14.0, 345.0
2.788995584, -967.0, 13.0, 345.0
2.793936128, -965.0, 13.0, 345.0
2.798876672, -965.0, 11.0, 346.0
2.803817216, -969.0, 10.0, 338.0
2.80875776, -968.0, 10.0, 335.0
2.813698304, -971.0, 10.0, 337.0
2.818638848, -974.0, 11.0, 338.0
2.823579264, -972.0, 12.0, 333.0
2.828519808, -972.0, 11.0, 333.0
2.833460352, -975.0, 11.0, 329.0
2.838400896, -971.0, 12.0, 328.0
2.843341436, -968.0, 13.0, 328.0
2.848285312, -967.0, 11.0, 325.0
2.853229184, -962.0, 12.0, 323.0
2.858173184, -961.0, 13.0, 326.0
2.863117056, -962.0, 14.0, 318.0
2.868060928, -960.0, 13.0, 324.0
2.873004928, -962.0, 13.0, 327.0
2.8779488, -960.0, 15.0, 322.0
2.882892672, -960.0, 13.0, 324.0
2.887836672, -962.0, 12.0, 326.0
2.892780544, -968.0, 13.0, 320.0
2.897724416, -965.0, 10.0, 321.0
2.902668416, -963.0, 10.0, 315.0
2.907612288, -960.0, 9.0, 318.0
2.91255616, -958.0, 9.0, 321.0
2.91750016, -963.0, 11.0, 337.0
2.922444032, -969.0, 12.0, 346.0
2.927388032, -972.0, 11.0, 338.0
2.932331904, -968.0, 13.0, 334.0
2.937275776, -971.0, 11.0, 325.0
2.942219776, -969.0, 10.0, 321.0
2.947163648, -969.0, 10.0, 323.0
2.95210752, -967.0, 8.0, 321.0
2.95705152, -961.0, 7.0, 326.0
2.961995392, -964.0, 8.0, 325.0
2.966939264, -962.0, 8.0, 327.0
2.971883264, -962.0, 7.0, 321.0
2.976827136, -964.0, 9.0, 324.0
2.981771008, -964.0, 10.0, 326.0
2.986715008, -966.0, 10.0, 325.0
2.99165888, -964.0, 9.0, 325.0
2.996602752, -966.0, 12.0, 324.0
3.001546752, -966.0, 11.0, 328.0
3.006490624, -963.0, 12.0, 332.0
3.011434496, -962.0, 13.0, 333.0
3.016378496, -965.0, 13.0, 333.0
3.021322416, -963.0, 13.0, 340.0
3.026268032, -964.0, 13.0, 333.0
3.031213696, -967.0, 13.0, 338.0
3.036159232, -969.0, 12.0, 339.0
3.041104896, -967.0, 11.0, 341.0
3.046050432, -970.0, 13.0, 332.0
3.050996096, -966.0, 11.0, 334.0
3.05594176, -968.0, 10.0, 334.0
3.060887296, -967.0, 12.0, 334.0
3.06583296, -963.0, 10.0, 337.0
3.070778496, -960.0, 8.0, 336.0
3.07572416, -964.0, 8.0, 335.0
3.080669696, -962.0, 7.0, 336.0
3.08561536, -962.0, 9.0, 334.0
3.090561024, -967.0, 8.0, 337.0
3.09550656, -963.0, 7.0, 337.0
3.100452224, -965.0, 8.0, 335.0
3.10539776, -964.0, 10.0, 331.0
3.110343424, -960.0, 9.0, 334.0
3.115289088, -965.0, 8.0, 328.0
3.120234624, -965.0, 11.0, 327.0
3.125180288, -968.0, 12.0, 328.0
3.130125824, -965.0, 12.0, 325.0
3.135071488, -963.0, 14.0, 329.0
3.140017024, -961.0, 16.0, 329.0
3.144962688, -962.0, 16.0, 331.0
3.149908352, -959.0, 15.0, 334.0
3.154853888, -959.0, 14.0, 333.0
3.159799552, -960.0, 16.0, 330.0
3.164745088, -956.0, 14.0, 332.0
3.169690752, -953.0, 13.0, 333.0
3.174636416, -956.0, 12.0, 337.0
3.179581952, -953.0, 11.0, 336.0
3.184527616, -957.0, 14.0, 331.0
3.189473152, -961.0, 14.0, 331.0
3.194418816, -966.0, 14.0, 335.0
3.199364412, -969.0, 16.0, 334.0
3.204307456, -968.0, 17.0, 329.0
3.20925056, -973.0, 17.0, 327.0
3.214193536, -974.0, 19.0, 332.0
3.21913664, -976.0, 19.0, 330.0
3.224079744, -972.0, 19.0, 333.0
3.229022848, -970.0, 19.0, 331.0
3.233965824, -966.0, 17.0, 330.0
3.238908928, -963.0, 15.0, 328.0
3.243852032, -961.0, 14.0, 328.0
3.248795136, -964.0, 15.0, 325.0
3.253738112, -963.0, 16.0, 328.0
3.258681216, -959.0, 14.0, 336.0
3.26362432, -962.0, 15.0, 336.0
3.268567296, -962.0, 16.0, 334.0
3.2735104, -971.0, 18.0, 330.0
3.278453504, -970.0, 16.0, 325.0
3.283396608, -965.0, 18.0, 317.0
3.288339584, -958.0, 16.0, 314.0
3.293282688, -952.0, 16.0, 325.0
3.298225792, -955.0, 18.0, 340.0
3.303168768, -959.0, 17.0, 336.0
3.308111872, -963.0, 17.0, 325.0
3.313054976, -961.0, 15.0, 324.0
3.31799808, -959.0, 14.0, 319.0
3.322941056, -954.0, 11.0, 320.0
3.32788416, -956.0, 10.0, 328.0
3.332827264, -953.0, 10.0, 335.0
3.33777024, -958.0, 10.0, 346.0
3.342713344, -960.0, 10.0, 342.0
3.347656448, -961.0, 12.0, 340.0
3.352599552, -961.0, 12.0, 334.0
3.357542528, -963.0, 12.0, 331.0
3.362485632, -962.0, 9.0, 326.0
3.367428736, -965.0, 9.0, 324.0
3.37237184, -963.0, 5.0, 322.0
3.377314876, -959.0, 6.0, 318.0
3.382256128, -956.0, 1.0, 321.0
3.38719744, -957.0, 6.0, 323.0
3.39213888, -961.0, 10.0, 326.0
3.397080192, -962.0, 10.0, 337.0
3.402021632, -963.0, 11.0, 340.0
3.406962944, -968.0, 12.0, 338.0
3.411904384, -967.0, 14.0, 336.0
3.416845696, -969.0, 15.0, 335.0
3.421787136, -970.0, 16.0, 334.0
3.426728448, -965.0, 16.0, 338.0
3.431669888, -965.0, 16.0, 336.0
3.4366112, -964.0, 18.0, 339.0
3.44155264, -964.0, 16.0, 340.0
3.446493952, -969.0, 15.0, 342.0
3.451435392, -970.0, 15.0, 335.0
3.456376704, -967.0, 15.0, 332.0
3.461318144, -967.0, 15.0, 328.0
3.466259456, -968.0, 13.0, 330.0
3.471200768, -964.0, 13.0, 334.0
3.476142208, -962.0, 11.0, 332.0
3.48108352, -960.0, 12.0, 328.0
3.48602496, -958.0, 10.0, 331.0
3.490966272, -961.0, 10.0, 331.0
3.495907712, -960.0, 12.0, 335.0
3.500849024, -960.0, 11.0, 331.0
3.505790464, -962.0, 11.0, 333.0
3.510731776, -960.0, 12.0, 337.0
3.515673216, -963.0, 13.0, 340.0
3.520614528, -961.0, 12.0, 344.0
3.525555968, -963.0, 13.0, 334.0
3.53049728, -968.0, 11.0, 337.0
3.53543872, -965.0, 11.0, 334.0
3.540380032, -969.0, 11.0, 330.0
3.545321472, -973.0, 10.0, 333.0
3.550262784, -969.0, 10.0, 328.0
3.555204278, -962.0, 10.0, 330.0
3.560148096, -960.0, 8.0, 336.0
3.565091968, -963.0, 10.0, 347.0
3.570035968, -961.0, 10.0, 356.0
3.57497984, -966.0, 11.0, 346.0
3.579923712, -961.0, 10.0, 342.0
3.584867712, -963.0, 10.0, 341.0
3.589811584, -963.0, 9.0, 340.0
3.594755456, -966.0, 8.0, 339.0
3.599699456, -967.0, 9.0, 341.0
3.604643328, -970.0, 9.0, 340.0
3.609587328, -966.0, 9.0, 341.0
3.6145312, -967.0, 10.0, 336.0
3.619475072, -962.0, 10.0, 341.0
3.624419072, -967.0, 12.0, 340.0
3.629362944, -965.0, 11.0, 341.0
3.634306816, -967.0, 11.0, 340.0
3.639250816, -965.0, 12.0, 343.0
3.644194688, -967.0, 11.0, 337.0
3.64913856, -963.0, 12.0, 328.0
3.65408256, -963.0, 11.0, 337.0
3.659026432, -959.0, 11.0, 334.0
3.663970304, -960.0, 12.0, 327.0
3.668914304, -960.0, 11.0, 327.0
3.673858176, -957.0, 12.0, 334.0
3.678802048, -961.0, 10.0, 333.0
3.683746048, -964.0, 13.0, 334.0
3.68868992, -962.0, 12.0, 333.0
3.693633792, -965.0, 13.0, 333.0
3.698577792, -968.0, 15.0, 330.0
3.703521664, -967.0, 15.0, 332.0
3.708465664, -967.0, 16.0, 333.0
3.713409536, -969.0, 17.0, 331.0
3.718353408, -969.0, 18.0, 332.0
3.723297408, -968.0, 15.0, 335.0
3.72824128, -967.0, 16.0, 336.0
3.733185284, -968.0, 16.0, 339.0
3.738127488, -963.0, 15.0, 341.0
3.743069696, -962.0, 14.0, 345.0
3.748011904, -965.0, 14.0, 349.0
3.752954112, -964.0, 12.0, 347.0
3.75789632, -962.0, 13.0, 345.0
3.762838528, -963.0, 11.0, 343.0
3.767780864, -967.0, 12.0, 337.0
3.772723072, -967.0, 10.0, 339.0
3.77766528, -964.0, 11.0, 335.0
3.782607488, -962.0, 10.0, 335.0
3.787549696, -960.0, 12.0, 330.0
3.792491904, -963.0, 14.0, 331.0
3.797434112, -959.0, 15.0, 326.0
3.80237632, -961.0, 15.0, 330.0
3.807318528, -962.0, 15.0, 329.0
3.812260736, -963.0, 18.0, 332.0
3.817202944, -967.0, 17.0, 338.0
3.82214528, -967.0, 16.0, 337.0
3.827087488, -965.0, 16.0, 334.0
3.832029696, -964.0, 14.0, 340.0
3.836971904, -964.0, 14.0, 336.0
3.841914112, -962.0, 13.0, 335.0
3.84685632, -963.0, 12.0, 333.0
3.851798528, -960.0, 9.0, 331.0
3.856740736, -963.0, 13.0, 333.0
3.861682944, -966.0, 11.0, 333.0
3.866625152, -965.0, 14.0, 328.0
3.871567488, -965.0, 14.0, 328.0
3.876509696, -966.0, 16.0, 328.0
3.881451904, -966.0, 16.0, 324.0
3.886394112, -964.0, 16.0, 325.0
3.89133632, -963.0, 15.0, 327.0
3.896278528, -962.0, 15.0, 323.0
3.901220736, -960.0, 16.0, 323.0
3.906162944, -960.0, 15.0, 325.0
3.911105204, -959.0, 13.0, 328.0
3.916049024, -961.0, 13.0, 339.0
3.920992896, -967.0, 12.0, 340.0
3.925936896, -967.0, 13.0, 343.0
3.930880768, -968.0, 11.0, 338.0
3.93582464, -969.0, 12.0, 344.0
3.94076864, -967.0, 11.0, 334.0
3.945712512, -964.0, 11.0, 324.0
3.950656384, -958.0, 8.0, 330.0
3.955600384, -957.0, 8.0, 336.0
3.960544256, -961.0, 8.0, 329.0
3.965488128, -962.0, 9.0, 327.0
3.970432128, -960.0, 9.0, 323.0
3.975376, -963.0, 8.0, 322.0
3.98032, -962.0, 9.0, 321.0
3.985263872, -962.0, 10.0, 319.0
3.990207744, -964.0, 10.0, 322.0
3.995151744, -958.0, 9.0, 326.0
4.000095616, -964.0, 12.0, 330.0
4.005039488, -970.0, 11.0, 334.0
4.009983488, -971.0, 11.0, 330.0
4.01492736, -969.0, 12.0, 327.0
4.019871232, -970.0, 12.0, 322.0
4.024815232, -969.0, 11.0, 315.0
4.029759104, -966.0, 13.0, 303.0
4.034702976, -966.0, 11.0, 307.0
4.039646976, -965.0, 11.0, 308.0
4.044590848, -963.0, 12.0, 308.0
4.04953472, -968.0, 13.0, 313.0
4.05447872, -968.0, 13.0, 314.0
4.059422592, -968.0, 13.0, 313.0
4.064366464, -970.0, 15.0, 320.0
4.069310464, -972.0, 14.0, 325.0
4.074254336, -970.0, 13.0, 326.0
4.079198208, -973.0, 14.0, 331.0
4.084142208, -969.0, 12.0, 328.0
4.0890862, -971.0, 11.0, 334.0
4.094029312, -969.0, 12.0, 327.0
4.098972416, -968.0, 12.0, 333.0
4.103915392, -970.0, 12.0, 330.0
4.108858496, -966.0, 12.0, 329.0
4.1138016, -968.0, 12.0, 322.0
4.118744704, -968.0, 13.0, 320.0
4.12368768, -963.0, 13.0, 318.0
4.128630784, -962.0, 12.0, 317.0
4.133573888, -966.0, 14.0, 314.0
4.138516864, -969.0, 13.0, 313.0
4.143459968, -966.0, 14.0, 313.0
4.148403072, -962.0, 13.0, 312.0
4.153346176, -969.0, 14.0, 314.0
4.158289152, -965.0, 12.0, 316.0
4.163232256, -966.0, 12.0, 315.0
4.16817536, -968.0, 12.0, 320.0
4.173118464, -969.0, 12.0, 319.0
4.17806144, -967.0, 13.0, 318.0
4.183004544, -967.0, 12.0, 323.0
4.187947648, -966.0, 12.0, 324.0
4.192890624, -971.0, 11.0, 318.0
4.197833728, -971.0, 10.0, 322.0
4.202776832, -966.0, 9.0, 318.0
4.207719936, -962.0, 8.0, 322.0
4.212662912, -964.0, 8.0, 327.0
4.217606016, -967.0, 9.0, 329.0
4.22254912, -973.0, 9.0, 326.0
4.227492096, -971.0, 11.0, 322.0
4.2324352, -970.0, 10.0, 317.0
4.237378304, -967.0, 9.0, 314.0
4.242321408, -966.0, 8.0, 314.0
4.247264384, -966.0, 7.0, 313.0
4.252207488, -965.0, 7.0, 316.0
4.257150592, -963.0, 9.0, 311.0
4.262093568, -962.0, 11.0, 312.0
4.267036648, -963.0, 9.0, 311.0
4.271979776, -957.0, 13.0, 317.0
4.27692288, -961.0, 12.0, 309.0
4.281865856, -959.0, 12.0, 308.0
4.28680896, -965.0, 12.0, 307.0
4.291752064, -964.0, 13.0, 305.0
4.296695168, -965.0, 15.0, 304.0
4.301638144, -965.0, 15.0, 307.0
4.306581248, -963.0, 13.0, 306.0
4.311524352, -968.0, 13.0, 310.0
4.316467328, -969.0, 14.0, 310.0
4.321410432, -967.0, 14.0, 312.0
4.326353536, -967.0, 13.0, 311.0
4.33129664, -962.0, 12.0, 317.0
4.336239616, -964.0, 13.0, 320.0
4.34118272, -965.0, 11.0, 319.0
4.346125824, -961.0, 11.0, 314.0
4.351068928, -963.0, 10.0, 322.0
4.356011904, -960.0, 11.0, 321.0
4.360955008, -964.0, 11.0, 325.0
4.365898112, -966.0, 12.0, 322.0
4.370841088, -965.0, 13.0, 321.0
4.375784192, -966.0, 13.0, 322.0
4.380727296, -965.0, 13.0, 318.0
4.3856704, -962.0, 12.0, 322.0
4.390613376, -963.0, 11.0, 324.0
4.39555648, -966.0, 12.0, 327.0
4.400499584, -965.0, 10.0, 322.0
4.40544256, -967.0, 10.0, 321.0
4.410385664, -966.0, 10.0, 321.0
4.415328768, -965.0, 9.0, 318.0
4.420271872, -966.0, 8.0, 319.0
4.425214848, -964.0, 8.0, 314.0
4.430157952, -963.0, 10.0, 318.0
4.435101056, -966.0, 8.0, 319.0
4.44004416, -964.0, 11.0, 317.0
4.444987106, -962.0, 11.0, 315.0
4.449929344, -961.0, 14.0, 317.0
4.454871552, -962.0, 14.0, 310.0
4.45981376, -966.0, 13.0, 317.0
4.464755968, -963.0, 15.0, 319.0
4.469698176, -965.0, 14.0, 318.0
4.474640384, -962.0, 12.0, 319.0
4.47958272, -960.0, 13.0, 322.0
4.484524928, -962.0, 12.0, 324.0
4.489467136, -968.0, 13.0, 330.0
4.494409344, -966.0, 12.0, 333.0
4.499351552, -967.0, 14.0, 332.0
4.50429376, -965.0, 12.0, 332.0
4.509235968, -964.0, 11.0, 331.0
4.514178176, -966.0, 10.0, 331.0
4.519120384, -963.0, 10.0, 335.0
4.524062592, -964.0, 12.0, 329.0
4.529004928, -962.0, 12.0, 332.0
4.533947136, -967.0, 12.0, 330.0
4.538889344, -964.0, 13.0, 327.0
4.543831552, -965.0, 14.0, 321.0
4.54877376, -966.0, 15.0, 322.0
4.553715968, -965.0, 16.0, 318.0
4.558658176, -961.0, 15.0, 319.0
4.563600384, -960.0, 16.0, 317.0
4.568542592, -964.0, 17.0, 328.0
4.5734848, -966.0, 15.0, 333.0
4.578427008, -970.0, 16.0, 333.0
4.583369344, -972.0, 15.0, 332.0
4.588311552, -975.0, 17.0, 327.0
4.59325376, -971.0, 16.0, 320.0
4.598195968, -966.0, 14.0, 314.0
4.603138176, -958.0, 14.0, 316.0
4.608080384, -957.0, 14.0, 324.0
4.613022592, -961.0, 14.0, 328.0
4.6179648, -961.0, 16.0, 325.0
4.622907036, -963.0, 17.0, 315.0
4.627849216, -961.0, 16.0, 312.0
4.632791424, -960.0, 16.0, 316.0
4.637733632, -960.0, 15.0, 322.0
4.64267584, -958.0, 14.0, 327.0
4.647618048, -959.0, 13.0, 331.0
4.652560256, -958.0, 15.0, 342.0
4.657502592, -958.0, 15.0, 345.0
4.6624448, -960.0, 15.0, 341.0
4.667387008, -961.0, 16.0, 333.0
4.672329216, -962.0, 14.0, 330.0
4.677271424, -964.0, 11.0, 321.0
4.682213632, -965.0, 12.0, 315.0
4.68715584, -964.0, 12.0, 307.0
4.692098048, -963.0, 11.0, 311.0
4.697040256, -959.0, 10.0, 312.0
4.701982464, -960.0, 10.0, 316.0
4.7069248, -963.0, 11.0, 326.0
4.711867008, -969.0, 11.0, 332.0
4.716809216, -969.0, 12.0, 337.0
4.721751424, -970.0, 15.0, 335.0
4.726693632, -972.0, 14.0, 335.0
4.73163584, -971.0, 15.0, 337.0
4.736578048, -972.0, 15.0, 340.0
4.741520256, -970.0, 15.0, 343.0
4.746462464, -975.0, 15.0, 340.0
4.751404672, -973.0, 15.0, 337.0
4.756347008, -971.0, 14.0, 339.0
4.761289216, -975.0, 16.0, 340.0
4.766231424, -976.0, 15.0, 336.0
4.771173632, -972.0, 16.0, 341.0
4.77611584, -972.0, 18.0, 333.0
4.781058048, -969.0, 17.0, 334.0
4.786000256, -968.0, 17.0, 333.0
4.790942464, -965.0, 17.0, 332.0
4.795884672, -961.0, 16.0, 335.0
4.800826976, -962.0, 17.0, 338.0
4.805769216, -953.0, 13.0, 343.0
4.810711424, -957.0, 15.0, 340.0
4.815653632, -956.0, 17.0, 338.0
4.82059584, -958.0, 16.0, 334.0
4.825538048, -959.0, 15.0, 334.0
4.830480256, -961.0, 16.0, 328.0
4.835422592, -968.0, 16.0, 327.0
4.8403648, -971.0, 17.0, 328.0
4.845307008, -968.0, 16.0, 329.0
4.850249216, -969.0, 18.0, 323.0
4.855191424, -974.0, 18.0, 323.0
4.860133632, -970.0, 15.0, 321.0
4.86507584, -963.0, 14.0, 326.0
4.870018048, -959.0, 14.0, 333.0
4.874960256, -965.0, 14.0, 344.0
4.879902464, -964.0, 13.0, 349.0
4.8848448, -968.0, 13.0, 349.0
4.889787008, -970.0, 13.0, 342.0
4.894729216, -966.0, 12.0, 336.0
4.899671424, -967.0, 10.0, 331.0
4.904613632, -966.0, 9.0, 332.0
4.90955584, -968.0, 8.0, 331.0
4.914498048, -965.0, 8.0, 327.0
4.919440256, -961.0, 8.0, 329.0
4.924382464, -960.0, 8.0, 327.0
4.929324672, -963.0, 10.0, 326.0
4.934267008, -963.0, 14.0, 324.0
4.939209216, -960.0, 14.0, 328.0
4.944151424, -963.0, 16.0, 325.0
4.949093632, -963.0, 16.0, 328.0
4.95403584, -961.0, 18.0, 330.0
4.958978048, -960.0, 17.0, 330.0
4.963920256, -962.0, 19.0, 330.0
4.968862464, -960.0, 19.0, 333.0
4.973804672, -959.0, 17.0, 335.0
4.978746916, -957.0, 18.0, 340.0
4.983690752, -957.0, 17.0, 346.0
4.988634624, -962.0, 14.0, 346.0
4.993578624, -962.0, 14.0, 344.0
4.998522496, -967.0, 15.0, 343.0
5.003466368, -964.0, 15.0, 337.0
5.008410368, -967.0, 15.0, 339.0
5.01335424, -968.0, 17.0, 333.0
5.018298112, -964.0, 14.0, 333.0
5.023242112, -963.0, 13.0, 335.0
5.028185984, -963.0, 15.0, 333.0
5.033129856, -961.0, 16.0, 333.0
5.038073856, -963.0, 15.0, 334.0
5.043017728, -962.0, 17.0, 328.0
5.047961728, -963.0, 17.0, 324.0
5.0529056, -961.0, 17.0, 329.0
5.057849472, -963.0, 17.0, 326.0
5.062793472, -961.0, 15.0, 336.0
5.067737344, -959.0, 15.0, 337.0
5.072681216, -960.0, 13.0, 336.0
5.077625216, -960.0, 12.0, 337.0
5.082569088, -961.0, 14.0, 339.0
5.08751296, -957.0, 11.0, 346.0
5.09245696, -958.0, 9.0, 346.0
5.097400832, -958.0, 9.0, 350.0
5.102344704, -957.0, 10.0, 351.0
5.107288704, -958.0, 9.0, 346.0
5.112232576, -957.0, 11.0, 349.0
5.117176448, -957.0, 13.0, 345.0
5.122120448, -957.0, 13.0, 345.0
5.12706432, -953.0, 13.0, 342.0
5.132008192, -956.0, 15.0, 342.0
5.136952192, -956.0, 15.0, 342.0
5.141896064, -954.0, 15.0, 341.0
5.146839936, -959.0, 15.0, 344.0
5.151783936, -959.0, 13.0, 345.0
5.156727912, -958.0, 13.0, 344.0
5.161672704, -958.0, 12.0, 349.0
5.166617472, -955.0, 11.0, 353.0
5.17156224, -954.0, 9.0, 355.0
5.176507008, -952.0, 10.0, 359.0
5.181451776, -953.0, 10.0, 365.0
5.186396544, -953.0, 10.0, 368.0
5.191341312, -955.0, 11.0, 370.0
5.19628608, -959.0, 12.0, 369.0
5.201230848, -957.0, 14.0, 372.0
5.206175616, -959.0, 15.0, 372.0
5.211120384, -964.0, 18.0, 365.0
5.216065152, -964.0, 19.0, 368.0
5.22100992, -965.0, 20.0, 360.0
5.22595456, -964.0, 20.0, 358.0
5.230899328, -954.0, 21.0, 358.0
5.235844096, -952.0, 22.0, 366.0
5.240788864, -953.0, 23.0, 364.0
5.245733632, -952.0, 23.0, 376.0
5.2506784, -955.0, 23.0, 364.0
5.255623168, -956.0, 28.0, 352.0
5.260567936, -955.0, 23.0, 337.0
5.265512704, -949.0, 23.0, 333.0
5.270457472, -947.0, 21.0, 335.0
5.27540224, -952.0, 24.0, 338.0
5.280347008, -957.0, 23.0, 334.0
5.285291776, -959.0, 24.0, 323.0
5.290236544, -962.0, 22.0, 309.0
5.295181312, -962.0, 22.0, 306.0
5.30012608, -960.0, 20.0, 301.0
5.305070848, -956.0, 16.0, 304.0
5.310015616, -957.0, 13.0, 311.0
5.314960384, -955.0, 14.0, 316.0
5.319905152, -954.0, 10.0, 331.0
5.32484992, -951.0, 11.0, 328.0
5.329794688, -951.0, 12.0, 334.0
5.33473938, -950.0, 12.0, 329.0
5.339681536, -948.0, 13.0, 322.0
5.344623744, -950.0, 10.0, 329.0
5.349565952, -954.0, 8.0, 318.0
5.35450816, -951.0, 9.0, 318.0
5.359450368, -950.0, 7.0, 317.0
5.364392576, -953.0, 8.0, 320.0
5.369334912, -955.0, 10.0, 321.0
5.37427712, -959.0, 11.0, 325.0
5.379219328, -967.0, 12.0, 333.0
5.384161536, -975.0, 15.0, 333.0
5.389103744, -980.0, 18.0, 335.0
5.394045952, -979.0, 20.0, 335.0
5.39898816, -979.0, 21.0, 334.0
5.403930368, -981.0, 27.0, 332.0
5.408872576, -982.0, 29.0, 337.0
5.413814784, -980.0, 30.0, 334.0
5.41875712, -982.0, 32.0, 334.0
5.423699328, -985.0, 32.0, 333.0
5.428641536, -985.0, 33.0, 328.0
5.433583744, -982.0, 31.0, 319.0
5.438525952, -985.0, 31.0, 322.0
5.44346816, -983.0, 31.0, 315.0
5.448410368, -981.0, 36.0, 308.0
5.453352576, -979.0, 34.0, 311.0
5.458294784, -976.0, 36.0, 313.0
5.463236992, -974.0, 39.0, 316.0
5.468179328, -976.0, 40.0, 320.0
5.473121536, -976.0, 39.0, 325.0
5.478063744, -974.0, 38.0, 331.0
5.483005952, -976.0, 36.0, 333.0
5.48794816, -976.0, 33.0, 339.0
5.492890368, -973.0, 31.0, 339.0
5.497832576, -973.0, 30.0, 339.0
5.502774784, -970.0, 27.0, 343.0
5.507716992, -970.0, 27.0, 348.0
5.512659326, -967.0, 28.0, 348.0
5.517602432, -968.0, 26.0, 354.0
5.522545536, -976.0, 23.0, 352.0
5.527488512, -974.0, 24.0, 350.0
5.532431616, -974.0, 23.0, 344.0
5.53737472, -970.0, 21.0, 342.0
5.542317824, -967.0, 23.0, 345.0
5.5472608, -966.0, 23.0, 359.0
5.552203904, -971.0, 23.0, 359.0
5.557147008, -973.0, 23.0, 357.0
5.562090112, -972.0, 24.0, 354.0
5.567033088, -969.0, 24.0, 348.0
5.571976192, -968.0, 20.0, 354.0
5.576919296, -968.0, 19.0, 353.0
5.581862272, -968.0, 19.0, 358.0
5.586805376, -971.0, 17.0, 356.0
5.59174848, -972.0, 18.0, 349.0
5.596691584, -973.0, 16.0, 347.0
5.60163456, -972.0, 19.0, 348.0
5.606577664, -973.0, 20.0, 342.0
5.611520768, -975.0, 21.0, 346.0
5.616463744, -972.0, 24.0, 346.0
5.621406848, -971.0, 26.0, 348.0
5.626349952, -974.0, 31.0, 348.0
5.631293056, -974.0, 35.0, 350.0
5.636236032, -973.0, 40.0, 349.0
5.641179136, -972.0, 43.0, 351.0
5.64612224, -969.0, 41.0, 344.0
5.651065344, -970.0, 38.0, 346.0
5.65600832, -969.0, 38.0, 342.0
5.660951424, -967.0, 36.0, 339.0
5.665894528, -967.0, 35.0, 339.0
5.670837504, -959.0, 31.0, 335.0
5.675780608, -956.0, 28.0, 338.0
5.680723712, -955.0, 28.0, 337.0
5.685666816, -957.0, 30.0, 343.0
5.690609794, -957.0, 24.0, 340.0
5.695552, -964.0, 26.0, 344.0
5.700494208, -959.0, 22.0, 334.0
5.705436416, -961.0, 25.0, 336.0
5.710378624, -958.0, 25.0, 339.0
5.715320832, -959.0, 23.0, 335.0
5.72026304, -960.0, 25.0, 336.0
5.725205376, -958.0, 28.0, 339.0
5.730147584, -960.0, 27.0, 337.0
5.735089792, -959.0, 29.0, 341.0
5.740032, -961.0, 30.0, 339.0
5.744974208, -963.0, 31.0, 335.0
5.749916416, -959.0, 31.0, 341.0
5.754858624, -962.0, 32.0, 339.0
5.759800832, -963.0, 28.0, 337.0
5.76474304, -965.0, 28.0, 335.0
5.769685248, -966.0, 26.0, 336.0
5.774627584, -966.0, 23.0, 337.0
5.779569792, -963.0, 23.0, 335.0
5.784512, -964.0, 22.0, 332.0
5.789454208, -962.0, 20.0, 329.0
5.794396416, -959.0, 18.0, 326.0
5.799338624, -961.0, 19.0, 320.0
5.804280832, -958.0, 21.0, 324.0
5.80922304, -963.0, 23.0, 317.0
5.814165248, -960.0, 24.0, 326.0
5.819107456, -961.0, 29.0, 331.0
5.824049664, -963.0, 26.0, 333.0
5.828992, -963.0, 25.0, 333.0
5.833934208, -959.0, 22.0, 336.0
5.838876416, -961.0, 22.0, 340.0
5.843818624, -958.0, 18.0, 341.0
5.848760832, -959.0, 17.0, 342.0
5.85370304, -957.0, 16.0, 343.0
5.858645248, -960.0, 12.0, 346.0
5.863587456, -961.0, 10.0, 341.0
5.868529724, -958.0, 6.0, 342.0
5.873472768, -958.0, 3.0, 348.0
5.878415872, -952.0, -4.0, 342.0
5.883358848, -953.0, -5.0, 345.0
5.888301952, -955.0, -9.0, 345.0
5.893245056, -952.0, -13.0, 338.0
5.89818816, -950.0, -15.0, 339.0
5.903131136, -948.0, -17.0, 342.0
5.90807424, -949.0, -20.0, 342.0
5.913017344, -946.0, -25.0, 345.0
5.917960448, -944.0, -32.0, 346.0
5.922903424, -942.0, -34.0, 349.0
5.927846528, -941.0, -41.0, 356.0
5.932789632, -944.0, -38.0, 360.0
5.937732608, -945.0, -41.0, 361.0
5.942675712, -948.0, -45.0, 363.0
5.947618816, -947.0, -48.0, 354.0
5.95256192, -946.0, -47.0, 348.0
5.957504896, -946.0, -48.0, 348.0
5.962448, -943.0, -50.0, 348.0
5.967391104, -945.0, -48.0, 350.0
5.97233408, -945.0, -50.0, 347.0
5.977277184, -945.0, -46.0, 346.0
5.982220288, -946.0, -47.0, 343.0
5.987163392, -948.0, -44.0, 347.0
5.992106368, -950.0, -42.0, 361.0
5.997049472, -954.0, -44.0, 367.0
6.001992576, -958.0, -46.0, 368.0
6.00693568, -970.0, -48.0, 379.0
6.011878656, -972.0, -50.0, 380.0
6.01682176, -979.0, -52.0, 384.0
6.021764864, -980.0, -56.0, 383.0
6.02670784, -981.0, -59.0, 375.0
6.031650944, -977.0, -63.0, 363.0
6.036594048, -974.0, -72.0, 353.0
6.041537152, -971.0, -75.0, 345.0
6.046480192, -966.0, -72.0, 346.0
6.051422336, -960.0, -73.0, 340.0
6.056364544, -966.0, -63.0, 348.0
6.061306752, -963.0, -61.0, 349.0
6.06624896, -965.0, -56.0, 354.0
6.071191168, -962.0, -51.0, 364.0
6.076133376, -966.0, -47.0, 372.0
6.081075712, -964.0, -47.0, 377.0
6.08601792, -968.0, -44.0, 384.0
6.090960128, -963.0, -44.0, 391.0
6.095902336, -965.0, -42.0, 394.0
6.100844544, -967.0, -42.0, 398.0
6.105786752, -968.0, -43.0, 398.0
6.11072896, -962.0, -48.0, 400.0
6.115671168, -960.0, -48.0, 400.0
6.120613376, -961.0, -49.0, 402.0
6.125555584, -959.0, -50.0, 394.0
6.13049792, -963.0, -54.0, 389.0
6.135440128, -960.0, -57.0, 384.0
6.140382336, -957.0, -63.0, 374.0
6.145324544, -952.0, -70.0, 364.0
6.150266752, -949.0, -75.0, 360.0
6.15520896, -940.0, -78.0, 362.0
6.160151168, -932.0, -75.0, 361.0
6.165093376, -927.0, -75.0, 366.0
6.170035584, -926.0, -71.0, 365.0
6.174977792, -927.0, -70.0, 362.0
6.17992, -927.0, -67.0, 366.0
6.184862336, -926.0, -73.0, 351.0
6.189804544, -924.0, -69.0, 347.0
6.194746752, -915.0, -67.0, 342.0
6.19968896, -914.0, -70.0, 337.0
6.204631168, -906.0, -67.0, 345.0
6.209573376, -902.0, -70.0, 342.0
6.214515584, -899.0, -72.0, 349.0
6.219457792, -900.0, -75.0, 356.0
6.224400122, -896.0, -78.0, 368.0
6.229345792, -896.0, -77.0, 385.0
6.234291456, -902.0, -74.0, 397.0
6.239236992, -914.0, -63.0, 409.0
6.244182656, -928.0, -60.0, 407.0
6.249128192, -935.0, -56.0, 403.0
6.254073856, -937.0, -58.0, 397.0
6.25901952, -941.0, -58.0, 393.0
6.263965056, -944.0, -54.0, 390.0
6.26891072, -943.0, -54.0, 387.0
6.273856256, -944.0, -54.0, 384.0
6.27880192, -941.0, -50.0, 380.0
6.283747456, -940.0, -51.0, 382.0
6.28869312, -935.0, -54.0, 376.0
6.293638784, -935.0, -57.0, 378.0
6.29858432, -933.0, -60.0, 377.0
6.303529984, -932.0, -63.0, 376.0
6.30847552, -933.0, -68.0, 380.0
6.313421184, -932.0, -74.0, 377.0
6.318366848, -933.0, -79.0, 381.0
6.323312384, -939.0, -86.0, 380.0
6.328258048, -944.0, -96.0, 376.0
6.333203584, -948.0, -97.0, 369.0
6.338149248, -947.0, -104.0, 362.0
6.343094912, -949.0, -103.0, 354.0
6.348040448, -946.0, -105.0, 349.0
6.352986112, -942.0, -103.0, 346.0
6.357931648, -936.0, -101.0, 349.0
6.362877312, -924.0, -101.0, 347.0
6.367822976, -918.0, -98.0, 360.0
6.372768512, -911.0, -94.0, 367.0
6.377714176, -918.0, -90.0, 369.0
6.382659712, -916.0, -83.0, 364.0
6.387605376, -925.0, -75.0, 371.0
6.392550912, -934.0, -66.0, 372.0
6.397496576, -941.0, -59.0, 371.0
6.402442138, -947.0, -54.0, 373.0
6.407385216, -949.0, -52.0, 374.0
6.41232832, -949.0, -44.0, 370.0
6.417271296, -951.0, -43.0, 375.0
6.4222144, -951.0, -44.0, 371.0
6.427157504, -949.0, -43.0, 370.0
6.432100608, -946.0, -45.0, 374.0
6.437043584, -945.0, -50.0, 376.0
6.441986688, -942.0, -50.0, 382.0
6.446929792, -935.0, -52.0, 389.0
6.451872768, -935.0, -55.0, 390.0
6.456815872, -933.0, -58.0, 390.0
6.461758976, -937.0, -57.0, 389.0
6.46670208, -942.0, -60.0, 387.0
6.471645056, -945.0, -63.0, 387.0
6.47658816, -951.0, -59.0, 386.0
6.481531264, -955.0, -57.0, 384.0
6.486474368, -957.0, -54.0, 383.0
6.491417344, -957.0, -49.0, 386.0
6.496360448, -957.0, -45.0, 382.0
6.501303552, -954.0, -42.0, 383.0
6.506246528, -949.0, -39.0, 385.0
6.511189632, -948.0, -36.0, 380.0
6.516132736, -947.0, -37.0, 383.0
6.52107584, -947.0, -36.0, 379.0
6.526018816, -948.0, -38.0, 378.0
6.53096192, -948.0, -37.0, 376.0
6.535905024, -949.0, -42.0, 368.0
6.540848, -950.0, -42.0, 365.0
6.545791104, -950.0, -42.0, 362.0
6.550734208, -948.0, -42.0, 363.0
6.555677312, -948.0, -46.0, 359.0
6.560620288, -948.0, -47.0, 359.0
6.565563392, -947.0, -51.0, 360.0
6.570506496, -944.0, -50.0, 364.0
6.5754496, -942.0, -53.0, 372.0
6.580392602, -939.0, -56.0, 370.0
6.585334784, -934.0, -52.0, 372.0
6.590276992, -932.0, -54.0, 368.0
6.5952192, -937.0, -56.0, 366.0
6.600161408, -934.0, -55.0, 373.0
6.605103616, -938.0, -56.0, 371.0
6.610045824, -942.0, -59.0, 383.0
6.61498816, -946.0, -57.0, 387.0
6.619930368, -949.0, -59.0, 387.0
6.624872576, -953.0, -57.0, 385.0
6.629814784, -955.0, -56.0, 382.0
6.634756992, -951.0, -54.0, 383.0
6.6396992, -946.0, -53.0, 382.0
6.644641408, -946.0, -49.0, 388.0
6.649583616, -944.0, -42.0, 392.0
6.654525824, -942.0, -37.0, 388.0
6.659468032, -945.0, -33.0, 382.0
6.664410368, -946.0, -30.0, 372.0
6.669352576, -943.0, -29.0, 365.0
6.674294784, -947.0, -24.0, 368.0
6.679236992, -944.0, -24.0, 369.0
6.6841792, -947.0, -20.0, 367.0
6.689121408, -949.0, -16.0, 368.0
6.694063616, -951.0, -12.0, 366.0
6.699005824, -949.0, -6.0, 366.0
6.703948032, -949.0, -4.0, 361.0
6.70889024, -949.0, -3.0, 354.0
6.713832448, -951.0, -5.0, 344.0
6.718774784, -951.0, -8.0, 331.0
6.723716992, -949.0, -10.0, 314.0
6.7286592, -950.0, -14.0, 301.0
6.733601408, -953.0, -17.0, 294.0
6.738543616, -959.0, -14.0, 280.0
6.743485824, -960.0, -15.0, 272.0
6.748428032, -961.0, -17.0, 266.0
6.75337024, -964.0, -15.0, 264.0
6.758312532, -961.0, -13.0, 263.0
6.763256448, -961.0, -23.0, 269.0
6.76820032, -961.0, -22.0, 273.0
6.77314432, -958.0, -24.0, 278.0
6.778088192, -959.0, -30.0, 282.0
6.783032064, -955.0, -33.0, 291.0
6.787976064, -956.0, -36.0, 299.0
6.792919936, -957.0, -40.0, 316.0
6.797863808, -962.0, -47.0, 322.0
6.802807808, -964.0, -50.0, 339.0
6.80775168, -971.0, -54.0, 347.0
6.812695552, -981.0, -60.0, 350.0
6.817639552, -988.0, -61.0, 363.0
6.822583424, -993.0, -67.0, 367.0
6.827527424, -994.0, -69.0, 366.0
6.832471296, -996.0, -70.0, 359.0
6.837415168, -996.0, -70.0, 344.0
6.842359168, -1000.0, -67.0, 343.0
6.84730304, -997.0, -60.0, 340.0
6.852246912, -995.0, -54.0, 333.0
6.857190912, -995.0, -44.0, 329.0
6.862134784, -996.0, -35.0, 327.0
6.867078656, -995.0, -29.0, 326.0
6.872022656, -994.0, -21.0, 324.0
6.876966528, -993.0, -17.0, 325.0
6.8819104, -989.0, -13.0, 327.0
6.8868544, -988.0, -13.0, 334.0
6.891798272, -990.0, -8.0, 335.0
6.896742144, -992.0, -11.0, 332.0
6.901686144, -994.0, -8.0, 327.0
6.906630016, -995.0, -12.0, 317.0
6.911573888, -995.0, -17.0, 310.0
6.916517888, -993.0, -18.0, 305.0
6.92146176, -993.0, -19.0, 302.0
6.926405632, -991.0, -20.0, 308.0
6.931349632, -990.0, -17.0, 309.0
6.936293528, -983.0, -16.0, 304.0
6.941237376, -975.0, -18.0, 299.0
6.946181248, -971.0, -18.0, 296.0
6.951125248, -969.0, -21.0, 294.0
6.95606912, -964.0, -26.0, 285.0
6.961012992, -968.0, -32.0, 281.0
6.965956992, -967.0, -39.0, 279.0
6.970900864, -968.0, -47.0, 273.0
6.975844736, -971.0, -59.0, 268.0
6.980788736, -963.0, -72.0, 268.0
6.985732608, -961.0, -92.0, 271.0
6.99067648, -958.0, -97.0, 280.0
6.99562048, -954.0, -105.0, 285.0
7.000564352, -960.0, -109.0, 284.0
7.005508224, -961.0, -112.0, 289.0
7.010452224, -972.0, -116.0, 287.0
7.015396096, -975.0, -122.0, 281.0
7.020339968, -979.0, -127.0, 276.0
7.025283968, -985.0, -133.0, 264.0
7.03022784, -987.0, -139.0, 258.0
7.03517184, -989.0, -144.0, 251.0
7.040115712, -990.0, -149.0, 246.0
7.045059584, -988.0, -146.0, 243.0
7.050003584, -984.0, -138.0, 240.0
7.054947456, -981.0, -137.0, 239.0
7.059891328, -973.0, -133.0, 239.0
7.064835328, -969.0, -135.0, 236.0
7.0697792, -963.0, -134.0, 240.0
7.074723072, -958.0, -140.0, 245.0
7.079667072, -952.0, -140.0, 250.0
7.084610944, -949.0, -147.0, 252.0
7.089554816, -946.0, -154.0, 252.0
7.094498816, -945.0, -151.0, 255.0
7.099442688, -945.0, -157.0, 261.0
7.10438656, -948.0, -156.0, 260.0
7.10933056, -957.0, -153.0, 266.0
7.114274504, -968.0, -150.0, 276.0
7.119219328, -990.0, -146.0, 284.0
7.124164096, -994.0, -143.0, 287.0
7.129108864, -1000.0, -142.0, 289.0
7.134053632, -1006.0, -144.0, 283.0
7.1389984, -1010.0, -145.0, 280.0
7.143943168, -1013.0, -143.0, 281.0
7.148887936, -1014.0, -134.0, 279.0
7.153832704, -1013.0, -128.0, 282.0
7.158777472, -1005.0, -121.0, 279.0
7.16372224, -1006.0, -118.0, 279.0
7.168667008, -1000.0, -113.0, 271.0
7.173611776, -1002.0, -108.0, 265.0
7.178556544, -1000.0, -105.0, 260.0
7.183501184, -1001.0, -102.0, 252.0
7.188445952, -998.0, -92.0, 246.0
7.19339072, -998.0, -89.0, 237.0
7.198335488, -996.0, -84.0, 231.0
7.203280256, -992.0, -70.0, 226.0
7.208225024, -992.0, -65.0, 225.0
7.213169792, -991.0, -59.0, 218.0
7.21811456, -987.0, -58.0, 218.0
7.223059328, -981.0, -59.0, 214.0
7.228004096, -981.0, -58.0, 218.0
7.232948864, -979.0, -62.0, 219.0
7.237893632, -980.0, -67.0, 218.0
7.2428384, -977.0, -73.0, 214.0
7.247783168, -973.0, -78.0, 214.0
7.252727936, -964.0, -90.0, 218.0
7.257672704, -956.0, -96.0, 221.0
7.262617472, -950.0, -99.0, 215.0
7.26756224, -942.0, -101.0, 221.0
7.272507008, -924.0, -97.0, 230.0
7.277451776, -908.0, -100.0, 234.0
7.282396544, -905.0, -93.0, 240.0
7.287341312, -902.0, -88.0, 246.0
7.292285972, -901.0, -77.0, 252.0
7.297232384, -896.0, -71.0, 260.0
7.302178816, -898.0, -55.0, 265.0
7.307125248, -899.0, -46.0, 270.0
7.312071808, -906.0, -39.0, 271.0
7.31701824, -910.0, -24.0, 276.0
7.321964672, -910.0, -9.0, 273.0
7.326911104, -906.0, -3.0, 273.0
7.331857664, -906.0, 10.0, 281.0
7.336804096, -912.0, 18.0, 301.0
7.341750528, -917.0, 32.0, 306.0
7.34669696, -932.0, 47.0, 307.0
7.351643392, -943.0, 59.0, 297.0
7.356589952, -948.0, 63.0, 291.0
7.361536384, -955.0, 70.0, 294.0
7.366482816, -956.0, 79.0, 294.0
7.371429248, -960.0, 96.0, 295.0
7.37637568, -965.0, 111.0, 296.0
7.38132224, -971.0, 118.0, 286.0
7.386268672, -972.0, 124.0, 270.0
7.391215104, -970.0, 128.0, 255.0
7.396161536, -968.0, 130.0, 248.0
7.401108096, -970.0, 127.0, 240.0
7.406054528, -968.0, 123.0, 231.0
7.41100096, -962.0, 118.0, 224.0
7.415947392, -953.0, 109.0, 218.0
7.420893824, -943.0, 96.0, 210.0
7.425840384, -931.0, 86.0, 220.0
7.430786816, -907.0, 74.0, 220.0
7.435733248, -896.0, 66.0, 232.0
7.44067968, -888.0, 60.0, 235.0
7.445626112, -886.0, 55.0, 243.0
7.450572672, -883.0, 51.0, 251.0
7.455519104, -884.0, 52.0, 254.0
7.460465536, -886.0, 49.0, 263.0
7.465411968, -885.0, 44.0, 269.0
7.470358522, -888.0, 38.0, 276.0
7.4753024, -888.0, 41.0, 280.0
7.480246272, -887.0, 36.0, 289.0
7.485190272, -889.0, 36.0, 290.0
7.490134144, -888.0, 41.0, 292.0
7.495078016, -892.0, 46.0, 308.0
7.500022016, -902.0, 46.0, 316.0
7.504965888, -920.0, 53.0, 323.0
7.50990976, -944.0, 55.0, 329.0
7.51485376, -964.0, 56.0, 317.0
7.519797632, -989.0, 59.0, 315.0
7.524741504, -1008.0, 58.0, 312.0
7.529685504, -1040.0, 61.0, 318.0
7.534629376, -1070.0, 58.0, 312.0
7.539573248, -1105.0, 56.0, 308.0
7.544517248, -1118.0, 51.0, 305.0
7.54946112, -1122.0, 50.0, 304.0
7.55440512, -1122.0, 41.0, 299.0
7.559348992, -1123.0, 38.0, 305.0
7.564292864, -1123.0, 33.0, 311.0
7.569236864, -1126.0, 29.0, 310.0
7.574180736, -1126.0, 24.0, 312.0
7.579124608, -1132.0, 26.0, 317.0
7.584068608, -1141.0, 27.0, 313.0
7.58901248, -1153.0, 26.0, 306.0
7.593956352, -1168.0, 23.0, 306.0
7.598900352, -1168.0, 24.0, 314.0
7.603844224, -1169.0, 25.0, 325.0
7.608788096, -1170.0, 22.0, 331.0
7.613732096, -1170.0, 24.0, 338.0
7.618675968, -1162.0, 26.0, 341.0
7.62361984, -1157.0, 27.0, 335.0
7.62856384, -1150.0, 23.0, 336.0
7.633507712, -1141.0, 20.0, 333.0
7.638451584, -1127.0, 19.0, 333.0
7.643395584, -1120.0, 17.0, 334.0
7.648339504, -1112.0, 18.0, 327.0
7.653281664, -1102.0, 16.0, 323.0
7.658223872, -1083.0, 17.0, 312.0
7.66316608, -1063.0, 16.0, 309.0
7.668108288, -1045.0, 17.0, 298.0
7.673050496, -1019.0, 20.0, 292.0
7.677992704, -999.0, 24.0, 294.0
7.68293504, -992.0, 35.0, 286.0
7.687877248, -981.0, 42.0, 284.0
7.692819456, -964.0, 51.0, 278.0
7.697761664, -948.0, 60.0, 274.0
7.702703872, -938.0, 73.0, 270.0
7.70764608, -920.0, 90.0, 265.0
7.712588288, -916.0, 105.0, 274.0
7.717530496, -909.0, 113.0, 275.0
7.722472704, -915.0, 121.0, 275.0
7.727414912, -914.0, 127.0, 273.0
7.73235712, -920.0, 129.0, 276.0
7.737299456, -925.0, 137.0, 269.0
7.742241664, -929.0, 140.0, 268.0
7.747183872, -933.0, 140.0, 266.0
7.75212608, -934.0, 139.0, 266.0
7.757068288, -934.0, 135.0, 269.0
7.762010496, -939.0, 132.0, 278.0
7.766952704, -944.0, 129.0, 279.0
7.771894912, -949.0, 126.0, 286.0
7.77683712, -955.0, 126.0, 285.0
7.781779328, -964.0, 124.0, 278.0
7.786721664, -975.0, 121.0, 267.0
7.791663872, -983.0, 116.0, 264.0
7.79660608, -990.0, 105.0, 256.0
7.801548288, -992.0, 87.0, 253.0
7.806490496, -994.0, 73.0, 253.0
7.811432704, -995.0, 64.0, 252.0
7.816374912, -996.0, 58.0, 253.0
7.82131712, -997.0, 52.0, 253.0
7.826259424, -996.0, 56.0, 252.0
7.831200768, -995.0, 58.0, 252.0
7.83614208, -997.0, 58.0, 249.0
7.84108352, -998.0, 60.0, 249.0
7.846024832, -998.0, 65.0, 244.0
7.850966272, -995.0, 67.0, 238.0
7.855907584, -997.0, 71.0, 236.0
7.860849024, -995.0, 71.0, 235.0
7.865790336, -994.0, 72.0, 231.0
7.870731776, -992.0, 72.0, 235.0
7.875673088, -993.0, 71.0, 232.0
7.880614528, -992.0, 70.0, 234.0
7.88555584, -990.0, 72.0, 230.0
7.89049728, -988.0, 74.0, 231.0
7.895438592, -989.0, 74.0, 229.0
7.900380032, -989.0, 72.0, 230.0
7.905321344, -989.0, 73.0, 233.0
7.910262784, -988.0, 78.0, 235.0
7.915204096, -984.0, 73.0, 239.0
7.920145536, -981.0, 67.0, 247.0
7.925086848, -980.0, 66.0, 248.0
7.93002816, -978.0, 62.0, 251.0
7.9349696, -977.0, 62.0, 253.0
7.939910912, -981.0, 60.0, 256.0
7.944852352, -984.0, 57.0, 259.0
7.949793664, -986.0, 59.0, 261.0
7.954735104, -989.0, 58.0, 262.0
7.959676416, -988.0, 56.0, 259.0
7.964617856, -987.0, 55.0, 253.0
7.969559168, -984.0, 53.0, 253.0
7.974500608, -972.0, 50.0, 256.0
7.97944192, -967.0, 53.0, 260.0
7.98438336, -968.0, 57.0, 260.0
7.989324672, -969.0, 57.0, 260.0
7.994266112, -965.0, 58.0, 253.0
7.999207424, -968.0, 62.0, 251.0
8.004148836, -967.0, 65.0, 252.0
8.009091968, -958.0, 65.0, 246.0
8.014035072, -959.0, 71.0, 245.0
8.018978048, -959.0, 80.0, 240.0
8.023921152, -953.0, 87.0, 227.0
8.028864256, -951.0, 97.0, 229.0
8.03380736, -952.0, 104.0, 241.0
8.038750336, -955.0, 108.0, 246.0
8.04369344, -959.0, 113.0, 250.0
8.048636544, -960.0, 114.0, 255.0
8.053579648, -963.0, 115.0, 257.0
8.058522624, -964.0, 114.0, 260.0
8.063465728, -969.0, 117.0, 268.0
8.068408832, -984.0, 118.0, 267.0
8.073351808, -991.0, 116.0, 261.0
8.078294912, -995.0, 113.0, 256.0
8.083238016, -996.0, 107.0, 250.0
8.08818112, -999.0, 102.0, 250.0
8.093124096, -1004.0, 92.0, 249.0
8.0980672, -1011.0, 82.0, 246.0
8.103010304, -1011.0, 80.0, 239.0
8.107953408, -1008.0, 77.0, 239.0
8.112896384, -1011.0, 80.0, 238.0
8.117839488, -1014.0, 72.0, 243.0
8.122782592, -1011.0, 70.0, 241.0
8.127725568, -1005.0, 65.0, 241.0
8.132668672, -999.0, 63.0, 235.0
8.137611776, -996.0, 64.0, 228.0
8.14255488, -994.0, 63.0, 225.0
8.147497856, -991.0, 62.0, 219.0
8.15244096, -982.0, 61.0, 217.0
8.157384064, -969.0, 57.0, 216.0
8.16232704, -952.0, 55.0, 222.0
8.167270144, -948.0, 52.0, 227.0
8.172213248, -943.0, 50.0, 238.0
8.177156352, -938.0, 42.0, 239.0
8.182099314, -933.0, 36.0, 245.0
8.187042432, -930.0, 29.0, 246.0
8.191985536, -925.0, 24.0, 255.0
8.196928512, -923.0, 19.0, 255.0
8.201871616, -923.0, 12.0, 260.0
8.20681472, -922.0, 6.0, 263.0
8.211757824, -918.0, 0.0, 264.0
8.2167008, -916.0, -11.0, 266.0
8.221643904, -914.0, -21.0, 268.0
8.226587008, -906.0, -30.0, 264.0
8.231529984, -911.0, -37.0, 265.0
8.236473088, -911.0, -44.0, 265.0
8.241416192, -912.0, -49.0, 263.0
8.246359296, -921.0, -55.0, 261.0
8.251302272, -932.0, -62.0, 258.0
8.256245376, -932.0, -70.0, 255.0
8.26118848, -933.0, -72.0, 250.0
8.266131584, -931.0, -77.0, 249.0
8.27107456, -921.0, -80.0, 245.0
8.276017664, -905.0, -77.0, 246.0
8.280960768, -894.0, -75.0, 242.0
8.285903744, -886.0, -64.0, 247.0
8.290846848, -884.0, -60.0, 247.0
8.295789952, -884.0, -55.0, 245.0
8.300733056, -880.0, -47.0, 237.0
8.305676032, -875.0, -39.0, 232.0
8.310619136, -867.0, -33.0, 233.0
8.31556224, -862.0, -20.0, 230.0
8.320505216, -856.0, -16.0, 229.0
8.32544832, -858.0, -11.0, 230.0
8.330391424, -851.0, -9.0, 234.0
8.335334528, -841.0, -5.0, 238.0
8.340277504, -836.0, -5.0, 249.0
8.345220608, -839.0, -4.0, 257.0
8.350163712, -835.0, -9.0, 264.0
8.355106816, -854.0, -11.0, 275.0
8.360049772, -874.0, -10.0, 286.0
8.364993664, -882.0, -15.0, 306.0
8.369937536, -906.0, -20.0, 308.0
8.374881536, -939.0, -24.0, 312.0
8.379825408, -971.0, -38.0, 317.0
8.38476928, -994.0, -42.0, 317.0
8.38971328, -1011.0, -52.0, 325.0
8.394657152, -1041.0, -58.0, 331.0
8.399601024, -1060.0, -62.0, 338.0
8.404545024, -1085.0, -69.0, 344.0
8.409488896, -1104.0, -67.0, 363.0
8.414432768, -1116.0, -77.0, 375.0
8.419376768, -1119.0, -81.0, 390.0
8.42432064, -1122.0, -87.0, 396.0
8.429264512, -1122.0, -96.0, 400.0
8.434208512, -1120.0, -102.0, 402.0
8.439152384, -1117.0, -105.0, 406.0
8.444096384, -1113.0, -107.0, 409.0
8.449040256, -1105.0, -108.0, 407.0
8.453984128, -1090.0, -111.0, 407.0
8.458928128, -1071.0, -113.0, 400.0
8.463872, -1063.0, -114.0, 391.0
8.468815872, -1057.0, -116.0, 386.0
8.473759872, -1051.0, -116.0, 377.0
8.478703744, -1042.0, -119.0, 367.0
8.483647616, -1030.0, -122.0, 356.0
8.488591616, -1018.0, -125.0, 347.0
8.493535488, -1015.0, -123.0, 344.0
8.49847936, -1012.0, -123.0, 336.0
8.50342336, -1010.0, -125.0, 333.0
8.508367232, -1011.0, -123.0, 330.0
8.513311104, -1013.0, -122.0, 327.0
8.518255104, -1012.0, -123.0, 324.0
8.523198976, -1015.0, -120.0, 317.0
8.528142848, -1009.0, -118.0, 312.0
8.533086848, -1004.0, -118.0, 311.0
8.538030758, -998.0, -117.0, 311.0
8.542977152, -997.0, -117.0, 316.0
8.547923584, -992.0, -115.0, 305.0
8.552870016, -985.0, -115.0, 306.0
8.557816576, -975.0, -115.0, 309.0
8.562763008, -961.0, -114.0, 305.0
8.56770944, -952.0, -114.0, 303.0
8.572655872, -948.0, -114.0, 309.0
8.577602304, -948.0, -114.0, 317.0
8.582548864, -945.0, -115.0, 320.0
8.587495296, -945.0, -116.0, 330.0
8.592441728, -942.0, -115.0, 335.0
8.59738816, -937.0, -114.0, 345.0
8.60233472, -942.0, -113.0, 351.0
8.607281152, -943.0, -111.0, 356.0
8.612227584, -946.0, -111.0, 364.0
8.617174016, -947.0, -109.0, 362.0
8.622120448, -948.0, -109.0, 358.0
8.627067008, -950.0, -108.0, 351.0
8.63201344, -948.0, -111.0, 347.0
8.636959872, -947.0, -111.0, 342.0
8.641906304, -946.0, -108.0, 343.0
8.646852736, -948.0, -109.0, 330.0
8.651799296, -948.0, -110.0, 321.0
8.656745728, -947.0, -112.0, 305.0
8.66169216, -943.0, -114.0, 300.0
8.666638592, -942.0, -115.0, 299.0
8.671585024, -944.0, -119.0, 284.0
8.676531584, -948.0, -120.0, 277.0
8.681478016, -944.0, -125.0, 264.0
8.686424448, -942.0, -131.0, 261.0
8.69137088, -937.0, -147.0, 258.0
8.69631744, -939.0, -153.0, 261.0
8.701263872, -944.0, -167.0, 266.0
8.706210304, -950.0, -172.0, 280.0
8.711156736, -957.0, -178.0, 277.0
8.716103282, -965.0, -185.0, 273.0
8.721049728, -967.0, -192.0, 264.0
8.72599616, -968.0, -195.0, 261.0
8.730942592, -974.0, -200.0, 256.0
8.735889152, -978.0, -209.0, 257.0
8.740835584, -977.0, -213.0, 253.0
8.745782016, -979.0, -218.0, 257.0
8.750728448, -979.0, -217.0, 257.0
8.75567488, -980.0, -221.0, 258.0
8.76062144, -980.0, -215.0, 262.0
8.765567872, -986.0, -217.0, 267.0
8.770514304, -992.0, -212.0, 273.0
8.775460736, -999.0, -213.0, 268.0
8.780407296, -1011.0, -215.0, 266.0
8.785353728, -1029.0, -217.0, 259.0
8.79030016, -1041.0, -220.0, 249.0
8.795246592, -1043.0, -221.0, 240.0
8.800193024, -1040.0, -218.0, 226.0
8.805139584, -1029.0, -218.0, 213.0
8.810086016, -1012.0, -212.0, 202.0
8.815032448, -998.0, -200.0, 191.0
8.81997888, -992.0, -188.0, 182.0
8.824925312, -978.0, -172.0, 189.0
8.829871872, -957.0, -156.0, 182.0
8.834818304, -944.0, -138.0, 191.0
8.839764736, -926.0, -115.0, 197.0
8.844711168, -904.0, -112.0, 196.0
8.849657728, -893.0, -105.0, 198.0
8.85460416, -887.0, -100.0, 204.0
8.859550592, -884.0, -90.0, 205.0
8.864497024, -879.0, -85.0, 208.0
8.869443456, -882.0, -79.0, 218.0
8.874390016, -879.0, -72.0, 225.0
8.879336448, -879.0, -70.0, 231.0
8.88428288, -883.0, -67.0, 236.0
8.889229312, -885.0, -60.0, 244.0
8.894175812, -888.0, -62.0, 250.0
8.899122304, -895.0, -54.0, 258.0
8.904068736, -898.0, -52.0, 262.0
8.909015168, -912.0, -48.0, 263.0
8.913961728, -919.0, -39.0, 273.0
8.91890816, -937.0, -33.0, 278.0
8.923854592, -945.0, -25.0, 279.0
8.928801024, -951.0, -18.0, 288.0
8.933747456, -962.0, -8.0, 291.0
8.938694016, -965.0, -2.0, 291.0
8.943640448, -976.0, 5.0, 294.0
8.94858688, -985.0, 12.0, 294.0
8.953533312, -991.0, 14.0, 287.0
8.958479872, -992.0, 15.0, 285.0
8.963426304, -994.0, 19.0, 281.0
8.968372736, -996.0, 23.0, 274.0
8.973319168, -996.0, 24.0, 265.0
8.9782656, -997.0, 30.0, 258.0
8.98321216, -997.0, 26.0, 251.0
8.988158592, -994.0, 27.0, 247.0
8.993105024, -993.0, 31.0, 237.0
8.998051456, -989.0, 29.0, 221.0
9.002997888, -986.0, 23.0, 213.0
9.007944448, -977.0, 27.0, 210.0
9.01289088, -964.0, 29.0, 211.0
9.017837312, -962.0, 27.0, 211.0
9.022783744, -958.0, 33.0, 206.0
9.027730304, -958.0, 39.0, 212.0
9.032676736, -956.0, 43.0, 211.0
9.037623168, -952.0, 47.0, 213.0
9.0425696, -951.0, 48.0, 213.0
9.047516032, -947.0, 55.0, 212.0
9.052462592, -946.0, 60.0, 211.0
9.057409024, -945.0, 68.0, 207.0
9.062355456, -942.0, 77.0, 207.0
9.067301888, -931.0, 84.0, 209.0
9.072248342, -932.0, 87.0, 201.0
9.077192192, -932.0, 89.0, 197.0
9.082136064, -930.0, 90.0, 205.0
9.087080064, -931.0, 83.0, 208.0
9.092023936, -939.0, 87.0, 210.0
9.096967808, -948.0, 81.0, 215.0
9.101911808, -960.0, 78.0, 220.0
9.10685568, -981.0, 81.0, 229.0
9.111799552, -996.0, 77.0, 236.0
9.116743552, -1022.0, 75.0, 241.0
9.121687424, -1048.0, 72.0, 244.0
9.126631296, -1073.0, 74.0, 240.0
9.131575296, -1101.0, 71.0, 236.0
9.136519168, -1114.0, 66.0, 234.0
9.14146304, -1118.0, 68.0, 233.0
9.14640704, -1120.0, 70.0, 227.0
9.151350912, -1122.0, 74.0, 219.0
9.156294912, -1121.0, 82.0, 215.0
9.161238784, -1121.0, 94.0, 213.0
9.166182656, -1119.0, 101.0, 211.0
9.171126656, -1119.0, 110.0, 214.0
9.176070528, -1118.0, 113.0, 214.0
9.1810144, -1118.0, 115.0, 214.0
9.1859584, -1118.0, 112.0, 215.0
9.190902272, -1118.0, 104.0, 221.0
9.195846144, -1117.0, 100.0, 228.0
9.200790144, -1117.0, 84.0, 229.0
9.205734016, -1119.0, 72.0, 237.0
9.210677888, -1118.0, 65.0, 246.0
9.215621888, -1119.0, 60.0, 247.0
9.22056576, -1117.0, 58.0, 249.0
9.225509632, -1115.0, 58.0, 251.0
9.230453632, -1108.0, 60.0, 256.0
9.235397504, -1102.0, 60.0, 262.0
9.240341376, -1092.0, 63.0, 265.0
9.245285376, -1081.0, 67.0, 269.0
9.250229324, -1065.0, 68.0, 273.0
9.255174144, -1057.0, 71.0, 280.0
9.260118912, -1047.0, 69.0, 277.0
9.26506368, -1029.0, 72.0, 276.0
9.270008448, -1013.0, 75.0, 277.0
9.274953216, -997.0, 83.0, 275.0
9.279897984, -993.0, 91.0, 278.0
9.284842752, -985.0, 100.0, 276.0
9.28978752, -974.0, 106.0, 271.0
9.294732288, -959.0, 108.0, 264.0
9.299677056, -948.0, 113.0, 262.0
9.304621824, -937.0, 110.0, 265.0
9.309566592, -928.0, 112.0, 266.0
9.31451136, -910.0, 107.0, 261.0
9.319456, -895.0, 105.0, 255.0
9.324400768, -890.0, 103.0, 254.0
9.329345536, -891.0, 108.0, 258.0
9.334290304, -905.0, 108.0, 258.0
9.339235072, -921.0, 108.0, 265.0
9.34417984, -947.0, 107.0, 267.0
9.349124608, -967.0, 106.0, 266.0
9.354069376, -990.0, 108.0, 257.0
9.359014144, -1003.0, 106.0, 252.0
9.363958912, -1023.0, 105.0, 245.0
9.36890368, -1036.0, 107.0, 233.0
9.373848448, -1044.0, 103.0, 223.0
9.378793216, -1042.0, 104.0, 205.0
9.383737984, -1034.0, 105.0, 195.0
9.388682752, -1021.0, 102.0, 184.0
9.39362752, -1007.0, 106.0, 180.0
9.398572288, -998.0, 113.0, 171.0
9.403517056, -993.0, 112.0, 168.0
9.408461824, -982.0, 113.0, 166.0
9.413406592, -965.0, 107.0, 162.0
9.41835136, -951.0, 105.0, 165.0
9.423296128, -943.0, 89.0, 169.0
9.428240792, -937.0, 72.0, 179.0
9.43318464, -927.0, 57.0, 186.0
9.438128512, -921.0, 51.0, 193.0
9.443072512, -913.0, 43.0, 199.0
9.448016384, -907.0, 30.0, 208.0
9.452960256, -904.0, 24.0, 216.0
9.457904256, -907.0, 21.0, 226.0
9.462848128, -903.0, 18.0, 237.0
9.467792, -910.0, 13.0, 242.0
9.472736, -920.0, 11.0, 242.0
9.477679872, -928.0, 6.0, 250.0
9.482623744, -925.0, 2.0, 252.0
9.487567744, -926.0, -3.0, 256.0
9.492511616, -925.0, -9.0, 258.0
9.497455616, -935.0, -17.0, 258.0
9.502399488, -936.0, -25.0, 260.0
9.50734336, -938.0, -29.0, 261.0
9.51228736, -937.0, -34.0, 260.0
9.517231232, -939.0, -41.0, 263.0
9.522175104, -939.0, -42.0, 260.0
9.527119104, -941.0, -45.0, 258.0
9.532062976, -940.0, -46.0, 253.0
9.537006848, -940.0, -46.0, 247.0
9.541950848, -938.0, -43.0, 245.0
9.54689472, -935.0, -40.0, 238.0
9.551838592, -934.0, -39.0, 233.0
9.556782592, -930.0, -37.0, 224.0
9.561726464, -928.0, -35.0, 216.0
9.566670336, -935.0, -30.0, 211.0
9.571614336, -938.0, -25.0, 206.0
9.576558208, -940.0, -26.0, 207.0
9.58150208, -939.0, -23.0, 208.0
9.58644608, -937.0, -18.0, 212.0
9.591389952, -936.0, -13.0, 214.0
9.596333952, -938.0, -10.0, 223.0
9.601277824, -940.0, -10.0, 219.0
9.606221794, -943.0, -6.0, 226.0
9.611168256, -946.0, -3.0, 231.0
9.616114688, -944.0, -4.0, 233.0
9.62106112, -944.0, -1.0, 232.0
9.62600768, -942.0, 0.0, 227.0
9.630954112, -944.0, 0.0, 223.0
9.635900544, -948.0, 5.0, 215.0
9.640846976, -946.0, 7.0, 214.0
9.645793408, -946.0, 11.0, 208.0
9.650739968, -942.0, 14.0, 206.0
9.6556864, -932.0, 17.0, 198.0
9.660632832, -923.0, 21.0, 196.0
9.665579264, -916.0, 24.0, 192.0
9.670525824, -905.0, 24.0, 184.0
9.675472256, -899.0, 24.0, 186.0
9.680418688, -897.0, 25.0, 183.0
9.68536512, -895.0, 24.0, 182.0
9.690311552, -895.0, 23.0, 180.0
9.695258112, -893.0, 20.0, 178.0
9.700204544, -895.0, 20.0, 175.0
9.705150976, -900.0, 18.0, 169.0
9.710097408, -906.0, 17.0, 152.0
9.71504384, -923.0, 15.0, 144.0
9.7199904, -930.0, 16.0, 134.0
9.724936832, -930.0, 15.0, 129.0
9.729883264, -935.0, 14.0, 118.0
9.734829696, -934.0, 13.0, 115.0
9.739776128, -930.0, 10.0, 107.0
9.744722688, -923.0, 10.0, 99.0
9.74966912, -908.0, 8.0, 87.0
9.754615552, -899.0, 8.0, 73.0
9.759561984, -890.0, 5.0, 67.0
9.764508544, -884.0, 8.0, 62.0
9.769454976, -878.0, 10.0, 52.0
9.774401408, -871.0, 12.0, 38.0
9.77934784, -861.0, 12.0, 30.0
9.784294318, -850.0, 13.0, 17.0
9.789239936, -841.0, 12.0, 9.0
9.7941856, -829.0, 14.0, 0.0
9.799131136, -819.0, 15.0, -8.0
9.8040768, -812.0, 16.0, -13.0
9.809022336, -808.0, 14.0, -24.0
9.813968, -806.0, 16.0, -37.0
9.818913664, -810.0, 15.0, -50.0
9.8238592, -815.0, 16.0, -58.0
9.828804864, -823.0, 17.0, -75.0
9.8337504, -831.0, 15.0, -90.0
9.838696064, -838.0, 14.0, -98.0
9.8436416, -837.0, 13.0, -107.0
9.848587264, -833.0, 10.0, -105.0
9.853532928, -824.0, 9.0, -102.0
9.858478464, -819.0, 6.0, -101.0
9.863424128, -814.0, 5.0, -98.0
9.868369664, -809.0, 5.0, -91.0
9.873315328, -804.0, 5.0, -92.0
9.878260992, -797.0, 7.0, -89.0
9.883206528, -796.0, 5.0, -94.0
9.888152192, -795.0, 9.0, -100.0
9.893097728, -793.0, 9.0, -112.0
9.898043392, -792.0, 9.0, -125.0
9.902989056, -782.0, 7.0, -141.0
9.907934592, -780.0, 6.0, -168.0
9.912880256, -783.0, 3.0, -191.0
9.917825792, -787.0, 3.0, -209.0
9.922771456, -802.0, -3.0, -220.0
9.927716992, -814.0, -2.0, -230.0
9.932662656, -838.0, 0.0, -240.0
9.93760832, -861.0, 2.0, -253.0
9.942553856, -879.0, 3.0, -262.0
9.94749952, -884.0, 4.0, -269.0
9.952445056, -888.0, 5.0, -281.0
9.95739072, -890.0, 8.0, -294.0
9.96233632, -892.0, 9.0, -308.0
9.96728192, -888.0, 7.0, -305.0
9.972227584, -887.0, 9.0, -295.0
9.97717312, -886.0, 8.0, -281.0
9.982118784, -889.0, 6.0, -277.0
9.98706432, -896.0, 6.0, -281.0
9.992009984, -911.0, 8.0, -296.0
9.996955648, -937.0, 10.0, -321.0
10.001901184, -954.0, 12.0, -359.0
10.006846848, -972.0, 16.0, -381.0
10.011792384, -985.0, 15.0, -407.0
10.016738048, -993.0, 15.0, -425.0
10.021683584, -1004.0, 15.0, -432.0
10.026629248, -1017.0, 15.0, -435.0
10.031574912, -1020.0, 16.0, -437.0
10.036520448, -1007.0, 17.0, -431.0
10.041466112, -999.0, 19.0, -414.0
10.046411648, -995.0, 20.0, -398.0
10.051357312, -992.0, 20.0, -378.0
10.056302976, -983.0, 21.0, -365.0
10.061248512, -974.0, 20.0, -355.0
10.066194176, -970.0, 19.0, -350.0
10.071139712, -971.0, 14.0, -354.0
10.076085376, -974.0, 11.0, -370.0
10.08103104, -977.0, 7.0, -387.0
10.085976576, -982.0, 0.0, -415.0
10.09092224, -986.0, -4.0, -447.0
10.095867776, -989.0, -9.0, -474.0
10.10081344, -993.0, -15.0, -499.0
10.105759104, -993.0, -16.0, -528.0
10.11070464, -992.0, -12.0, -554.0
10.115650304, -991.0, -11.0, -581.0
10.12059584, -989.0, -13.0, -595.0
10.125541504, -986.0, -14.0, -607.0
10.13048704, -976.0, -18.0, -610.0
10.135432704, -963.0, -19.0, -606.0
10.140378332, -948.0, -18.0, -595.0
10.145324032, -939.0, -13.0, -573.0
10.150269696, -914.0, -9.0, -556.0
10.155215232, -901.0, -5.0, -544.0
10.160160896, -897.0, -3.0, -542.0
10.165106432, -896.0, 2.0, -543.0
10.170052096, -901.0, 6.0, -558.0
10.17499776, -912.0, 11.0, -574.0
10.179943296, -928.0, 14.0, -602.0
10.18488896, -944.0, 16.0, -622.0
10.189834496, -954.0, 17.0, -648.0
10.19478016, -966.0, 16.0, -669.0
10.199725696, -979.0, 14.0, -684.0
10.20467136, -980.0, 9.0, -689.0
10.209617024, -978.0, 6.0, -691.0
10.21456256, -965.0, 1.0, -695.0
10.219508224, -953.0, -4.0, -689.0
10.22445376, -942.0, -7.0, -691.0
10.229399424, -932.0, -6.0, -690.0
10.234345088, -923.0, -6.0, -696.0
10.239290624, -919.0, -4.0, -702.0
10.244236288, -906.0, -3.0, -714.0
10.249181824, -897.0, -2.0, -715.0
10.254127488, -890.0, 0.0, -712.0
10.259073152, -886.0, 5.0, -706.0
10.264018688, -885.0, 7.0, -706.0
10.268964352, -886.0, 9.0, -708.0
10.273909888, -888.0, 12.0, -716.0
10.278855552, -886.0, 11.0, -723.0
10.283801216, -884.0, 10.0, -723.0
10.288746752, -876.0, 10.0, -721.0
10.293692416, -861.0, 7.0, -717.0
10.298637952, -844.0, 5.0, -713.0
10.303583616, -832.0, 6.0, -717.0
10.308529152, -827.0, 3.0, -722.0
10.313474816, -825.0, 4.0, -732.0
10.318420344, -827.0, 4.0, -740.0
10.323366016, -821.0, 7.0, -746.0
10.32831168, -820.0, 9.0, -759.0
10.333257216, -810.0, 7.0, -761.0
10.33820288, -804.0, 7.0, -763.0
10.343148416, -800.0, 8.0, -767.0
10.34809408, -796.0, 6.0, -765.0
10.353039744, -792.0, 1.0, -767.0
10.35798528, -789.0, -3.0, -763.0
10.362930944, -784.0, -6.0, -769.0
10.36787648, -779.0, -6.0, -771.0
10.372822144, -772.0, -10.0, -774.0
10.37776768, -772.0, -14.0, -779.0
10.382713344, -775.0, -15.0, -796.0
10.387659008, -775.0, -14.0, -805.0
10.392604544, -783.0, -15.0, -815.0
10.397550208, -792.0, -13.0, -828.0
10.402495744, -790.0, -7.0, -829.0
10.407441408, -783.0, -2.0, -821.0
10.412387072, -776.0, 1.0, -813.0
10.417332608, -768.0, 2.0, -803.0
10.422278272, -768.0, 1.0, -798.0
10.427223808, -763.0, 0.0, -795.0
10.432169472, -763.0, 0.0, -801.0
10.437115136, -761.0, -1.0, -799.0
10.442060672, -758.0, -2.0, -803.0
10.447006336, -751.0, -1.0, -801.0
10.451951872, -745.0, -1.0, -803.0
10.456897536, -735.0, -1.0, -808.0
10.4618432, -731.0, -1.0, -807.0
10.466788736, -727.0, -1.0, -819.0
10.4717344, -729.0, -4.0, -834.0
10.476679936, -735.0, -3.0, -847.0
10.4816256, -736.0, -1.0, -841.0
10.486571136, -735.0, 2.0, -840.0
10.4915168, -737.0, 5.0, -835.0
10.496462356, -736.0, 5.0, -841.0
10.50140544, -738.0, 7.0, -822.0
10.506348544, -738.0, 7.0, -822.0
10.51129152, -730.0, 8.0, -815.0
10.516234624, -723.0, 6.0, -815.0
10.521177728, -714.0, 4.0, -813.0
10.526120832, -706.0, 0.0, -810.0
10.531063808, -699.0, -1.0, -798.0
10.536006912, -694.0, -3.0, -785.0
10.540950016, -685.0, -4.0, -779.0
10.54589312, -676.0, -5.0, -784.0
10.550836096, -668.0, -8.0, -790.0
10.5557792, -665.0, -8.0, -807.0
10.560722304, -657.0, -11.0, -816.0
10.56566528, -654.0, -14.0, -827.0
10.570608384, -650.0, -13.0, -843.0
10.575551488, -645.0, -11.0, -844.0
10.580494592, -642.0, -12.0, -858.0
10.585437568, -647.0, -14.0, -864.0
10.590380672, -648.0, -7.0, -870.0
10.595323776, -653.0, -7.0, -874.0
10.600266752, -661.0, -1.0, -875.0
10.605209856, -666.0, 0.0, -875.0
10.61015296, -664.0, 2.0, -872.0
10.615096064, -661.0, 4.0, -865.0
10.62003904, -659.0, 7.0, -859.0
10.624982144, -668.0, 9.0, -862.0
10.629925248, -669.0, 5.0, -868.0
10.634868224, -664.0, 6.0, -867.0
10.639811328, -653.0, 2.0, -865.0
10.644754432, -640.0, 2.0, -862.0
10.649697536, -638.0, 3.0, -857.0
10.654640512, -633.0, 4.0, -848.0
10.659583616, -630.0, 4.0, -848.0
10.66452672, -633.0, 5.0, -848.0
10.669469824, -631.0, 4.0, -853.0
10.67441282, -634.0, 1.0, -855.0
10.679357568, -636.0, -1.0, -857.0
10.684302336, -625.0, -6.0, -863.0
10.689247104, -622.0, -11.0, -869.0
10.694191872, -621.0, -15.0, -874.0
10.69913664, -618.0, -21.0, -875.0
10.704081408, -618.0, -26.0, -878.0
10.709026176, -618.0, -25.0, -881.0
10.713970944, -617.0, -22.0, -875.0
10.718915712, -613.0, -21.0, -882.0
10.72386048, -606.0, -26.0, -882.0
10.728805248, -603.0, -16.0, -876.0
10.733750016, -600.0, -14.0, -872.0
10.738694784, -599.0, -5.0, -867.0
10.743639552, -600.0, 0.0, -860.0
10.748584192, -595.0, 7.0, -857.0
10.75352896, -599.0, 11.0, -857.0
10.758473728, -602.0, 12.0, -861.0
10.763418496, -607.0, 17.0, -855.0
10.768363264, -609.0, 19.0, -856.0
10.773308032, -605.0, 21.0, -862.0
10.7782528, -601.0, 24.0, -864.0
10.783197568, -592.0, 23.0, -864.0
10.788142336, -587.0, 20.0, -868.0
10.793087104, -583.0, 19.0, -867.0
10.798031872, -576.0, 18.0, -867.0
10.80297664, -569.0, 15.0, -870.0
10.807921408, -563.0, 10.0, -870.0
10.812866176, -559.0, 10.0, -872.0
10.817810944, -558.0, 8.0, -874.0
10.822755712, -562.0, 7.0, -877.0
10.82770048, -570.0, 4.0, -882.0
10.832645248, -587.0, 1.0, -895.0
10.837590016, -605.0, 1.0, -906.0
10.842534784, -614.0, 0.0, -922.0
10.847479552, -615.0, -3.0, -923.0
10.852424298, -614.0, -12.0, -916.0
10.857369088, -607.0, -15.0, -895.0
10.862313856, -601.0, -15.0, -888.0
10.867258624, -601.0, -15.0, -891.0
10.872203392, -605.0, -16.0, -894.0
10.87714816, -607.0, -17.0, -905.0
10.882092928, -606.0, -15.0, -901.0
10.887037696, -600.0, -15.0, -900.0
10.891982464, -596.0, -13.0, -906.0
10.896927232, -592.0, -14.0, -917.0
10.901872, -585.0, -14.0, -919.0
10.906816768, -574.0, -18.0, -912.0
10.911761536, -561.0, -15.0, -904.0
10.916706304, -555.0, -16.0, -895.0
10.921651072, -551.0, -19.0, -904.0
10.92659584, -551.0, -20.0, -917.0
10.93154048, -551.0, -20.0, -928.0
10.936485248, -550.0, -20.0, -934.0
10.941430016, -541.0, -24.0, -926.0
10.946374784, -529.0, -21.0, -919.0
10.951319552, -520.0, -26.0, -911.0
10.95626432, -520.0, -24.0, -910.0
10.961209088, -518.0, -27.0, -918.0
10.966153856, -510.0, -28.0, -916.0
10.971098624, -505.0, -30.0, -913.0
10.976043392, -500.0, -27.0, -907.0
10.98098816, -500.0, -25.0, -895.0
10.985932928, -501.0, -24.0, -898.0
10.990877696, -499.0, -18.0, -895.0
10.995822464, -498.0, -14.0, -896.0
11.000767232, -497.0, -7.0, -887.0
11.005712, -498.0, -4.0, -896.0
11.010656768, -500.0, 3.0, -913.0
11.015601536, -504.0, 8.0, -920.0
11.020546304, -503.0, 11.0, -915.0
11.025491072, -500.0, 14.0, -903.0
11.030435792, -501.0, 17.0, -906.0
11.035378944, -503.0, 18.0, -906.0
11.040322048, -504.0, 15.0, -906.0
11.045265024, -501.0, 15.0, -898.0
11.050208128, -501.0, 13.0, -899.0
11.055151232, -498.0, 13.0, -908.0
11.060094336, -499.0, 8.0, -923.0
11.065037312, -499.0, 6.0, -928.0
11.069980416, -497.0, 6.0, -920.0
11.07492352, -494.0, 5.0, -917.0
11.079866624, -491.0, 6.0, -914.0
11.0848096, -492.0, 1.0, -917.0
11.089752704, -492.0, -1.0, -918.0
11.094695808, -494.0, 0.0, -920.0
11.099638784, -492.0, -5.0, -914.0
11.104581888, -494.0, -3.0, -920.0
11.109524992, -493.0, -3.0, -921.0
11.114468096, -494.0, -6.0, -931.0
11.119411072, -496.0, -5.0, -930.0
11.124354176, -495.0, -4.0, -940.0
11.12929728, -496.0, -4.0, -937.0
11.134240256, -497.0, -5.0, -933.0
11.13918336, -496.0, -2.0, -944.0
11.144126464, -498.0, -1.0, -950.0
11.149069568, -498.0, 0.0, -955.0
11.154012544, -499.0, -3.0, -964.0
11.158955648, -497.0, -2.0, -963.0
11.163898752, -493.0, -2.0, -967.0
11.168841856, -490.0, -3.0, -971.0
11.173784832, -486.0, -9.0, -973.0
11.178727936, -481.0, -8.0, -974.0
11.18367104, -472.0, -13.0, -970.0
11.188614016, -464.0, -19.0, -972.0
11.19355712, -462.0, -22.0, -971.0
11.198500224, -462.0, -20.0, -963.0
11.203443328, -462.0, -17.0, -954.0
11.208386266, -469.0, -11.0, -955.0
11.213330176, -472.0, -6.0, -961.0
11.218274048, -479.0, 2.0, -965.0
11.223218048, -481.0, 6.0, -967.0
11.22816192, -481.0, 9.0, -970.0
11.233105792, -481.0, 10.0, -968.0
11.238049792, -484.0, 10.0, -970.0
11.242993664, -490.0, 11.0, -967.0
11.247937536, -490.0, 10.0, -966.0
11.252881536, -491.0, 8.0, -965.0
11.257825408, -493.0, 7.0, -966.0
11.26276928, -490.0, 5.0, -966.0
11.26771328, -487.0, 3.0, -971.0
11.272657152, -482.0, -3.0, -972.0
11.277601024, -478.0, -10.0, -970.0
11.282545024, -474.0, -15.0, -970.0
11.287488896, -477.0, -18.0, -973.0
11.292432896, -477.0, -20.0, -977.0
11.297376768, -481.0, -18.0, -978.0
11.30232064, -482.0, -15.0, -978.0
11.30726464, -481.0, -16.0, -984.0
11.312208512, -481.0, -16.0, -990.0
11.317152384, -477.0, -14.0, -990.0
11.322096384, -472.0, -14.0, -987.0
11.327040256, -465.0, -17.0, -984.0
11.331984128, -469.0, -7.0, -987.0
11.336928128, -470.0, -6.0, -988.0
11.341872, -478.0, -3.0, -991.0
11.346815872, -480.0, 2.0, -992.0
11.351759872, -479.0, 2.0, -991.0
11.356703744, -478.0, 0.0, -991.0
11.361647616, -477.0, -2.0, -991.0
11.366591616, -472.0, -2.0, -993.0
11.371535488, -468.0, -1.0, -989.0
11.37647936, -461.0, -5.0, -982.0
11.38142336, -455.0, -9.0, -976.0
11.386367252, -454.0, -7.0, -970.0
11.391310336, -454.0, -10.0, -969.0
11.39625344, -459.0, -7.0, -970.0
11.401196416, -458.0, -4.0, -971.0
11.40613952, -457.0, -3.0, -977.0
11.411082624, -454.0, -4.0, -977.0
11.416025728, -449.0, -6.0, -974.0
11.420968704, -446.0, -7.0, -974.0
11.425911808, -441.0, -5.0, -972.0
11.430854912, -438.0, -4.0, -972.0
11.435797888, -429.0, -2.0, -970.0
11.440740992, -417.0, 1.0, -967.0
11.445684096, -410.0, 4.0, -969.0
11.4506272, -405.0, 6.0, -967.0
11.455570176, -411.0, 8.0, -971.0
11.46051328, -414.0, 8.0, -975.0
11.465456384, -414.0, 8.0, -972.0
11.470399488, -411.0, 8.0, -971.0
11.475342464, -410.0, 7.0, -970.0
11.480285568, -410.0, 5.0, -969.0
11.485228672, -418.0, 5.0, -972.0
11.490171648, -425.0, 2.0, -978.0
11.495114752, -428.0, -2.0, -984.0
11.500057856, -423.0, -4.0, -987.0
11.50500096, -411.0, -9.0, -986.0
11.509943936, -399.0, -8.0, -984.0
11.51488704, -393.0, -8.0, -983.0
11.519830144, -389.0, -3.0, -984.0
11.52477312, -385.0, -5.0, -984.0
11.529716224, -383.0, -9.0, -982.0
11.534659328, -377.0, -4.0, -980.0
11.539602432, -368.0, -3.0, -976.0
11.544545408, -359.0, 0.0, -963.0
11.549488512, -353.0, 0.0, -955.0
11.554431616, -349.0, 1.0, -950.0
11.559374592, -351.0, 1.0, -940.0
11.5643177, -366.0, 1.0, -937.0
11.569259904, -370.0, -3.0, -938.0
11.574202112, -383.0, -6.0, -936.0
11.57914432, -384.0, -8.0, -930.0
11.584086528, -384.0, -5.0, -909.0
11.589028736, -385.0, -8.0, -911.0
11.593970944, -384.0, -8.0, -915.0
11.59891328, -387.0, -11.0, -929.0
11.603855488, -386.0, -14.0, -943.0
11.608797696, -387.0, -9.0, -938.0
11.613739904, -384.0, -11.0, -939.0
11.618682112, -381.0, -7.0, -933.0
11.62362432, -372.0, -3.0, -936.0
11.628566528, -351.0, -4.0, -935.0
11.633508736, -339.0, -8.0, -947.0
11.638450944, -324.0, -2.0, -943.0
11.643393152, -316.0, -4.0, -939.0
11.648335488, -312.0, -3.0, -940.0
11.653277696, -312.0, -4.0, -940.0
11.658219904, -315.0, -6.0, -940.0
11.663162112, -320.0, -3.0, -944.0
11.66810432, -326.0, -3.0, -940.0
11.673046528, -339.0, -8.0, -939.0
11.677988736, -343.0, -10.0, -946.0
11.682930944, -357.0, -8.0, -946.0
11.687873152, -367.0, -8.0, -949.0
11.69281536, -375.0, -8.0, -956.0
11.697757568, -380.0, -8.0, -963.0
11.702699904, -380.0, -8.0, -967.0
11.707642112, -378.0, -3.0, -968.0
11.71258432, -373.0, 1.0, -964.0
11.717526528, -367.0, 2.0, -964.0
11.722468736, -352.0, 5.0, -957.0
11.727410944, -339.0, 5.0, -950.0
11.732353152, -330.0, 6.0, -948.0
11.73729536, -332.0, 7.0, -946.0
11.74223763, -337.0, 8.0, -949.0
11.747183232, -343.0, 6.0, -948.0
11.752128896, -339.0, 6.0, -954.0
11.757074432, -339.0, 8.0, -964.0
11.762020096, -340.0, 8.0, -970.0
11.766965632, -345.0, 10.0, -971.0
11.771911296, -351.0, 11.0, -975.0
11.77685696, -353.0, 11.0, -980.0
11.781802496, -353.0, 10.0, -982.0
11.78674816, -353.0, 9.0, -986.0
11.791693696, -345.0, 9.0, -983.0
11.79663936, -330.0, 9.0, -982.0
11.801584896, -321.0, 3.0, -985.0
11.80653056, -319.0, 0.0, -988.0
11.811476224, -321.0, 1.0, -989.0
11.81642176, -319.0, -3.0, -983.0
11.821367424, -321.0, -10.0, -986.0
11.82631296, -326.0, -18.0, -983.0
11.831258624, -326.0, -22.0, -980.0
11.836204288, -323.0, -21.0, -973.0
11.841149824, -326.0, -17.0, -965.0
11.846095488, -329.0, -18.0, -965.0
11.851041024, -348.0, -15.0, -967.0
11.855986688, -360.0, -10.0, -976.0
11.860932352, -371.0, -5.0, -976.0
11.865877888, -373.0, -2.0, -980.0
11.870823552, -374.0, -4.0, -982.0
11.875769088, -372.0, 0.0, -990.0
11.880714752, -375.0, 0.0, -998.0
11.885660416, -372.0, -2.0, -1009.0
11.890605952, -371.0, -4.0, -1018.0
11.895551616, -364.0, -2.0, -1019.0
11.900497152, -352.0, -3.0, -1019.0
11.905442816, -337.0, -3.0, -1021.0
11.910388352, -329.0, -4.0, -1020.0
11.915334016, -326.0, -8.0, -1021.0
11.920279646, -329.0, -7.0, -1014.0
11.925222784, -327.0, -12.0, -1020.0
11.930165888, -336.0, -12.0, -1020.0
11.935108864, -342.0, -13.0, -1031.0
11.940051968, -346.0, -14.0, -1033.0
11.944995072, -350.0, -15.0, -1037.0
11.949938176, -353.0, -9.0, -1039.0
11.954881152, -356.0, -8.0, -1045.0
11.959824256, -355.0, -5.0, -1052.0
11.96476736, -356.0, -6.0, -1058.0
11.969710336, -346.0, -2.0, -1071.0
11.97465344, -340.0, -7.0, -1067.0
11.979596544, -334.0, -6.0, -1062.0
11.984539648, -332.0, -7.0, -1064.0
11.989482624, -336.0, -6.0, -1061.0
11.994425728, -343.0, -1.0, -1059.0
11.999368832, -340.0, -1.0, -1058.0
12.004311936, -336.0, 0.0, -1053.0
12.009254912, -339.0, 1.0, -1045.0
12.014198016, -342.0, 3.0, -1046.0
12.01914112, -346.0, 7.0, -1045.0
12.024084096, -344.0, 8.0, -1045.0
12.0290272, -343.0, 9.0, -1047.0
12.033970304, -346.0, 9.0, -1057.0
12.038913408, -337.0, 12.0, -1053.0
12.043856384, -325.0, 11.0, -1049.0
12.048799488, -319.0, 9.0, -1042.0
12.053742592, -312.0, 10.0, -1035.0
12.058685568, -313.0, 8.0, -1029.0
12.063628672, -317.0, 5.0, -1023.0
12.068571776, -320.0, 3.0, -1019.0
12.07351488, -323.0, -1.0, -1022.0
12.078457856, -321.0, -3.0, -1019.0
12.08340096, -323.0, -4.0, -1025.0
12.088344064, -316.0, -6.0, -1026.0
12.093287168, -318.0, -6.0, -1021.0
12.09823011, -315.0, -6.0, -1027.0
12.103171456, -312.0, -5.0, -1035.0
12.108112768, -310.0, -3.0, -1024.0
12.113054208, -307.0, -2.0, -1014.0
12.11799552, -301.0, 0.0, -1005.0
12.12293696, -299.0, 5.0, -991.0
12.127878272, -301.0, 5.0, -989.0
12.132819712, -306.0, 3.0, -998.0
12.137761024, -309.0, 2.0, -996.0
12.142702464, -312.0, -1.0, -994.0
12.147643776, -317.0, -3.0, -993.0
12.152585216, -318.0, -5.0, -998.0
12.157526528, -323.0, -6.0, -999.0
12.162467968, -326.0, -8.0, -1003.0
12.16740928, -330.0, -2.0, -999.0
12.17235072, -327.0, -3.0, -1000.0
12.177292032, -327.0, -1.0, -991.0
12.182233472, -319.0, 2.0, -990.0
12.187174784, -315.0, 2.0, -985.0
12.192116096, -316.0, 3.0, -979.0
12.197057536, -316.0, 8.0, -980.0
12.201998848, -323.0, 9.0, -977.0
12.206940288, -319.0, 6.0, -976.0
12.2118816, -325.0, 7.0, -974.0
12.21682304, -328.0, 6.0, -972.0
12.221764352, -323.0, 6.0, -972.0
12.226705792, -325.0, 4.0, -975.0
12.231647104, -325.0, 4.0, -981.0
12.236588544, -314.0, -2.0, -978.0
12.241529856, -305.0, 0.0, -980.0
12.246471296, -297.0, -1.0, -980.0
12.251412608, -289.0, 0.0, -985.0
12.256354048, -269.0, -2.0, -978.0
12.26129536, -258.0, -2.0, -975.0
12.2662368, -256.0, 0.0, -974.0
12.271178112, -252.0, -3.0, -967.0
12.276119512, -249.0, -2.0, -960.0
12.281060864, -247.0, -5.0, -959.0
12.286002176, -246.0, -3.0, -968.0
12.290943616, -245.0, -1.0, -965.0
12.295884928, -245.0, -1.0, -964.0
12.300826368, -244.0, 0.0, -969.0
12.30576768, -247.0, 1.0, -974.0
12.31070912, -252.0, 4.0, -974.0
12.315650432, -253.0, 3.0, -970.0
12.320591872, -253.0, 3.0, -964.0
12.325533184, -258.0, 7.0, -954.0
12.330474624, -266.0, 3.0, -958.0
12.335415936, -272.0, 2.0, -961.0
12.340357376, -277.0, 3.0, -966.0
12.345298688, -282.0, 0.0, -968.0
12.350240128, -284.0, -1.0, -963.0
12.35518144, -281.0, -2.0, -959.0
12.36012288, -289.0, -6.0, -947.0
12.365064192, -292.0, -8.0, -950.0
12.370005632, -301.0, -11.0, -958.0
12.374946944, -306.0, -10.0, -967.0
12.379888384, -307.0, -7.0, -971.0
12.384829696, -305.0, -1.0, -972.0
12.389771008, -301.0, -2.0, -965.0
12.394712448, -299.0, 0.0, -966.0
12.39965376, -301.0, 5.0, -969.0
12.4045952, -303.0, 9.0, -970.0
12.409536512, -303.0, 11.0, -961.0
12.414477952, -303.0, 12.0, -957.0
12.419419264, -301.0, 12.0, -957.0
12.424360704, -301.0, 13.0, -960.0
12.429302016, -304.0, 14.0, -964.0
12.434243456, -305.0, 13.0, -970.0
12.439184768, -309.0, 13.0, -975.0
12.444126208, -311.0, 13.0, -978.0
12.44906752, -316.0, 12.0, -982.0
12.454008934, -321.0, 11.0, -988.0
12.458950272, -324.0, 11.0, -998.0
12.463891584, -314.0, 12.0, -991.0
12.468833024, -311.0, 11.0, -994.0
12.473774336, -307.0, 11.0, -996.0
12.478715776, -304.0, 9.0, -992.0
12.483657088, -299.0, 9.0, -994.0
12.488598528, -296.0, 7.0, -1007.0
12.49353984, -298.0, 6.0, -1013.0
12.49848128, -300.0, 4.0, -1013.0
12.503422592, -299.0, 3.0, -1015.0
12.508364032, -297.0, 0.0, -1012.0
12.513305344, -292.0, 2.0, -1000.0
12.518246784, -291.0, 4.0, -995.0
12.523188096, -295.0, 5.0, -989.0
12.528129536, -309.0, 9.0, -998.0
12.533070848, -324.0, 10.0, -1016.0
12.538012288, -341.0, 10.0, -1026.0
12.5429536, -349.0, 10.0, -1021.0
12.54789504, -353.0, 12.0, -1005.0
12.552836352, -350.0, 13.0, -1009.0
12.557777792, -348.0, 16.0, -1009.0
12.562719104, -352.0, 15.0, -1009.0
12.567660416, -353.0, 14.0, -1009.0
12.572601856, -351.0, 16.0, -1013.0
12.577543168, -355.0, 14.0, -1006.0
12.582484608, -356.0, 13.0, -1000.0
12.58742592, -359.0, 13.0, -1005.0
12.59236736, -363.0, 15.0, -1002.0
12.597308672, -369.0, 16.0, -1003.0
12.602250112, -369.0, 15.0, -1002.0
12.607191424, -372.0, 14.0, -1001.0
12.612132864, -372.0, 12.0, -999.0
12.617074176, -372.0, 7.0, -1001.0
12.622015616, -377.0, 5.0, -1002.0
12.626956928, -381.0, 2.0, -1009.0
12.631898356, -381.0, 0.0, -1019.0
12.636840576, -384.0, -2.0, -1029.0
12.641782784, -386.0, -1.0, -1040.0
12.646724992, -385.0, 0.0, -1043.0
12.6516672, -386.0, 0.0, -1047.0
12.656609408, -386.0, 0.0, -1041.0
12.661551744, -386.0, -4.0, -1041.0
12.666493952, -388.0, -4.0, -1043.0
12.67143616, -388.0, 0.0, -1039.0
12.676378368, -389.0, -1.0, -1042.0
12.681320576, -392.0, 0.0, -1048.0
12.686262784, -395.0, -1.0, -1051.0
12.691204992, -407.0, 2.0, -1049.0
12.6961472, -420.0, 0.0, -1055.0
12.701089408, -430.0, 0.0, -1065.0
12.706031616, -438.0, -4.0, -1072.0
12.710973952, -444.0, -9.0, -1077.0
12.71591616, -443.0, -10.0, -1080.0
12.720858368, -441.0, -11.0, -1080.0
12.725800576, -438.0, -12.0, -1088.0
12.730742784, -432.0, -12.0, -1087.0
12.735684992, -427.0, -12.0, -1092.0
12.7406272, -431.0, -11.0, -1091.0
12.745569408, -428.0, -7.0, -1094.0
12.750511616, -427.0, -5.0, -1101.0
12.755453824, -431.0, 0.0, -1102.0
12.76039616, -436.0, 2.0, -1101.0
12.765338368, -439.0, 4.0, -1105.0
12.770280576, -445.0, 6.0, -1110.0
12.775222784, -446.0, 9.0, -1109.0
12.780164992, -449.0, 8.0, -1105.0
12.7851072, -449.0, 10.0, -1103.0
12.790049408, -455.0, 9.0, -1100.0
12.794991616, -458.0, 9.0, -1096.0
12.799933824, -464.0, 9.0, -1094.0
12.804876032, -467.0, 9.0, -1091.0
12.809818306, -468.0, 10.0, -1080.0
12.814763136, -471.0, 5.0, -1065.0
12.819707904, -473.0, 7.0, -1068.0
12.824652672, -471.0, 4.0, -1062.0
12.82959744, -473.0, 0.0, -1052.0
12.834542208, -471.0, 2.0, -1052.0
12.839486976, -477.0, 1.0, -1053.0
12.844431744, -479.0, -2.0, -1053.0
12.849376512, -480.0, -1.0, -1053.0
12.85432128, -478.0, 0.0, -1046.0
12.859266048, -480.0, 2.0, -1037.0
12.864210816, -476.0, 1.0, -1027.0
12.869155584, -476.0, 4.0, -1022.0
12.874100352, -479.0, 6.0, -1022.0
12.87904512, -483.0, 6.0, -1019.0
12.883989888, -486.0, 8.0, -1016.0
12.888934528, -490.0, 7.0, -1018.0
12.893879296, -490.0, 7.0, -1016.0
12.898824064, -491.0, 5.0, -1016.0
12.903768832, -491.0, 8.0, -1013.0
12.9087136, -491.0, 6.0, -1009.0
12.913658368, -492.0, 6.0, -1013.0
12.918603136, -493.0, 6.0, -1009.0
12.923547904, -494.0, 6.0, -1006.0
12.928492672, -496.0, 8.0, -1003.0
12.93343744, -496.0, 6.0, -1000.0
12.938382208, -497.0, 7.0, -995.0
12.943326976, -500.0, 5.0, -993.0
12.948271744, -502.0, 7.0, -993.0
12.953216512, -503.0, 1.0, -987.0
12.95816128, -505.0, -1.0, -982.0
12.963106048, -508.0, 0.0, -979.0
12.968050816, -510.0, -4.0, -979.0
12.972995584, -514.0, -6.0, -979.0
12.977940352, -520.0, -8.0, -980.0
12.98288512, -519.0, -5.0, -976.0
12.987829794, -520.0, -3.0, -974.0
12.992772864, -527.0, -4.0, -967.0
12.997715968, -525.0, -2.0, -964.0
13.002658944, -533.0, 0.0, -964.0
13.007602048, -539.0, 0.0, -960.0
13.012545152, -542.0, 0.0, -954.0
13.017488256, -545.0, 0.0, -944.0
13.022431232, -542.0, 1.0, -932.0
13.027374336, -548.0, 2.0, -925.0
13.03231744, -546.0, 5.0, -921.0
13.037260544, -551.0, 7.0, -919.0
13.04220352, -552.0, 7.0, -919.0
13.047146624, -554.0, 10.0, -921.0
13.052089728, -554.0, 11.0, -920.0
13.057032704, -558.0, 10.0, -928.0
13.061975808, -559.0, 11.0, -928.0
13.066918912, -563.0, 12.0, -922.0
13.071862016, -564.0, 10.0, -921.0
13.076804992, -569.0, 11.0, -915.0
13.081748096, -568.0, 9.0, -905.0
13.0866912, -569.0, 13.0, -891.0
13.091634176, -566.0, 12.0, -884.0
13.09657728, -572.0, 15.0, -877.0
13.101520384, -576.0, 13.0, -872.0
13.106463488, -586.0, 12.0, -872.0
13.111406464, -593.0, 11.0, -872.0
13.116349568, -601.0, 8.0, -872.0
13.121292672, -605.0, 6.0, -870.0
13.126235776, -609.0, 3.0, -870.0
13.131178752, -610.0, -1.0, -868.0
13.136121856, -610.0, 0.0, -868.0
13.14106496, -611.0, -3.0, -866.0
13.146007936, -613.0, -3.0, -867.0
13.15095104, -615.0, -2.0, -863.0
13.155894144, -616.0, 0.0, -861.0
13.160837248, -616.0, 3.0, -857.0
13.165780268, -618.0, 4.0, -855.0
13.170723328, -620.0, 10.0, -841.0
13.175666432, -620.0, 9.0, -836.0
13.180609408, -619.0, 11.0, -821.0
13.185552512, -619.0, 13.0, -807.0
13.190495616, -619.0, 15.0, -801.0
13.19543872, -621.0, 16.0, -793.0
13.200381696, -623.0, 16.0, -796.0
13.2053248, -626.0, 16.0, -795.0
13.210267904, -633.0, 15.0, -799.0
13.21521088, -640.0, 13.0, -805.0
13.220153984, -647.0, 8.0, -802.0
13.225097088, -652.0, 4.0, -815.0
13.230040192, -656.0, 0.0, -813.0
13.234983168, -661.0, -7.0, -810.0
13.239926272, -665.0, -11.0, -804.0
13.244869376, -682.0, -15.0, -804.0
13.24981248, -691.0, -15.0, -804.0
13.254755456, -698.0, -17.0, -802.0
13.25969856, -707.0, -19.0, -795.0
13.264641664, -710.0, -17.0, -791.0
13.26958464, -712.0, -16.0, -779.0
13.274527744, -711.0, -16.0, -765.0
13.279470848, -711.0, -16.0, -753.0
13.284413952, -712.0, -13.0, -750.0
13.289356928, -718.0, -13.0, -747.0
13.294300032, -720.0, -8.0, -743.0
13.299243136, -723.0, -10.0, -741.0
13.304186112, -722.0, -6.0, -740.0
13.309129216, -717.0, -9.0, -730.0
13.31407232, -716.0, -3.0, -718.0
13.319015424, -717.0, 0.0, -712.0
13.3239584, -722.0, 0.0, -707.0
13.328901504, -724.0, 5.0, -710.0
13.333844608, -733.0, 4.0, -711.0
13.338787712, -740.0, 7.0, -716.0
13.343730726, -746.0, 5.0, -709.0
13.348672, -750.0, 5.0, -709.0
13.353613312, -754.0, 5.0, -705.0
13.358554752, -758.0, 3.0, -698.0
13.363496064, -758.0, 4.0, -690.0
13.368437504, -761.0, 5.0, -687.0
13.373378816, -766.0, 5.0, -684.0
13.378320256, -771.0, 8.0, -685.0
13.383261568, -779.0, 7.0, -690.0
13.388203008, -783.0, 11.0, -695.0
13.39314432, -792.0, 11.0, -690.0
13.39808576, -794.0, 12.0, -688.0
13.403027072, -800.0, 13.0, -681.0
13.407968512, -800.0, 14.0, -679.0
13.412909824, -805.0, 16.0, -677.0
13.417851264, -807.0, 17.0, -676.0
13.422792576, -807.0, 17.0, -669.0
13.427734016, -809.0, 19.0, -663.0
13.432675328, -811.0, 20.0, -652.0
13.43761664, -814.0, 17.0, -647.0
13.44255808, -818.0, 19.0, -634.0
13.447499392, -822.0, 15.0, -623.0
13.452440832, -834.0, 15.0, -620.0
13.457382144, -838.0, 13.0, -617.0
13.462323584, -850.0, 10.0, -612.0
13.467264896, -854.0, 8.0, -603.0
13.472206336, -865.0, 5.0, -604.0
13.477147648, -868.0, 3.0, -602.0
13.482089088, -876.0, 0.0, -604.0
13.4870304, -880.0, -3.0, -604.0
13.49197184, -881.0, -5.0, -604.0
13.496913152, -881.0, -9.0, -604.0
13.501854592, -882.0, -7.0, -596.0
13.506795904, -883.0, -12.0, -587.0
13.511737344, -883.0, -11.0, -563.0
13.516678656, -886.0, -11.0, -549.0
13.521620128, -887.0, -9.0, -542.0
13.52656064, -889.0, -15.0, -548.0
13.531501184, -889.0, -13.0, -534.0
13.536441728, -887.0, -13.0, -528.0
13.541382272, -886.0, -17.0, -525.0
13.546322688, -890.0, -15.0, -518.0
13.551263232, -889.0, -16.0, -514.0
13.556203776, -893.0, -18.0, -514.0
13.56114432, -894.0, -21.0, -517.0
13.566084864, -895.0, -18.0, -513.0
13.571025408, -893.0, -17.0, -510.0
13.575965952, -894.0, -16.0, -504.0
13.580906368, -894.0, -12.0, -499.0
13.585846912, -894.0, -11.0, -491.0
13.590787456, -893.0, -10.0, -483.0
13.595728, -896.0, -9.0, -480.0
13.600668544, -893.0, -9.0, -480.0
13.605609088, -894.0, -9.0, -475.0
13.610549632, -897.0, -11.0, -473.0
13.615490048, -896.0, -12.0, -469.0
13.620430592, -900.0, -10.0, -464.0
13.625371136, -901.0, -11.0, -460.0
13.63031168, -907.0, -10.0, -453.0
13.635252224, -907.0, -8.0, -453.0
13.640192768, -922.0, -12.0, -452.0
13.645133312, -930.0, -11.0, -445.0
13.650073728, -934.0, -11.0, -448.0
13.655014272, -936.0, -9.0, -441.0
13.659954816, -932.0, -12.0, -432.0
13.66489536, -931.0, -10.0, -422.0
13.669835904, -928.0, -6.0, -413.0
13.674776448, -936.0, -5.0, -410.0
13.679716992, -940.0, -1.0, -407.0
13.684657408, -947.0, 2.0, -400.0
13.689597952, -949.0, 3.0, -393.0
13.694538496, -950.0, 6.0, -386.0
13.699479058, -951.0, 4.0, -379.0
13.704422144, -951.0, 5.0, -361.0
13.709365248, -953.0, 2.0, -359.0
13.714308224, -952.0, -1.0, -342.0
13.719251328, -954.0, -2.0, -328.0
13.724194432, -956.0, -6.0, -316.0
13.729137536, -957.0, -10.0, -310.0
13.734080512, -962.0, -7.0, -306.0
13.739023616, -968.0, -13.0, -308.0
13.74396672, -971.0, -15.0, -305.0
13.748909696, -976.0, -16.0, -303.0
13.7538528, -976.0, -18.0, -296.0
13.758795904, -977.0, -17.0, -299.0
13.763739008, -977.0, -14.0, -299.0
13.768681984, -974.0, -16.0, -303.0
13.773625088, -968.0, -16.0, -293.0
13.778568192, -959.0, -11.0, -292.0
13.783511296, -959.0, -10.0, -279.0
13.788454272, -956.0, -6.0, -271.0
13.793397376, -954.0, -7.0, -260.0
13.79834048, -955.0, -5.0, -255.0
13.803283456, -954.0, -1.0, -247.0
13.80822656, -954.0, -3.0, -240.0
13.813169664, -955.0, -7.0, -234.0
13.818112768, -956.0, -5.0, -232.0
13.823055744, -955.0, -7.0, -228.0
13.827998848, -958.0, -10.0, -226.0
13.832941952, -954.0, -17.0, -223.0
13.837884928, -951.0, -16.0, -225.0
13.842828032, -949.0, -21.0, -221.0
13.847771136, -946.0, -25.0, -210.0
13.85271424, -941.0, -28.0, -209.0
13.857657216, -936.0, -31.0, -193.0
13.86260032, -930.0, -34.0, -183.0
13.867543424, -933.0, -34.0, -170.0
13.8724864, -932.0, -36.0, -163.0
13.87742951, -938.0, -39.0, -159.0
13.882370048, -940.0, -37.0, -160.0
13.887310592, -946.0, -36.0, -147.0
13.892251136, -951.0, -35.0, -140.0
13.89719168, -962.0, -34.0, -138.0
13.902132096, -969.0, -33.0, -132.0
13.90707264, -975.0, -28.0, -128.0
13.912013184, -976.0, -28.0, -122.0
13.916953728, -973.0, -26.0, -115.0
13.921894272, -967.0, -23.0, -110.0
13.926834816, -960.0, -19.0, -104.0
13.93177536, -955.0, -21.0, -99.0
13.936715776, -953.0, -17.0, -93.0
13.94165632, -950.0, -19.0, -88.0
13.946596864, -948.0, -14.0, -82.0
13.951537408, -946.0, -13.0, -80.0
13.956477952, -947.0, -10.0, -79.0
13.961418496, -948.0, -11.0, -73.0
13.96635904, -953.0, -13.0, -70.0
13.971299456, -952.0, -13.0, -59.0
13.97624, -959.0, -16.0, -55.0
13.981180544, -963.0, -15.0, -41.0
13.986121088, -965.0, -18.0, -39.0
13.991061632, -974.0, -22.0, -28.0
13.996002176, -981.0, -27.0, -23.0
14.000942592, -988.0, -34.0, -21.0
14.005883136, -993.0, -36.0, -20.0
14.01082368, -991.0, -39.0, -28.0
14.015764224, -989.0, -44.0, -29.0
14.020704768, -980.0, -44.0, -30.0
14.025645312, -966.0, -47.0, -23.0
14.030585856, -948.0, -46.0, -16.0
14.035526272, -935.0, -46.0, -1.0
14.040466816, -926.0, -43.0, 6.0
14.04540736, -920.0, -38.0, 11.0
14.050347904, -929.0, -41.0, 10.0
14.05528842, -938.0, -42.0, 9.0
14.060227328, -940.0, -44.0, 15.0
14.065166208, -946.0, -37.0, 32.0
14.07010496, -957.0, -36.0, 46.0
14.07504384, -967.0, -36.0, 58.0
14.079982592, -982.0, -40.0, 66.0
14.084921472, -991.0, -42.0, 59.0
14.089860352, -994.0, -44.0, 54.0
14.094799104, -994.0, -46.0, 56.0
14.099737984, -994.0, -49.0, 58.0
14.104676736, -995.0, -52.0, 69.0
14.109615616, -995.0, -52.0, 72.0
14.114554496, -996.0, -53.0, 75.0
14.119493248, -993.0, -53.0, 83.0
14.124432128, -992.0, -53.0, 82.0
14.12937088, -988.0, -52.0, 83.0
14.13430976, -983.0, -50.0, 79.0
14.13924864, -981.0, -47.0, 72.0
14.144187392, -973.0, -42.0, 81.0
14.149126272, -970.0, -34.0, 92.0
14.154065024, -973.0, -28.0, 108.0
14.159003904, -970.0, -21.0, 121.0
14.163942784, -970.0, -20.0, 129.0
14.168881536, -969.0, -20.0, 134.0
14.173820416, -967.0, -20.0, 139.0
14.178759168, -976.0, -23.0, 142.0
14.183698048, -984.0, -25.0, 147.0
14.188636928, -988.0, -24.0, 156.0
14.19357568, -988.0, -23.0, 169.0
14.19851456, -989.0, -22.0, 173.0
14.203453312, -990.0, -18.0, 176.0
14.208392192, -990.0, -16.0, 180.0
14.213331072, -990.0, -17.0, 180.0
14.218269824, -990.0, -18.0, 180.0
14.223208704, -982.0, -16.0, 172.0
14.228147456, -972.0, -18.0, 174.0
14.233086268, -957.0, -17.0, 173.0
14.238028416, -957.0, -22.0, 174.0
14.242970624, -948.0, -20.0, 176.0
14.247912832, -944.0, -17.0, 182.0
14.25285504, -940.0, -16.0, 195.0
14.257797248, -942.0, -15.0, 208.0
14.262739456, -945.0, -15.0, 215.0
14.267681792, -948.0, -14.0, 227.0
14.272624, -953.0, -16.0, 233.0
14.277566208, -955.0, -15.0, 234.0
14.282508416, -961.0, -16.0, 239.0
14.287450624, -971.0, -19.0, 221.0
14.292392832, -978.0, -22.0, 212.0
14.29733504, -980.0, -22.0, 202.0
14.302277248, -980.0, -25.0, 201.0
14.307219456, -974.0, -29.0, 202.0
14.312161664, -976.0, -24.0, 203.0
14.317104, -969.0, -26.0, 203.0
14.322046208, -963.0, -25.0, 205.0
14.326988416, -954.0, -29.0, 211.0
14.331930624, -943.0, -30.0, 221.0
14.336872832, -935.0, -29.0, 229.0
14.34181504, -925.0, -31.0, 237.0
14.346757248, -923.0, -30.0, 246.0
14.351699456, -923.0, -31.0, 249.0
14.356641664, -924.0, -35.0, 254.0
14.361583872, -928.0, -34.0, 259.0
14.366526208, -934.0, -39.0, 261.0
14.371468416, -938.0, -42.0, 263.0
14.376410624, -945.0, -44.0, 264.0
14.381352832, -950.0, -45.0, 263.0
14.38629504, -955.0, -47.0, 259.0
14.391237248, -962.0, -48.0, 254.0
14.396179456, -968.0, -50.0, 251.0
14.401121664, -975.0, -48.0, 249.0
14.406063872, -980.0, -48.0, 247.0
14.411006212, -971.0, -47.0, 250.0
14.415950976, -971.0, -41.0, 261.0
14.420895744, -961.0, -40.0, 260.0
14.425840512, -955.0, -40.0, 268.0
14.43078528, -950.0, -31.0, 283.0
14.435730048, -951.0, -30.0, 280.0
14.440674816, -951.0, -30.0, 291.0
14.445619584, -953.0, -26.0, 302.0
14.450564352, -954.0, -25.0, 304.0
14.45550912, -957.0, -23.0, 307.0
14.460453888, -955.0, -19.0, 308.0
14.465398656, -956.0, -20.0, 305.0
14.470343424, -955.0, -29.0, 306.0
14.475288192, -950.0, -32.0, 313.0
14.48023296, -950.0, -38.0, 313.0
14.485177728, -946.0, -44.0, 318.0
14.490122368, -944.0, -47.0, 323.0
14.495067136, -943.0, -45.0, 328.0
14.500011904, -939.0, -44.0, 328.0
14.504956672, -938.0, -41.0, 326.0
14.50990144, -943.0, -37.0, 322.0
14.514846208, -948.0, -33.0, 319.0
14.519790976, -951.0, -28.0, 313.0
14.524735744, -952.0, -14.0, 313.0
14.529680512, -954.0, -13.0, 312.0
14.53462528, -952.0, -9.0, 318.0
14.539570048, -950.0, -6.0, 322.0
14.544514816, -945.0, -5.0, 325.0
14.549459584, -944.0, -4.0, 333.0
14.554404352, -941.0, -4.0, 329.0
14.55934912, -938.0, -7.0, 322.0
14.564293888, -937.0, -11.0, 316.0
14.569238656, -935.0, -13.0, 322.0
14.574183424, -934.0, -15.0, 338.0
14.579128192, -932.0, -17.0, 350.0
14.58407296, -928.0, -13.0, 356.0
14.5890177, -929.0, -14.0, 347.0
14.5939616, -939.0, -20.0, 336.0
14.598905472, -954.0, -27.0, 325.0
14.603849472, -962.0, -36.0, 329.0
14.608793344, -961.0, -47.0, 346.0
14.613737216, -965.0, -51.0, 365.0
14.618681216, -960.0, -53.0, 380.0
14.623625088, -952.0, -55.0, 391.0
14.62856896, -951.0, -54.0, 392.0
14.63351296, -948.0, -47.0, 389.0
14.638456832, -947.0, -44.0, 378.0
14.643400704, -946.0, -39.0, 366.0
14.648344704, -944.0, -30.0, 344.0
14.653288576, -943.0, -23.0, 323.0
14.658232576, -940.0, -15.0, 304.0
14.663176448, -934.0, -9.0, 293.0
14.66812032, -924.0, -2.0, 276.0
14.67306432, -918.0, 3.0, 267.0
14.678008192, -925.0, 6.0, 256.0
14.682952064, -930.0, 7.0, 258.0
14.687896064, -929.0, 6.0, 261.0
14.692839936, -924.0, 5.0, 279.0
14.697783808, -923.0, 5.0, 293.0
14.702727808, -928.0, 2.0, 302.0
14.70767168, -933.0, -1.0, 322.0
14.712615552, -933.0, 0.0, 335.0
14.717559552, -938.0, -8.0, 341.0
14.722503424, -941.0, -11.0, 341.0
14.727447296, -943.0, -11.0, 349.0
14.732391296, -946.0, -14.0, 342.0
14.737335168, -948.0, -19.0, 334.0
14.74227904, -946.0, -24.0, 340.0
14.74722304, -945.0, -29.0, 342.0
14.752166912, -943.0, -25.0, 352.0
14.757110912, -946.0, -23.0, 360.0
14.762054784, -948.0, -23.0, 360.0
14.766998702, -948.0, -16.0, 372.0
14.771940864, -947.0, -19.0, 368.0
14.776883072, -953.0, -14.0, 366.0
14.78182528, -951.0, -10.0, 363.0
14.786767488, -949.0, -10.0, 361.0
14.791709696, -949.0, -9.0, 350.0
14.796651904, -948.0, -11.0, 347.0
14.80159424, -944.0, -11.0, 344.0
14.806536448, -942.0, -7.0, 341.0
14.811478656, -944.0, -7.0, 339.0
14.816420864, -942.0, -7.0, 333.0
14.821363072, -941.0, -8.0, 326.0
14.82630528, -943.0, -9.0, 323.0
14.831247488, -944.0, -14.0, 322.0
14.836189696, -942.0, -14.0, 327.0
14.841131904, -941.0, -18.0, 322.0
14.846074112, -939.0, -18.0, 325.0
14.851016448, -942.0, -16.0, 337.0
14.855958656, -947.0, -14.0, 353.0
14.860900864, -947.0, -10.0, 358.0
14.865843072, -948.0, -6.0, 366.0
14.87078528, -947.0, -1.0, 372.0
14.875727488, -948.0, 2.0, 373.0
14.880669696, -949.0, 0.0, 377.0
14.885611904, -950.0, 1.0, 365.0
14.890554112, -948.0, -6.0, 351.0
14.89549632, -946.0, -9.0, 344.0
14.900438528, -944.0, -12.0, 338.0
14.905380864, -942.0, -17.0, 343.0
14.910323072, -944.0, -18.0, 343.0
14.91526528, -944.0, -16.0, 353.0
14.920207488, -949.0, -17.0, 353.0
14.925149696, -947.0, -17.0, 358.0
14.930091904, -948.0, -14.0, 361.0
14.935034112, -948.0, -15.0, 367.0
14.93997632, -948.0, -16.0, 370.0
14.944918622, -946.0, -14.0, 371.0
14.949862528, -943.0, -19.0, 364.0
14.9548064, -944.0, -18.0, 359.0
14.9597504, -945.0, -20.0, 347.0
14.964694272, -946.0, -23.0, 342.0
14.969638144, -946.0, -24.0, 333.0
14.974582144, -948.0, -28.0, 330.0
14.979526016, -948.0, -28.0, 324.0
14.984469888, -948.0, -25.0, 320.0
14.989413888, -952.0, -23.0, 314.0
14.99435776, -950.0, -21.0, 315.0
14.999301632, -951.0, -18.0, 323.0
15.004245632, -951.0, -18.0, 325.0
15.009189504, -952.0, -17.0, 327.0
15.014133504, -950.0, -16.0, 323.0
15.019077376, -950.0, -21.0, 317.0
15.024021248, -948.0, -18.0, 319.0
15.028965248, -953.0, -20.0, 314.0
15.03390912, -955.0, -19.0, 320.0
15.038852992, -960.0, -16.0, 314.0
15.043796992, -964.0, -15.0, 307.0
15.048740864, -966.0, -11.0, 303.0
15.053684736, -975.0, -8.0, 301.0
15.058628736, -978.0, -4.0, 302.0
15.063572608, -980.0, -2.0, 297.0
15.06851648, -980.0, 0.0, 301.0
15.07346048, -978.0, 0.0, 305.0
15.078404352, -975.0, 2.0, 310.0
15.083348224, -970.0, 3.0, 312.0
15.088292224, -972.0, 2.0, 313.0
15.093236096, -971.0, 3.0, 316.0
15.098179968, -977.0, 2.0, 313.0
15.103123968, -978.0, 0.0, 304.0
15.10806784, -980.0, 1.0, 303.0
15.113011712, -981.0, 3.0, 312.0
15.117955712, -982.0, 2.0, 312.0
15.122899618, -980.0, 0.0, 316.0
15.127841792, -975.0, 0.0, 335.0
15.132784, -975.0, 1.0, 343.0
15.137726208, -978.0, 4.0, 337.0
15.142668416, -981.0, 2.0, 333.0
15.147610624, -986.0, 3.0, 322.0
15.152552832, -986.0, 1.0, 317.0
15.157495168, -982.0, 2.0, 320.0
15.162437376, -982.0, -1.0, 319.0
15.167379584, -982.0, -2.0, 319.0
15.172321792, -982.0, -2.0, 322.0
15.177264, -984.0, -5.0, 321.0
15.182206208, -984.0, -1.0, 314.0
15.187148416, -984.0, -2.0, 314.0
15.192090624, -987.0, -2.0, 311.0
15.197032832, -986.0, -2.0, 309.0
15.20197504, -986.0, -2.0, 304.0
15.206917376, -985.0, -4.0, 299.0
15.211859584, -985.0, -5.0, 292.0
15.216801792, -985.0, -9.0, 287.0
15.221744, -982.0, -10.0, 286.0
15.226686208, -982.0, -11.0, 288.0
15.231628416, -981.0, -9.0, 298.0
15.236570624, -985.0, -12.0, 302.0
15.241512832, -987.0, -13.0, 304.0
15.24645504, -988.0, -13.0, 303.0
15.251397248, -988.0, -13.0, 301.0
15.256339456, -988.0, -15.0, 303.0
15.261281792, -987.0, -17.0, 296.0
15.266224, -987.0, -13.0, 295.0
15.271166208, -987.0, -17.0, 295.0
15.276108416, -983.0, -14.0, 299.0
15.281050624, -984.0, -9.0, 298.0
15.285992832, -982.0, -11.0, 289.0
15.29093504, -982.0, -11.0, 285.0
15.295877248, -978.0, -14.0, 281.0
15.300819538, -974.0, -14.0, 279.0
15.305764352, -978.0, -17.0, 278.0
15.31070912, -980.0, -17.0, 279.0
15.315653888, -982.0, -18.0, 276.0
15.320598656, -982.0, -20.0, 281.0
15.325543424, -986.0, -19.0, 282.0
15.330488192, -987.0, -16.0, 282.0
15.33543296, -986.0, -23.0, 282.0
15.340377728, -989.0, -19.0, 280.0
15.345322496, -987.0, -21.0, 278.0
15.350267264, -987.0, -21.0, 281.0
15.355212032, -988.0, -19.0, 283.0
15.3601568, -987.0, -21.0, 286.0
15.365101568, -985.0, -22.0, 285.0
15.370046336, -983.0, -22.0, 286.0
15.374991104, -983.0, -23.0, 288.0
15.379935744, -985.0, -23.0, 285.0
15.384880512, -986.0, -19.0, 285.0
15.38982528, -985.0, -21.0, 288.0
15.394770048, -985.0, -17.0, 289.0
15.399714816, -985.0, -19.0, 279.0
15.404659584, -983.0, -19.0, 281.0
15.409604352, -981.0, -18.0, 279.0
15.41454912, -982.0, -18.0, 274.0
15.419493888, -978.0, -19.0, 272.0
15.424438656, -976.0, -14.0, 272.0
15.429383424, -978.0, -15.0, 267.0
15.434328192, -979.0, -14.0, 268.0
15.43927296, -977.0, -12.0, 270.0
15.444217728, -979.0, -10.0, 271.0
15.449162496, -981.0, -6.0, 268.0
15.454107264, -983.0, -2.0, 274.0
15.459052032, -983.0, 3.0, 274.0
15.4639968, -986.0, 1.0, 280.0
15.468941568, -988.0, 3.0, 284.0
15.473886336, -987.0, 4.0, 285.0
15.478831026, -989.0, 5.0, 295.0
15.483775744, -987.0, 3.0, 297.0
15.488720512, -992.0, -1.0, 286.0
15.49366528, -990.0, -1.0, 290.0
15.498610048, -992.0, -4.0, 284.0
15.503554816, -992.0, -4.0, 288.0
15.508499584, -993.0, -1.0, 289.0
15.513444352, -994.0, -4.0, 290.0
15.51838912, -995.0, -1.0, 294.0
15.523333888, -995.0, 2.0, 294.0
15.528278656, -995.0, 5.0, 296.0
15.533223424, -995.0, 9.0, 301.0
15.538168192, -995.0, 10.0, 305.0
15.54311296, -994.0, 10.0, 306.0
15.548057728, -995.0, 11.0, 305.0
15.553002496, -995.0, 11.0, 298.0
15.557947136, -995.0, 13.0, 293.0
15.562891904, -995.0, 14.0, 287.0
15.567836672, -994.0, 13.0, 284.0
15.57278144, -993.0, 14.0, 285.0
15.577726208, -992.0, 15.0, 290.0
15.582670976, -989.0, 15.0, 294.0
15.587615744, -990.0, 16.0, 301.0
15.592560512, -989.0, 18.0, 295.0
15.59750528, -990.0, 21.0, 285.0
15.602450048, -988.0, 24.0, 271.0
15.607394816, -982.0, 31.0, 263.0
15.612339584, -973.0, 36.0, 266.0
15.617284352, -959.0, 43.0, 276.0
15.62222912, -955.0, 54.0, 295.0
15.627173888, -954.0, 55.0, 308.0
15.632118656, -956.0, 61.0, 309.0
15.637063424, -958.0, 60.0, 298.0
15.642008192, -960.0, 57.0, 290.0
15.64695296, -960.0, 47.0, 285.0
15.651897728, -958.0, 42.0, 282.0
15.65684252, -956.0, 41.0, 271.0
15.661787264, -957.0, 40.0, 275.0
15.666732032, -952.0, 42.0, 262.0
15.6716768, -947.0, 42.0, 265.0
15.676621568, -944.0, 43.0, 268.0
15.681566336, -947.0, 40.0, 273.0
15.686511104, -949.0, 45.0, 287.0
15.691455872, -954.0, 43.0, 292.0
15.69640064, -962.0, 44.0, 300.0
15.701345408, -971.0, 47.0, 306.0
15.706290176, -979.0, 44.0, 309.0
15.711234944, -987.0, 40.0, 315.0
15.716179712, -990.0, 36.0, 314.0
15.72112448, -995.0, 30.0, 310.0
15.726069248, -996.0, 26.0, 305.0
15.731014016, -997.0, 23.0, 302.0
15.735958656, -997.0, 22.0, 302.0
15.740903424, -997.0, 17.0, 295.0
15.745848192, -997.0, 16.0, 291.0
15.75079296, -998.0, 15.0, 284.0
15.755737728, -998.0, 14.0, 281.0
15.760682496, -997.0, 14.0, 277.0
15.765627264, -995.0, 13.0, 273.0
15.770572032, -996.0, 13.0, 271.0
15.7755168, -993.0, 12.0, 270.0
15.780461568, -993.0, 13.0, 273.0
15.785406336, -991.0, 11.0, 272.0
15.790351104, -990.0, 10.0, 270.0
15.795295872, -989.0, 8.0, 272.0
15.80024064, -985.0, 4.0, 275.0
15.805185408, -981.0, 2.0, 281.0
15.810130176, -976.0, 0.0, 284.0
15.815074944, -972.0, -2.0, 291.0
15.820019712, -974.0, -2.0, 282.0
15.82496448, -969.0, -6.0, 277.0
15.829909248, -969.0, -3.0, 279.0
15.834854014, -966.0, -5.0, 274.0
15.839797888, -963.0, -9.0, 268.0
15.84474176, -961.0, -7.0, 267.0
15.84968576, -958.0, -6.0, 265.0
15.854629632, -957.0, -5.0, 262.0
15.859573504, -954.0, -11.0, 258.0
15.864517504, -952.0, -18.0, 255.0
15.869461376, -951.0, -21.0, 246.0
15.874405248, -949.0, -24.0, 247.0
15.879349248, -946.0, -27.0, 244.0
15.88429312, -947.0, -32.0, 244.0
15.889236992, -948.0, -30.0, 244.0
15.894180992, -946.0, -34.0, 240.0
15.899124864, -946.0, -37.0, 244.0
15.904068864, -946.0, -34.0, 244.0
15.909012736, -946.0, -39.0, 248.0
15.913956608, -947.0, -39.0, 249.0
15.918900608, -947.0, -45.0, 251.0
15.92384448, -946.0, -47.0, 252.0
15.928788352, -947.0, -46.0, 249.0
15.933732352, -948.0, -51.0, 247.0
15.938676224, -949.0, -53.0, 249.0
15.943620096, -945.0, -55.0, 247.0
15.948564096, -943.0, -55.0, 246.0
15.953507968, -942.0, -61.0, 247.0
15.95845184, -938.0, -63.0, 252.0
15.96339584, -937.0, -75.0, 251.0
15.968339712, -934.0, -81.0, 249.0
15.973283584, -932.0, -86.0, 250.0
15.978227584, -926.0, -94.0, 248.0
15.983171456, -925.0, -97.0, 249.0
15.988115328, -923.0, -100.0, 249.0
15.993059328, -913.0, -103.0, 252.0
15.9980032, -908.0, -106.0, 252.0
16.0029472, -901.0, -109.0, 250.0
16.007891072, -895.0, -110.0, 249.0
16.012835016, -892.0, -113.0, 245.0
16.01777984, -891.0, -115.0, 241.0
16.022724608, -889.0, -116.0, 245.0
16.027669376, -889.0, -115.0, 240.0
16.032614144, -894.0, -115.0, 237.0
16.037558912, -904.0, -114.0, 232.0
16.04250368, -927.0, -114.0, 231.0
16.047448448, -945.0, -115.0, 235.0
16.052393216, -966.0, -116.0, 239.0
16.057337984, -984.0, -116.0, 245.0
16.062282752, -994.0, -117.0, 246.0
16.06722752, -1000.0, -121.0, 251.0
16.072172288, -1011.0, -128.0, 253.0
16.077117056, -1030.0, -129.0, 257.0
16.082061696, -1046.0, -137.0, 257.0
16.087006464, -1048.0, -140.0, 256.0
16.091951232, -1053.0, -144.0, 257.0
16.096896, -1051.0, -146.0, 257.0
16.101840768, -1043.0, -146.0, 255.0
16.106785536, -1044.0, -143.0, 253.0
16.111730304, -1037.0, -137.0, 254.0
16.116675072, -1035.0, -134.0, 250.0
16.12161984, -1033.0, -128.0, 253.0
16.126564608, -1031.0, -121.0, 255.0
16.131509376, -1031.0, -115.0, 258.0
16.136454144, -1029.0, -112.0, 264.0
16.141398912, -1024.0, -107.0, 260.0
16.14634368, -1026.0, -103.0, 260.0
16.151288448, -1026.0, -97.0, 255.0
16.156233216, -1028.0, -92.0, 257.0
16.161177984, -1022.0, -89.0, 257.0
16.166122752, -1017.0, -89.0, 258.0
16.17106752, -1011.0, -93.0, 258.0
16.176012288, -1002.0, -101.0, 257.0
16.180957056, -1001.0, -104.0, 256.0
16.185901824, -998.0, -108.0, 254.0
16.190846484, -995.0, -111.0, 257.0
16.195790336, -996.0, -110.0, 254.0
16.200734208, -994.0, -113.0, 246.0
16.205678208, -991.0, -114.0, 239.0
16.21062208, -988.0, -116.0, 237.0
16.215565952, -985.0, -116.0, 239.0
16.220509952, -979.0, -121.0, 237.0
16.225453824, -965.0, -122.0, 238.0
16.230397696, -961.0, -122.0, 238.0
16.235341696, -956.0, -125.0, 236.0
16.240285568, -949.0, -123.0, 229.0
16.24522944, -946.0, -126.0, 224.0
16.25017344, -941.0, -121.0, 214.0
16.255117312, -935.0, -118.0, 209.0
16.260061312, -928.0, -120.0, 208.0
16.265005184, -926.0, -124.0, 209.0
16.269949056, -925.0, -123.0, 212.0
16.274893056, -933.0, -126.0, 209.0
16.279836928, -939.0, -133.0, 205.0
16.2847808, -942.0, -137.0, 197.0
16.2897248, -942.0, -144.0, 197.0
16.294668672, -945.0, -149.0, 202.0
16.299612544, -950.0, -160.0, 205.0
16.304556544, -954.0, -167.0, 203.0
16.309500416, -955.0, -171.0, 202.0
16.314444288, -960.0, -173.0, 199.0
16.319388288, -964.0, -180.0, 187.0
16.32433216, -967.0, -181.0, 173.0
16.329276032, -969.0, -181.0, 164.0
16.334220032, -968.0, -181.0, 166.0
16.339163904, -971.0, -181.0, 175.0
16.344107776, -982.0, -175.0, 186.0
16.349051776, -988.0, -172.0, 188.0
16.353995648, -993.0, -174.0, 196.0
16.358939648, -995.0, -166.0, 192.0
16.36388352, -999.0, -174.0, 186.0
16.368827486, -1006.0, -173.0, 182.0
16.373773952, -1012.0, -174.0, 184.0
16.378720384, -1023.0, -174.0, 188.0
16.383666816, -1027.0, -173.0, 186.0
16.388613376, -1028.0, -165.0, 199.0
16.393559808, -1024.0, -161.0, 207.0
16.39850624, -1022.0, -159.0, 214.0
16.403452672, -1028.0, -147.0, 224.0
16.408399104, -1035.0, -142.0, 225.0
16.413345664, -1035.0, -136.0, 235.0
16.418292096, -1036.0, -131.0, 238.0
16.423238528, -1039.0, -123.0, 243.0
16.42818496, -1042.0, -119.0, 244.0
16.43313152, -1042.0, -116.0, 244.0
16.438077952, -1040.0, -115.0, 240.0
16.443024384, -1046.0, -115.0, 240.0
16.447970816, -1056.0, -115.0, 239.0
16.452917248, -1075.0, -117.0, 239.0
16.457863808, -1098.0, -125.0, 236.0
16.46281024, -1115.0, -132.0, 226.0
16.467756672, -1118.0, -148.0, 214.0
16.472703104, -1124.0, -160.0, 199.0
16.477649536, -1119.0, -179.0, 187.0
16.482596096, -1102.0, -186.0, 181.0
16.487542528, -1079.0, -188.0, 159.0
16.49248896, -1069.0, -187.0, 142.0
16.497435392, -1055.0, -187.0, 135.0
16.502381824, -1044.0, -177.0, 137.0
16.507328384, -1041.0, -169.0, 126.0
16.512274816, -1047.0, -159.0, 128.0
16.517221248, -1053.0, -156.0, 129.0
16.52216768, -1057.0, -154.0, 127.0
16.52711424, -1066.0, -152.0, 128.0
16.532060672, -1069.0, -149.0, 126.0
16.537007104, -1066.0, -144.0, 131.0
16.541953536, -1065.0, -141.0, 133.0
16.54690001, -1065.0, -128.0, 135.0
16.5518464, -1066.0, -122.0, 135.0
16.556792832, -1073.0, -115.0, 135.0
16.561739264, -1084.0, -109.0, 130.0
16.566685824, -1088.0, -103.0, 130.0
16.571632256, -1080.0, -94.0, 127.0
16.576578688, -1068.0, -84.0, 126.0
16.58152512, -1053.0, -71.0, 121.0
16.586471552, -1028.0, -62.0, 127.0
16.591418112, -1003.0, -53.0, 126.0
16.596364544, -991.0, -40.0, 128.0
16.601310976, -978.0, -29.0, 131.0
16.606257408, -961.0, -17.0, 128.0
16.611203968, -947.0, -4.0, 121.0
16.6161504, -926.0, 5.0, 110.0
16.621096832, -902.0, 10.0, 103.0
16.626043264, -890.0, 13.0, 103.0
16.630989696, -885.0, 16.0, 100.0
16.635936256, -879.0, 20.0, 94.0
16.640882688, -875.0, 18.0, 97.0
16.64582912, -874.0, 19.0, 96.0
16.650775552, -874.0, 16.0, 106.0
16.655721984, -885.0, 12.0, 112.0
16.660668544, -903.0, 12.0, 117.0
16.665614976, -945.0, 10.0, 119.0
16.670561408, -984.0, 7.0, 116.0
16.67550784, -1012.0, 6.0, 93.0
16.6804544, -1047.0, 6.0, 71.0
16.685400832, -1064.0, 5.0, 61.0
16.690347264, -1071.0, 10.0, 51.0
16.695293696, -1064.0, 13.0, 53.0
16.700240128, -1054.0, 18.0, 49.0
16.705186688, -1025.0, 27.0, 60.0
16.71013312, -1002.0, 41.0, 68.0
16.715079552, -992.0, 53.0, 74.0
16.720025984, -978.0, 62.0, 84.0
16.72497254, -970.0, 67.0, 91.0
16.729916416, -963.0, 67.0, 98.0
16.734860288, -964.0, 75.0, 106.0
16.739804288, -972.0, 83.0, 100.0
16.74474816, -978.0, 85.0, 99.0
16.749692032, -989.0, 91.0, 97.0
16.754636032, -996.0, 98.0, 101.0
16.759579904, -1010.0, 99.0, 100.0
16.764523776, -1033.0, 106.0, 104.0
16.769467776, -1048.0, 116.0, 110.0
16.774411648, -1055.0, 118.0, 118.0
16.77935552, -1070.0, 120.0, 124.0
16.78429952, -1084.0, 122.0, 133.0
16.789243392, -1098.0, 122.0, 151.0
16.794187264, -1105.0, 124.0, 164.0
16.799131264, -1109.0, 122.0, 174.0
16.804075136, -1104.0, 121.0, 185.0
16.809019136, -1098.0, 115.0, 178.0
16.813963008, -1084.0, 108.0, 168.0
16.81890688, -1071.0, 98.0, 163.0
16.82385088, -1062.0, 87.0, 156.0
16.828794752, -1058.0, 74.0, 145.0
16.833738624, -1053.0, 67.0, 141.0
16.838682624, -1038.0, 56.0, 134.0
16.843626496, -1020.0, 47.0, 126.0
16.848570368, -1006.0, 40.0, 130.0
16.853514368, -998.0, 37.0, 129.0
16.85845824, -994.0, 34.0, 132.0
16.863402112, -987.0, 37.0, 142.0
16.868346112, -982.0, 44.0, 152.0
16.873289984, -975.0, 50.0, 164.0
16.878233856, -969.0, 61.0, 170.0
16.883177856, -967.0, 72.0, 179.0
16.888121728, -964.0, 89.0, 190.0
16.8930656, -964.0, 109.0, 192.0
16.8980096, -967.0, 118.0, 195.0
16.902953522, -970.0, 125.0, 197.0
16.907899136, -966.0, 135.0, 196.0
16.9128448, -975.0, 141.0, 191.0
16.917790336, -977.0, 146.0, 200.0
16.922736, -979.0, 146.0, 197.0
16.927681536, -978.0, 142.0, 205.0
16.9326272, -976.0, 139.0, 213.0
16.937572864, -974.0, 139.0, 219.0
16.9425184, -973.0, 136.0, 223.0
16.947464064, -966.0, 132.0, 226.0
16.9524096, -963.0, 132.0, 225.0
16.957355264, -968.0, 135.0, 220.0
16.9623008, -971.0, 136.0, 219.0
16.967246464, -980.0, 138.0, 210.0
16.972192128, -976.0, 140.0, 202.0
16.977137664, -977.0, 139.0, 204.0
16.982083328, -978.0, 139.0, 207.0
16.987028864, -985.0, 138.0, 207.0
16.991974528, -986.0, 133.0, 208.0
16.996920192, -990.0, 128.0, 200.0
17.001865728, -993.0, 124.0, 181.0
17.006811392, -993.0, 117.0, 169.0
17.011756928, -991.0, 109.0, 158.0
17.016702592, -987.0, 94.0, 166.0
17.021648128, -988.0, 84.0, 183.0
17.026593792, -990.0, 74.0, 200.0
17.031539456, -996.0, 65.0, 206.0
17.036484992, -1001.0, 62.0, 202.0
17.041430656, -1009.0, 57.0, 190.0
17.046376192, -1014.0, 52.0, 184.0
17.051321856, -1009.0, 41.0, 184.0
17.05626752, -1009.0, 40.0, 175.0
17.061213056, -1003.0, 34.0, 176.0
17.06615872, -996.0, 33.0, 168.0
17.071104256, -992.0, 31.0, 160.0
17.07604992, -988.0, 32.0, 156.0
17.080995518, -975.0, 34.0, 157.0
17.08594112, -959.0, 39.0, 152.0
17.090886784, -950.0, 41.0, 151.0
17.09583232, -945.0, 46.0, 157.0
17.100777984, -936.0, 56.0, 174.0
17.10572352, -933.0, 62.0, 189.0
17.110669184, -934.0, 74.0, 193.0
17.115614848, -942.0, 89.0, 198.0
17.120560384, -953.0, 105.0, 197.0
17.125506048, -964.0, 113.0, 202.0
17.130451584, -972.0, 116.0, 199.0
17.135397248, -980.0, 120.0, 191.0
17.140342784, -986.0, 122.0, 186.0
17.145288448, -985.0, 123.0, 177.0
17.150234112, -989.0, 125.0, 179.0
17.155179648, -989.0, 125.0, 186.0
17.160125312, -990.0, 127.0, 198.0
17.165070848, -990.0, 129.0, 205.0
17.170016512, -987.0, 130.0, 208.0
17.174962176, -990.0, 129.0, 214.0
17.179907712, -987.0, 126.0, 214.0
17.184853376, -986.0, 126.0, 214.0
17.189798912, -984.0, 127.0, 213.0
17.194744576, -983.0, 124.0, 207.0
17.19969024, -983.0, 124.0, 204.0
17.204635776, -985.0, 123.0, 202.0
17.20958144, -988.0, 123.0, 198.0
17.214526976, -994.0, 118.0, 195.0
17.21947264, -999.0, 116.0, 188.0
17.224418304, -1006.0, 114.0, 190.0
17.22936384, -1024.0, 109.0, 191.0
17.234309504, -1040.0, 108.0, 193.0
17.23925504, -1050.0, 99.0, 195.0
17.244200704, -1058.0, 90.0, 199.0
17.24914624, -1071.0, 86.0, 197.0
17.254091904, -1081.0, 80.0, 188.0
17.25903753, -1081.0, 75.0, 178.0
17.26398144, -1071.0, 73.0, 173.0
17.268925312, -1061.0, 72.0, 170.0
17.273869312, -1056.0, 74.0, 165.0
17.278813184, -1045.0, 75.0, 163.0
17.283757056, -1031.0, 72.0, 164.0
17.288701056, -1018.0, 69.0, 163.0
17.293644928, -1009.0, 69.0, 166.0
17.2985888, -999.0, 70.0, 178.0
17.3035328, -997.0, 70.0, 184.0
17.308476672, -993.0, 74.0, 188.0
17.313420544, -993.0, 82.0, 189.0
17.318364544, -993.0, 84.0, 187.0
17.323308416, -993.0, 99.0, 182.0
17.328252416, -993.0, 108.0, 175.0
17.333196288, -994.0, 112.0, 163.0
17.33814016, -994.0, 116.0, 150.0
17.34308416, -994.0, 120.0, 139.0
17.348028032, -996.0, 120.0, 133.0
17.352971904, -995.0, 120.0, 129.0
17.357915904, -995.0, 119.0, 127.0
17.362859776, -993.0, 116.0, 130.0
17.367803648, -990.0, 115.0, 139.0
17.372747648, -982.0, 113.0, 152.0
17.37769152, -978.0, 108.0, 167.0
17.382635392, -970.0, 97.0, 182.0
17.387579392, -977.0, 90.0, 192.0
17.392523264, -985.0, 78.0, 196.0
17.397467136, -994.0, 73.0, 194.0
17.402411136, -999.0, 62.0, 184.0
17.407355008, -1011.0, 56.0, 174.0
17.41229888, -1014.0, 52.0, 166.0
17.41724288, -1015.0, 57.0, 154.0
17.422186752, -1015.0, 60.0, 146.0
17.427130624, -1009.0, 62.0, 138.0
17.432074624, -1018.0, 67.0, 135.0
17.437018522, -1001.0, 73.0, 142.0
17.441962368, -994.0, 77.0, 158.0
17.44690624, -994.0, 83.0, 161.0
17.45185024, -995.0, 74.0, 160.0
17.456794112, -999.0, 73.0, 160.0
17.461737984, -1006.0, 66.0, 157.0
17.466681984, -1016.0, 60.0, 152.0
17.471625856, -1028.0, 56.0, 145.0
17.476569728, -1034.0, 50.0, 140.0
17.481513728, -1038.0, 41.0, 132.0
17.4864576, -1036.0, 37.0, 127.0
17.491401472, -1031.0, 34.0, 128.0
17.496345472, -1025.0, 31.0, 134.0
17.501289344, -1016.0, 34.0, 136.0
17.506233216, -1011.0, 38.0, 146.0
17.511177216, -1007.0, 38.0, 159.0
17.516121088, -1004.0, 46.0, 174.0
17.52106496, -1001.0, 47.0, 188.0
17.52600896, -1002.0, 50.0, 197.0
17.530952832, -1000.0, 47.0, 202.0
17.535896832, -1002.0, 43.0, 197.0
17.540840704, -1001.0, 44.0, 195.0
17.545784576, -995.0, 41.0, 197.0
17.550728576, -994.0, 42.0, 197.0
17.555672448, -996.0, 39.0, 201.0
17.56061632, -996.0, 41.0, 198.0
17.56556032, -996.0, 43.0, 200.0
17.570504192, -997.0, 47.0, 198.0
17.575448064, -997.0, 49.0, 198.0
17.580392064, -996.0, 49.0, 195.0
17.585335936, -993.0, 51.0, 194.0
17.590279808, -994.0, 54.0, 192.0
17.595223808, -995.0, 57.0, 196.0
17.60016768, -995.0, 57.0, 192.0
17.605111552, -996.0, 60.0, 190.0
17.610055552, -997.0, 62.0, 188.0
17.614999498, -997.0, 60.0, 182.0
17.619945216, -1002.0, 65.0, 176.0
17.62489088, -998.0, 65.0, 171.0
17.629836416, -994.0, 70.0, 168.0
17.63478208, -991.0, 70.0, 174.0
17.639727616, -991.0, 75.0, 166.0
17.64467328, -990.0, 77.0, 161.0
17.649618944, -974.0, 74.0, 174.0
17.65456448, -962.0, 72.0, 177.0
17.659510144, -968.0, 71.0, 167.0
17.66445568, -980.0, 68.0, 156.0
17.669401344, -978.0, 62.0, 157.0
17.67434688, -973.0, 62.0, 164.0
17.679292544, -967.0, 59.0, 172.0
17.684238208, -955.0, 59.0, 189.0
17.689183744, -953.0, 62.0, 195.0
17.694129408, -956.0, 65.0, 206.0
17.699074944, -967.0, 73.0, 211.0
17.704020608, -975.0, 80.0, 213.0
17.708966272, -979.0, 87.0, 209.0
17.713911808, -981.0, 86.0, 200.0
17.718857472, -978.0, 93.0, 201.0
17.723803008, -974.0, 91.0, 200.0
17.728748672, -972.0, 94.0, 199.0
17.733694208, -969.0, 95.0, 206.0
17.738639872, -968.0, 93.0, 206.0
17.743585536, -972.0, 98.0, 207.0
17.748531072, -970.0, 103.0, 216.0
17.753476736, -971.0, 106.0, 216.0
17.758422272, -969.0, 104.0, 218.0
17.763367936, -969.0, 102.0, 220.0
17.7683136, -969.0, 109.0, 219.0
17.773259136, -976.0, 112.0, 224.0
17.7782048, -980.0, 112.0, 231.0
17.783150336, -985.0, 114.0, 238.0
17.788096, -990.0, 116.0, 239.0
17.793041494, -990.0, 119.0, 233.0
17.797986304, -988.0, 119.0, 229.0
17.802931072, -987.0, 117.0, 224.0
17.80787584, -988.0, 119.0, 218.0
17.812820608, -985.0, 118.0, 221.0
17.817765376, -987.0, 117.0, 227.0
17.822710144, -986.0, 116.0, 232.0
17.827654912, -987.0, 114.0, 234.0
17.83259968, -989.0, 116.0, 236.0
17.837544448, -990.0, 116.0, 242.0
17.842489216, -989.0, 116.0, 245.0
17.847433984, -989.0, 116.0, 243.0
17.852378752, -987.0, 116.0, 248.0
17.85732352, -986.0, 119.0, 251.0
17.862268288, -986.0, 121.0, 252.0
17.867213056, -986.0, 121.0, 253.0
17.872157696, -986.0, 123.0, 246.0
17.877102464, -988.0, 126.0, 246.0
17.882047232, -991.0, 125.0, 244.0
17.886992, -991.0, 128.0, 246.0
17.891936768, -993.0, 129.0, 241.0
17.896881536, -994.0, 131.0, 239.0
17.901826304, -994.0, 134.0, 238.0
17.906771072, -994.0, 137.0, 226.0
17.91171584, -994.0, 136.0, 221.0
17.916660608, -993.0, 134.0, 215.0
17.921605376, -988.0, 136.0, 211.0
17.926550144, -988.0, 134.0, 212.0
17.931494912, -984.0, 132.0, 209.0
17.93643968, -979.0, 137.0, 217.0
17.941384448, -979.0, 139.0, 216.0
17.946329216, -979.0, 142.0, 213.0
17.951273984, -978.0, 147.0, 214.0
17.956218752, -979.0, 144.0, 212.0
17.96116352, -986.0, 138.0, 210.0
17.966108288, -987.0, 135.0, 205.0
17.971052978, -990.0, 128.0, 199.0
17.975997696, -993.0, 126.0, 196.0
17.980942464, -996.0, 123.0, 181.0
17.985887232, -998.0, 117.0, 177.0
17.990832, -997.0, 114.0, 173.0
17.995776768, -997.0, 109.0, 169.0
18.000721536, -997.0, 105.0, 164.0
18.005666304, -996.0, 101.0, 164.0
18.010611072, -997.0, 90.0, 162.0
18.01555584, -996.0, 77.0, 165.0
18.020500608, -994.0, 71.0, 158.0
18.025445376, -990.0, 68.0, 153.0
18.030390144, -982.0, 63.0, 144.0
18.035334912, -971.0, 61.0, 139.0
18.04027968, -960.0, 60.0, 136.0
18.045224448, -952.0, 62.0, 141.0
18.050169088, -945.0, 64.0, 153.0
18.055113856, -943.0, 70.0, 169.0
18.060058624, -945.0, 79.0, 183.0
18.065003392, -952.0, 86.0, 187.0
18.06994816, -966.0, 103.0, 195.0
18.074892928, -990.0, 113.0, 208.0
18.079837696, -999.0, 115.0, 207.0
18.084782464, -1008.0, 114.0, 196.0
18.089727232, -1005.0, 117.0, 181.0
18.094672, -1001.0, 119.0, 155.0
18.099616768, -994.0, 119.0, 143.0
18.104561536, -989.0, 117.0, 135.0
18.109506304, -982.0, 117.0, 139.0
18.114451072, -980.0, 114.0, 143.0
18.11939584, -982.0, 107.0, 145.0
18.124340608, -987.0, 100.0, 145.0
18.129285376, -993.0, 86.0, 140.0
18.134230144, -995.0, 72.0, 134.0
18.139174912, -997.0, 63.0, 137.0
18.14411968, -998.0, 57.0, 134.0
18.149064472, -1009.0, 52.0, 135.0
18.15400832, -1022.0, 40.0, 137.0
18.158952192, -1039.0, 33.0, 133.0
18.163896192, -1051.0, 26.0, 127.0
18.168840064, -1058.0, 21.0, 125.0
18.173783936, -1060.0, 20.0, 127.0
18.178727936, -1060.0, 16.0, 124.0
18.183671808, -1058.0, 13.0, 120.0
18.18861568, -1045.0, 10.0, 133.0
18.19355968, -1031.0, 9.0, 142.0
18.198503552, -1030.0, 8.0, 137.0
18.203447424, -1035.0, 8.0, 135.0
18.208391424, -1042.0, 8.0, 133.0
18.213335296, -1040.0, 10.0, 134.0
18.218279296, -1043.0, 11.0, 133.0
18.223223168, -1042.0, 11.0, 129.0
18.22816704, -1042.0, 12.0, 127.0
18.23311104, -1051.0, 10.0, 117.0
18.238054912, -1051.0, 16.0, 121.0
18.242998784, -1053.0, 18.0, 114.0
18.247942784, -1055.0, 19.0, 110.0
18.252886656, -1058.0, 21.0, 94.0
18.257830528, -1059.0, 26.0, 79.0
18.262774528, -1055.0, 31.0, 70.0
18.2677184, -1042.0, 33.0, 61.0
18.272662272, -1031.0, 37.0, 60.0
18.277606272, -1018.0, 45.0, 50.0
18.282550144, -1008.0, 56.0, 46.0
18.287494016, -997.0, 64.0, 45.0
18.292438016, -993.0, 72.0, 40.0
18.297381888, -987.0, 72.0, 41.0
18.30232576, -980.0, 77.0, 54.0
18.30726976, -967.0, 73.0, 68.0
18.312213632, -969.0, 68.0, 75.0
18.317157632, -965.0, 59.0, 79.0
18.322101504, -967.0, 55.0, 83.0
18.327045474, -969.0, 48.0, 89.0
18.331988608, -969.0, 41.0, 104.0
18.336931712, -975.0, 36.0, 124.0
18.341874688, -984.0, 41.0, 139.0
18.346817792, -992.0, 50.0, 145.0
18.351760896, -996.0, 56.0, 146.0
18.356704, -1000.0, 72.0, 139.0
18.361646976, -1009.0, 87.0, 127.0
18.36659008, -1018.0, 107.0, 119.0
18.371533184, -1024.0, 120.0, 98.0
18.37647616, -1031.0, 126.0, 85.0
18.381419264, -1030.0, 134.0, 73.0
18.386362368, -1023.0, 148.0, 66.0
18.391305472, -1029.0, 153.0, 55.0
18.396248448, -1021.0, 160.0, 53.0
18.401191552, -1029.0, 161.0, 52.0
18.406134656, -1011.0, 165.0, 68.0
18.411077632, -1007.0, 162.0, 73.0
18.416020736, -1000.0, 166.0, 77.0
18.42096384, -1000.0, 162.0, 79.0
18.425906944, -996.0, 164.0, 80.0
18.43084992, -995.0, 161.0, 78.0
18.435793024, -992.0, 165.0, 82.0
18.440736128, -992.0, 164.0, 77.0
18.445679232, -990.0, 164.0, 78.0
18.450622208, -989.0, 164.0, 80.0
18.455565312, -989.0, 169.0, 84.0
18.460508416, -988.0, 170.0, 83.0
18.465451392, -986.0, 172.0, 87.0
18.470394496, -986.0, 170.0, 88.0
18.4753376, -984.0, 169.0, 84.0
18.480280704, -986.0, 164.0, 79.0
18.48522368, -989.0, 159.0, 82.0
18.490166784, -988.0, 155.0, 78.0
18.495109888, -991.0, 148.0, 75.0
18.500052864, -991.0, 144.0, 73.0
18.504995922, -992.0, 143.0, 74.0
18.5099424, -996.0, 139.0, 70.0
18.514888832, -998.0, 140.0, 71.0
18.519835264, -1002.0, 142.0, 67.0
18.524781824, -1000.0, 135.0, 73.0
18.529728256, -1001.0, 135.0, 77.0
18.534674688, -1001.0, 135.0, 85.0
18.53962112, -1005.0, 134.0, 93.0
18.544567552, -1009.0, 135.0, 91.0
18.549514112, -1011.0, 130.0, 98.0
18.554460544, -1020.0, 133.0, 82.0
18.559406976, -1029.0, 134.0, 71.0
18.564353408, -1035.0, 136.0, 66.0
18.569299968, -1048.0, 138.0, 63.0
18.5742464, -1053.0, 142.0, 64.0
18.579192832, -1048.0, 143.0, 69.0
18.584139264, -1049.0, 150.0, 74.0
18.589085696, -1052.0, 155.0, 82.0
18.594032256, -1050.0, 158.0, 88.0
18.598978688, -1051.0, 166.0, 83.0
18.60392512, -1052.0, 167.0, 77.0
18.608871552, -1053.0, 171.0, 74.0
18.613817984, -1052.0, 174.0, 71.0
18.618764544, -1050.0, 168.0, 67.0
18.623710976, -1043.0, 162.0, 69.0
18.628657408, -1039.0, 157.0, 71.0
18.63360384, -1032.0, 155.0, 77.0
18.6385504, -1028.0, 150.0, 74.0
18.643496832, -1024.0, 153.0, 79.0
18.648443264, -1017.0, 147.0, 87.0
18.653389696, -1011.0, 146.0, 94.0
18.658336128, -1012.0, 144.0, 98.0
18.663282688, -1007.0, 141.0, 94.0
18.66822912, -1010.0, 144.0, 100.0
18.673175552, -1012.0, 145.0, 97.0
18.678121984, -1014.0, 146.0, 95.0
18.683068456, -1020.0, 146.0, 91.0
18.68801408, -1018.0, 155.0, 93.0
18.692959744, -1021.0, 145.0, 92.0
18.69790528, -1019.0, 141.0, 94.0
18.702850944, -1021.0, 140.0, 89.0
18.70779648, -1019.0, 141.0, 81.0
18.712742144, -1016.0, 139.0, 79.0
18.717687808, -1010.0, 138.0, 83.0
18.722633344, -1003.0, 142.0, 91.0
18.727579008, -999.0, 141.0, 92.0
18.732524544, -996.0, 145.0, 102.0
18.737470208, -994.0, 144.0, 105.0
18.742415744, -992.0, 142.0, 114.0
18.747361408, -990.0, 139.0, 121.0
18.752307072, -990.0, 138.0, 124.0
18.757252608, -992.0, 135.0, 123.0
18.762198272, -994.0, 134.0, 124.0
18.767143808, -995.0, 135.0, 125.0
18.772089472, -997.0, 135.0, 121.0
18.777035136, -998.0, 134.0, 115.0
18.781980672, -1003.0, 133.0, 113.0
18.786926336, -1005.0, 137.0, 106.0
18.791871872, -1004.0, 139.0, 99.0
18.796817536, -1006.0, 145.0, 100.0
18.8017632, -1005.0, 149.0, 95.0
18.806708736, -1008.0, 156.0, 94.0
18.8116544, -1007.0, 156.0, 86.0
18.816599936, -1010.0, 151.0, 90.0
18.8215456, -1004.0, 151.0, 88.0
18.826491136, -1005.0, 148.0, 94.0
18.8314368, -1003.0, 146.0, 100.0
18.836382464, -1007.0, 142.0, 100.0
18.841328, -1000.0, 138.0, 113.0
18.846273664, -997.0, 138.0, 122.0
18.8512192, -999.0, 141.0, 122.0
18.856164864, -1002.0, 141.0, 122.0
18.861110458, -1002.0, 144.0, 124.0
18.866056064, -1008.0, 146.0, 120.0
18.871001728, -1007.0, 148.0, 122.0
18.875947264, -1009.0, 151.0, 124.0
18.880892928, -1005.0, 153.0, 125.0
18.885838464, -1008.0, 152.0, 123.0
18.890784128, -1013.0, 156.0, 119.0
18.895729792, -1014.0, 155.0, 114.0
18.900675328, -1013.0, 162.0, 106.0
18.905620992, -1011.0, 167.0, 101.0
18.910566528, -1010.0, 170.0, 93.0
18.915512192, -1004.0, 177.0, 96.0
18.920457728, -1004.0, 186.0, 94.0
18.925403392, -1000.0, 188.0, 93.0
18.930349056, -996.0, 194.0, 104.0
18.935294592, -996.0, 193.0, 114.0
18.940240256, -997.0, 193.0, 125.0
18.945185792, -1001.0, 192.0, 125.0
18.950131456, -1007.0, 186.0, 116.0
18.95507712, -1011.0, 180.0, 109.0
18.960022656, -1011.0, 163.0, 95.0
18.96496832, -1009.0, 149.0, 83.0
18.969913856, -1001.0, 141.0, 83.0
18.97485952, -998.0, 136.0, 96.0
18.979805184, -997.0, 133.0, 103.0
18.98475072, -998.0, 130.0, 105.0
18.989696384, -1000.0, 129.0, 104.0
18.99464192, -1003.0, 132.0, 96.0
18.999587584, -1004.0, 131.0, 94.0
19.004533248, -1004.0, 131.0, 97.0
19.009478784, -1002.0, 130.0, 96.0
19.014424448, -1001.0, 131.0, 98.0
19.019369984, -997.0, 134.0, 96.0
19.024315648, -996.0, 139.0, 101.0
19.029261184, -993.0, 145.0, 101.0
19.034206848, -993.0, 151.0, 111.0
19.03915247, -993.0, 155.0, 115.0
19.044095616, -993.0, 169.0, 122.0
19.04903872, -995.0, 173.0, 121.0
19.053981696, -995.0, 179.0, 120.0
19.0589248, -995.0, 185.0, 120.0
19.063867904, -996.0, 196.0, 120.0
19.068811008, -997.0, 200.0, 119.0
19.073753984, -997.0, 204.0, 115.0
19.078697088, -999.0, 207.0, 111.0
19.083640192, -999.0, 210.0, 112.0
19.088583168, -997.0, 209.0, 112.0
19.093526272, -999.0, 213.0, 105.0
19.098469376, -1000.0, 217.0, 109.0
19.10341248, -997.0, 215.0, 114.0
19.108355456, -998.0, 211.0, 110.0
19.11329856, -998.0, 211.0, 113.0
19.118241664, -999.0, 208.0, 106.0
19.123184768, -999.0, 213.0, 108.0
19.128127744, -996.0, 215.0, 111.0
19.133070848, -994.0, 216.0, 110.0
19.138013952, -996.0, 214.0, 110.0
19.142956928, -995.0, 214.0, 116.0
19.147900032, -995.0, 213.0, 116.0
19.152843136, -995.0, 212.0, 113.0
19.15778624, -996.0, 213.0, 107.0
19.162729216, -994.0, 217.0, 117.0
19.16767232, -993.0, 222.0, 119.0
19.172615424, -992.0, 226.0, 124.0
19.1775584, -992.0, 233.0, 130.0
19.182501504, -992.0, 236.0, 128.0
19.187444608, -995.0, 243.0, 132.0
19.192387712, -999.0, 243.0, 137.0
19.197330688, -999.0, 243.0, 148.0
19.202273792, -1003.0, 245.0, 160.0
19.207216896, -999.0, 249.0, 170.0
19.21216, -996.0, 252.0, 171.0
19.217102934, -995.0, 258.0, 164.0
19.222046848, -996.0, 260.0, 161.0
19.22699072, -993.0, 263.0, 149.0
19.23193472, -992.0, 263.0, 138.0
19.236878592, -984.0, 262.0, 138.0
19.241822464, -980.0, 259.0, 138.0
19.246766464, -981.0, 258.0, 132.0
19.251710336, -981.0, 255.0, 130.0
19.256654208, -982.0, 254.0, 139.0
19.261598208, -980.0, 251.0, 147.0
19.26654208, -982.0, 255.0, 161.0
19.271485952, -987.0, 259.0, 166.0
19.276429952, -991.0, 263.0, 161.0
19.281373824, -995.0, 270.0, 153.0
19.286317696, -999.0, 273.0, 146.0
19.291261696, -1002.0, 274.0, 141.0
19.296205568, -1004.0, 271.0, 137.0
19.301149568, -1003.0, 265.0, 134.0
19.30609344, -1001.0, 258.0, 132.0
19.311037312, -996.0, 254.0, 135.0
19.315981312, -990.0, 250.0, 141.0
19.320925184, -981.0, 246.0, 142.0
19.325869056, -972.0, 242.0, 144.0
19.330813056, -963.0, 238.0, 144.0
19.335756928, -957.0, 239.0, 139.0
19.3407008, -953.0, 238.0, 136.0
19.3456448, -952.0, 240.0, 138.0
19.350588672, -954.0, 239.0, 137.0
19.355532544, -959.0, 243.0, 141.0
19.360476544, -966.0, 245.0, 141.0
19.365420416, -969.0, 249.0, 141.0
19.370364288, -978.0, 251.0, 141.0
19.375308288, -984.0, 260.0, 141.0
19.38025216, -988.0, 265.0, 145.0
19.385196032, -990.0, 269.0, 151.0
19.390140032, -991.0, 271.0, 162.0
19.39508392, -989.0, 277.0, 159.0
19.400026112, -982.0, 279.0, 173.0
19.40496832, -975.0, 283.0, 175.0
19.409910528, -964.0, 283.0, 178.0
19.414852736, -951.0, 285.0, 178.0
19.419794944, -944.0, 286.0, 173.0
19.424737152, -938.0, 292.0, 177.0
19.429679488, -928.0, 298.0, 188.0
19.434621696, -936.0, 303.0, 195.0
19.439563904, -936.0, 306.0, 202.0
19.444506112, -940.0, 307.0, 206.0
19.44944832, -944.0, 309.0, 208.0
19.454390528, -939.0, 306.0, 206.0
19.459332736, -951.0, 314.0, 209.0
19.464274944, -952.0, 315.0, 213.0
19.469217152, -956.0, 313.0, 204.0
19.47415936, -957.0, 314.0, 193.0
19.479101696, -955.0, 312.0, 192.0
19.484043904, -951.0, 311.0, 191.0
19.488986112, -947.0, 309.0, 190.0
19.49392832, -945.0, 302.0, 191.0
19.498870528, -941.0, 292.0, 185.0
19.503812736, -936.0, 283.0, 193.0
19.508754944, -932.0, 281.0, 192.0
19.513697152, -927.0, 274.0, 197.0
19.51863936, -920.0, 271.0, 197.0
19.523581568, -919.0, 271.0, 193.0
19.528523776, -912.0, 270.0, 199.0
19.533466112, -914.0, 278.0, 197.0
19.53840832, -911.0, 284.0, 195.0
19.543350528, -906.0, 290.0, 198.0
19.548292736, -897.0, 294.0, 205.0
19.553234944, -894.0, 293.0, 202.0
19.558177152, -890.0, 296.0, 202.0
19.56311936, -888.0, 300.0, 205.0
19.568061568, -891.0, 306.0, 200.0
19.57300384, -896.0, 315.0, 193.0
19.577950208, -894.0, 315.0, 197.0
19.58289664, -891.0, 331.0, 191.0
19.587843072, -889.0, 351.0, 194.0
19.592789632, -888.0, 368.0, 197.0
19.597736064, -886.0, 377.0, 192.0
19.602682496, -887.0, 386.0, 181.0
19.607628928, -886.0, 388.0, 161.0
19.612575488, -887.0, 393.0, 135.0
19.61752192, -888.0, 393.0, 127.0
19.622468352, -889.0, 397.0, 120.0
19.627414784, -889.0, 397.0, 116.0
19.632361216, -889.0, 398.0, 117.0
19.637307776, -888.0, 398.0, 125.0
19.642254208, -895.0, 396.0, 135.0
19.64720064, -913.0, 395.0, 148.0
19.652147072, -940.0, 392.0, 148.0
19.657093504, -955.0, 391.0, 144.0
19.662040064, -966.0, 389.0, 145.0
19.666986496, -980.0, 389.0, 144.0
19.671932928, -989.0, 386.0, 139.0
19.67687936, -991.0, 385.0, 142.0
19.68182592, -992.0, 384.0, 146.0
19.686772352, -993.0, 383.0, 154.0
19.691718784, -993.0, 378.0, 169.0
19.696665216, -995.0, 371.0, 184.0
19.701611648, -995.0, 362.0, 197.0
19.706558208, -994.0, 352.0, 206.0
19.71150464, -995.0, 342.0, 212.0
19.716451072, -995.0, 332.0, 218.0
19.721397504, -994.0, 320.0, 220.0
19.726343936, -994.0, 316.0, 226.0
19.731290496, -992.0, 309.0, 236.0
19.736236928, -995.0, 306.0, 245.0
19.74118336, -998.0, 299.0, 245.0
19.746129792, -1000.0, 288.0, 243.0
19.751076384, -1005.0, 285.0, 238.0
19.756022016, -1008.0, 281.0, 233.0
19.76096768, -1002.0, 270.0, 222.0
19.765913216, -999.0, 265.0, 218.0
19.77085888, -996.0, 262.0, 220.0
19.775804416, -994.0, 258.0, 226.0
19.78075008, -988.0, 256.0, 223.0
19.785695744, -977.0, 254.0, 224.0
19.79064128, -965.0, 254.0, 232.0
19.795586944, -955.0, 255.0, 239.0
19.80053248, -953.0, 254.0, 246.0
19.805478144, -951.0, 253.0, 245.0
19.81042368, -953.0, 254.0, 245.0
19.815369344, -952.0, 256.0, 243.0
19.820315008, -950.0, 260.0, 235.0
19.825260544, -952.0, 269.0, 232.0
19.830206208, -954.0, 281.0, 219.0
19.835151744, -957.0, 291.0, 215.0
19.840097408, -964.0, 299.0, 209.0
19.845043072, -971.0, 304.0, 201.0
19.849988608, -978.0, 308.0, 201.0
19.854934272, -975.0, 305.0, 186.0
19.859879808, -971.0, 309.0, 183.0
19.864825472, -968.0, 304.0, 168.0
19.869771136, -959.0, 301.0, 168.0
19.874716672, -952.0, 297.0, 174.0
19.879662336, -947.0, 290.0, 178.0
19.884607872, -941.0, 284.0, 179.0
19.889553536, -940.0, 283.0, 188.0
19.894499072, -940.0, 276.0, 197.0
19.899444736, -938.0, 275.0, 199.0
19.9043904, -936.0, 271.0, 210.0
19.909335936, -929.0, 272.0, 214.0
19.9142816, -933.0, 275.0, 217.0
19.919227136, -939.0, 276.0, 211.0
19.9241728, -940.0, 279.0, 210.0
19.929118386, -949.0, 277.0, 208.0
19.934063104, -958.0, 280.0, 212.0
19.939007872, -964.0, 278.0, 213.0
19.94395264, -974.0, 279.0, 215.0
19.948897408, -983.0, 275.0, 214.0
19.953842176, -985.0, 270.0, 220.0
19.958786944, -986.0, 263.0, 221.0
19.963731712, -988.0, 253.0, 218.0
19.96867648, -986.0, 248.0, 215.0
19.973621248, -988.0, 240.0, 213.0
19.978566016, -987.0, 228.0, 207.0
19.983510784, -986.0, 215.0, 201.0
19.988455552, -984.0, 204.0, 205.0
19.99340032, -980.0, 194.0, 200.0
19.998345088, -975.0, 178.0, 206.0
20.003289856, -973.0, 163.0, 213.0
20.008234496, -972.0, 155.0, 219.0
20.013179264, -976.0, 143.0, 232.0
20.018124032, -981.0, 131.0, 242.0
20.0230688, -988.0, 125.0, 246.0
20.028013568, -992.0, 122.0, 247.0
20.032958336, -995.0, 124.0, 247.0
20.037903104, -997.0, 125.0, 243.0
20.042847872, -996.0, 129.0, 234.0
20.04779264, -996.0, 140.0, 232.0
20.052737408, -994.0, 153.0, 232.0
20.057682176, -990.0, 174.0, 226.0
20.062626944, -985.0, 192.0, 218.0
20.067571712, -979.0, 205.0, 204.0
20.07251648, -973.0, 217.0, 189.0
20.077461248, -963.0, 237.0, 176.0
20.082406016, -953.0, 246.0, 173.0
20.087350784, -946.0, 251.0, 169.0
20.092295552, -939.0, 258.0, 175.0
20.09724032, -926.0, 269.0, 169.0
20.102185088, -916.0, 274.0, 175.0
20.10712987, -913.0, 279.0, 181.0
20.112076288, -915.0, 280.0, 186.0
20.11702272, -916.0, 284.0, 186.0
20.121969152, -927.0, 285.0, 184.0
20.126915712, -931.0, 281.0, 184.0
20.131862144, -936.0, 273.0, 191.0
20.136808576, -937.0, 267.0, 195.0
20.141755008, -941.0, 261.0, 197.0
20.146701568, -945.0, 257.0, 206.0
20.151648, -949.0, 254.0, 211.0
20.156594432, -952.0, 252.0, 217.0
20.161540864, -951.0, 252.0, 220.0
20.166487296, -954.0, 250.0, 221.0
20.171433856, -963.0, 248.0, 220.0
20.176380288, -973.0, 247.0, 213.0
20.18132672, -979.0, 248.0, 189.0
20.186273152, -975.0, 248.0, 178.0
20.191219584, -968.0, 243.0, 175.0
20.196166144, -957.0, 241.0, 181.0
20.201112576, -955.0, 232.0, 203.0
20.206059008, -957.0, 222.0, 217.0
20.21100544, -963.0, 218.0, 227.0
20.215952, -973.0, 210.0, 224.0
20.220898432, -978.0, 203.0, 215.0
20.225844864, -985.0, 197.0, 200.0
20.230791296, -986.0, 187.0, 202.0
20.235737728, -990.0, 183.0, 197.0
20.240684288, -990.0, 175.0, 196.0
20.24563072, -990.0, 172.0, 190.0
20.250577152, -989.0, 167.0, 197.0
20.255523584, -988.0, 170.0, 205.0
20.260470016, -989.0, 179.0, 212.0
20.265416576, -987.0, 184.0, 223.0
20.270363008, -989.0, 186.0, 230.0
20.27530944, -990.0, 189.0, 233.0
20.280255872, -991.0, 193.0, 234.0
20.28520242, -992.0, 194.0, 235.0
20.29014976, -993.0, 195.0, 240.0
20.295097088, -989.0, 189.0, 238.0
20.300044416, -986.0, 195.0, 245.0
20.304991616, -980.0, 195.0, 248.0
20.309938944, -977.0, 194.0, 249.0
20.314886272, -971.0, 197.0, 253.0
20.3198336, -975.0, 202.0, 253.0
20.324780928, -982.0, 207.0, 252.0
20.329728256, -989.0, 213.0, 249.0
20.334675456, -991.0, 220.0, 250.0
20.339622784, -996.0, 226.0, 246.0
20.344570112, -998.0, 222.0, 245.0
20.34951744, -1004.0, 219.0, 246.0
20.354464768, -1009.0, 215.0, 244.0
20.359412096, -1015.0, 209.0, 243.0
20.364359296, -1018.0, 203.0, 243.0
20.369306624, -1023.0, 199.0, 243.0
20.374253952, -1010.0, 195.0, 252.0
20.37920128, -1003.0, 188.0, 254.0
20.384148608, -1000.0, 184.0, 256.0
20.389095936, -1000.0, 183.0, 259.0
20.394043136, -1001.0, 185.0, 260.0
20.398990464, -999.0, 177.0, 258.0
20.403937792, -1003.0, 177.0, 258.0
20.40888512, -1003.0, 176.0, 257.0
20.413832448, -1005.0, 176.0, 257.0
20.418779776, -1005.0, 178.0, 258.0
20.423726976, -1000.0, 175.0, 254.0
20.428674304, -997.0, 175.0, 253.0
20.433621632, -996.0, 178.0, 258.0
20.43856896, -998.0, 174.0, 261.0
20.443516288, -996.0, 176.0, 268.0
20.448463616, -997.0, 169.0, 267.0
20.453410816, -996.0, 168.0, 270.0
20.458358144, -994.0, 164.0, 265.0
20.463305442, -991.0, 156.0, 270.0
20.4682528, -987.0, 151.0, 274.0
20.473200128, -974.0, 144.0, 282.0
20.478147456, -969.0, 143.0, 286.0
20.483094784, -959.0, 140.0, 279.0
20.488041984, -954.0, 136.0, 277.0
20.492989312, -953.0, 138.0, 281.0
20.49793664, -949.0, 133.0, 291.0
20.502883968, -949.0, 134.0, 287.0
20.507831296, -951.0, 132.0, 290.0
20.512778624, -948.0, 135.0, 287.0
20.517725824, -943.0, 136.0, 282.0
20.522673152, -945.0, 138.0, 275.0
20.52762048, -945.0, 135.0, 266.0
20.532567808, -948.0, 139.0, 266.0
20.537515136, -955.0, 145.0, 264.0
20.542462464, -952.0, 150.0, 265.0
20.547409664, -952.0, 156.0, 261.0
20.552356992, -951.0, 168.0, 259.0
20.55730432, -945.0, 176.0, 258.0
20.562251648, -941.0, 180.0, 257.0
20.567198976, -939.0, 182.0, 258.0
20.572146304, -936.0, 187.0, 262.0
20.577093504, -928.0, 186.0, 261.0
20.582040832, -933.0, 188.0, 264.0
20.58698816, -934.0, 189.0, 267.0
20.591935488, -940.0, 189.0, 265.0
20.596882816, -943.0, 187.0, 268.0
20.601830144, -952.0, 190.0, 269.0
20.606777344, -958.0, 189.0, 260.0
20.611724672, -974.0, 198.0, 256.0
20.616672, -960.0, 209.0, 259.0
20.621619328, -962.0, 216.0, 248.0
20.626566656, -959.0, 222.0, 246.0
20.631513984, -960.0, 219.0, 249.0
20.636461184, -958.0, 212.0, 248.0
20.64140849, -956.0, 204.0, 252.0
20.646354176, -959.0, 194.0, 248.0
20.65129984, -967.0, 187.0, 248.0
20.656245376, -968.0, 179.0, 248.0
20.66119104, -972.0, 164.0, 250.0
20.666136576, -975.0, 156.0, 247.0
20.67108224, -981.0, 150.0, 245.0
20.676027904, -984.0, 149.0, 243.0
20.68097344, -985.0, 149.0, 237.0
20.685919104, -986.0, 150.0, 236.0
20.69086464, -987.0, 154.0, 233.0
20.695810304, -986.0, 154.0, 228.0
20.700755968, -987.0, 159.0, 226.0
20.705701504, -989.0, 157.0, 219.0
20.710647168, -988.0, 155.0, 216.0
20.715592704, -988.0, 150.0, 216.0
20.720538368, -987.0, 146.0, 215.0
20.725483904, -984.0, 143.0, 212.0
20.730429568, -981.0, 134.0, 211.0
20.735375232, -972.0, 130.0, 218.0
20.740320768, -960.0, 129.0, 226.0
20.745266432, -962.0, 128.0, 230.0
20.750211968, -960.0, 127.0, 234.0
20.755157632, -965.0, 131.0, 240.0
20.760103296, -969.0, 131.0, 238.0
20.765048832, -974.0, 129.0, 244.0
20.769994496, -969.0, 125.0, 251.0
20.774940032, -974.0, 124.0, 251.0
20.779885696, -981.0, 123.0, 250.0
20.78483136, -985.0, 123.0, 241.0
20.789776896, -985.0, 122.0, 236.0
20.79472256, -975.0, 120.0, 239.0
20.799668096, -969.0, 123.0, 243.0
20.80461376, -966.0, 124.0, 248.0
20.809559424, -967.0, 124.0, 252.0
20.81450496, -972.0, 124.0, 256.0
20.819450518, -977.0, 125.0, 253.0
20.824399488, -983.0, 126.0, 250.0
20.82934848, -988.0, 122.0, 241.0
20.834297472, -991.0, 121.0, 235.0
20.839246464, -993.0, 118.0, 228.0
20.844195456, -993.0, 118.0, 223.0
20.849144448, -994.0, 119.0, 216.0
20.85409344, -994.0, 119.0, 218.0
20.85904256, -993.0, 120.0, 218.0
20.863991552, -993.0, 121.0, 218.0
20.868940544, -992.0, 125.0, 225.0
20.873889536, -992.0, 128.0, 221.0
20.878838528, -995.0, 128.0, 222.0
20.88378752, -997.0, 133.0, 223.0
20.888736512, -998.0, 133.0, 224.0
20.893685504, -1000.0, 142.0, 224.0
20.898634496, -1004.0, 143.0, 218.0
20.903583488, -1006.0, 146.0, 215.0
20.90853248, -1003.0, 149.0, 208.0
20.913481472, -1001.0, 152.0, 213.0
20.918430592, -1000.0, 144.0, 213.0
20.923379584, -997.0, 149.0, 215.0
20.928328576, -996.0, 141.0, 217.0
20.933277568, -996.0, 139.0, 224.0
20.93822656, -994.0, 140.0, 224.0
20.943175552, -993.0, 135.0, 224.0
20.948124544, -991.0, 135.0, 229.0
20.953073536, -991.0, 132.0, 231.0
20.958022528, -990.0, 130.0, 236.0
20.96297152, -988.0, 127.0, 238.0
20.967920512, -987.0, 130.0, 240.0
20.972869504, -983.0, 127.0, 240.0
20.977818624, -981.0, 128.0, 241.0
20.982767616, -979.0, 125.0, 240.0
20.987716608, -979.0, 125.0, 237.0
20.9926656, -976.0, 124.0, 235.0
20.997614606, -973.0, 124.0, 230.0
21.00256192, -969.0, 123.0, 231.0
21.007509248, -958.0, 121.0, 228.0
21.012456576, -956.0, 120.0, 230.0
21.017403776, -956.0, 122.0, 232.0
21.022351104, -952.0, 120.0, 232.0
21.027298432, -953.0, 119.0, 233.0
21.03224576, -952.0, 121.0, 240.0
21.037193088, -956.0, 121.0, 240.0
21.042140416, -962.0, 123.0, 244.0
21.047087616, -969.0, 124.0, 238.0
21.052034944, -968.0, 124.0, 243.0
21.056982272, -969.0, 124.0, 240.0
21.0619296, -965.0, 120.0, 240.0
21.066876928, -974.0, 118.0, 241.0
21.071824256, -977.0, 116.0, 245.0
21.076771456, -980.0, 114.0, 249.0
21.081718784, -985.0, 106.0, 250.0
21.086666112, -987.0, 102.0, 251.0
21.09161344, -991.0, 102.0, 252.0
21.096560768, -995.0, 100.0, 253.0
21.101508096, -997.0, 95.0, 254.0
21.106455296, -999.0, 89.0, 253.0
21.111402624, -1001.0, 83.0, 254.0
21.116349952, -1004.0, 79.0, 254.0
21.12129728, -1004.0, 78.0, 255.0
21.126244608, -1006.0, 74.0, 254.0
21.131191936, -1011.0, 76.0, 253.0
21.136139136, -1014.0, 75.0, 250.0
21.141086464, -1017.0, 74.0, 249.0
21.146033792, -1020.0, 76.0, 246.0
21.15098112, -1026.0, 77.0, 241.0
21.155928448, -1028.0, 73.0, 243.0
21.160875776, -1028.0, 76.0, 239.0
21.165822976, -1026.0, 70.0, 243.0
21.170770304, -1024.0, 69.0, 244.0
21.175717634, -1019.0, 67.0, 247.0
21.18066496, -1015.0, 64.0, 254.0
21.185612288, -1007.0, 66.0, 256.0
21.190559616, -1002.0, 62.0, 258.0
21.195506944, -998.0, 62.0, 260.0
21.200454144, -995.0, 61.0, 267.0
21.205401472, -991.0, 61.0, 267.0
21.2103488, -990.0, 60.0, 282.0
21.215296128, -987.0, 63.0, 285.0
21.220243456, -989.0, 66.0, 297.0
21.225190784, -984.0, 67.0, 292.0
21.230137984, -983.0, 71.0, 293.0
21.235085312, -981.0, 77.0, 291.0
21.24003264, -979.0, 77.0, 292.0
21.244979968, -983.0, 84.0, 295.0
21.249927296, -981.0, 86.0, 295.0
21.254874624, -985.0, 87.0, 282.0
21.259821824, -983.0, 86.0, 281.0
21.264769152, -983.0, 82.0, 269.0
21.26971648, -982.0, 78.0, 265.0
21.274663808, -973.0, 79.0, 257.0
21.279611136, -967.0, 76.0, 256.0
21.284558464, -958.0, 78.0, 254.0
21.289505664, -952.0, 80.0, 254.0
21.294452992, -949.0, 80.0, 258.0
21.29940032, -942.0, 80.0, 258.0
21.304347648, -940.0, 77.0, 258.0
21.309294976, -943.0, 77.0, 261.0
21.314242304, -944.0, 77.0, 264.0
21.319189504, -946.0, 83.0, 262.0
21.324136832, -951.0, 82.0, 267.0
21.32908416, -951.0, 85.0, 274.0
21.334031488, -952.0, 85.0, 275.0
21.338978816, -951.0, 94.0, 287.0
21.343926144, -948.0, 94.0, 287.0
21.348873344, -949.0, 101.0, 290.0
21.353820682, -949.0, 102.0, 290.0
21.358768, -950.0, 101.0, 284.0
21.363715328, -952.0, 106.0, 291.0
21.368662656, -960.0, 104.0, 291.0
21.373609984, -964.0, 106.0, 276.0
21.378557184, -972.0, 109.0, 256.0
21.383504512, -964.0, 106.0, 249.0
21.38845184, -954.0, 106.0, 245.0
21.393399168, -950.0, 108.0, 250.0
21.398346496, -944.0, 115.0, 260.0
21.403293824, -946.0, 119.0, 273.0
21.408241024, -946.0, 119.0, 281.0
21.413188352, -949.0, 125.0, 277.0
21.41813568, -958.0, 125.0, 268.0
21.423083008, -966.0, 130.0, 261.0
21.428030336, -978.0, 131.0, 260.0
21.432977664, -990.0, 129.0, 259.0
21.437924864, -995.0, 128.0, 260.0
21.442872192, -997.0, 126.0, 261.0
21.44781952, -1000.0, 125.0, 255.0
21.452766848, -1001.0, 127.0, 250.0
21.457714176, -1001.0, 126.0, 250.0
21.462661504, -1000.0, 128.0, 242.0
21.467608704, -998.0, 127.0, 242.0
21.472556032, -997.0, 123.0, 242.0
21.47750336, -996.0, 119.0, 244.0
21.482450688, -996.0, 115.0, 253.0
21.487398016, -998.0, 109.0, 255.0
21.492345344, -998.0, 95.0, 257.0
21.497292544, -998.0, 83.0, 265.0
21.502239872, -998.0, 74.0, 270.0
21.5071872, -997.0, 72.0, 281.0
21.512134528, -996.0, 70.0, 289.0
21.517081856, -997.0, 71.0, 298.0
21.522029184, -997.0, 70.0, 307.0
21.526976384, -998.0, 66.0, 306.0
21.53192373, -999.0, 66.0, 303.0
21.536870144, -995.0, 70.0, 299.0
21.541816576, -995.0, 64.0, 301.0
21.546763008, -992.0, 61.0, 297.0
21.551709568, -990.0, 60.0, 306.0
21.556656, -989.0, 58.0, 308.0
21.561602432, -995.0, 58.0, 322.0
21.566548864, -1005.0, 64.0, 313.0
21.571495424, -1020.0, 77.0, 296.0
21.576441856, -1024.0, 99.0, 267.0
21.581388288, -1011.0, 114.0, 253.0
21.58633472, -1001.0, 122.0, 250.0
21.591281152, -995.0, 132.0, 249.0
21.596227712, -994.0, 144.0, 261.0
21.601174144, -994.0, 157.0, 278.0
21.606120576, -994.0, 168.0, 290.0
21.611067008, -994.0, 173.0, 281.0
21.61601344, -993.0, 172.0, 264.0
21.62096, -990.0, 169.0, 257.0
21.625906432, -990.0, 167.0, 245.0
21.630852864, -993.0, 166.0, 245.0
21.635799296, -1001.0, 160.0, 240.0
21.640745856, -1027.0, 155.0, 235.0
21.645692288, -1051.0, 148.0, 218.0
21.65063872, -1056.0, 139.0, 195.0
21.655585152, -1054.0, 135.0, 175.0
21.660531584, -1032.0, 130.0, 156.0
21.665478144, -1007.0, 134.0, 146.0
21.670424576, -991.0, 144.0, 138.0
21.675371008, -966.0, 145.0, 135.0
21.68031744, -942.0, 146.0, 135.0
21.685264, -916.0, 149.0, 139.0
21.690210432, -899.0, 146.0, 141.0
21.695156864, -892.0, 139.0, 146.0
21.700103296, -892.0, 131.0, 164.0
21.705049728, -896.0, 128.0, 171.0
21.709996286, -907.0, 121.0, 178.0
21.714941952, -926.0, 110.0, 183.0
21.719887616, -949.0, 92.0, 184.0
21.724833152, -969.0, 72.0, 192.0
21.729778816, -992.0, 55.0, 201.0
21.734724352, -1000.0, 38.0, 209.0
21.739670016, -1013.0, 22.0, 218.0
21.74461568, -1022.0, 10.0, 220.0
21.749561216, -1024.0, -2.0, 218.0
21.75450688, -1024.0, -21.0, 215.0
21.759452416, -1021.0, -40.0, 215.0
21.76439808, -1015.0, -53.0, 216.0
21.769343616, -1005.0, -75.0, 222.0
21.77428928, -997.0, -96.0, 227.0
21.779234944, -991.0, -109.0, 226.0
21.78418048, -984.0, -120.0, 230.0
21.789126144, -963.0, -141.0, 238.0
21.79407168, -951.0, -162.0, 236.0
21.799017344, -948.0, -176.0, 238.0
21.803963008, -949.0, -176.0, 234.0
21.808908544, -949.0, -173.0, 236.0
21.813854208, -949.0, -160.0, 229.0
21.818799744, -950.0, -146.0, 229.0
21.823745408, -959.0, -123.0, 223.0
21.828691072, -959.0, -111.0, 231.0
21.833636608, -960.0, -93.0, 234.0
21.838582272, -966.0, -68.0, 235.0
21.843527808, -963.0, -46.0, 239.0
21.848473472, -967.0, -28.0, 242.0
21.853419008, -970.0, -12.0, 245.0
21.858364672, -970.0, 5.0, 247.0
21.863310336, -970.0, 11.0, 254.0
21.868255872, -970.0, 18.0, 255.0
21.873201536, -967.0, 21.0, 256.0
21.878147072, -969.0, 24.0, 254.0
21.883092736, -968.0, 25.0, 251.0
21.888038288, -971.0, 27.0, 248.0
21.892986368, -966.0, 25.0, 243.0
21.897934464, -962.0, 22.0, 239.0
21.902882688, -960.0, 21.0, 243.0
21.907830784, -953.0, 21.0, 242.0
21.912779008, -949.0, 17.0, 242.0
21.917727104, -949.0, 9.0, 244.0
21.922675328, -945.0, 3.0, 246.0
21.927623424, -942.0, -8.0, 246.0
21.932571648, -943.0, -21.0, 248.0
21.937519744, -948.0, -38.0, 249.0
21.942467968, -957.0, -46.0, 246.0
21.947416064, -969.0, -60.0, 241.0
21.95236416, -975.0, -70.0, 233.0
21.957312384, -981.0, -76.0, 222.0
21.96226048, -987.0, -85.0, 218.0
21.967208704, -993.0, -91.0, 215.0
21.9721568, -1000.0, -97.0, 205.0
21.977105024, -1010.0, -103.0, 179.0
21.98205312, -1019.0, -104.0, 158.0
21.987001344, -1004.0, -100.0, 144.0
21.99194944, -1001.0, -97.0, 143.0
21.996897664, -995.0, -93.0, 160.0
22.00184576, -989.0, -84.0, 193.0
22.006793984, -989.0, -70.0, 209.0
22.01174208, -988.0, -61.0, 218.0
22.016690176, -983.0, -58.0, 227.0
22.0216384, -984.0, -56.0, 227.0
22.026586496, -989.0, -52.0, 219.0
22.03153472, -990.0, -50.0, 221.0
22.036482816, -988.0, -49.0, 228.0
22.04143104, -987.0, -50.0, 236.0
22.046379136, -989.0, -51.0, 244.0
22.05132736, -991.0, -56.0, 252.0
22.056275456, -994.0, -63.0, 261.0
22.06122368, -997.0, -71.0, 274.0
22.066171848, -998.0, -85.0, 293.0
22.07112, -1005.0, -86.0, 306.0
22.076068096, -1019.0, -91.0, 324.0
22.08101632, -1038.0, -91.0, 339.0
22.085964416, -1049.0, -88.0, 357.0
22.09091264, -1056.0, -91.0, 375.0
22.095860736, -1064.0, -83.0, 389.0
22.10080896, -1076.0, -79.0, 390.0
22.105757056, -1091.0, -71.0, 394.0
22.11070528, -1091.0, -64.0, 388.0
22.115653376, -1099.0, -64.0, 386.0
22.1206016, -1093.0, -59.0, 384.0
22.125549696, -1089.0, -60.0, 362.0
22.130497792, -1081.0, -70.0, 348.0
22.135446016, -1062.0, -71.0, 327.0
22.140394112, -1050.0, -78.0, 310.0
22.145342336, -1025.0, -93.0, 299.0
22.150290432, -1003.0, -97.0, 289.0
22.155238656, -995.0, -102.0, 277.0
22.160186752, -991.0, -106.0, 277.0
22.165134976, -989.0, -109.0, 265.0
22.170083072, -985.0, -109.0, 256.0
22.175031296, -979.0, -110.0, 248.0
22.179979392, -972.0, -111.0, 243.0
22.184927616, -968.0, -110.0, 239.0
22.189875712, -957.0, -110.0, 238.0
22.194823808, -952.0, -111.0, 231.0
22.199772032, -947.0, -110.0, 233.0
22.204720128, -941.0, -109.0, 236.0
22.209668352, -934.0, -106.0, 236.0
22.214616448, -928.0, -108.0, 239.0
22.219564672, -921.0, -108.0, 241.0
22.224512768, -921.0, -106.0, 242.0
22.229460992, -931.0, -106.0, 250.0
22.234409088, -948.0, -106.0, 251.0
22.239357312, -970.0, -103.0, 243.0
22.244305414, -984.0, -107.0, 229.0
22.24925184, -981.0, -110.0, 215.0
22.254198272, -967.0, -115.0, 218.0
22.259144704, -948.0, -117.0, 216.0
22.264091264, -941.0, -115.0, 211.0
22.269037696, -945.0, -112.0, 204.0
22.273984128, -948.0, -108.0, 191.0
22.27893056, -955.0, -101.0, 185.0
22.28387712, -962.0, -92.0, 173.0
22.288823552, -972.0, -84.0, 164.0
22.293769984, -971.0, -72.0, 172.0
22.298716416, -976.0, -62.0, 169.0
22.303662848, -984.0, -53.0, 173.0
22.308609408, -990.0, -50.0, 175.0
22.31355584, -994.0, -46.0, 187.0
22.318502272, -999.0, -45.0, 202.0
22.323448704, -1008.0, -46.0, 212.0
22.328395136, -1020.0, -45.0, 224.0
22.333341696, -1025.0, -43.0, 233.0
22.338288128, -1031.0, -36.0, 235.0
22.34323456, -1036.0, -30.0, 233.0
22.348180992, -1032.0, -29.0, 228.0
22.353127552, -1027.0, -27.0, 221.0
22.358073984, -1020.0, -18.0, 211.0
22.363020416, -1009.0, -9.0, 207.0
22.367966848, -997.0, -2.0, 208.0
22.37291328, -991.0, 5.0, 207.0
22.37785984, -979.0, 9.0, 205.0
22.382806272, -965.0, 11.0, 212.0
22.387752704, -949.0, 14.0, 211.0
22.392699136, -947.0, 15.0, 217.0
22.397645568, -942.0, 14.0, 218.0
22.402592128, -938.0, 13.0, 225.0
22.40753856, -942.0, 10.0, 234.0
22.412484992, -945.0, 8.0, 242.0
22.417431424, -948.0, 6.0, 251.0
22.42237796, -952.0, -2.0, 256.0
22.42732608, -960.0, -11.0, 258.0
22.432274176, -969.0, -15.0, 262.0
22.4372224, -975.0, -24.0, 264.0
22.442170496, -986.0, -37.0, 268.0
22.44711872, -990.0, -46.0, 269.0
22.452066816, -991.0, -53.0, 269.0
22.45701504, -993.0, -63.0, 274.0
22.461963136, -994.0, -77.0, 265.0
22.46691136, -994.0, -88.0, 262.0
22.471859456, -995.0, -98.0, 259.0
22.47680768, -997.0, -104.0, 258.0
22.481755776, -997.0, -109.0, 256.0
22.486703872, -998.0, -108.0, 256.0
22.491652096, -997.0, -109.0, 252.0
22.496600192, -999.0, -111.0, 252.0
22.501548416, -999.0, -111.0, 244.0
22.506496512, -1001.0, -109.0, 240.0
22.511444736, -1000.0, -107.0, 243.0
22.516392832, -1000.0, -102.0, 235.0
22.521341056, -998.0, -98.0, 232.0
22.526289152, -999.0, -91.0, 236.0
22.531237376, -1000.0, -78.0, 240.0
22.536185472, -1000.0, -63.0, 249.0
22.541133568, -998.0, -53.0, 254.0
22.546081792, -999.0, -45.0, 254.0
22.551029888, -997.0, -38.0, 254.0
22.555978112, -993.0, -31.0, 255.0
22.560926208, -989.0, -30.0, 262.0
22.565874432, -982.0, -20.0, 276.0
22.570822528, -985.0, -16.0, 282.0
22.575770752, -990.0, -11.0, 269.0
22.580718848, -989.0, -6.0, 260.0
22.585667072, -981.0, -8.0, 257.0
22.590615168, -963.0, -5.0, 264.0
22.595563264, -955.0, -3.0, 283.0
22.60051151, -951.0, 0.0, 300.0
22.605459584, -958.0, 2.0, 307.0
22.61040768, -959.0, 3.0, 297.0
22.615355904, -963.0, 5.0, 278.0
22.620304, -962.0, 0.0, 270.0
22.625252224, -970.0, -7.0, 263.0
22.63020032, -974.0, -14.0, 261.0
22.635148544, -980.0, -27.0, 257.0
22.64009664, -983.0, -37.0, 258.0
22.645044864, -986.0, -45.0, 258.0
22.64999296, -985.0, -53.0, 260.0
22.654941184, -983.0, -59.0, 260.0
22.65988928, -987.0, -60.0, 259.0
22.664837376, -986.0, -69.0, 261.0
22.6697856, -986.0, -70.0, 262.0
22.674733696, -987.0, -73.0, 261.0
22.67968192, -988.0, -75.0, 261.0
22.684630016, -983.0, -80.0, 258.0
22.68957824, -982.0, -77.0, 260.0
22.694526336, -983.0, -80.0, 257.0
22.69947456, -984.0, -82.0, 257.0
22.704422656, -983.0, -81.0, 260.0
22.70937088, -984.0, -82.0, 259.0
22.714318976, -988.0, -82.0, 258.0
22.7192672, -988.0, -81.0, 258.0
22.724215296, -990.0, -78.0, 260.0
22.729163392, -991.0, -75.0, 259.0
22.734111616, -992.0, -75.0, 260.0
22.739059712, -991.0, -74.0, 256.0
22.744007936, -987.0, -73.0, 259.0
22.748956032, -986.0, -67.0, 261.0
22.753904256, -986.0, -63.0, 265.0
22.758852352, -986.0, -58.0, 267.0
22.763800576, -980.0, -56.0, 266.0
22.768748672, -982.0, -54.0, 271.0
22.773696896, -980.0, -54.0, 275.0
22.778645076, -979.0, -47.0, 286.0
22.783592448, -980.0, -47.0, 282.0
22.788539776, -982.0, -43.0, 288.0
22.793487104, -985.0, -46.0, 288.0
22.798434304, -985.0, -43.0, 287.0
22.803381632, -985.0, -45.0, 286.0
22.80832896, -984.0, -46.0, 279.0
22.813276288, -983.0, -49.0, 290.0
22.818223616, -980.0, -51.0, 300.0
22.823170944, -983.0, -50.0, 306.0
22.828118144, -985.0, -48.0, 311.0
22.833065472, -987.0, -50.0, 301.0
22.8380128, -989.0, -50.0, 290.0
22.842960128, -989.0, -53.0, 279.0
22.847907456, -987.0, -53.0, 271.0
22.852854784, -986.0, -56.0, 264.0
22.857801984, -988.0, -55.0, 265.0
22.862749312, -988.0, -55.0, 263.0
22.86769664, -987.0, -59.0, 260.0
22.872643968, -987.0, -56.0, 265.0
22.877591296, -982.0, -56.0, 263.0
22.882538624, -981.0, -55.0, 264.0
22.887485824, -970.0, -52.0, 262.0
22.892433152, -971.0, -53.0, 265.0
22.89738048, -964.0, -55.0, 267.0
22.902327808, -963.0, -54.0, 272.0
22.907275136, -964.0, -53.0, 281.0
22.912222464, -969.0, -51.0, 273.0
22.917169664, -973.0, -50.0, 276.0
22.922116992, -976.0, -44.0, 271.0
22.92706432, -980.0, -38.0, 268.0
22.932011648, -981.0, -39.0, 264.0
22.936958976, -982.0, -36.0, 262.0
22.941906304, -981.0, -35.0, 263.0
22.946853504, -978.0, -35.0, 261.0
22.951800832, -977.0, -39.0, 263.0
22.956748114, -976.0, -42.0, 266.0
22.961694592, -966.0, -47.0, 275.0
22.966641024, -967.0, -45.0, 275.0
22.971587456, -962.0, -49.0, 280.0
22.976534016, -962.0, -49.0, 277.0
22.981480448, -966.0, -51.0, 276.0
22.98642688, -968.0, -52.0, 264.0
22.991373312, -974.0, -54.0, 256.0
22.996319872, -969.0, -53.0, 252.0
23.001266304, -963.0, -56.0, 251.0
23.006212736, -960.0, -59.0, 254.0
23.011159168, -961.0, -59.0, 252.0
23.0161056, -959.0, -58.0, 254.0
23.02105216, -954.0, -56.0, 256.0
23.025998592, -952.0, -56.0, 258.0
23.030945024, -954.0, -53.0, 258.0
23.035891456, -957.0, -51.0, 263.0
23.040837888, -959.0, -50.0, 266.0
23.045784448, -967.0, -48.0, 274.0
23.05073088, -976.0, -46.0, 285.0
23.055677312, -980.0, -44.0, 296.0
23.060623744, -987.0, -44.0, 302.0
23.065570304, -992.0, -43.0, 306.0
23.070516736, -993.0, -43.0, 306.0
23.075463168, -994.0, -44.0, 303.0
23.0804096, -992.0, -45.0, 299.0
23.085356032, -992.0, -42.0, 305.0
23.090302592, -990.0, -35.0, 308.0
23.095249024, -991.0, -32.0, 310.0
23.100195456, -991.0, -30.0, 313.0
23.105141888, -991.0, -27.0, 306.0
23.110088448, -992.0, -25.0, 303.0
23.11503488, -993.0, -21.0, 307.0
23.119981312, -994.0, -15.0, 306.0
23.124927744, -993.0, -11.0, 315.0
23.129874176, -994.0, -10.0, 325.0
23.13482067, -995.0, -6.0, 329.0
23.139766272, -991.0, -4.0, 327.0
23.144711936, -992.0, 0.0, 322.0
23.149657472, -988.0, 0.0, 311.0
23.154603136, -976.0, -1.0, 311.0
23.159548672, -970.0, -3.0, 315.0
23.164494336, -962.0, -2.0, 314.0
23.16944, -964.0, -4.0, 305.0
23.174385536, -966.0, -7.0, 291.0
23.1793312, -958.0, -8.0, 288.0
23.184276736, -952.0, -9.0, 296.0
23.1892224, -948.0, -11.0, 314.0
23.194167936, -949.0, -14.0, 340.0
23.1991136, -951.0, -15.0, 358.0
23.204059264, -957.0, -16.0, 364.0
23.2090048, -963.0, -19.0, 358.0
23.213950464, -971.0, -28.0, 340.0
23.218896, -965.0, -36.0, 339.0
23.223841664, -962.0, -47.0, 337.0
23.228787328, -968.0, -51.0, 335.0
23.233732864, -963.0, -56.0, 337.0
23.238678528, -962.0, -59.0, 343.0
23.243624064, -967.0, -59.0, 347.0
23.248569728, -965.0, -56.0, 355.0
23.253515392, -970.0, -54.0, 360.0
23.258460928, -963.0, -53.0, 357.0
23.263406592, -961.0, -53.0, 359.0
23.268352128, -959.0, -49.0, 365.0
23.273297792, -951.0, -46.0, 364.0
23.278243328, -948.0, -45.0, 370.0
23.283188992, -944.0, -44.0, 369.0
23.288134656, -939.0, -45.0, 366.0
23.293080192, -935.0, -42.0, 363.0
23.298025856, -917.0, -42.0, 365.0
23.302971392, -918.0, -47.0, 371.0
23.307917056, -922.0, -42.0, 368.0
23.312862672, -917.0, -46.0, 375.0
23.317808384, -927.0, -45.0, 386.0
23.322754048, -939.0, -44.0, 381.0
23.327699584, -947.0, -41.0, 385.0
23.332645248, -949.0, -39.0, 390.0
23.337590784, -949.0, -37.0, 392.0
23.342536448, -952.0, -37.0, 395.0
23.347482112, -949.0, -38.0, 397.0
23.352427648, -947.0, -41.0, 401.0
23.357373312, -943.0, -39.0, 403.0
23.362318848, -940.0, -42.0, 397.0
23.367264512, -942.0, -49.0, 402.0
23.372210048, -928.0, -55.0, 404.0
23.377155712, -936.0, -65.0, 398.0
23.382101376, -943.0, -73.0, 389.0
23.387046912, -953.0, -74.0, 391.0
23.391992576, -953.0, -76.0, 390.0
23.396938112, -948.0, -74.0, 396.0
23.401883776, -945.0, -74.0, 398.0
23.40682944, -942.0, -63.0, 408.0
23.411774976, -944.0, -58.0, 412.0
23.41672064, -945.0, -51.0, 426.0
23.421666176, -948.0, -43.0, 429.0
23.42661184, -954.0, -33.0, 437.0
23.431557504, -959.0, -17.0, 431.0
23.43650304, -964.0, -9.0, 419.0
23.441448704, -967.0, -3.0, 411.0
23.44639424, -965.0, 0.0, 396.0
23.451339904, -962.0, -3.0, 385.0
23.456285568, -952.0, -2.0, 375.0
23.461231104, -946.0, 0.0, 375.0
23.466176768, -935.0, 4.0, 385.0
23.471122304, -921.0, 9.0, 390.0
23.476067968, -911.0, 12.0, 402.0
23.481013504, -908.0, 12.0, 408.0
23.485959168, -902.0, 16.0, 402.0
23.490904684, -902.0, 17.0, 395.0
23.495848576, -903.0, 17.0, 391.0
23.500792448, -898.0, 16.0, 392.0
23.505736448, -900.0, 13.0, 388.0
23.51068032, -909.0, 8.0, 373.0
23.515624192, -927.0, -7.0, 351.0
23.520568192, -929.0, -21.0, 331.0
23.525512064, -928.0, -36.0, 315.0
23.530455936, -923.0, -47.0, 316.0
23.535399936, -914.0, -60.0, 305.0
23.540343808, -907.0, -75.0, 308.0
23.54528768, -909.0, -89.0, 311.0
23.55023168, -906.0, -95.0, 314.0
23.555175552, -898.0, -97.0, 332.0
23.560119552, -888.0, -101.0, 348.0
23.565063424, -886.0, -94.0, 365.0
23.570007296, -892.0, -80.0, 373.0
23.574951296, -906.0, -73.0, 377.0
23.579895168, -928.0, -60.0, 372.0
23.58483904, -948.0, -59.0, 356.0
23.58978304, -958.0, -53.0, 344.0
23.594726912, -968.0, -50.0, 335.0
23.599670784, -975.0, -47.0, 333.0
23.604614784, -982.0, -45.0, 329.0
23.609558656, -990.0, -39.0, 317.0
23.614502528, -993.0, -37.0, 315.0
23.619446528, -994.0, -31.0, 305.0
23.6243904, -995.0, -20.0, 304.0
23.629334272, -993.0, -18.0, 300.0
23.634278272, -993.0, -11.0, 294.0
23.639222144, -992.0, -4.0, 302.0
23.644166016, -987.0, 1.0, 301.0
23.649110016, -985.0, 6.0, 309.0
23.654053888, -982.0, 10.0, 312.0
23.65899776, -978.0, 19.0, 308.0
23.66394176, -980.0, 23.0, 304.0
23.668885676, -981.0, 35.0, 302.0
23.673829504, -987.0, 50.0, 306.0
23.678773376, -986.0, 54.0, 306.0
23.683717376, -988.0, 66.0, 296.0
23.688661248, -987.0, 78.0, 297.0
23.69360512, -992.0, 91.0, 300.0
23.69854912, -991.0, 102.0, 308.0
23.703492992, -990.0, 111.0, 319.0
23.708436864, -988.0, 119.0, 312.0
23.713380864, -984.0, 119.0, 322.0
23.718324736, -975.0, 120.0, 327.0
23.723268608, -965.0, 120.0, 327.0
23.728212608, -968.0, 118.0, 329.0
23.73315648, -974.0, 113.0, 321.0
23.738100352, -983.0, 101.0, 313.0
23.743044352, -984.0, 87.0, 306.0
23.747988224, -982.0, 69.0, 310.0
23.752932096, -979.0, 61.0, 310.0
23.757876096, -983.0, 53.0, 321.0
23.762819968, -990.0, 36.0, 323.0
23.767763968, -995.0, 22.0, 310.0
23.77270784, -999.0, 16.0, 283.0
23.777651712, -998.0, 7.0, 261.0
23.782595712, -994.0, -2.0, 254.0
23.787539584, -988.0, -11.0, 255.0
23.792483456, -978.0, -24.0, 261.0
23.797427456, -969.0, -31.0, 275.0
23.802371328, -966.0, -36.0, 292.0
23.8073152, -974.0, -41.0, 312.0
23.8122592, -980.0, -46.0, 310.0
23.817203072, -984.0, -51.0, 294.0
23.822146944, -982.0, -54.0, 278.0
23.827090944, -981.0, -55.0, 265.0
23.832034816, -974.0, -56.0, 264.0
23.836978688, -973.0, -53.0, 264.0
23.841922688, -969.0, -52.0, 262.0
23.846866652, -960.0, -49.0, 261.0
23.851808896, -959.0, -46.0, 271.0
23.856751104, -949.0, -43.0, 269.0
23.861693312, -947.0, -40.0, 276.0
23.86663552, -943.0, -40.0, 284.0
23.871577728, -944.0, -41.0, 293.0
23.876519936, -946.0, -40.0, 296.0
23.881462272, -952.0, -37.0, 300.0
23.88640448, -962.0, -37.0, 309.0
23.891346688, -973.0, -38.0, 309.0
23.896288896, -975.0, -36.0, 309.0
23.901231104, -981.0, -41.0, 306.0
23.906173312, -984.0, -38.0, 295.0
23.91111552, -980.0, -36.0, 294.0
23.916057728, -981.0, -32.0, 287.0
23.920999936, -981.0, -33.0, 277.0
23.925942144, -980.0, -32.0, 276.0
23.930884352, -981.0, -34.0, 268.0
23.935826688, -979.0, -36.0, 270.0
23.940768896, -976.0, -32.0, 269.0
23.945711104, -972.0, -34.0, 280.0
23.950653312, -973.0, -33.0, 281.0
23.95559552, -977.0, -32.0, 279.0
23.960537728, -979.0, -32.0, 277.0
23.965479936, -981.0, -32.0, 267.0
23.970422144, -982.0, -32.0, 267.0
23.975364352, -980.0, -35.0, 264.0
23.98030656, -983.0, -37.0, 262.0
23.985248896, -984.0, -32.0, 265.0
23.990191104, -988.0, -28.0, 262.0
23.995133312, -986.0, -26.0, 262.0
24.00007552, -981.0, -22.0, 266.0
24.005017728, -981.0, -24.0, 274.0
24.009959936, -977.0, -16.0, 278.0
24.014902144, -971.0, -22.0, 274.0
24.019844352, -966.0, -18.0, 275.0
24.024786572, -958.0, -20.0, 278.0
24.029732992, -953.0, -14.0, 283.0
24.034679424, -955.0, -16.0, 280.0
24.039625856, -958.0, -16.0, 277.0
24.044572416, -965.0, -16.0, 275.0
24.049518848, -969.0, -17.0, 272.0
24.05446528, -978.0, -16.0, 264.0
24.059411712, -983.0, -14.0, 260.0
24.064358272, -987.0, -24.0, 259.0
24.069304704, -990.0, -32.0, 259.0
24.074251136, -991.0, -44.0, 258.0
24.079197568, -994.0, -51.0, 259.0
24.084144, -995.0, -58.0, 256.0
24.08909056, -995.0, -66.0, 254.0
24.094036992, -995.0, -67.0, 253.0
24.098983424, -993.0, -74.0, 252.0
24.103929856, -991.0, -77.0, 252.0
24.108876288, -987.0, -77.0, 253.0
24.113822848, -983.0, -74.0, 251.0
24.11876928, -974.0, -70.0, 253.0
24.123715712, -968.0, -67.0, 254.0
24.128662144, -963.0, -66.0, 251.0
24.133608704, -965.0, -59.0, 253.0
24.138555136, -963.0, -54.0, 257.0
24.143501568, -965.0, -54.0, 257.0
24.148448, -968.0, -49.0, 261.0
24.153394432, -972.0, -45.0, 260.0
24.158340992, -977.0, -46.0, 259.0
24.163287424, -984.0, -49.0, 260.0
24.168233856, -985.0, -53.0, 258.0
24.173180288, -987.0, -52.0, 254.0
24.17812672, -991.0, -61.0, 253.0
24.18307328, -990.0, -68.0, 254.0
24.188019712, -989.0, -78.0, 255.0
24.192966144, -989.0, -86.0, 259.0
24.197912576, -987.0, -95.0, 265.0
24.202859116, -986.0, -98.0, 264.0
24.2078048, -987.0, -92.0, 269.0
24.212750464, -983.0, -87.0, 267.0
24.217696, -979.0, -74.0, 262.0
24.222641664, -978.0, -65.0, 263.0
24.2275872, -979.0, -61.0, 262.0
24.232532864, -983.0, -55.0, 261.0
24.237478528, -988.0, -52.0, 259.0
24.242424064, -989.0, -53.0, 258.0
24.247369728, -993.0, -55.0, 256.0
24.252315264, -993.0, -54.0, 256.0
24.257260928, -992.0, -60.0, 253.0
24.262206464, -989.0, -75.0, 251.0
24.267152128, -988.0, -90.0, 253.0
24.272097792, -973.0, -97.0, 250.0
24.277043328, -971.0, -104.0, 252.0
24.281988992, -964.0, -105.0, 253.0
24.286934528, -969.0, -104.0, 251.0
24.291880192, -967.0, -104.0, 253.0
24.296825856, -969.0, -102.0, 256.0
24.301771392, -975.0, -93.0, 261.0
24.306717056, -980.0, -89.0, 267.0
24.311662592, -987.0, -77.0, 275.0
24.316608256, -994.0, -69.0, 270.0
24.32155392, -996.0, -59.0, 267.0
24.326499456, -1000.0, -59.0, 255.0
24.33144512, -1001.0, -60.0, 251.0
24.336390656, -1004.0, -60.0, 246.0
24.34133632, -1000.0, -59.0, 252.0
24.346281856, -998.0, -62.0, 257.0
24.35122752, -995.0, -71.0, 261.0
24.356173184, -993.0, -84.0, 256.0
24.36111872, -989.0, -89.0, 250.0
24.366064384, -985.0, -96.0, 241.0
24.37100992, -976.0, -93.0, 245.0
24.375955584, -962.0, -94.0, 240.0
24.380901118, -955.0, -95.0, 239.0
24.385850112, -950.0, -96.0, 238.0
24.390799104, -948.0, -94.0, 232.0
24.395748096, -950.0, -101.0, 225.0
24.400697088, -956.0, -108.0, 222.0
24.40564608, -960.0, -109.0, 231.0
24.410595072, -963.0, -116.0, 247.0
24.415544064, -968.0, -123.0, 258.0
24.420493184, -967.0, -129.0, 271.0
24.425442176, -970.0, -125.0, 284.0
24.430391168, -983.0, -118.0, 301.0
24.43534016, -987.0, -113.0, 304.0
24.440289152, -991.0, -109.0, 278.0
24.445238144, -993.0, -99.0, 259.0
24.450187136, -991.0, -83.0, 239.0
24.455136128, -984.0, -59.0, 224.0
24.46008512, -968.0, -43.0, 219.0
24.465034112, -950.0, -27.0, 224.0
24.469983104, -942.0, -15.0, 238.0
24.474932096, -936.0, -7.0, 246.0
24.479881216, -942.0, -6.0, 255.0
24.484830208, -945.0, -7.0, 258.0
24.4897792, -947.0, -11.0, 267.0
24.494728192, -944.0, -13.0, 276.0
24.499677184, -945.0, -10.0, 311.0
24.504626176, -950.0, -11.0, 341.0
24.509575168, -962.0, -9.0, 357.0
24.51452416, -979.0, -6.0, 359.0
24.519473152, -994.0, -3.0, 355.0
24.524422144, -1006.0, -4.0, 329.0
24.529371136, -1024.0, -7.0, 297.0
24.534320128, -1045.0, -7.0, 259.0
24.539269248, -1044.0, -9.0, 250.0
24.54421824, -1042.0, -11.0, 244.0
24.549167232, -1042.0, -7.0, 243.0
24.554116224, -1038.0, -9.0, 249.0
24.559065206, -1040.0, -13.0, 248.0
24.564011648, -1036.0, -26.0, 248.0
24.56895808, -1032.0, -34.0, 248.0
24.573904512, -1021.0, -42.0, 247.0
24.578851072, -1006.0, -44.0, 247.0
24.583797504, -995.0, -42.0, 249.0
24.588743936, -988.0, -35.0, 253.0
24.593690368, -974.0, -29.0, 255.0
24.5986368, -968.0, -21.0, 260.0
24.60358336, -965.0, -14.0, 262.0
24.608529792, -966.0, -3.0, 257.0
24.613476224, -979.0, 6.0, 255.0
24.618422656, -982.0, 9.0, 254.0
24.623369216, -990.0, 12.0, 250.0
24.628315648, -994.0, 14.0, 249.0
24.63326208, -997.0, 11.0, 241.0
24.638208512, -1003.0, 7.0, 236.0
24.643154944, -1002.0, -1.0, 235.0
24.648101504, -1002.0, -14.0, 224.0
24.653047936, -1000.0, -26.0, 226.0
24.657994368, -991.0, -39.0, 234.0
24.6629408, -975.0, -47.0, 245.0
24.667887232, -960.0, -51.0, 256.0
24.672833792, -952.0, -53.0, 261.0
24.677780224, -946.0, -45.0, 271.0
24.682726656, -942.0, -34.0, 278.0
24.687673088, -938.0, -18.0, 290.0
24.692619648, -939.0, -9.0, 292.0
24.69756608, -944.0, 0.0, 295.0
24.702512512, -951.0, 5.0, 298.0
24.707458944, -960.0, 6.0, 302.0
24.712405376, -970.0, 6.0, 309.0
24.717351936, -982.0, 3.0, 316.0
24.722298368, -992.0, 4.0, 313.0
24.7272448, -995.0, 2.0, 312.0
24.732191232, -1003.0, 1.0, 315.0
24.737137742, -1007.0, 2.0, 301.0
24.74208768, -1004.0, -1.0, 287.0
24.747037568, -1002.0, -3.0, 281.0
24.751987328, -995.0, -7.0, 279.0
24.756937216, -985.0, -13.0, 276.0
24.761887104, -961.0, -23.0, 280.0
24.766836992, -948.0, -36.0, 289.0
24.771786752, -942.0, -48.0, 293.0
24.77673664, -939.0, -57.0, 290.0
24.781686528, -940.0, -59.0, 293.0
24.786636288, -942.0, -58.0, 302.0
24.791586176, -945.0, -58.0, 316.0
24.796536064, -947.0, -53.0, 325.0
24.801485824, -949.0, -48.0, 331.0
24.806435712, -951.0, -40.0, 344.0
24.8113856, -959.0, -36.0, 351.0
24.816335488, -959.0, -27.0, 349.0
24.821285248, -966.0, -21.0, 336.0
24.826235136, -971.0, -14.0, 321.0
24.831185024, -969.0, -16.0, 309.0
24.836134784, -966.0, -12.0, 305.0
24.841084672, -960.0, -10.0, 307.0
24.84603456, -959.0, -13.0, 321.0
24.85098432, -962.0, -8.0, 337.0
24.855934208, -962.0, -8.0, 355.0
24.860884096, -960.0, -8.0, 373.0
24.865833984, -960.0, -8.0, 380.0
24.870783744, -957.0, -12.0, 376.0
24.875733632, -955.0, -10.0, 373.0
24.88068352, -953.0, -11.0, 371.0
24.88563328, -950.0, -12.0, 373.0
24.890583168, -944.0, -9.0, 384.0
24.895533056, -947.0, -1.0, 390.0
24.900482944, -951.0, 4.0, 390.0
24.905432704, -954.0, 7.0, 384.0
24.910382592, -960.0, 11.0, 364.0
24.915332348, -962.0, 16.0, 336.0
24.92027968, -957.0, 15.0, 321.0
24.925227008, -955.0, 20.0, 308.0
24.930174336, -955.0, 17.0, 312.0
24.935121536, -953.0, 10.0, 308.0
24.940068864, -951.0, -1.0, 300.0
24.945016192, -955.0, -11.0, 292.0
24.94996352, -954.0, -29.0, 295.0
24.954910848, -952.0, -44.0, 305.0
24.959858176, -949.0, -55.0, 324.0
24.964805376, -950.0, -67.0, 332.0
24.969752704, -952.0, -72.0, 339.0
24.974700032, -965.0, -74.0, 339.0
24.97964736, -974.0, -75.0, 328.0
24.984594688, -979.0, -84.0, 313.0
24.989542016, -982.0, -97.0, 294.0
24.994489216, -979.0, -102.0, 276.0
24.999436544, -973.0, -106.0, 268.0
25.004383872, -963.0, -109.0, 265.0
25.0093312, -950.0, -110.0, 266.0
25.014278528, -942.0, -112.0, 272.0
25.019225856, -934.0, -116.0, 270.0
25.024173056, -931.0, -120.0, 270.0
25.029120384, -933.0, -124.0, 272.0
25.034067712, -946.0, -133.0, 273.0
25.03901504, -954.0, -133.0, 282.0
25.043962368, -980.0, -128.0, 294.0
25.048909696, -991.0, -123.0, 315.0
25.053856896, -995.0, -117.0, 332.0
25.058804224, -999.0, -109.0, 347.0
25.063751552, -1003.0, -94.0, 359.0
25.06869888, -1008.0, -73.0, 369.0
25.073646208, -1006.0, -54.0, 379.0
25.078593536, -1003.0, -40.0, 372.0
25.083540736, -1000.0, -12.0, 373.0
25.088488064, -995.0, 3.0, 365.0
25.093435366, -993.0, 12.0, 363.0
25.098381824, -986.0, 23.0, 361.0
25.103328256, -976.0, 34.0, 360.0
25.108274688, -965.0, 46.0, 353.0
25.113221248, -954.0, 50.0, 340.0
25.11816768, -951.0, 55.0, 333.0
25.123114112, -947.0, 59.0, 322.0
25.128060544, -944.0, 61.0, 312.0
25.133007104, -939.0, 63.0, 311.0
25.137953536, -936.0, 61.0, 322.0
25.142899968, -934.0, 58.0, 331.0
25.1478464, -934.0, 49.0, 331.0
25.152792832, -932.0, 33.0, 331.0
25.157739392, -927.0, 22.0, 326.0
25.162685824, -932.0, 14.0, 324.0
25.167632256, -939.0, 10.0, 315.0
25.172578688, -950.0, 6.0, 311.0
25.17752512, -959.0, 0.0, 310.0
25.18247168, -972.0, -2.0, 319.0
25.187418112, -978.0, -2.0, 321.0
25.192364544, -986.0, 3.0, 326.0
25.197310976, -993.0, 6.0, 325.0
25.202257536, -993.0, 10.0, 317.0
25.207203968, -996.0, 10.0, 309.0
25.2121504, -996.0, 10.0, 302.0
25.217096832, -997.0, 8.0, 290.0
25.222043264, -996.0, 7.0, 286.0
25.226989824, -993.0, 6.0, 291.0
25.231936256, -990.0, 1.0, 294.0
25.236882688, -976.0, -1.0, 300.0
25.24182912, -961.0, -1.0, 305.0
25.24677568, -952.0, 2.0, 307.0
25.251722112, -947.0, 2.0, 300.0
25.256668544, -946.0, 4.0, 304.0
25.261614976, -945.0, 7.0, 310.0
25.266561408, -948.0, 10.0, 313.0
25.271507922, -955.0, 13.0, 324.0
25.276453632, -967.0, 11.0, 325.0
25.281399296, -977.0, 18.0, 321.0
25.286344832, -974.0, 18.0, 314.0
25.291290496, -968.0, 17.0, 318.0
25.296236032, -968.0, 12.0, 316.0
25.301181696, -967.0, 7.0, 322.0
25.30612736, -974.0, 1.0, 315.0
25.311072896, -980.0, 1.0, 308.0
25.31601856, -983.0, 1.0, 302.0
25.320964096, -983.0, 0.0, 302.0
25.32590976, -981.0, -3.0, 303.0
25.330855296, -979.0, 0.0, 306.0
25.33580096, -980.0, -1.0, 307.0
25.340746624, -981.0, -4.0, 313.0
25.34569216, -976.0, -7.0, 315.0
25.350637824, -978.0, -7.0, 318.0
25.35558336, -978.0, -6.0, 312.0
25.360529024, -978.0, -6.0, 311.0
25.365474688, -980.0, -4.0, 311.0
25.370420224, -989.0, 3.0, 303.0
25.375365888, -991.0, 6.0, 299.0
25.380311424, -993.0, 10.0, 291.0
25.385257088, -995.0, 14.0, 290.0
25.390202752, -995.0, 17.0, 280.0
25.395148288, -994.0, 19.0, 269.0
25.400093952, -993.0, 24.0, 266.0
25.405039488, -994.0, 27.0, 265.0
25.409985152, -995.0, 29.0, 267.0
25.414930688, -992.0, 27.0, 272.0
25.419876352, -992.0, 28.0, 269.0
25.424822016, -988.0, 26.0, 271.0
25.429767552, -979.0, 26.0, 272.0
25.434713216, -963.0, 28.0, 281.0
25.439658752, -949.0, 29.0, 283.0
25.444604416, -938.0, 35.0, 286.0
25.449549924, -928.0, 31.0, 280.0
25.45449472, -909.0, 30.0, 279.0
25.459439488, -901.0, 34.0, 290.0
25.464384256, -895.0, 36.0, 300.0
25.469329024, -894.0, 41.0, 316.0
25.474273792, -890.0, 41.0, 326.0
25.47921856, -894.0, 43.0, 338.0
25.484163328, -901.0, 45.0, 345.0
25.489108096, -918.0, 47.0, 339.0
25.494052864, -938.0, 49.0, 328.0
25.498997632, -950.0, 48.0, 316.0
25.5039424, -960.0, 39.0, 301.0
25.508887168, -964.0, 34.0, 291.0
25.513831936, -969.0, 24.0, 281.0
25.518776704, -971.0, 13.0, 272.0
25.523721472, -968.0, 3.0, 277.0
25.528666112, -959.0, -14.0, 289.0
25.53361088, -951.0, -39.0, 290.0
25.538555648, -946.0, -57.0, 302.0
25.543500416, -944.0, -75.0, 307.0
25.548445184, -944.0, -86.0, 309.0
25.553389952, -941.0, -91.0, 317.0
25.55833472, -943.0, -90.0, 319.0
25.563279488, -947.0, -82.0, 318.0
25.568224256, -949.0, -73.0, 319.0
25.573169024, -954.0, -62.0, 312.0
25.578113792, -965.0, -51.0, 311.0
25.58305856, -975.0, -41.0, 304.0
25.588003328, -981.0, -31.0, 290.0
25.592948096, -988.0, -19.0, 292.0
25.597892864, -991.0, -9.0, 293.0
25.602837632, -992.0, 1.0, 293.0
25.6077824, -993.0, 8.0, 293.0
25.612727168, -993.0, 11.0, 299.0
25.617671936, -994.0, 15.0, 312.0
25.622616704, -995.0, 20.0, 320.0
25.627561408, -995.0, 23.0, 333.0
25.632507136, -990.0, 21.0, 338.0
25.6374528, -993.0, 25.0, 344.0
25.642398336, -991.0, 28.0, 337.0
25.647344, -989.0, 29.0, 330.0
25.652289536, -983.0, 26.0, 323.0
25.6572352, -972.0, 29.0, 309.0
25.662180864, -963.0, 29.0, 301.0
25.6671264, -957.0, 39.0, 294.0
25.672072064, -956.0, 42.0, 291.0
25.6770176, -957.0, 41.0, 289.0
25.681963264, -962.0, 41.0, 275.0
25.686908928, -961.0, 41.0, 275.0
25.691854464, -963.0, 42.0, 268.0
25.696800128, -963.0, 37.0, 271.0
25.701745664, -962.0, 34.0, 274.0
25.706691328, -965.0, 31.0, 285.0
25.711636864, -964.0, 25.0, 296.0
25.716582528, -969.0, 20.0, 304.0
25.721528192, -971.0, 15.0, 314.0
25.726473728, -974.0, 14.0, 320.0
25.731419392, -980.0, 12.0, 316.0
25.736364928, -982.0, 11.0, 311.0
25.741310592, -987.0, 8.0, 294.0
25.746256256, -987.0, 6.0, 274.0
25.751201792, -990.0, 4.0, 258.0
25.756147456, -992.0, 3.0, 252.0
25.761092992, -993.0, 4.0, 248.0
25.766038656, -994.0, 4.0, 252.0
25.77098432, -995.0, 6.0, 258.0
25.775929856, -996.0, 4.0, 270.0
25.78087552, -995.0, -1.0, 274.0
25.785821056, -996.0, -12.0, 280.0
25.79076672, -992.0, -18.0, 297.0
25.795712384, -991.0, -21.0, 312.0
25.80065792, -983.0, -28.0, 325.0
25.80560343, -970.0, -28.0, 346.0
25.810548224, -965.0, -28.0, 365.0
25.815492992, -959.0, -23.0, 375.0
25.82043776, -955.0, -25.0, 369.0
25.825382528, -957.0, -22.0, 355.0
25.830327296, -951.0, -24.0, 344.0
25.835272064, -950.0, -20.0, 326.0
25.840216832, -944.0, -12.0, 322.0
25.8451616, -943.0, -10.0, 325.0
25.850106368, -935.0, -5.0, 327.0
25.855051136, -934.0, 1.0, 335.0
25.859995904, -939.0, 2.0, 339.0
25.864940672, -943.0, 4.0, 348.0
25.86988544, -944.0, 6.0, 364.0
25.874830208, -948.0, 10.0, 375.0
25.879774976, -950.0, 9.0, 383.0
25.884719616, -950.0, 10.0, 383.0
25.889664384, -954.0, 10.0, 373.0
25.894609152, -954.0, 9.0, 368.0
25.89955392, -952.0, 10.0, 357.0
25.904498688, -948.0, 7.0, 356.0
25.909443456, -946.0, 5.0, 359.0
25.914388224, -944.0, 6.0, 363.0
25.919332992, -945.0, 4.0, 364.0
25.92427776, -948.0, 1.0, 353.0
25.929222528, -948.0, 2.0, 341.0
25.934167296, -949.0, 5.0, 341.0
25.939112064, -950.0, 9.0, 346.0
25.944056832, -950.0, 10.0, 363.0
25.9490016, -953.0, 8.0, 382.0
25.953946368, -962.0, 6.0, 386.0
25.958891136, -972.0, -1.0, 372.0
25.963835904, -978.0, -5.0, 339.0
25.968780672, -980.0, -1.0, 316.0
25.97372544, -972.0, -5.0, 312.0
25.978670208, -970.0, -7.0, 315.0
25.983614914, -963.0, -9.0, 319.0
25.988559744, -970.0, -9.0, 310.0
25.993504512, -968.0, -9.0, 290.0
25.99844928, -969.0, -6.0, 272.0
26.003394048, -986.0, 1.0, 253.0
26.008338816, -979.0, 4.0, 251.0
26.013283584, -981.0, 10.0, 254.0
26.018228352, -970.0, 16.0, 273.0
26.02317312, -968.0, 22.0, 313.0
26.028117888, -979.0, 21.0, 348.0
26.033062656, -980.0, 17.0, 366.0
26.038007424, -1001.0, 19.0, 336.0
26.042952192, -998.0, 10.0, 321.0
26.04789696, -992.0, 1.0, 317.0
26.052841728, -980.0, -11.0, 327.0
26.057786496, -949.0, -25.0, 338.0
26.062731136, -948.0, -41.0, 329.0
26.067675904, -919.0, -52.0, 330.0
26.072620672, -907.0, -67.0, 316.0
26.07756544, -895.0, -74.0, 313.0
26.082510208, -893.0, -74.0, 328.0
26.087454976, -896.0, -72.0, 331.0
26.092399744, -917.0, -57.0, 325.0
26.097344512, -933.0, -50.0, 317.0
26.10228928, -952.0, -32.0, 312.0
26.107234048, -958.0, -18.0, 326.0
26.112178816, -956.0, 0.0, 373.0
26.117123584, -959.0, 14.0, 407.0
26.122068352, -993.0, 27.0, 409.0
26.12701312, -1016.0, 24.0, 379.0
26.131957888, -1031.0, 29.0, 369.0
26.136902656, -1020.0, 20.0, 333.0
26.141847424, -1010.0, 13.0, 296.0
26.146792192, -1000.0, 9.0, 262.0
26.15173696, -991.0, -2.0, 245.0
26.156681728, -971.0, -16.0, 250.0
26.161626408, -967.0, -38.0, 253.0
26.166571136, -941.0, -52.0, 265.0
26.171515904, -940.0, -59.0, 280.0
26.176460672, -933.0, -63.0, 301.0
26.18140544, -934.0, -57.0, 339.0
26.186350208, -945.0, -49.0, 375.0
26.191294976, -970.0, -41.0, 380.0
26.196239744, -984.0, -26.0, 383.0
26.201184512, -991.0, -17.0, 389.0
26.20612928, -998.0, -4.0, 371.0
26.211074048, -996.0, 0.0, 352.0
26.216018816, -1002.0, 4.0, 314.0
26.220963584, -998.0, 2.0, 292.0
26.225908352, -993.0, -4.0, 279.0
26.23085312, -989.0, -16.0, 278.0
26.235797888, -984.0, -28.0, 269.0
26.240742528, -968.0, -34.0, 271.0
26.245687296, -990.0, -36.0, 250.0
26.250632064, -977.0, -44.0, 261.0
26.255576832, -959.0, -44.0, 281.0
26.2605216, -949.0, -43.0, 309.0
26.265466368, -927.0, -36.0, 341.0
26.270411136, -956.0, -27.0, 358.0
26.275355904, -957.0, -18.0, 381.0
26.280300672, -962.0, -3.0, 391.0
26.28524544, -970.0, 9.0, 388.0
26.290190208, -984.0, 13.0, 371.0
26.295134976, -990.0, 19.0, 348.0
26.300079744, -988.0, 24.0, 325.0
26.305024512, -991.0, 30.0, 310.0
26.30996928, -988.0, 31.0, 311.0
26.314914048, -981.0, 32.0, 313.0
26.319858816, -969.0, 22.0, 309.0
26.324803584, -975.0, 20.0, 300.0
26.329748352, -979.0, 14.0, 288.0
26.33469312, -962.0, 3.0, 282.0
26.339637902, -952.0, -6.0, 284.0
26.344582656, -956.0, -10.0, 286.0
26.349527424, -961.0, -18.0, 293.0
26.354472192, -956.0, -23.0, 321.0
26.35941696, -951.0, -29.0, 333.0
26.364361728, -952.0, -37.0, 336.0
26.369306496, -956.0, -37.0, 333.0
26.374251264, -962.0, -32.0, 334.0
26.379196032, -966.0, -30.0, 350.0
26.3841408, -980.0, -16.0, 363.0
26.389085568, -983.0, -8.0, 380.0
26.394030336, -978.0, 6.0, 387.0
26.398975104, -984.0, 14.0, 390.0
26.403919872, -985.0, 19.0, 386.0
26.40886464, -982.0, 18.0, 382.0
26.413809408, -976.0, 15.0, 388.0
26.418754048, -971.0, 11.0, 399.0
26.423698816, -956.0, 3.0, 427.0
26.428643584, -935.0, -8.0, 440.0
26.433588352, -922.0, -14.0, 447.0
26.43853312, -940.0, -21.0, 422.0
26.443477888, -925.0, -22.0, 421.0
26.448422656, -915.0, -12.0, 416.0
26.453367424, -903.0, 1.0, 409.0
26.458312192, -898.0, 11.0, 401.0
26.46325696, -912.0, 25.0, 395.0
26.468201728, -933.0, 33.0, 391.0
26.473146496, -935.0, 42.0, 390.0
26.478091264, -943.0, 34.0, 387.0
26.483036032, -948.0, 24.0, 390.0
26.4879808, -948.0, 11.0, 392.0
26.492925568, -944.0, -9.0, 386.0
26.497870336, -932.0, -44.0, 377.0
26.502815104, -946.0, -67.0, 349.0
26.507759872, -938.0, -98.0, 330.0
26.51270464, -935.0, -109.0, 317.0
26.517649396, -947.0, -113.0, 296.0
26.52259584, -945.0, -115.0, 303.0
26.527542272, -951.0, -110.0, 287.0
26.532488704, -958.0, -96.0, 290.0
26.537435264, -970.0, -70.0, 298.0
26.542381696, -970.0, -43.0, 306.0
26.547328128, -958.0, -16.0, 323.0
26.55227456, -972.0, 2.0, 320.0
26.55722112, -972.0, 9.0, 312.0
26.562167552, -952.0, 8.0, 326.0
26.567113984, -946.0, 6.0, 329.0
26.572060416, -938.0, -3.0, 333.0
26.577006848, -931.0, -19.0, 328.0
26.581953408, -940.0, -39.0, 307.0
26.58689984, -948.0, -55.0, 287.0
26.591846272, -958.0, -71.0, 262.0
26.596792704, -971.0, -84.0, 241.0
26.601739136, -987.0, -91.0, 237.0
26.606685696, -991.0, -85.0, 244.0
26.611632128, -993.0, -71.0, 253.0
26.61657856, -992.0, -47.0, 274.0
26.621524992, -987.0, -29.0, 302.0
26.626471552, -976.0, -4.0, 317.0
26.631417984, -963.0, 8.0, 303.0
26.636364416, -961.0, 13.0, 276.0
26.641310848, -949.0, 10.0, 256.0
26.64625728, -934.0, 4.0, 251.0
26.65120384, -922.0, -7.0, 243.0
26.656150272, -920.0, -28.0, 237.0
26.661096704, -935.0, -44.0, 225.0
26.666043136, -948.0, -62.0, 218.0
26.670989568, -955.0, -80.0, 220.0
26.675936128, -970.0, -92.0, 226.0
26.68088256, -985.0, -95.0, 240.0
26.685828992, -994.0, -94.0, 240.0
26.690775424, -996.0, -93.0, 241.0
26.695721946, -995.0, -87.0, 247.0
26.700667648, -994.0, -81.0, 257.0
26.705613312, -987.0, -69.0, 282.0
26.710558848, -985.0, -65.0, 316.0
26.715504512, -982.0, -62.0, 344.0
26.720450048, -980.0, -68.0, 354.0
26.725395712, -978.0, -83.0, 341.0
26.730341376, -976.0, -95.0, 320.0
26.735286912, -976.0, -103.0, 305.0
26.740232576, -971.0, -111.0, 289.0
26.745178112, -969.0, -114.0, 285.0
26.750123776, -968.0, -114.0, 274.0
26.755069312, -976.0, -113.0, 267.0
26.760014976, -982.0, -111.0, 262.0
26.76496064, -985.0, -103.0, 258.0
26.769906176, -990.0, -94.0, 256.0
26.77485184, -991.0, -69.0, 255.0
26.779797376, -993.0, -52.0, 256.0
26.78474304, -996.0, -40.0, 254.0
26.789688704, -997.0, -22.0, 257.0
26.79463424, -1001.0, -13.0, 257.0
26.799579904, -1006.0, -5.0, 260.0
26.80452544, -1007.0, 1.0, 260.0
26.809471104, -1015.0, 1.0, 259.0
26.814416768, -1022.0, 1.0, 260.0
26.819362304, -1025.0, 3.0, 260.0
26.824307968, -1024.0, 2.0, 261.0
26.829253504, -1020.0, 2.0, 258.0
26.834199168, -1014.0, 2.0, 259.0
26.839144704, -1011.0, 2.0, 256.0
26.844090368, -1002.0, 2.0, 256.0
26.849036032, -1002.0, 1.0, 255.0
26.853981568, -999.0, -1.0, 251.0
26.858927232, -997.0, -7.0, 252.0
26.863872768, -995.0, -6.0, 248.0
26.868818432, -994.0, -10.0, 246.0
26.873763948, -991.0, -15.0, 246.0
26.878708736, -990.0, -17.0, 252.0
26.883653504, -987.0, -23.0, 252.0
26.888598272, -982.0, -35.0, 253.0
26.89354304, -982.0, -42.0, 255.0
26.898487808, -975.0, -51.0, 256.0
26.903432576, -975.0, -57.0, 255.0
26.908377344, -980.0, -65.0, 257.0
26.913322112, -982.0, -70.0, 256.0
26.91826688, -989.0, -69.0, 260.0
26.923211648, -991.0, -66.0, 260.0
26.928156416, -994.0, -72.0, 260.0
26.933101184, -996.0, -70.0, 264.0
26.938045952, -999.0, -66.0, 267.0
26.94299072, -1000.0, -63.0, 270.0
26.947935488, -1004.0, -63.0, 267.0
26.952880128, -1003.0, -63.0, 270.0
26.957824896, -1001.0, -63.0, 260.0
26.962769664, -998.0, -70.0, 257.0
26.967714432, -996.0, -72.0, 258.0
26.9726592, -994.0, -73.0, 259.0
26.977603968, -991.0, -76.0, 260.0
26.982548736, -989.0, -73.0, 267.0
26.987493504, -985.0, -77.0, 269.0
26.992438272, -978.0, -79.0, 268.0
26.99738304, -974.0, -86.0, 275.0
27.002327808, -977.0, -83.0, 270.0
27.007272576, -980.0, -82.0, 276.0
27.012217344, -981.0, -84.0, 274.0
27.017162112, -983.0, -84.0, 273.0
27.02210688, -986.0, -78.0, 270.0
27.027051648, -984.0, -85.0, 268.0
27.031996416, -983.0, -82.0, 272.0
27.036941184, -981.0, -83.0, 266.0
27.041885952, -984.0, -82.0, 269.0
27.04683072, -982.0, -87.0, 265.0
27.051775432, -983.0, -86.0, 261.0
27.056720256, -977.0, -91.0, 261.0
27.061665024, -978.0, -92.0, 260.0
27.066609792, -979.0, -94.0, 260.0
27.07155456, -982.0, -94.0, 262.0
27.076499328, -985.0, -96.0, 266.0
27.081444096, -985.0, -93.0, 264.0
27.086388864, -987.0, -94.0, 270.0
27.091333632, -985.0, -99.0, 279.0
27.0962784, -981.0, -101.0, 285.0
27.101223168, -979.0, -101.0, 283.0
27.106167936, -977.0, -102.0, 294.0
27.111112704, -973.0, -104.0, 303.0
27.116057472, -975.0, -103.0, 309.0
27.12100224, -972.0, -101.0, 310.0
27.125947008, -969.0, -102.0, 311.0
27.130891648, -969.0, -96.0, 309.0
27.135836416, -969.0, -87.0, 300.0
27.140781184, -966.0, -83.0, 298.0
27.145725952, -964.0, -70.0, 294.0
27.15067072, -962.0, -62.0, 290.0
27.155615488, -955.0, -60.0, 287.0
27.160560256, -954.0, -56.0, 288.0
27.165505024, -948.0, -56.0, 289.0
27.170449792, -946.0, -58.0, 290.0
27.17539456, -947.0, -59.0, 294.0
27.180339328, -949.0, -61.0, 302.0
27.185284096, -950.0, -65.0, 308.0
27.190228864, -951.0, -71.0, 315.0
27.195173632, -953.0, -77.0, 314.0
27.2001184, -960.0, -75.0, 316.0
27.205063168, -963.0, -85.0, 311.0
27.210007936, -964.0, -91.0, 311.0
27.214952704, -963.0, -93.0, 299.0
27.219897472, -961.0, -96.0, 292.0
27.22484224, -964.0, -95.0, 284.0
27.229786926, -965.0, -92.0, 280.0
27.234732544, -968.0, -86.0, 282.0
27.239678208, -975.0, -90.0, 268.0
27.244623744, -969.0, -92.0, 267.0
27.249569408, -969.0, -90.0, 269.0
27.254514944, -964.0, -86.0, 269.0
27.259460608, -973.0, -80.0, 268.0
27.264406272, -980.0, -73.0, 267.0
27.269351808, -981.0, -72.0, 272.0
27.274297472, -975.0, -72.0, 270.0
27.279243008, -962.0, -76.0, 276.0
27.284188672, -959.0, -77.0, 271.0
27.289134336, -969.0, -70.0, 263.0
27.294079872, -978.0, -66.0, 254.0
27.299025536, -977.0, -62.0, 248.0
27.303971072, -972.0, -57.0, 252.0
27.308916736, -972.0, -50.0, 259.0
27.313862272, -974.0, -48.0, 281.0
27.318807936, -976.0, -49.0, 292.0
27.3237536, -979.0, -48.0, 306.0
27.328699136, -984.0, -48.0, 300.0
27.3336448, -986.0, -45.0, 289.0
27.338590336, -986.0, -46.0, 271.0
27.343536, -985.0, -45.0, 261.0
27.348481664, -985.0, -42.0, 260.0
27.3534272, -983.0, -39.0, 260.0
27.358372864, -981.0, -39.0, 258.0
27.3633184, -982.0, -29.0, 259.0
27.368264064, -982.0, -21.0, 261.0
27.373209728, -977.0, -17.0, 265.0
27.378155264, -973.0, -9.0, 269.0
27.383100928, -974.0, -2.0, 270.0
27.388046464, -980.0, 3.0, 270.0
27.392992128, -982.0, 6.0, 262.0
27.397937792, -980.0, 6.0, 261.0
27.402883328, -974.0, 8.0, 269.0
27.407828948, -972.0, 9.0, 278.0
27.412774656, -970.0, 7.0, 292.0
27.41772032, -958.0, 7.0, 300.0
27.422665856, -958.0, 6.0, 308.0
27.42761152, -959.0, 8.0, 322.0
27.432557056, -966.0, 6.0, 328.0
27.43750272, -977.0, 9.0, 324.0
27.442448384, -983.0, 11.0, 319.0
27.44739392, -988.0, 13.0, 309.0
27.452339584, -988.0, 14.0, 305.0
27.45728512, -987.0, 15.0, 307.0
27.462230784, -987.0, 17.0, 312.0
27.46717632, -991.0, 17.0, 316.0
27.472121984, -992.0, 20.0, 329.0
27.477067648, -992.0, 18.0, 338.0
27.482013184, -985.0, 14.0, 352.0
27.486958848, -978.0, 15.0, 362.0
27.491904384, -976.0, 14.0, 358.0
27.496850048, -969.0, 10.0, 358.0
27.501795712, -971.0, 8.0, 356.0
27.506741248, -974.0, 7.0, 359.0
27.511686912, -974.0, 2.0, 361.0
27.516632448, -979.0, 2.0, 353.0
27.521578112, -973.0, 0.0, 337.0
27.526523776, -972.0, -2.0, 335.0
27.531469312, -968.0, -4.0, 330.0
27.536414976, -959.0, -5.0, 324.0
27.541360512, -954.0, -3.0, 315.0
27.546306176, -952.0, -2.0, 318.0
27.55125184, -947.0, -1.0, 320.0
27.556197376, -937.0, 5.0, 324.0
27.56114304, -933.0, 8.0, 338.0
27.566088576, -937.0, 10.0, 343.0
27.57103424, -941.0, 15.0, 338.0
27.575979776, -942.0, 16.0, 339.0
27.58092544, -945.0, 18.0, 340.0
27.58587096, -946.0, 20.0, 342.0
27.590813184, -949.0, 23.0, 350.0
27.595755392, -950.0, 22.0, 341.0
27.6006976, -951.0, 21.0, 337.0
27.605639808, -954.0, 23.0, 332.0
27.610582016, -960.0, 29.0, 337.0
27.615524224, -971.0, 30.0, 333.0
27.62046656, -976.0, 31.0, 336.0
27.625408768, -976.0, 31.0, 336.0
27.630350976, -981.0, 27.0, 336.0
27.635293184, -981.0, 24.0, 333.0
27.640235392, -980.0, 22.0, 332.0
27.6451776, -975.0, 17.0, 325.0
27.650119808, -969.0, 15.0, 329.0
27.655062016, -968.0, 14.0, 311.0
27.660004224, -972.0, 14.0, 291.0
27.664946432, -967.0, 12.0, 279.0
27.669888768, -968.0, 14.0, 264.0
27.674830976, -969.0, 14.0, 263.0
27.679773184, -967.0, 15.0, 274.0
27.684715392, -970.0, 20.0, 293.0
27.6896576, -973.0, 21.0, 304.0
27.694599808, -973.0, 25.0, 313.0
27.699542016, -966.0, 28.0, 323.0
27.704484224, -960.0, 31.0, 327.0
27.709426432, -956.0, 29.0, 337.0
27.71436864, -956.0, 25.0, 347.0
27.719310976, -961.0, 20.0, 346.0
27.724253184, -966.0, 17.0, 345.0
27.729195392, -968.0, 17.0, 341.0
27.7341376, -969.0, 17.0, 340.0
27.739079808, -969.0, 16.0, 332.0
27.744022016, -965.0, 16.0, 327.0
27.748964224, -961.0, 17.0, 319.0
27.753906432, -957.0, 19.0, 314.0
27.75884864, -956.0, 20.0, 304.0
27.763790896, -953.0, 20.0, 296.0
27.768733056, -950.0, 21.0, 289.0
27.773675264, -948.0, 26.0, 295.0
27.778617472, -945.0, 25.0, 295.0
27.78355968, -944.0, 23.0, 305.0
27.788501888, -946.0, 23.0, 310.0
27.793444096, -950.0, 22.0, 323.0
27.798386432, -956.0, 19.0, 335.0
27.80332864, -959.0, 17.0, 341.0
27.808270848, -960.0, 15.0, 349.0
27.813213056, -971.0, 16.0, 347.0
27.818155264, -975.0, 15.0, 342.0
27.823097472, -980.0, 15.0, 336.0
27.82803968, -978.0, 15.0, 329.0
27.832981888, -976.0, 16.0, 326.0
27.837924096, -976.0, 15.0, 320.0
27.842866304, -977.0, 14.0, 315.0
27.84780864, -980.0, 16.0, 312.0
27.852750848, -987.0, 16.0, 318.0
27.857693056, -985.0, 18.0, 316.0
27.862635264, -986.0, 17.0, 324.0
27.867577472, -984.0, 18.0, 333.0
27.87251968, -980.0, 17.0, 341.0
27.877461888, -978.0, 18.0, 352.0
27.882404096, -974.0, 18.0, 357.0
27.887346304, -974.0, 18.0, 360.0
27.892288512, -974.0, 15.0, 359.0
27.897230848, -978.0, 14.0, 345.0
27.902173056, -980.0, 13.0, 333.0
27.907115264, -976.0, 9.0, 330.0
27.912057472, -979.0, 9.0, 339.0
27.91699968, -984.0, 6.0, 348.0
27.921941888, -990.0, 4.0, 336.0
27.926884096, -989.0, 2.0, 318.0
27.931826304, -984.0, 4.0, 303.0
27.936768512, -976.0, 4.0, 300.0
27.941710836, -966.0, 3.0, 311.0
27.946653952, -961.0, 5.0, 323.0
27.951597056, -963.0, 7.0, 333.0
27.956540032, -959.0, 7.0, 336.0
27.961483136, -968.0, 10.0, 328.0
27.96642624, -966.0, 11.0, 327.0
27.971369344, -967.0, 12.0, 325.0
27.97631232, -969.0, 9.0, 321.0
27.981255424, -973.0, 10.0, 318.0
27.986198528, -972.0, 10.0, 304.0
27.991141632, -966.0, 9.0, 298.0
27.996084608, -962.0, 7.0, 292.0
28.001027712, -963.0, 8.0, 296.0
28.005970816, -959.0, 7.0, 306.0
28.010913792, -959.0, 9.0, 309.0
28.015856896, -959.0, 11.0, 317.0
28.0208, -965.0, 10.0, 330.0
28.025743104, -968.0, 10.0, 341.0
28.03068608, -973.0, 10.0, 347.0
28.035629184, -975.0, 13.0, 356.0
28.040572288, -976.0, 14.0, 363.0
28.045515264, -977.0, 12.0, 363.0
28.050458368, -980.0, 13.0, 370.0
28.055401472, -977.0, 10.0, 369.0
28.060344576, -980.0, 7.0, 364.0
28.065287552, -981.0, 4.0, 359.0
28.070230656, -976.0, 3.0, 348.0
28.07517376, -975.0, -2.0, 333.0
28.080116864, -969.0, -6.0, 329.0
28.08505984, -966.0, -6.0, 324.0
28.090002944, -960.0, -9.0, 320.0
28.094946048, -963.0, -11.0, 317.0
28.099889024, -964.0, -13.0, 321.0
28.104832128, -966.0, -10.0, 319.0
28.109775232, -959.0, -8.0, 317.0
28.114718336, -958.0, -4.0, 317.0
28.119661304, -950.0, -6.0, 322.0
28.124604416, -951.0, -4.0, 329.0
28.12954752, -948.0, -6.0, 334.0
28.134490496, -951.0, -7.0, 329.0
28.1394336, -948.0, -9.0, 322.0
28.144376704, -945.0, -12.0, 325.0
28.149319808, -946.0, -13.0, 328.0
28.154262784, -950.0, -17.0, 332.0
28.159205888, -956.0, -16.0, 327.0
28.164148992, -957.0, -23.0, 328.0
28.169091968, -955.0, -26.0, 320.0
28.174035072, -953.0, -26.0, 328.0
28.178978176, -954.0, -28.0, 327.0
28.18392128, -953.0, -27.0, 315.0
28.188864256, -955.0, -30.0, 306.0
28.19380736, -951.0, -28.0, 298.0
28.198750464, -951.0, -27.0, 297.0
28.203693568, -949.0, -26.0, 293.0
28.208636544, -949.0, -24.0, 291.0
28.213579648, -945.0, -20.0, 296.0
28.218522752, -943.0, -18.0, 292.0
28.223465728, -943.0, -15.0, 294.0
28.228408832, -943.0, -12.0, 292.0
28.233351936, -945.0, -9.0, 299.0
28.23829504, -945.0, -3.0, 308.0
28.243238016, -947.0, -3.0, 314.0
28.24818112, -949.0, -4.0, 320.0
28.253124224, -954.0, -5.0, 319.0
28.2580672, -957.0, -4.0, 322.0
28.263010304, -959.0, -4.0, 322.0
28.267953408, -961.0, -9.0, 321.0
28.272896512, -967.0, -11.0, 326.0
28.277839488, -968.0, -15.0, 330.0
28.282782592, -976.0, -16.0, 335.0
28.287725696, -976.0, -22.0, 334.0
28.2926688, -975.0, -26.0, 333.0
28.297611762, -972.0, -28.0, 342.0
28.302555648, -975.0, -31.0, 351.0
28.30749952, -979.0, -30.0, 343.0
28.31244352, -971.0, -32.0, 343.0
28.317387392, -968.0, -33.0, 346.0
28.322331264, -965.0, -30.0, 351.0
28.327275264, -967.0, -31.0, 348.0
28.332219136, -970.0, -26.0, 347.0
28.337163008, -970.0, -27.0, 333.0
28.342107008, -975.0, -24.0, 327.0
28.34705088, -974.0, -20.0, 322.0
28.351994752, -973.0, -17.0, 324.0
28.356938752, -971.0, -14.0, 320.0
28.361882624, -969.0, -13.0, 312.0
28.366826496, -965.0, -12.0, 311.0
28.371770496, -960.0, -9.0, 310.0
28.376714368, -954.0, -8.0, 308.0
28.381658368, -949.0, -5.0, 310.0
28.38660224, -947.0, -3.0, 310.0
28.391546112, -948.0, -1.0, 311.0
28.396490112, -943.0, 0.0, 312.0
28.401433984, -944.0, 0.0, 315.0
28.406377856, -940.0, 3.0, 325.0
28.411321856, -944.0, 5.0, 327.0
28.416265728, -943.0, 5.0, 330.0
28.4212096, -946.0, 6.0, 340.0
28.4261536, -950.0, 3.0, 344.0
28.431097472, -958.0, 8.0, 349.0
28.436041344, -964.0, 8.0, 349.0
28.440985344, -974.0, 10.0, 355.0
28.445929216, -981.0, 9.0, 349.0
28.450873088, -982.0, 10.0, 340.0
28.455817088, -982.0, 11.0, 333.0
28.46076096, -984.0, 12.0, 326.0
28.465704832, -982.0, 13.0, 321.0
28.470648832, -976.0, 14.0, 318.0
28.475592748, -965.0, 16.0, 316.0
28.480536576, -959.0, 16.0, 313.0
28.485480448, -950.0, 19.0, 317.0
28.490424448, -950.0, 15.0, 324.0
28.49536832, -950.0, 17.0, 332.0
28.500312192, -949.0, 17.0, 342.0
28.505256192, -954.0, 13.0, 352.0
28.510200064, -963.0, 11.0, 358.0
28.515143936, -975.0, 9.0, 359.0
28.520087936, -980.0, 6.0, 357.0
28.525031808, -985.0, 7.0, 354.0
28.52997568, -988.0, 10.0, 346.0
28.53491968, -992.0, 10.0, 337.0
28.539863552, -992.0, 12.0, 324.0
28.544807424, -983.0, 11.0, 318.0
28.549751424, -966.0, 11.0, 318.0
28.554695296, -955.0, 12.0, 322.0
28.559639296, -947.0, 14.0, 320.0
28.564583168, -949.0, 14.0, 294.0
28.56952704, -947.0, 16.0, 272.0
28.57447104, -932.0, 17.0, 260.0
28.579414912, -912.0, 16.0, 261.0
28.584358784, -902.0, 15.0, 277.0
28.589302784, -898.0, 15.0, 296.0
28.594246656, -905.0, 15.0, 303.0
28.599190528, -913.0, 13.0, 305.0
28.604134528, -923.0, 12.0, 312.0
28.6090784, -934.0, 9.0, 315.0
28.614022272, -944.0, 6.0, 320.0
28.618966272, -956.0, 0.0, 316.0
28.623910144, -979.0, -1.0, 312.0
28.628854016, -985.0, -4.0, 308.0
28.633798016, -984.0, -1.0, 306.0
28.638741888, -977.0, -2.0, 312.0
28.64368576, -972.0, -2.0, 317.0
28.64862976, -967.0, 0.0, 321.0
28.653573724, -966.0, 0.0, 326.0
28.658520192, -959.0, 1.0, 325.0
28.663466624, -948.0, 6.0, 322.0
28.668413056, -951.0, 7.0, 314.0
28.673359616, -956.0, 11.0, 312.0
28.678306048, -963.0, 12.0, 303.0
28.68325248, -973.0, 13.0, 290.0
28.688198912, -979.0, 11.0, 292.0
28.693145344, -981.0, 12.0, 294.0
28.698091904, -986.0, 10.0, 293.0
28.703038336, -989.0, 9.0, 306.0
28.707984768, -989.0, 6.0, 313.0
28.7129312, -986.0, 2.0, 326.0
28.71787776, -988.0, 1.0, 331.0
28.722824192, -984.0, -3.0, 335.0
28.727770624, -976.0, -8.0, 340.0
28.732717056, -970.0, -9.0, 338.0
28.737663488, -969.0, -7.0, 340.0
28.742610048, -972.0, -12.0, 340.0
28.74755648, -972.0, -11.0, 342.0
28.752502912, -974.0, -9.0, 339.0
28.757449344, -971.0, -7.0, 336.0
28.762395776, -969.0, -7.0, 333.0
28.767342336, -966.0, -7.0, 326.0
28.772288768, -963.0, -3.0, 316.0
28.7772352, -962.0, -1.0, 311.0
28.782181632, -955.0, 0.0, 302.0
28.787128064, -956.0, 2.0, 291.0
28.792074624, -957.0, 4.0, 291.0
28.797021056, -959.0, 8.0, 288.0
28.801967488, -963.0, 10.0, 283.0
28.80691392, -968.0, 11.0, 288.0
28.81186048, -969.0, 11.0, 301.0
28.816806912, -975.0, 14.0, 323.0
28.821753344, -987.0, 14.0, 331.0
28.826699776, -988.0, 12.0, 342.0
28.831646248, -993.0, 12.0, 337.0
28.836593536, -989.0, 10.0, 334.0
28.841540864, -993.0, 8.0, 326.0
28.846488192, -994.0, 8.0, 315.0
28.851435392, -993.0, 0.0, 315.0
28.85638272, -992.0, -8.0, 315.0
28.861330048, -990.0, -9.0, 311.0
28.866277376, -990.0, -17.0, 301.0
28.871224704, -986.0, -28.0, 288.0
28.876172032, -989.0, -33.0, 284.0
28.881119232, -984.0, -33.0, 280.0
28.88606656, -986.0, -33.0, 275.0
28.891013888, -982.0, -31.0, 273.0
28.895961216, -981.0, -31.0, 272.0
28.900908544, -979.0, -27.0, 271.0
28.905855872, -981.0, -29.0, 269.0
28.910803072, -980.0, -28.0, 274.0
28.9157504, -981.0, -24.0, 279.0
28.920697728, -984.0, -24.0, 283.0
28.925645056, -985.0, -22.0, 280.0
28.930592384, -986.0, -19.0, 280.0
28.935539712, -988.0, -21.0, 279.0
28.940486912, -990.0, -21.0, 276.0
28.94543424, -992.0, -22.0, 274.0
28.950381568, -991.0, -24.0, 270.0
28.955328896, -991.0, -27.0, 269.0
28.960276224, -988.0, -27.0, 273.0
28.965223552, -987.0, -31.0, 274.0
28.970170752, -985.0, -34.0, 275.0
28.97511808, -984.0, -36.0, 274.0
28.980065408, -981.0, -41.0, 275.0
28.985012736, -973.0, -42.0, 277.0
28.989960064, -970.0, -44.0, 278.0
28.994907392, -966.0, -41.0, 277.0
28.999854592, -972.0, -41.0, 282.0
29.00480192, -971.0, -42.0, 284.0
29.00974927, -976.0, -41.0, 290.0
29.014696576, -975.0, -45.0, 295.0
29.019643904, -977.0, -44.0, 288.0
29.024591232, -981.0, -49.0, 297.0
29.02953856, -979.0, -53.0, 300.0
29.03448576, -980.0, -58.0, 304.0
29.039433088, -981.0, -64.0, 304.0
29.044380416, -983.0, -70.0, 305.0
29.049327744, -983.0, -71.0, 301.0
29.054275072, -977.0, -73.0, 307.0
29.0592224, -980.0, -82.0, 297.0
29.0641696, -977.0, -83.0, 300.0
29.069116928, -972.0, -83.0, 299.0
29.074064256, -968.0, -81.0, 294.0
29.079011584, -970.0, -82.0, 281.0
29.083958912, -971.0, -85.0, 273.0
29.08890624, -964.0, -87.0, 279.0
29.09385344, -960.0, -85.0, 275.0
29.098800768, -956.0, -87.0, 285.0
29.103748096, -953.0, -90.0, 288.0
29.108695424, -953.0, -85.0, 298.0
29.113642752, -948.0, -84.0, 303.0
29.11859008, -950.0, -88.0, 304.0
29.12353728, -953.0, -92.0, 301.0
29.128484608, -954.0, -88.0, 307.0
29.133431936, -958.0, -88.0, 301.0
29.138379264, -963.0, -84.0, 301.0
29.143326592, -968.0, -90.0, 287.0
29.14827392, -980.0, -90.0, 273.0
29.15322112, -985.0, -88.0, 271.0
29.158168448, -980.0, -84.0, 274.0
29.163115776, -982.0, -83.0, 276.0
29.168063104, -981.0, -84.0, 274.0
29.173010432, -983.0, -85.0, 272.0
29.17795776, -979.0, -85.0, 276.0
29.18290496, -978.0, -84.0, 278.0
29.187852318, -975.0, -90.0, 281.0
29.19279616, -975.0, -88.0, 285.0
29.197740032, -979.0, -88.0, 281.0
29.202684032, -979.0, -92.0, 281.0
29.207627904, -976.0, -93.0, 278.0
29.212571776, -968.0, -92.0, 285.0
29.217515776, -962.0, -93.0, 302.0
29.222459648, -956.0, -95.0, 309.0
29.22740352, -960.0, -98.0, 302.0
29.23234752, -967.0, -98.0, 279.0
29.237291392, -958.0, -99.0, 269.0
29.242235392, -948.0, -98.0, 269.0
29.247179264, -943.0, -98.0, 278.0
29.252123136, -937.0, -99.0, 301.0
29.257067136, -937.0, -96.0, 311.0
29.262011008, -935.0, -93.0, 314.0
29.26695488, -946.0, -94.0, 313.0
29.27189888, -947.0, -96.0, 306.0
29.276842752, -949.0, -96.0, 300.0
29.281786624, -952.0, -102.0, 291.0
29.286730624, -954.0, -105.0, 280.0
29.291674496, -959.0, -107.0, 268.0
29.296618368, -958.0, -108.0, 270.0
29.301562368, -957.0, -110.0, 271.0
29.30650624, -962.0, -109.0, 271.0
29.311450112, -962.0, -106.0, 278.0
29.316394112, -967.0, -105.0, 283.0
29.321337984, -979.0, -105.0, 287.0
29.326281856, -979.0, -99.0, 298.0
29.331225856, -981.0, -98.0, 305.0
29.336169728, -983.0, -99.0, 308.0
29.341113728, -990.0, -106.0, 305.0
29.3460576, -992.0, -110.0, 305.0
29.351001472, -993.0, -113.0, 307.0
29.355945472, -996.0, -114.0, 305.0
29.360889344, -994.0, -118.0, 300.0
29.365833326, -996.0, -120.0, 294.0
29.370779776, -995.0, -127.0, 285.0
29.375726208, -994.0, -122.0, 290.0
29.38067264, -994.0, -119.0, 295.0
29.3856192, -994.0, -117.0, 290.0
29.390565632, -996.0, -118.0, 287.0
29.395512064, -993.0, -116.0, 297.0
29.400458496, -991.0, -115.0, 291.0
29.405404928, -990.0, -113.0, 291.0
29.410351488, -988.0, -110.0, 289.0
29.41529792, -987.0, -111.0, 285.0
29.420244352, -983.0, -109.0, 283.0
29.425190784, -977.0, -110.0, 282.0
29.430137344, -973.0, -110.0, 276.0
29.435083776, -968.0, -111.0, 277.0
29.440030208, -959.0, -112.0, 288.0
29.44497664, -956.0, -114.0, 292.0
29.449923072, -955.0, -117.0, 294.0
29.454869632, -955.0, -123.0, 296.0
29.459816064, -960.0, -127.0, 292.0
29.464762496, -969.0, -131.0, 284.0
29.469708928, -977.0, -140.0, 277.0
29.47465536, -986.0, -139.0, 281.0
29.47960192, -982.0, -140.0, 284.0
29.484548352, -981.0, -143.0, 288.0
29.489494784, -985.0, -146.0, 290.0
29.494441216, -989.0, -145.0, 287.0
29.499387648, -988.0, -144.0, 281.0
29.504334208, -990.0, -139.0, 278.0
29.50928064, -990.0, -142.0, 277.0
29.514227072, -991.0, -146.0, 281.0
29.519173504, -994.0, -151.0, 276.0
29.524120064, -994.0, -158.0, 278.0
29.529066496, -996.0, -156.0, 270.0
29.534012928, -996.0, -153.0, 266.0
29.53895936, -995.0, -155.0, 267.0
29.54390585, -995.0, -156.0, 259.0
29.54885056, -998.0, -155.0, 263.0
29.553795328, -993.0, -155.0, 260.0
29.558740096, -993.0, -153.0, 255.0
29.563684864, -994.0, -154.0, 259.0
29.568629632, -994.0, -147.0, 257.0
29.5735744, -999.0, -146.0, 249.0
29.578519168, -997.0, -144.0, 250.0
29.583463936, -996.0, -135.0, 254.0
29.588408704, -995.0, -135.0, 254.0
29.593353472, -993.0, -131.0, 258.0
29.59829824, -991.0, -124.0, 264.0
29.603243008, -988.0, -119.0, 264.0
29.608187776, -988.0, -116.0, 264.0
29.613132544, -985.0, -115.0, 265.0
29.618077184, -983.0, -114.0, 273.0
29.623021952, -979.0, -111.0, 275.0
29.62796672, -977.0, -111.0, 273.0
29.632911488, -980.0, -111.0, 272.0
29.637856256, -977.0, -111.0, 271.0
29.642801024, -974.0, -111.0, 268.0
29.647745792, -988.0, -113.0, 265.0
29.65269056, -977.0, -113.0, 272.0
29.657635328, -973.0, -114.0, 272.0
29.662580096, -970.0, -114.0, 273.0
29.667524864, -978.0, -115.0, 265.0
29.672469632, -976.0, -117.0, 262.0
29.6774144, -974.0, -115.0, 260.0
29.682359168, -978.0, -116.0, 256.0
29.687303936, -979.0, -115.0, 253.0
29.692248704, -979.0, -115.0, 247.0
29.697193472, -970.0, -114.0, 249.0
29.70213824, -965.0, -114.0, 252.0
29.707083008, -962.0, -113.0, 252.0
29.712027776, -962.0, -112.0, 253.0
29.716972544, -961.0, -111.0, 254.0
29.721917324, -954.0, -113.0, 253.0
29.726862976, -953.0, -112.0, 255.0
29.73180864, -954.0, -110.0, 250.0
29.736754176, -959.0, -108.0, 250.0
29.74169984, -964.0, -108.0, 250.0
29.746645376, -968.0, -105.0, 250.0
29.75159104, -977.0, -103.0, 246.0
29.756536704, -981.0, -101.0, 246.0
29.76148224, -977.0, -98.0, 246.0
29.766427904, -976.0, -96.0, 248.0
29.77137344, -981.0, -96.0, 249.0
29.776319104, -977.0, -97.0, 252.0
29.781264768, -972.0, -95.0, 253.0
29.786210304, -963.0, -96.0, 253.0
29.791155968, -956.0, -95.0, 256.0
29.796101504, -953.0, -95.0, 254.0
29.801047168, -952.0, -101.0, 253.0
29.805992704, -946.0, -101.0, 255.0
29.810938368, -945.0, -101.0, 252.0
29.815884032, -939.0, -101.0, 250.0
29.820829568, -947.0, -103.0, 248.0
29.825775232, -947.0, -105.0, 245.0
29.830720768, -951.0, -104.0, 241.0
29.835666432, -948.0, -102.0, 240.0
29.840612096, -947.0, -100.0, 247.0
29.845557632, -946.0, -97.0, 251.0
29.850503296, -948.0, -94.0, 252.0
29.855448832, -947.0, -88.0, 255.0
29.860394496, -947.0, -82.0, 259.0
29.86534016, -951.0, -74.0, 260.0
29.870285696, -952.0, -66.0, 260.0
29.87523136, -957.0, -54.0, 256.0
29.880176896, -958.0, -52.0, 252.0
29.88512256, -950.0, -48.0, 250.0
29.890068224, -952.0, -42.0, 251.0
29.89501376, -946.0, -43.0, 246.0
29.899959346, -948.0, -38.0, 240.0
29.90490496, -946.0, -34.0, 222.0
29.909850624, -938.0, -39.0, 204.0
29.91479616, -919.0, -36.0, 213.0
29.919741824, -896.0, -34.0, 226.0
29.92468736, -894.0, -29.0, 245.0
29.929633024, -903.0, -24.0, 244.0
29.934578688, -918.0, -18.0, 246.0
29.939524224, -930.0, -12.0, 242.0
29.944469888, -952.0, -9.0, 230.0
29.949415424, -950.0, -12.0, 225.0
29.954361088, -951.0, -12.0, 218.0
29.959306624, -954.0, -9.0, 205.0
29.964252288, -952.0, -15.0, 198.0
29.969197952, -949.0, -11.0, 184.0
29.974143488, -944.0, -8.0, 184.0
29.979089152, -945.0, -9.0, 182.0
29.984034688, -944.0, -8.0, 176.0
29.988980352, -948.0, -9.0, 170.0
29.993926016, -946.0, -4.0, 170.0
29.998871552, -942.0, -2.0, 168.0
30.003817216, -939.0, 0.0, 170.0
30.008762752, -940.0, 5.0, 166.0
30.013708416, -940.0, 10.0, 159.0
30.01865408, -938.0, 11.0, 154.0
30.023599616, -936.0, 13.0, 152.0
30.02854528, -942.0, 17.0, 142.0
30.033490816, -936.0, 22.0, 138.0
30.03843648, -936.0, 31.0, 137.0
30.043382144, -936.0, 35.0, 138.0
30.04832768, -936.0, 39.0, 136.0
30.053273344, -936.0, 44.0, 138.0
30.05821888, -938.0, 52.0, 136.0
30.063164544, -937.0, 54.0, 135.0
30.06811008, -938.0, 58.0, 133.0
30.073055744, -943.0, 67.0, 130.0
30.078001358, -944.0, 71.0, 129.0
30.082949504, -948.0, 80.0, 134.0
30.0878976, -954.0, 80.0, 128.0
30.092845824, -956.0, 89.0, 122.0
30.09779392, -960.0, 95.0, 124.0
30.102742144, -959.0, 94.0, 116.0
30.10769024, -963.0, 99.0, 118.0
30.112638464, -966.0, 99.0, 111.0
30.11758656, -962.0, 100.0, 107.0
30.122534784, -966.0, 107.0, 103.0
30.12748288, -975.0, 108.0, 95.0
30.132431104, -978.0, 106.0, 89.0
30.1373792, -981.0, 106.0, 77.0
30.142327296, -989.0, 109.0, 69.0
30.14727552, -986.0, 112.0, 74.0
30.152223616, -994.0, 116.0, 88.0
30.15717184, -994.0, 117.0, 90.0
30.162119936, -998.0, 117.0, 88.0
30.16706816, -999.0, 117.0, 89.0
30.172016256, -1010.0, 119.0, 81.0
30.17696448, -1022.0, 118.0, 70.0
30.181912576, -1030.0, 117.0, 74.0
30.1868608, -1042.0, 118.0, 80.0
30.191808896, -1055.0, 115.0, 72.0
30.19675712, -1065.0, 111.0, 70.0
30.201705216, -1085.0, 108.0, 64.0
30.206653312, -1103.0, 99.0, 62.0
30.211601536, -1114.0, 90.0, 59.0
30.216549632, -1123.0, 83.0, 56.0
30.221497856, -1120.0, 79.0, 56.0
30.226445952, -1122.0, 70.0, 56.0
30.231394176, -1124.0, 68.0, 51.0
30.236342272, -1120.0, 69.0, 50.0
30.241290496, -1121.0, 70.0, 53.0
30.246238592, -1120.0, 74.0, 51.0
30.251186816, -1119.0, 76.0, 55.0
30.256134918, -1117.0, 86.0, 52.0
30.26107968, -1124.0, 90.0, 39.0
30.266024448, -1131.0, 97.0, 28.0
30.270969216, -1120.0, 101.0, 33.0
30.275913984, -1116.0, 105.0, 30.0
30.280858752, -1101.0, 106.0, 30.0
30.28580352, -1075.0, 108.0, 33.0
30.290748288, -1061.0, 111.0, 31.0
30.295693056, -1054.0, 114.0, 35.0
30.300637824, -1041.0, 113.0, 36.0
30.305582592, -1032.0, 113.0, 32.0
30.31052736, -1036.0, 116.0, 29.0
30.315472128, -1030.0, 115.0, 29.0
30.320416896, -1026.0, 114.0, 32.0
30.325361664, -1025.0, 113.0, 36.0
30.330306432, -1028.0, 109.0, 36.0
30.335251072, -1019.0, 106.0, 42.0
30.34019584, -1014.0, 109.0, 49.0
30.345140608, -1004.0, 108.0, 55.0
30.350085376, -996.0, 115.0, 61.0
30.355030144, -999.0, 113.0, 53.0
30.359974912, -994.0, 117.0, 57.0
30.36491968, -992.0, 123.0, 50.0
30.369864448, -991.0, 124.0, 42.0
30.374809216, -994.0, 125.0, 34.0
30.379753984, -994.0, 125.0, 26.0
30.384698752, -995.0, 127.0, 17.0
30.38964352, -996.0, 129.0, 2.0
30.394588288, -996.0, 130.0, -5.0
30.399533056, -998.0, 133.0, -19.0
30.404477824, -1001.0, 132.0, -23.0
30.409422592, -1014.0, 135.0, -36.0
30.41436736, -1027.0, 131.0, -44.0
30.419312128, -1041.0, 132.0, -62.0
30.424256896, -1053.0, 133.0, -84.0
30.429201664, -1064.0, 130.0, -103.0
30.434146408, -1063.0, 129.0, -104.0
30.439092096, -1054.0, 129.0, -109.0
30.44403776, -1051.0, 124.0, -115.0
30.448983296, -1041.0, 121.0, -119.0
30.45392896, -1027.0, 119.0, -117.0
30.458874496, -1014.0, 110.0, -113.0
30.46382016, -1008.0, 105.0, -111.0
30.468765824, -999.0, 97.0, -101.0
30.47371136, -999.0, 87.0, -100.0
30.478657024, -1000.0, 85.0, -101.0
30.48360256, -1001.0, 82.0, -100.0
30.488548224, -1001.0, 82.0, -102.0
30.493493888, -1003.0, 85.0, -103.0
30.498439424, -1010.0, 86.0, -104.0
30.503385088, -1015.0, 87.0, -105.0
30.508330624, -1022.0, 87.0, -112.0
30.513276288, -1025.0, 90.0, -115.0
30.518221824, -1022.0, 87.0, -119.0
30.523167488, -1015.0, 89.0, -125.0
30.528113152, -1011.0, 84.0, -125.0
30.533058688, -1005.0, 92.0, -128.0
30.538004352, -998.0, 87.0, -132.0
30.542949888, -993.0, 78.0, -136.0
30.547895552, -990.0, 79.0, -134.0
30.552841216, -983.0, 72.0, -129.0
30.557786752, -992.0, 73.0, -130.0
30.562732416, -996.0, 63.0, -147.0
30.567677952, -983.0, 52.0, -152.0
30.572623616, -963.0, 50.0, -144.0
30.57756928, -947.0, 48.0, -137.0
30.582514816, -939.0, 46.0, -122.0
30.58746048, -936.0, 44.0, -115.0
30.592406016, -942.0, 43.0, -119.0
30.59735168, -957.0, 45.0, -135.0
30.602297344, -962.0, 41.0, -158.0
30.60724288, -979.0, 41.0, -183.0
30.61218843, -974.0, 36.0, -187.0
30.61713408, -966.0, 31.0, -192.0
30.622079744, -957.0, 31.0, -195.0
30.62702528, -956.0, 30.0, -202.0
30.631970944, -950.0, 29.0, -199.0
30.63691648, -956.0, 31.0, -207.0
30.641862144, -947.0, 28.0, -200.0
30.646807808, -925.0, 32.0, -189.0
30.651753344, -911.0, 26.0, -195.0
30.656699008, -905.0, 24.0, -196.0
30.661644544, -907.0, 24.0, -204.0
30.666590208, -923.0, 27.0, -213.0
30.671535744, -909.0, 17.0, -202.0
30.676481408, -888.0, 14.0, -185.0
30.681427072, -881.0, 12.0, -179.0
30.686372608, -875.0, 10.0, -185.0
30.691318272, -876.0, 12.0, -192.0
30.696263808, -885.0, 11.0, -213.0
30.701209472, -869.0, 12.0, -216.0
30.706155136, -851.0, 13.0, -225.0
30.711100672, -864.0, 16.0, -247.0
30.716046336, -864.0, 14.0, -262.0
30.720991872, -865.0, 17.0, -270.0
30.725937536, -848.0, 18.0, -266.0
30.7308832, -851.0, 22.0, -270.0
30.735828736, -851.0, 19.0, -281.0
30.7407744, -869.0, 16.0, -285.0
30.745719936, -862.0, 10.0, -282.0
30.7506656, -864.0, 7.0, -284.0
30.755611264, -854.0, -5.0, -278.0
30.7605568, -830.0, -12.0, -264.0
30.765502464, -809.0, -22.0, -252.0
30.770448, -793.0, -32.0, -249.0
30.775393664, -765.0, -45.0, -255.0
30.7803392, -752.0, -51.0, -276.0
30.785284864, -738.0, -52.0, -315.0
30.790230442, -732.0, -53.0, -350.0
30.795176064, -722.0, -48.0, -353.0
30.800121728, -701.0, -46.0, -348.0
30.805067264, -693.0, -32.0, -339.0
30.810012928, -694.0, -15.0, -325.0
30.814958464, -704.0, -3.0, -309.0
30.819904128, -721.0, 8.0, -304.0
30.824849792, -743.0, 12.0, -306.0
30.829795328, -756.0, 16.0, -315.0
30.834740992, -762.0, 25.0, -326.0
30.839686528, -767.0, 34.0, -314.0
30.844632192, -771.0, 34.0, -308.0
30.849577728, -775.0, 28.0, -310.0
30.854523392, -782.0, 20.0, -308.0
30.859469056, -790.0, 11.0, -316.0
30.864414592, -829.0, -3.0, -350.0
30.869360256, -831.0, -20.0, -355.0
30.874305792, -828.0, -41.0, -355.0
30.879251456, -832.0, -53.0, -365.0
30.88419712, -865.0, -63.0, -397.0
30.889142656, -870.0, -70.0, -408.0
30.89408832, -885.0, -78.0, -446.0
30.899033856, -871.0, -82.0, -453.0
30.90397952, -853.0, -89.0, -472.0
30.908925184, -855.0, -95.0, -492.0
30.91387072, -865.0, -100.0, -527.0
30.918816384, -868.0, -97.0, -534.0
30.92376192, -878.0, -93.0, -565.0
30.928707584, -878.0, -98.0, -569.0
30.933653248, -857.0, -94.0, -542.0
30.938598784, -841.0, -92.0, -520.0
30.943544448, -846.0, -94.0, -519.0
30.948489984, -850.0, -99.0, -503.0
30.953435648, -840.0, -104.0, -486.0
30.958381184, -841.0, -102.0, -490.0
30.963326848, -825.0, -107.0, -487.0
30.968272454, -813.0, -105.0, -487.0
30.97321472, -830.0, -106.0, -527.0
30.978156928, -824.0, -108.0, -521.0
30.983099136, -810.0, -99.0, -534.0
30.988041344, -834.0, -97.0, -600.0
30.992983552, -854.0, -86.0, -612.0
30.99792576, -854.0, -74.0, -639.0
31.002868096, -855.0, -69.0, -671.0
31.007810304, -861.0, -69.0, -694.0
31.012752512, -865.0, -64.0, -708.0
31.01769472, -863.0, -61.0, -709.0
31.022636928, -862.0, -62.0, -708.0
31.027579136, -868.0, -63.0, -709.0
31.032521344, -875.0, -68.0, -710.0
31.037463552, -883.0, -65.0, -713.0
31.04240576, -886.0, -58.0, -707.0
31.047347968, -887.0, -54.0, -709.0
31.052290304, -886.0, -50.0, -705.0
31.057232512, -884.0, -50.0, -696.0
31.06217472, -880.0, -49.0, -688.0
31.067116928, -872.0, -49.0, -683.0
31.072059136, -866.0, -49.0, -681.0
31.077001344, -866.0, -55.0, -684.0
31.081943552, -872.0, -64.0, -690.0
31.08688576, -874.0, -80.0, -692.0
31.091827968, -873.0, -98.0, -714.0
31.096770176, -866.0, -103.0, -722.0
31.101712512, -860.0, -113.0, -737.0
31.10665472, -856.0, -119.0, -741.0
31.111596928, -857.0, -127.0, -751.0
31.116539136, -855.0, -133.0, -757.0
31.121481344, -862.0, -135.0, -768.0
31.126423552, -867.0, -128.0, -782.0
31.13136576, -869.0, -122.0, -798.0
31.136307968, -868.0, -113.0, -814.0
31.141250176, -864.0, -110.0, -828.0
31.14619239, -851.0, -105.0, -838.0
31.15114048, -833.0, -100.0, -840.0
31.156088576, -813.0, -102.0, -838.0
31.1610368, -804.0, -101.0, -839.0
31.165984896, -791.0, -102.0, -846.0
31.17093312, -782.0, -102.0, -843.0
31.175881216, -776.0, -106.0, -853.0
31.18082944, -774.0, -109.0, -850.0
31.185777536, -776.0, -111.0, -852.0
31.19072576, -776.0, -115.0, -845.0
31.195673856, -779.0, -120.0, -844.0
31.20062208, -776.0, -127.0, -836.0
31.205570176, -770.0, -137.0, -836.0
31.210518272, -765.0, -144.0, -847.0
31.215466496, -759.0, -152.0, -855.0
31.220414592, -751.0, -154.0, -845.0
31.225362816, -734.0, -157.0, -830.0
31.230310912, -712.0, -161.0, -812.0
31.235259136, -702.0, -157.0, -798.0
31.240207232, -697.0, -152.0, -799.0
31.245155456, -698.0, -145.0, -804.0
31.250103552, -697.0, -136.0, -806.0
31.255051776, -697.0, -128.0, -819.0
31.259999872, -698.0, -126.0, -843.0
31.264948096, -693.0, -122.0, -851.0
31.269896192, -689.0, -123.0, -859.0
31.274844288, -681.0, -123.0, -861.0
31.279792512, -676.0, -121.0, -860.0
31.284740608, -671.0, -123.0, -852.0
31.289688832, -655.0, -124.0, -845.0
31.294636928, -646.0, -130.0, -830.0
31.299585152, -642.0, -145.0, -812.0
31.304533248, -636.0, -162.0, -803.0
31.309481472, -632.0, -178.0, -804.0
31.314429568, -631.0, -188.0, -821.0
31.319377792, -628.0, -192.0, -851.0
31.324325954, -630.0, -197.0, -867.0
31.329270784, -630.0, -197.0, -881.0
31.334215552, -628.0, -195.0, -890.0
31.33916032, -636.0, -191.0, -901.0
31.344105088, -645.0, -189.0, -912.0
31.349049856, -651.0, -181.0, -935.0
31.353994624, -660.0, -178.0, -961.0
31.358939392, -660.0, -168.0, -975.0
31.36388416, -654.0, -165.0, -986.0
31.368828928, -649.0, -163.0, -997.0
31.373773696, -642.0, -161.0, -1012.0
31.378718464, -642.0, -152.0, -1026.0
31.383663232, -652.0, -143.0, -1047.0
31.388608, -666.0, -129.0, -1076.0
31.393552768, -669.0, -119.0, -1095.0
31.398497536, -678.0, -109.0, -1104.0
31.403442176, -681.0, -99.0, -1115.0
31.408386944, -684.0, -84.0, -1121.0
31.413331712, -686.0, -67.0, -1118.0
31.41827648, -688.0, -58.0, -1131.0
31.423221248, -690.0, -51.0, -1145.0
31.428166016, -693.0, -43.0, -1155.0
31.433110784, -690.0, -36.0, -1158.0
31.438055552, -673.0, -38.0, -1162.0
31.44300032, -645.0, -45.0, -1162.0
31.447945088, -625.0, -53.0, -1133.0
31.452889856, -613.0, -67.0, -1108.0
31.457834624, -606.0, -84.0, -1078.0
31.462779392, -592.0, -101.0, -1049.0
31.46772416, -573.0, -109.0, -1023.0
31.472668928, -565.0, -117.0, -1005.0
31.477613696, -557.0, -137.0, -987.0
31.482558464, -551.0, -165.0, -979.0
31.487503232, -541.0, -186.0, -975.0
31.492448, -543.0, -197.0, -974.0
31.497392768, -543.0, -204.0, -981.0
31.502337444, -539.0, -208.0, -990.0
31.507280512, -527.0, -207.0, -1005.0
31.512223616, -515.0, -208.0, -1026.0
31.517166592, -501.0, -203.0, -1042.0
31.522109696, -495.0, -200.0, -1048.0
31.5270528, -489.0, -191.0, -1049.0
31.531995904, -478.0, -183.0, -1042.0
31.53693888, -463.0, -175.0, -1031.0
31.541881984, -451.0, -168.0, -1009.0
31.546825088, -445.0, -161.0, -982.0
31.551768192, -438.0, -156.0, -961.0
31.556711168, -442.0, -148.0, -930.0
31.561654272, -442.0, -148.0, -897.0
31.566597376, -446.0, -151.0, -883.0
31.571540352, -451.0, -144.0, -877.0
31.576483456, -455.0, -132.0, -870.0
31.58142656, -459.0, -122.0, -868.0
31.586369664, -457.0, -115.0, -868.0
31.59131264, -456.0, -112.0, -870.0
31.596255744, -457.0, -108.0, -875.0
31.601198848, -449.0, -107.0, -874.0
31.606141824, -449.0, -102.0, -874.0
31.611084928, -445.0, -97.0, -874.0
31.616028032, -439.0, -95.0, -872.0
31.620971136, -432.0, -89.0, -865.0
31.625914112, -419.0, -87.0, -857.0
31.630857216, -403.0, -85.0, -845.0
31.63580032, -393.0, -85.0, -831.0
31.640743424, -388.0, -87.0, -812.0
31.6456864, -384.0, -85.0, -802.0
31.650629504, -379.0, -82.0, -791.0
31.655572608, -379.0, -81.0, -788.0
31.660515584, -373.0, -74.0, -785.0
31.665458688, -372.0, -70.0, -790.0
31.670401792, -371.0, -62.0, -800.0
31.675344896, -370.0, -54.0, -808.0
31.680287918, -373.0, -45.0, -813.0
31.685231744, -370.0, -36.0, -811.0
31.690175616, -371.0, -25.0, -819.0
31.695119616, -373.0, -18.0, -821.0
31.700063488, -373.0, -13.0, -823.0
31.70500736, -371.0, -10.0, -822.0
31.70995136, -369.0, -6.0, -825.0
31.714895232, -370.0, 0.0, -833.0
31.719839104, -375.0, 1.0, -851.0
31.724783104, -381.0, 1.0, -860.0
31.729726976, -382.0, 4.0, -869.0
31.734670848, -386.0, 4.0, -875.0
31.739614848, -388.0, 1.0, -887.0
31.74455872, -394.0, 1.0, -909.0
31.749502592, -408.0, -3.0, -930.0
31.754446592, -425.0, -8.0, -940.0
31.759390464, -433.0, -14.0, -946.0
31.764334464, -437.0, -25.0, -949.0
31.769278336, -442.0, -34.0, -950.0
31.774222208, -441.0, -38.0, -951.0
31.779166208, -442.0, -42.0, -951.0
31.78411008, -446.0, -42.0, -949.0
31.789053952, -449.0, -44.0, -958.0
31.793997952, -451.0, -46.0, -964.0
31.798941824, -453.0, -43.0, -969.0
31.803885696, -458.0, -40.0, -969.0
31.808829696, -452.0, -35.0, -971.0
31.813773568, -448.0, -36.0, -956.0
31.81871744, -442.0, -34.0, -940.0
31.82366144, -444.0, -32.0, -935.0
31.828605312, -445.0, -32.0, -940.0
31.833549184, -446.0, -27.0, -942.0
31.838493184, -450.0, -27.0, -950.0
31.843437056, -456.0, -24.0, -957.0
31.848380928, -459.0, -21.0, -964.0
31.853324928, -458.0, -18.0, -968.0
31.858268904, -459.0, -20.0, -971.0
31.863213696, -455.0, -22.0, -968.0
31.868158464, -452.0, -23.0, -970.0
31.873103232, -447.0, -21.0, -963.0
31.878048, -442.0, -21.0, -955.0
31.882992768, -438.0, -17.0, -947.0
31.887937536, -437.0, -13.0, -934.0
31.892882304, -433.0, -9.0, -925.0
31.897827072, -438.0, -9.0, -914.0
31.90277184, -430.0, 0.0, -904.0
31.907716608, -431.0, 2.0, -896.0
31.912661376, -431.0, 0.0, -896.0
31.917606144, -435.0, 4.0, -889.0
31.922550912, -432.0, -5.0, -887.0
31.927495552, -431.0, -7.0, -887.0
31.93244032, -428.0, -18.0, -896.0
31.937385088, -423.0, -34.0, -904.0
31.942329856, -417.0, -47.0, -915.0
31.947274624, -406.0, -64.0, -929.0
31.952219392, -396.0, -88.0, -950.0
31.95716416, -394.0, -106.0, -962.0
31.962108928, -391.0, -115.0, -969.0
31.967053696, -390.0, -124.0, -976.0
31.971998464, -388.0, -144.0, -980.0
31.976943232, -389.0, -160.0, -982.0
31.981888, -388.0, -172.0, -982.0
31.986832768, -392.0, -176.0, -984.0
31.991777536, -393.0, -182.0, -987.0
31.996722304, -402.0, -182.0, -984.0
32.001667072, -406.0, -178.0, -983.0
32.00661184, -405.0, -166.0, -981.0
32.011556608, -407.0, -158.0, -979.0
32.016501376, -410.0, -142.0, -975.0
32.021446144, -415.0, -129.0, -973.0
32.026390912, -418.0, -117.0, -973.0
32.03133568, -411.0, -110.0, -970.0
32.036280372, -402.0, -103.0, -965.0
32.041225088, -389.0, -99.0, -966.0
32.046169856, -385.0, -89.0, -964.0
32.051114624, -372.0, -81.0, -958.0
32.056059392, -357.0, -75.0, -943.0
32.06100416, -342.0, -68.0, -940.0
32.065948928, -334.0, -65.0, -946.0
32.070893696, -325.0, -70.0, -952.0
32.075838464, -332.0, -74.0, -960.0
32.080783232, -334.0, -73.0, -969.0
32.085728, -347.0, -71.0, -974.0
32.090672768, -362.0, -67.0, -982.0
32.095617536, -370.0, -67.0, -994.0
32.100562304, -380.0, -68.0, -999.0
32.105507072, -385.0, -64.0, -1008.0
32.11045184, -391.0, -61.0, -1015.0
32.11539648, -406.0, -58.0, -1019.0
32.120341248, -414.0, -54.0, -1019.0
32.125286016, -421.0, -51.0, -1018.0
32.130230784, -425.0, -48.0, -1014.0
32.135175552, -431.0, -49.0, -1000.0
32.14012032, -432.0, -47.0, -993.0
32.145065088, -440.0, -52.0, -991.0
32.150009856, -435.0, -53.0, -997.0
32.154954624, -436.0, -59.0, -997.0
32.159899392, -434.0, -62.0, -1005.0
32.16484416, -423.0, -70.0, -1010.0
32.169788928, -409.0, -78.0, -1012.0
32.174733696, -401.0, -91.0, -1018.0
32.179678464, -398.0, -99.0, -1030.0
32.184623232, -395.0, -99.0, -1045.0
32.189568, -393.0, -97.0, -1056.0
32.194512768, -395.0, -83.0, -1063.0
32.199457536, -396.0, -64.0, -1076.0
32.204402304, -402.0, -52.0, -1083.0
32.209347072, -410.0, -34.0, -1084.0
32.214291866, -421.0, -14.0, -1084.0
32.219235712, -426.0, 3.0, -1068.0
32.224179584, -439.0, 7.0, -1074.0
32.229123584, -445.0, 4.0, -1063.0
32.234067456, -451.0, -1.0, -1060.0
32.239011328, -460.0, -17.0, -1054.0
32.243955328, -463.0, -39.0, -1051.0
32.2488992, -473.0, -53.0, -1048.0
32.253843072, -486.0, -78.0, -1051.0
32.258787072, -495.0, -104.0, -1078.0
32.263730944, -510.0, -114.0, -1117.0
32.268674816, -522.0, -132.0, -1153.0
32.273618816, -524.0, -156.0, -1173.0
32.278562688, -524.0, -183.0, -1181.0
32.283506688, -513.0, -203.0, -1178.0
32.28845056, -503.0, -227.0, -1176.0
32.293394432, -496.0, -236.0, -1168.0
32.298338432, -494.0, -242.0, -1165.0
32.303282304, -488.0, -240.0, -1145.0
32.308226176, -472.0, -237.0, -1124.0
32.313170176, -453.0, -230.0, -1109.0
32.318114048, -433.0, -210.0, -1096.0
32.32305792, -413.0, -184.0, -1093.0
32.32800192, -396.0, -154.0, -1077.0
32.332945792, -390.0, -130.0, -1064.0
32.337889664, -392.0, -116.0, -1058.0
32.342833664, -405.0, -110.0, -1059.0
32.347777536, -431.0, -104.0, -1059.0
32.352721408, -451.0, -99.0, -1064.0
32.357665408, -475.0, -101.0, -1072.0
32.36260928, -489.0, -107.0, -1075.0
32.367553152, -494.0, -114.0, -1073.0
32.372497152, -497.0, -125.0, -1067.0
32.377441024, -500.0, -141.0, -1063.0
32.382385024, -510.0, -157.0, -1081.0
32.387328896, -518.0, -162.0, -1084.0
32.392272868, -523.0, -161.0, -1086.0
32.397219328, -521.0, -162.0, -1073.0
32.40216576, -519.0, -151.0, -1061.0
32.407112192, -520.0, -137.0, -1062.0
32.412058752, -527.0, -123.0, -1071.0
32.417005184, -523.0, -113.0, -1084.0
32.421951616, -523.0, -104.0, -1092.0
32.426898048, -525.0, -85.0, -1107.0
32.43184448, -520.0, -61.0, -1107.0
32.43679104, -512.0, -43.0, -1102.0
32.441737472, -505.0, -25.0, -1089.0
32.446683904, -504.0, 0.0, -1072.0
32.451630336, -506.0, 13.0, -1058.0
32.456576896, -500.0, 17.0, -1039.0
32.461523328, -496.0, 23.0, -1014.0
32.46646976, -496.0, 20.0, -987.0
32.471416192, -496.0, 16.0, -979.0
32.476362624, -500.0, 5.0, -978.0
32.481309184, -505.0, -19.0, -978.0
32.486255616, -507.0, -41.0, -975.0
32.491202048, -513.0, -62.0, -974.0
32.49614848, -519.0, -76.0, -974.0
32.501094912, -535.0, -88.0, -982.0
32.506041472, -545.0, -94.0, -999.0
32.510987904, -549.0, -101.0, -1012.0
32.515934336, -549.0, -108.0, -1028.0
32.520880768, -548.0, -110.0, -1042.0
32.5258272, -544.0, -111.0, -1032.0
32.53077376, -536.0, -108.0, -1018.0
32.535720192, -527.0, -100.0, -997.0
32.540666624, -530.0, -86.0, -981.0
32.545613056, -534.0, -66.0, -976.0
32.550559616, -547.0, -53.0, -972.0
32.555506048, -552.0, -47.0, -961.0
32.56045248, -551.0, -45.0, -943.0
32.565398912, -550.0, -41.0, -938.0
32.570345392, -544.0, -34.0, -938.0
32.575290112, -534.0, -20.0, -928.0
32.58023488, -533.0, -10.0, -932.0
32.585179648, -544.0, 2.0, -941.0
32.590124416, -558.0, 10.0, -964.0
32.595069184, -569.0, 14.0, -972.0
32.600013952, -581.0, 17.0, -970.0
32.60495872, -593.0, 20.0, -955.0
32.609903488, -606.0, 16.0, -936.0
32.614848256, -612.0, 10.0, -936.0
32.619793024, -619.0, -2.0, -947.0
32.624737792, -626.0, -23.0, -971.0
32.62968256, -639.0, -45.0, -980.0
32.634627328, -667.0, -51.0, -987.0
32.639572096, -694.0, -60.0, -1013.0
32.644516736, -714.0, -63.0, -1040.0
32.649461504, -741.0, -70.0, -1063.0
32.654406272, -758.0, -77.0, -1069.0
32.65935104, -770.0, -78.0, -1079.0
32.664295808, -792.0, -77.0, -1084.0
32.669240576, -808.0, -84.0, -1076.0
32.674185344, -815.0, -88.0, -1060.0
32.679130112, -824.0, -101.0, -1041.0
32.68407488, -844.0, -111.0, -1014.0
32.689019648, -866.0, -123.0, -988.0
32.693964416, -886.0, -138.0, -969.0
32.698909184, -908.0, -139.0, -955.0
32.703853952, -937.0, -133.0, -937.0
32.70879872, -948.0, -120.0, -914.0
32.713743488, -946.0, -106.0, -891.0
32.718688256, -929.0, -69.0, -884.0
32.723633024, -893.0, -34.0, -871.0
32.728577792, -865.0, 4.0, -862.0
32.73352256, -814.0, 34.0, -847.0
32.738467328, -783.0, 72.0, -832.0
32.743412096, -765.0, 113.0, -836.0
32.748356866, -762.0, 125.0, -824.0
32.753302528, -763.0, 137.0, -812.0
32.758248192, -763.0, 137.0, -802.0
32.763193728, -762.0, 130.0, -805.0
32.768139392, -760.0, 124.0, -811.0
32.773084928, -750.0, 116.0, -829.0
32.778030592, -715.0, 93.0, -836.0
32.782976256, -663.0, 58.0, -801.0
32.787921792, -617.0, 28.0, -757.0
32.792867456, -587.0, 7.0, -736.0
32.797812992, -570.0, -18.0, -730.0
32.802758656, -584.0, -44.0, -708.0
32.80770432, -612.0, -63.0, -682.0
32.812649856, -638.0, -87.0, -643.0
32.81759552, -680.0, -101.0, -616.0
32.822541056, -693.0, -113.0, -595.0
32.82748672, -694.0, -121.0, -573.0
32.832432256, -685.0, -123.0, -566.0
32.83737792, -678.0, -122.0, -572.0
32.842323584, -676.0, -119.0, -564.0
32.84726912, -675.0, -115.0, -539.0
32.852214784, -687.0, -109.0, -519.0
32.85716032, -704.0, -100.0, -523.0
32.862105984, -729.0, -87.0, -532.0
32.867051648, -750.0, -85.0, -560.0
32.871997184, -756.0, -91.0, -595.0
32.876942848, -755.0, -96.0, -634.0
32.881888384, -751.0, -95.0, -675.0
32.886834048, -746.0, -97.0, -667.0
32.891779712, -741.0, -90.0, -621.0
32.896725248, -739.0, -77.0, -581.0
32.901670912, -739.0, -68.0, -549.0
32.906616448, -747.0, -57.0, -515.0
32.911562112, -755.0, -49.0, -483.0
32.916507776, -760.0, -40.0, -457.0
32.921453312, -761.0, -21.0, -428.0
32.926398888, -772.0, 2.0, -407.0
32.931343616, -793.0, 19.0, -393.0
32.936288384, -809.0, 26.0, -386.0
32.941233152, -829.0, 39.0, -377.0
32.94617792, -853.0, 46.0, -373.0
32.951122688, -860.0, 51.0, -392.0
32.956067456, -867.0, 60.0, -413.0
32.961012224, -870.0, 64.0, -428.0
32.965956992, -862.0, 72.0, -436.0
32.97090176, -844.0, 80.0, -444.0
32.975846528, -826.0, 90.0, -449.0
32.980791296, -808.0, 93.0, -452.0
32.985736064, -776.0, 89.0, -429.0
32.990680832, -730.0, 87.0, -385.0
32.9956256, -640.0, 89.0, -334.0
33.000570368, -549.0, 92.0, -274.0
33.005515008, -486.0, 109.0, -237.0
33.010459776, -442.0, 113.0, -214.0
33.015404544, -422.0, 86.0, -208.0
33.020349312, -440.0, 37.0, -225.0
33.02529408, -486.0, -19.0, -284.0
33.030238848, -538.0, -70.0, -382.0
33.035183616, -599.0, -98.0, -431.0
33.040128384, -632.0, -86.0, -431.0
33.045073152, -701.0, -35.0, -414.0
33.05001792, -796.0, 32.0, -384.0
33.054962688, -953.0, 98.0, -357.0
33.059907456, -1124.0, 142.0, -365.0
33.064852224, -1249.0, 159.0, -392.0
33.069796992, -1294.0, 131.0, -418.0
33.07474176, -1272.0, 82.0, -424.0
33.079686528, -1234.0, 24.0, -394.0
33.084631296, -1178.0, -12.0, -333.0
33.089576064, -1119.0, -43.0, -268.0
33.094520832, -1056.0, -57.0, -221.0
33.0994656, -993.0, -55.0, -189.0
33.104410372, -931.0, -39.0, -162.0
33.109355136, -880.0, -12.0, -135.0
33.114299904, -830.0, 10.0, -122.0
33.119244672, -804.0, 23.0, -108.0
33.12418944, -792.0, 43.0, -92.0
33.129134208, -800.0, 58.0, -78.0
33.134078976, -829.0, 79.0, -72.0
33.139023744, -876.0, 100.0, -80.0
33.143968512, -914.0, 118.0, -96.0
33.14891328, -966.0, 124.0, -114.0
33.153858048, -1000.0, 123.0, -148.0
33.158802816, -1042.0, 115.0, -174.0
33.163747584, -1078.0, 80.0, -192.0
33.168692352, -1111.0, 38.0, -192.0
33.17363712, -1128.0, -4.0, -187.0
33.178581888, -1159.0, -60.0, -180.0
33.183526528, -1194.0, -116.0, -179.0
33.188471296, -1214.0, -173.0, -180.0
33.193416064, -1236.0, -211.0, -173.0
33.198360832, -1246.0, -229.0, -171.0
33.2033056, -1255.0, -236.0, -168.0
33.208250368, -1264.0, -231.0, -163.0
33.213195136, -1267.0, -208.0, -156.0
33.218139904, -1264.0, -181.0, -152.0
33.223084672, -1250.0, -145.0, -143.0
33.22802944, -1246.0, -118.0, -137.0
33.232974208, -1240.0, -105.0, -137.0
33.237918976, -1222.0, -93.0, -133.0
33.242863744, -1194.0, -74.0, -136.0
33.247808512, -1165.0, -56.0, -138.0
33.25275328, -1133.0, -52.0, -140.0
33.257698048, -1114.0, -41.0, -124.0
33.262642816, -1084.0, -26.0, -97.0
33.267587584, -1052.0, -19.0, -73.0
33.272532352, -1025.0, -20.0, -41.0
33.27747712, -1004.0, -16.0, -16.0
33.282421866, -994.0, -8.0, 0.0
33.28736832, -988.0, -8.0, 12.0
33.292314752, -971.0, -8.0, 29.0
33.297261184, -947.0, -8.0, 45.0
33.302207744, -919.0, -8.0, 47.0
33.307154176, -893.0, -11.0, 43.0
33.312100608, -876.0, -16.0, 34.0
33.31704704, -836.0, -18.0, 35.0
33.3219936, -789.0, -24.0, 46.0
33.326940032, -746.0, -27.0, 38.0
33.331886464, -698.0, -33.0, 35.0
33.336832896, -634.0, -26.0, 52.0
33.341779328, -588.0, -18.0, 58.0
33.346725888, -523.0, -12.0, 80.0
33.35167232, -477.0, -1.0, 119.0
33.356618752, -420.0, 5.0, 151.0
33.361565184, -379.0, 6.0, 184.0
33.366511616, -341.0, 7.0, 218.0
33.371458176, -323.0, 6.0, 244.0
33.376404608, -333.0, 7.0, 256.0
33.38135104, -363.0, 8.0, 270.0
33.386297472, -395.0, 10.0, 288.0
33.391244032, -453.0, 12.0, 291.0
33.396190464, -502.0, 9.0, 283.0
33.401136896, -579.0, 2.0, 272.0
33.406083328, -673.0, 6.0, 261.0
33.41102976, -782.0, 9.0, 248.0
33.41597632, -904.0, 15.0, 210.0
33.420922752, -1017.0, 25.0, 145.0
33.425869184, -1134.0, 40.0, 92.0
33.430815616, -1248.0, 47.0, 38.0
33.435762048, -1360.0, 54.0, -4.0
33.440708608, -1470.0, 49.0, -44.0
33.44565504, -1549.0, 39.0, -95.0
33.450601472, -1615.0, 26.0, -131.0
33.455547904, -1631.0, 12.0, -131.0
33.460494416, -1617.0, -16.0, -125.0
33.465438336, -1569.0, -59.0, -96.0
33.470382208, -1514.0, -113.0, -58.0
33.475326208, -1461.0, -152.0, -38.0
33.48027008, -1393.0, -192.0, -52.0
33.485213952, -1318.0, -200.0, -81.0
33.490157952, -1244.0, -188.0, -100.0
33.495101824, -1178.0, -152.0, -118.0
33.500045696, -1109.0, -114.0, -148.0
33.504989696, -1041.0, -88.0, -161.0
33.509933568, -991.0, -54.0, -135.0
33.51487744, -964.0, -32.0, -112.0
33.51982144, -960.0, -13.0, -115.0
33.524765312, -967.0, 0.0, -113.0
33.529709184, -979.0, 4.0, -101.0
33.534653184, -977.0, 1.0, -81.0
33.539597056, -977.0, -10.0, -56.0
33.544541056, -976.0, -22.0, -30.0
33.549484928, -962.0, -33.0, 2.0
33.5544288, -931.0, -41.0, 43.0
33.5593728, -885.0, -42.0, 101.0
33.564316672, -829.0, -24.0, 152.0
33.569260544, -776.0, -7.0, 208.0
33.574204544, -740.0, 9.0, 249.0
33.579148416, -700.0, 19.0, 272.0
33.584092288, -693.0, 35.0, 294.0
33.589036288, -709.0, 49.0, 303.0
33.59398016, -749.0, 53.0, 301.0
33.598924032, -808.0, 39.0, 260.0
33.603868032, -905.0, 14.0, 202.0
33.608811904, -990.0, -21.0, 135.0
33.613755776, -1059.0, -68.0, 92.0
33.618699776, -1066.0, -108.0, 52.0
33.623643648, -1033.0, -122.0, 100.0
33.62858752, -1000.0, -119.0, 178.0
33.63353152, -1002.0, -107.0, 219.0
33.638475398, -980.0, -74.0, 245.0
33.643424384, -949.0, -27.0, 260.0
33.648373376, -929.0, 19.0, 260.0
33.653322368, -911.0, 51.0, 247.0
33.65827136, -901.0, 71.0, 218.0
33.663220352, -886.0, 62.0, 204.0
33.668169344, -847.0, 51.0, 210.0
33.673118336, -807.0, 24.0, 245.0
33.678067456, -789.0, -2.0, 269.0
33.683016448, -812.0, -34.0, 323.0
33.68796544, -868.0, -55.0, 331.0
33.692914432, -907.0, -68.0, 354.0
33.697863424, -953.0, -85.0, 376.0
33.702812416, -991.0, -105.0, 389.0
33.707761408, -1017.0, -116.0, 380.0
33.7127104, -1045.0, -127.0, 372.0
33.717659392, -1057.0, -126.0, 368.0
33.722608384, -1061.0, -122.0, 374.0
33.727557376, -1064.0, -113.0, 348.0
33.732506368, -1071.0, -104.0, 320.0
33.73745536, -1074.0, -89.0, 276.0
33.74240448, -1066.0, -74.0, 251.0
33.747353472, -1054.0, -62.0, 241.0
33.752302464, -1041.0, -51.0, 242.0
33.757251456, -1015.0, -42.0, 262.0
33.762200448, -996.0, -26.0, 290.0
33.76714944, -980.0, -12.0, 306.0
33.772098432, -952.0, -2.0, 342.0
33.777047424, -919.0, 8.0, 359.0
33.781996416, -896.0, 16.0, 354.0
33.786945408, -888.0, 17.0, 331.0
33.7918944, -881.0, 20.0, 324.0
33.796843392, -872.0, 28.0, 334.0
33.801792512, -863.0, 26.0, 325.0
33.806741504, -857.0, 22.0, 327.0
33.811690496, -862.0, 16.0, 344.0
33.81663947, -877.0, 8.0, 342.0
33.821585152, -884.0, -3.0, 358.0
33.826530816, -885.0, -19.0, 362.0
33.831476352, -887.0, -38.0, 368.0
33.836422016, -886.0, -48.0, 389.0
33.841367552, -885.0, -57.0, 396.0
33.846313216, -886.0, -63.0, 416.0
33.85125888, -892.0, -66.0, 416.0
33.856204416, -913.0, -68.0, 412.0
33.86115008, -935.0, -72.0, 407.0
33.866095616, -949.0, -69.0, 405.0
33.87104128, -960.0, -68.0, 397.0
33.875986816, -967.0, -56.0, 399.0
33.88093248, -970.0, -46.0, 401.0
33.885878144, -969.0, -40.0, 401.0
33.89082368, -970.0, -30.0, 402.0
33.895769344, -961.0, -29.0, 400.0
33.90071488, -950.0, -34.0, 405.0
33.905660544, -934.0, -33.0, 415.0
33.910606208, -910.0, -41.0, 428.0
33.915551744, -891.0, -46.0, 457.0
33.920497408, -889.0, -53.0, 470.0
33.925442944, -891.0, -55.0, 474.0
33.930388608, -895.0, -56.0, 480.0
33.935334272, -898.0, -51.0, 477.0
33.940279808, -902.0, -48.0, 463.0
33.945225472, -905.0, -45.0, 446.0
33.950171008, -904.0, -47.0, 445.0
33.955116672, -899.0, -44.0, 425.0
33.960062208, -898.0, -47.0, 416.0
33.965007872, -892.0, -48.0, 413.0
33.969953536, -889.0, -51.0, 409.0
33.974899072, -884.0, -56.0, 417.0
33.979844736, -878.0, -57.0, 430.0
33.984790272, -869.0, -55.0, 446.0
33.989735936, -866.0, -54.0, 460.0
33.994681478, -858.0, -49.0, 469.0
33.999629568, -851.0, -47.0, 471.0
34.004577664, -844.0, -44.0, 474.0
34.009525888, -839.0, -36.0, 460.0
34.014473984, -843.0, -30.0, 447.0
34.019422208, -849.0, -31.0, 436.0
34.024370304, -857.0, -30.0, 433.0
34.029318528, -864.0, -38.0, 432.0
34.034266624, -871.0, -46.0, 442.0
34.039214848, -881.0, -53.0, 451.0
34.044162944, -886.0, -66.0, 468.0
34.049111168, -896.0, -84.0, 469.0
34.054059264, -907.0, -96.0, 463.0
34.05900736, -933.0, -105.0, 458.0
34.063955584, -945.0, -111.0, 446.0
34.06890368, -951.0, -114.0, 444.0
34.073851904, -953.0, -116.0, 440.0
34.0788, -954.0, -121.0, 438.0
34.083748224, -953.0, -120.0, 444.0
34.08869632, -953.0, -128.0, 442.0
34.093644544, -949.0, -128.0, 440.0
34.09859264, -948.0, -134.0, 447.0
34.103540864, -949.0, -133.0, 448.0
34.10848896, -947.0, -131.0, 441.0
34.113437184, -942.0, -127.0, 446.0
34.11838528, -928.0, -122.0, 451.0
34.123333376, -927.0, -115.0, 453.0
34.1282816, -916.0, -110.0, 447.0
34.133229696, -915.0, -99.0, 441.0
34.13817792, -896.0, -85.0, 434.0
34.143126016, -886.0, -73.0, 431.0
34.14807424, -868.0, -59.0, 427.0
34.153022336, -844.0, -52.0, 418.0
34.15797056, -839.0, -50.0, 409.0
34.162918656, -834.0, -48.0, 403.0
34.16786688, -827.0, -46.0, 398.0
34.172815038, -817.0, -44.0, 396.0
34.177758848, -813.0, -48.0, 405.0
34.18270272, -811.0, -46.0, 428.0
34.18764672, -818.0, -52.0, 453.0
34.192590592, -832.0, -53.0, 463.0
34.197534464, -863.0, -51.0, 465.0
34.202478464, -881.0, -49.0, 464.0
34.207422336, -889.0, -47.0, 453.0
34.212366208, -908.0, -43.0, 446.0
34.217310208, -927.0, -36.0, 437.0
34.22225408, -936.0, -32.0, 439.0
34.227197952, -938.0, -17.0, 446.0
34.232141952, -942.0, -8.0, 459.0
34.237085824, -947.0, 4.0, 450.0
34.242029824, -947.0, 11.0, 445.0
34.246973696, -943.0, 15.0, 444.0
34.251917568, -930.0, 17.0, 449.0
34.256861568, -915.0, 18.0, 457.0
34.26180544, -900.0, 17.0, 458.0
34.266749312, -895.0, 13.0, 467.0
34.271693312, -889.0, 9.0, 485.0
34.276637184, -886.0, 2.0, 492.0
34.281581056, -885.0, -5.0, 502.0
34.286525056, -883.0, -8.0, 515.0
34.291468928, -886.0, -10.0, 530.0
34.2964128, -897.0, -6.0, 530.0
34.3013568, -910.0, -1.0, 523.0
34.306300672, -923.0, -1.0, 512.0
34.311244544, -928.0, 5.0, 510.0
34.316188544, -933.0, 6.0, 504.0
34.321132416, -941.0, 9.0, 500.0
34.326076288, -944.0, 6.0, 481.0
34.331020288, -939.0, -3.0, 467.0
34.33596416, -920.0, -19.0, 465.0
34.34090816, -897.0, -32.0, 476.0
34.345852032, -890.0, -38.0, 485.0
34.350796036, -889.0, -49.0, 485.0
34.3557408, -892.0, -48.0, 467.0
34.360685568, -888.0, -50.0, 453.0
34.365630336, -882.0, -58.0, 436.0
34.370575104, -860.0, -71.0, 444.0
34.375519872, -826.0, -77.0, 464.0
34.38046464, -810.0, -76.0, 482.0
34.385409408, -801.0, -63.0, 498.0
34.390354176, -804.0, -48.0, 500.0
34.395298944, -806.0, -28.0, 500.0
34.400243712, -814.0, 1.0, 508.0
34.40518848, -841.0, 20.0, 514.0
34.410133248, -869.0, 43.0, 531.0
34.415078016, -883.0, 58.0, 545.0
34.420022656, -895.0, 64.0, 554.0
34.424967424, -905.0, 61.0, 560.0
34.429912192, -908.0, 50.0, 562.0
34.43485696, -901.0, 28.0, 546.0
34.439801728, -893.0, 12.0, 528.0
34.444746496, -888.0, -4.0, 511.0
34.449691264, -887.0, -34.0, 501.0
34.454636032, -886.0, -56.0, 495.0
34.4595808, -890.0, -76.0, 488.0
34.464525568, -896.0, -96.0, 490.0
34.469470336, -911.0, -107.0, 491.0
34.474415104, -923.0, -112.0, 496.0
34.479359872, -926.0, -115.0, 503.0
34.48430464, -931.0, -119.0, 507.0
34.489249408, -930.0, -125.0, 511.0
34.494194176, -925.0, -131.0, 510.0
34.499138944, -917.0, -133.0, 501.0
34.504083712, -915.0, -138.0, 496.0
34.50902848, -920.0, -133.0, 488.0
34.513973248, -914.0, -137.0, 487.0
34.518918016, -917.0, -140.0, 489.0
34.523862784, -915.0, -133.0, 492.0
34.528807504, -913.0, -128.0, 494.0
34.53375488, -922.0, -116.0, 482.0
34.538702208, -926.0, -112.0, 465.0
34.543649536, -935.0, -108.0, 450.0
34.548596864, -921.0, -102.0, 436.0
34.553544064, -908.0, -93.0, 431.0
34.558491392, -897.0, -91.0, 434.0
34.56343872, -889.0, -86.0, 438.0
34.568386048, -885.0, -93.0, 447.0
34.573333376, -878.0, -93.0, 469.0
34.578280704, -872.0, -99.0, 487.0
34.583227904, -874.0, -101.0, 503.0
34.588175232, -881.0, -105.0, 506.0
34.59312256, -884.0, -108.0, 501.0
34.598069888, -886.0, -111.0, 492.0
34.603017216, -889.0, -112.0, 481.0
34.607964544, -893.0, -111.0, 464.0
34.612911744, -892.0, -112.0, 453.0
34.617859072, -891.0, -108.0, 447.0
34.6228064, -887.0, -101.0, 447.0
34.627753728, -882.0, -81.0, 455.0
34.632701056, -869.0, -59.0, 472.0
34.637648384, -855.0, -38.0, 482.0
34.642595584, -856.0, -15.0, 494.0
34.647542912, -862.0, 7.0, 504.0
34.65249024, -867.0, 18.0, 509.0
34.657437568, -865.0, 27.0, 517.0
34.662384896, -860.0, 36.0, 530.0
34.667332224, -850.0, 35.0, 538.0
34.672279424, -844.0, 26.0, 544.0
34.677226752, -846.0, 16.0, 550.0
34.68217408, -854.0, 9.0, 540.0
34.687121408, -868.0, -6.0, 525.0
34.692068736, -871.0, -29.0, 508.0
34.697016064, -879.0, -48.0, 503.0
34.701963264, -881.0, -61.0, 500.0
34.706910546, -882.0, -81.0, 502.0
34.71185792, -884.0, -95.0, 500.0
34.716805248, -881.0, -103.0, 498.0
34.721752576, -882.0, -108.0, 497.0
34.726699904, -883.0, -109.0, 500.0
34.731647104, -884.0, -106.0, 502.0
34.736594432, -883.0, -100.0, 504.0
34.74154176, -883.0, -93.0, 504.0
34.746489088, -886.0, -78.0, 491.0
34.751436416, -890.0, -69.0, 468.0
34.756383744, -891.0, -64.0, 454.0
34.761330944, -888.0, -59.0, 467.0
34.766278272, -884.0, -66.0, 493.0
34.7712256, -879.0, -72.0, 501.0
34.776172928, -865.0, -83.0, 505.0
34.781120256, -857.0, -95.0, 509.0
34.786067584, -855.0, -104.0, 513.0
34.791014784, -853.0, -104.0, 522.0
34.795962112, -856.0, -96.0, 524.0
34.80090944, -855.0, -66.0, 541.0
34.805856768, -845.0, -35.0, 555.0
34.810804096, -841.0, -3.0, 565.0
34.815751424, -834.0, 14.0, 562.0
34.820698624, -841.0, 29.0, 553.0
34.825645952, -839.0, 38.0, 537.0
34.83059328, -844.0, 33.0, 529.0
34.835540608, -859.0, 18.0, 516.0
34.840487936, -865.0, -1.0, 507.0
34.845435264, -867.0, -42.0, 485.0
34.850382464, -863.0, -90.0, 462.0
34.855329792, -861.0, -130.0, 447.0
34.86027712, -862.0, -181.0, 448.0
34.865224448, -863.0, -216.0, 453.0
34.870171776, -867.0, -231.0, 467.0
34.875119104, -874.0, -238.0, 481.0
34.880066304, -883.0, -238.0, 494.0
34.885013594, -886.0, -234.0, 502.0
34.889959296, -893.0, -231.0, 510.0
34.89490496, -897.0, -218.0, 514.0
34.899850496, -900.0, -207.0, 514.0
34.90479616, -900.0, -196.0, 510.0
34.909741696, -901.0, -186.0, 499.0
34.91468736, -898.0, -172.0, 489.0
34.919633024, -896.0, -155.0, 476.0
34.92457856, -888.0, -142.0, 468.0
34.929524224, -884.0, -133.0, 468.0
34.93446976, -872.0, -120.0, 472.0
34.939415424, -855.0, -111.0, 484.0
34.944361088, -834.0, -103.0, 497.0
34.949306624, -814.0, -89.0, 512.0
34.954252288, -805.0, -68.0, 527.0
34.959197824, -808.0, -51.0, 533.0
34.964143488, -809.0, -41.0, 533.0
34.969089024, -820.0, -23.0, 516.0
34.974034688, -831.0, -12.0, 502.0
34.978980352, -837.0, -5.0, 490.0
34.983925888, -837.0, -4.0, 482.0
34.988871552, -835.0, -4.0, 481.0
34.993817088, -842.0, -7.0, 487.0
34.998762752, -843.0, -11.0, 492.0
35.003708416, -853.0, -28.0, 493.0
35.008653952, -857.0, -53.0, 493.0
35.013599616, -863.0, -72.0, 486.0
35.018545152, -865.0, -98.0, 479.0
35.023490816, -865.0, -113.0, 478.0
35.02843648, -861.0, -136.0, 481.0
35.033382016, -857.0, -159.0, 475.0
35.03832768, -867.0, -172.0, 466.0
35.043273216, -870.0, -166.0, 445.0
35.04821888, -878.0, -167.0, 421.0
35.053164544, -878.0, -161.0, 413.0
35.05811008, -878.0, -142.0, 416.0
35.063055622, -885.0, -127.0, 425.0
35.068002048, -894.0, -116.0, 439.0
35.07294848, -918.0, -108.0, 455.0
35.077894912, -935.0, -96.0, 465.0
35.082841472, -946.0, -88.0, 478.0
35.087787904, -951.0, -70.0, 485.0
35.092734336, -950.0, -71.0, 490.0
35.097680768, -941.0, -72.0, 489.0
35.102627328, -910.0, -89.0, 484.0
35.10757376, -885.0, -108.0, 474.0
35.112520192, -857.0, -116.0, 467.0
35.117466624, -825.0, -131.0, 458.0
35.122413056, -811.0, -130.0, 447.0
35.127359616, -810.0, -119.0, 441.0
35.132306048, -818.0, -111.0, 419.0
35.13725248, -838.0, -97.0, 406.0
35.142198912, -871.0, -72.0, 402.0
35.147145344, -886.0, -57.0, 413.0
35.152091904, -904.0, -42.0, 431.0
35.157038336, -933.0, -33.0, 457.0
35.161984768, -953.0, -27.0, 479.0
35.1669312, -970.0, -14.0, 497.0
35.17187776, -983.0, 1.0, 513.0
35.176824192, -985.0, 4.0, 519.0
35.181770624, -985.0, 1.0, 515.0
35.186717056, -973.0, -14.0, 506.0
35.191663488, -952.0, -23.0, 503.0
35.196610048, -938.0, -35.0, 506.0
35.20155648, -935.0, -31.0, 500.0
35.206502912, -942.0, -22.0, 482.0
35.211449344, -946.0, -12.0, 460.0
35.216395776, -950.0, -3.0, 437.0
35.221342336, -951.0, -3.0, 426.0
35.226288768, -948.0, -9.0, 418.0
35.2312352, -941.0, -25.0, 418.0
35.236181632, -936.0, -43.0, 410.0
35.241128162, -921.0, -57.0, 413.0
35.246072064, -916.0, -72.0, 421.0
35.251015936, -906.0, -91.0, 433.0
35.255959936, -907.0, -97.0, 450.0
35.260903808, -903.0, -93.0, 465.0
35.26584768, -899.0, -89.0, 470.0
35.27079168, -893.0, -84.0, 476.0
35.275735552, -894.0, -77.0, 473.0
35.280679424, -897.0, -75.0, 473.0
35.285623424, -900.0, -76.0, 468.0
35.290567296, -901.0, -74.0, 457.0
35.295511168, -900.0, -78.0, 450.0
35.300455168, -898.0, -72.0, 434.0
35.30539904, -894.0, -69.0, 415.0
35.310342912, -888.0, -66.0, 411.0
35.315286912, -888.0, -69.0, 410.0
35.320230784, -890.0, -75.0, 413.0
35.325174784, -890.0, -86.0, 412.0
35.330118656, -898.0, -96.0, 409.0
35.335062528, -906.0, -107.0, 398.0
35.340006528, -929.0, -107.0, 386.0
35.3449504, -936.0, -108.0, 383.0
35.349894272, -933.0, -108.0, 390.0
35.354838272, -928.0, -106.0, 404.0
35.359782144, -913.0, -103.0, 425.0
35.364726016, -913.0, -100.0, 439.0
35.369670016, -913.0, -95.0, 445.0
35.374613888, -917.0, -97.0, 447.0
35.37955776, -924.0, -100.0, 440.0
35.38450176, -925.0, -102.0, 427.0
35.389445632, -917.0, -109.0, 413.0
35.394389504, -922.0, -112.0, 404.0
35.399333504, -921.0, -114.0, 400.0
35.404277376, -926.0, -117.0, 398.0
35.409221248, -932.0, -128.0, 395.0
35.414165248, -927.0, -139.0, 395.0
35.419109144, -925.0, -153.0, 397.0
35.424054784, -925.0, -167.0, 404.0
35.429000448, -929.0, -173.0, 410.0
35.433945984, -937.0, -178.0, 421.0
35.438891648, -939.0, -177.0, 440.0
35.443837184, -940.0, -174.0, 458.0
35.448782848, -946.0, -161.0, 454.0
35.453728512, -947.0, -140.0, 446.0
35.458674048, -943.0, -123.0, 430.0
35.463619712, -936.0, -114.0, 424.0
35.468565248, -927.0, -109.0, 416.0
35.473510912, -915.0, -105.0, 415.0
35.478456448, -909.0, -103.0, 406.0
35.483402112, -905.0, -96.0, 405.0
35.488347776, -899.0, -90.0, 410.0
35.493293312, -894.0, -88.0, 407.0
35.498238976, -894.0, -78.0, 413.0
35.503184512, -895.0, -88.0, 405.0
35.508130176, -895.0, -94.0, 405.0
35.51307584, -891.0, -102.0, 411.0
35.518021376, -894.0, -101.0, 426.0
35.52296704, -906.0, -104.0, 438.0
35.527912576, -926.0, -108.0, 413.0
35.53285824, -932.0, -107.0, 390.0
35.537803776, -936.0, -105.0, 374.0
35.54274944, -932.0, -101.0, 380.0
35.547695104, -927.0, -97.0, 396.0
35.55264064, -929.0, -96.0, 404.0
35.557586304, -935.0, -99.0, 398.0
35.56253184, -937.0, -103.0, 395.0
35.567477504, -941.0, -106.0, 390.0
35.572423168, -934.0, -107.0, 390.0
35.577368704, -920.0, -105.0, 390.0
35.582314368, -917.0, -107.0, 390.0
35.587259904, -919.0, -107.0, 391.0
35.592205568, -926.0, -106.0, 392.0
35.59715114, -923.0, -106.0, 396.0
35.602094208, -919.0, -102.0, 407.0
35.607037312, -925.0, -93.0, 427.0
35.611980288, -930.0, -83.0, 440.0
35.616923392, -932.0, -71.0, 457.0
35.621866496, -926.0, -59.0, 460.0
35.6268096, -921.0, -54.0, 461.0
35.631752576, -916.0, -55.0, 457.0
35.63669568, -915.0, -50.0, 451.0
35.641638784, -912.0, -48.0, 447.0
35.64658176, -910.0, -50.0, 440.0
35.651524864, -906.0, -53.0, 434.0
35.656467968, -902.0, -54.0, 430.0
35.661411072, -909.0, -58.0, 430.0
35.666354048, -915.0, -62.0, 434.0
35.671297152, -918.0, -70.0, 435.0
35.676240256, -922.0, -72.0, 438.0
35.68118336, -926.0, -76.0, 432.0
35.686126336, -932.0, -83.0, 427.0
35.69106944, -935.0, -94.0, 422.0
35.696012544, -941.0, -96.0, 421.0
35.70095552, -940.0, -100.0, 418.0
35.705898624, -936.0, -100.0, 415.0
35.710841728, -934.0, -100.0, 410.0
35.715784832, -937.0, -98.0, 410.0
35.720727808, -931.0, -96.0, 410.0
35.725670912, -921.0, -93.0, 407.0
35.730614016, -912.0, -94.0, 406.0
35.735556992, -908.0, -95.0, 407.0
35.740500096, -908.0, -95.0, 415.0
35.7454432, -909.0, -88.0, 427.0
35.750386304, -918.0, -92.0, 435.0
35.75532928, -922.0, -93.0, 443.0
35.760272384, -930.0, -94.0, 444.0
35.765215488, -934.0, -90.0, 436.0
35.770158592, -927.0, -85.0, 426.0
35.775101604, -924.0, -82.0, 427.0
35.780046336, -916.0, -76.0, 429.0
35.784991104, -916.0, -67.0, 438.0
35.789935872, -922.0, -71.0, 447.0
35.79488064, -924.0, -67.0, 443.0
35.799825408, -927.0, -71.0, 440.0
35.804770176, -924.0, -67.0, 443.0
35.809714944, -924.0, -58.0, 449.0
35.814659712, -932.0, -57.0, 472.0
35.81960448, -938.0, -60.0, 486.0
35.824549248, -947.0, -61.0, 488.0
35.829494016, -956.0, -63.0, 480.0
35.834438784, -967.0, -55.0, 475.0
35.839383552, -969.0, -53.0, 474.0
35.84432832, -962.0, -50.0, 477.0
35.84927296, -950.0, -46.0, 479.0
35.854217728, -943.0, -43.0, 483.0
35.859162496, -937.0, -40.0, 479.0
35.864107264, -938.0, -33.0, 469.0
35.869052032, -932.0, -33.0, 463.0
35.8739968, -932.0, -32.0, 461.0
35.878941568, -928.0, -31.0, 454.0
35.883886336, -921.0, -29.0, 449.0
35.888831104, -916.0, -29.0, 435.0
35.893775872, -912.0, -28.0, 438.0
35.89872064, -919.0, -25.0, 436.0
35.903665408, -923.0, -24.0, 439.0
35.908610176, -931.0, -19.0, 439.0
35.913554944, -923.0, -24.0, 438.0
35.918499712, -929.0, -25.0, 456.0
35.92344448, -931.0, -35.0, 471.0
35.928389248, -933.0, -42.0, 477.0
35.933334016, -926.0, -49.0, 489.0
35.938278784, -921.0, -56.0, 498.0
35.943223552, -909.0, -64.0, 499.0
35.94816832, -903.0, -70.0, 496.0
35.953113082, -903.0, -76.0, 490.0
35.958057856, -896.0, -80.0, 486.0
35.963002624, -888.0, -76.0, 482.0
35.967947392, -884.0, -74.0, 469.0
35.97289216, -884.0, -74.0, 461.0
35.977836928, -878.0, -77.0, 447.0
35.982781696, -875.0, -84.0, 435.0
35.987726464, -872.0, -81.0, 429.0
35.992671232, -871.0, -83.0, 429.0
35.997616, -863.0, -77.0, 442.0
36.002560768, -859.0, -73.0, 458.0
36.007505536, -853.0, -64.0, 477.0
36.012450304, -856.0, -46.0, 486.0
36.017395072, -869.0, -25.0, 482.0
36.02233984, -882.0, 0.0, 471.0
36.027284608, -891.0, 21.0, 458.0
36.032229248, -895.0, 43.0, 444.0
36.037174016, -895.0, 58.0, 427.0
36.042118784, -886.0, 66.0, 415.0
36.047063552, -881.0, 72.0, 408.0
36.05200832, -878.0, 73.0, 407.0
36.056953088, -870.0, 65.0, 414.0
36.061897856, -861.0, 57.0, 423.0
36.066842624, -849.0, 43.0, 429.0
36.071787392, -856.0, 30.0, 431.0
36.07673216, -869.0, 17.0, 442.0
36.081676928, -880.0, 6.0, 454.0
36.086621696, -888.0, -14.0, 457.0
36.091566464, -896.0, -39.0, 461.0
36.096511232, -907.0, -70.0, 459.0
36.101456, -918.0, -99.0, 449.0
36.106400768, -925.0, -115.0, 452.0
36.111345536, -937.0, -131.0, 436.0
36.116290304, -952.0, -152.0, 415.0
36.121235072, -962.0, -162.0, 393.0
36.12617984, -970.0, -162.0, 388.0
36.131124576, -972.0, -148.0, 395.0
36.13607104, -959.0, -142.0, 400.0
36.141017472, -954.0, -125.0, 414.0
36.145963904, -948.0, -115.0, 434.0
36.150910464, -943.0, -109.0, 437.0
36.155856896, -936.0, -106.0, 437.0
36.160803328, -917.0, -100.0, 435.0
36.16574976, -894.0, -95.0, 434.0
36.17069632, -880.0, -93.0, 447.0
36.175642752, -864.0, -81.0, 471.0
36.180589184, -850.0, -58.0, 488.0
36.185535616, -850.0, -46.0, 500.0
36.190482048, -854.0, -35.0, 505.0
36.195428608, -861.0, -22.0, 516.0
36.20037504, -877.0, -12.0, 529.0
36.205321472, -887.0, -4.0, 544.0
36.210267904, -905.0, 2.0, 537.0
36.215214336, -936.0, 4.0, 528.0
36.220160896, -948.0, 5.0, 513.0
36.225107328, -959.0, 6.0, 502.0
36.23005376, -960.0, 7.0, 498.0
36.235000192, -955.0, 9.0, 497.0
36.239946752, -954.0, 9.0, 497.0
36.244893184, -950.0, 12.0, 495.0
36.249839616, -948.0, 16.0, 491.0
36.254786048, -946.0, 24.0, 489.0
36.25973248, -944.0, 33.0, 479.0
36.26467904, -943.0, 45.0, 477.0
36.269625472, -940.0, 51.0, 469.0
36.274571904, -932.0, 56.0, 452.0
36.279518336, -931.0, 56.0, 426.0
36.284464768, -930.0, 49.0, 404.0
36.289411328, -914.0, 34.0, 380.0
36.29435776, -894.0, 16.0, 370.0
36.299304192, -878.0, 2.0, 377.0
36.304250624, -859.0, -17.0, 384.0
36.309197126, -842.0, -41.0, 382.0
36.314141952, -825.0, -65.0, 383.0
36.31908672, -816.0, -94.0, 384.0
36.324031488, -801.0, -108.0, 401.0
36.328976256, -782.0, -116.0, 424.0
36.333921024, -776.0, -119.0, 440.0
36.338865792, -778.0, -127.0, 430.0
36.34381056, -789.0, -136.0, 415.0
36.348755328, -806.0, -159.0, 393.0
36.353700096, -825.0, -180.0, 373.0
36.358644864, -852.0, -192.0, 347.0
36.363589632, -874.0, -203.0, 330.0
36.3685344, -885.0, -222.0, 318.0
36.373479168, -890.0, -236.0, 298.0
36.378423936, -903.0, -268.0, 300.0
36.383368576, -929.0, -311.0, 300.0
36.388313344, -966.0, -357.0, 300.0
36.393258112, -1011.0, -385.0, 299.0
36.39820288, -1083.0, -412.0, 283.0
36.403147648, -1153.0, -438.0, 280.0
36.408092416, -1222.0, -446.0, 291.0
36.413037184, -1249.0, -441.0, 312.0
36.417981952, -1251.0, -427.0, 343.0
36.42292672, -1216.0, -387.0, 386.0
36.427871488, -1116.0, -336.0, 456.0
36.432816256, -1010.0, -263.0, 536.0
36.437761024, -911.0, -191.0, 625.0
36.442705792, -825.0, -114.0, 704.0
36.44765056, -768.0, -40.0, 740.0
36.452595328, -733.0, 24.0, 748.0
36.457540096, -700.0, 79.0, 719.0
36.462484864, -685.0, 127.0, 655.0
36.467429632, -660.0, 159.0, 577.0
36.4723744, -657.0, 169.0, 497.0
36.477319168, -646.0, 149.0, 436.0
36.482263936, -649.0, 117.0, 404.0
36.4872086, -664.0, 69.0, 397.0
36.492152448, -700.0, 23.0, 399.0
36.49709632, -735.0, -19.0, 418.0
36.50204032, -769.0, -73.0, 448.0
36.506984192, -815.0, -115.0, 458.0
36.511928064, -874.0, -160.0, 471.0
36.516872064, -913.0, -195.0, 474.0
36.521815936, -963.0, -223.0, 468.0
36.526759808, -992.0, -237.0, 454.0
36.531703808, -1005.0, -251.0, 431.0
36.53664768, -1010.0, -263.0, 423.0
36.541591552, -1005.0, -272.0, 410.0
36.546535552, -995.0, -275.0, 408.0
36.551479424, -979.0, -273.0, 398.0
36.556423424, -948.0, -273.0, 411.0
36.561367296, -916.0, -258.0, 427.0
36.566311168, -890.0, -243.0, 448.0
36.571255168, -876.0, -236.0, 476.0
36.57619904, -870.0, -217.0, 498.0
36.581142912, -878.0, -191.0, 510.0
36.586086912, -885.0, -158.0, 516.0
36.591030784, -892.0, -122.0, 513.0
36.595974656, -898.0, -112.0, 512.0
36.600918656, -915.0, -103.0, 506.0
36.605862528, -924.0, -94.0, 498.0
36.6108064, -927.0, -84.0, 483.0
36.6157504, -918.0, -80.0, 478.0
36.620694272, -907.0, -70.0, 470.0
36.625638144, -896.0, -63.0, 470.0
36.630582144, -889.0, -63.0, 472.0
36.635526016, -881.0, -53.0, 482.0
36.640469888, -876.0, -50.0, 477.0
36.645413888, -870.0, -49.0, 468.0
36.65035776, -866.0, -48.0, 458.0
36.65530176, -871.0, -54.0, 442.0
36.660245632, -869.0, -63.0, 418.0
36.665189602, -871.0, -83.0, 408.0
36.670133504, -865.0, -103.0, 394.0
36.675077376, -872.0, -113.0, 388.0
36.680021376, -874.0, -124.0, 392.0
36.684965248, -883.0, -136.0, 395.0
36.68990912, -889.0, -150.0, 403.0
36.69485312, -906.0, -160.0, 404.0
36.699796992, -917.0, -170.0, 397.0
36.704740864, -924.0, -178.0, 395.0
36.709684864, -917.0, -170.0, 408.0
36.714628736, -911.0, -170.0, 429.0
36.719572608, -905.0, -172.0, 457.0
36.724516608, -906.0, -170.0, 469.0
36.72946048, -908.0, -176.0, 476.0
36.734404352, -909.0, -179.0, 486.0
36.739348352, -910.0, -189.0, 480.0
36.744292224, -915.0, -201.0, 468.0
36.749236224, -922.0, -209.0, 455.0
36.754180096, -928.0, -219.0, 446.0
36.759123968, -933.0, -223.0, 434.0
36.764067968, -928.0, -216.0, 422.0
36.76901184, -925.0, -213.0, 419.0
36.773955712, -919.0, -202.0, 413.0
36.778899712, -920.0, -197.0, 409.0
36.783843584, -909.0, -193.0, 411.0
36.788787456, -898.0, -192.0, 411.0
36.793731456, -892.0, -194.0, 414.0
36.798675328, -888.0, -189.0, 414.0
36.8036192, -885.0, -188.0, 421.0
36.8085632, -882.0, -187.0, 421.0
36.813507072, -882.0, -181.0, 419.0
36.818450944, -881.0, -176.0, 419.0
36.823394944, -884.0, -175.0, 418.0
36.828338816, -883.0, -170.0, 421.0
36.833282688, -884.0, -165.0, 416.0
36.838226688, -886.0, -169.0, 415.0
36.843170578, -887.0, -178.0, 420.0
36.848116224, -888.0, -184.0, 426.0
36.853061888, -887.0, -189.0, 429.0
36.858007424, -890.0, -200.0, 427.0
36.862953088, -891.0, -211.0, 427.0
36.867898624, -888.0, -223.0, 436.0
36.872844288, -886.0, -230.0, 430.0
36.877789952, -882.0, -233.0, 434.0
36.882735488, -876.0, -233.0, 435.0
36.887681152, -872.0, -232.0, 447.0
36.892626688, -875.0, -229.0, 455.0
36.897572352, -879.0, -220.0, 458.0
36.902517888, -886.0, -210.0, 464.0
36.907463552, -888.0, -199.0, 464.0
36.912409216, -894.0, -193.0, 466.0
36.917354752, -897.0, -188.0, 462.0
36.922300416, -894.0, -192.0, 458.0
36.927245952, -889.0, -195.0, 453.0
36.932191616, -887.0, -201.0, 452.0
36.93713728, -884.0, -207.0, 454.0
36.942082816, -880.0, -208.0, 458.0
36.94702848, -883.0, -206.0, 453.0
36.951974016, -883.0, -205.0, 444.0
36.95691968, -886.0, -201.0, 441.0
36.961865216, -886.0, -194.0, 434.0
36.96681088, -886.0, -185.0, 444.0
36.971756544, -885.0, -174.0, 450.0
36.97670208, -887.0, -168.0, 452.0
36.981647744, -886.0, -173.0, 456.0
36.98659328, -886.0, -174.0, 451.0
36.991538944, -885.0, -184.0, 448.0
36.996484608, -885.0, -187.0, 449.0
37.001430144, -886.0, -190.0, 445.0
37.006375808, -886.0, -193.0, 448.0
37.011321344, -890.0, -194.0, 444.0
37.016267008, -891.0, -195.0, 441.0
37.021212574, -891.0, -192.0, 441.0
37.026159872, -887.0, -195.0, 441.0
37.0311072, -890.0, -192.0, 446.0
37.036054528, -888.0, -188.0, 445.0
37.041001728, -885.0, -190.0, 450.0
37.045949056, -884.0, -195.0, 459.0
37.050896384, -882.0, -198.0, 469.0
37.055843712, -880.0, -200.0, 480.0
37.06079104, -883.0, -204.0, 481.0
37.065738368, -885.0, -206.0, 472.0
37.070685568, -890.0, -203.0, 468.0
37.075632896, -894.0, -206.0, 465.0
37.080580224, -893.0, -210.0, 457.0
37.085527552, -891.0, -214.0, 452.0
37.09047488, -892.0, -217.0, 446.0
37.095422208, -890.0, -223.0, 444.0
37.100369408, -890.0, -224.0, 438.0
37.105316736, -891.0, -227.0, 432.0
37.110264064, -888.0, -230.0, 436.0
37.115211392, -888.0, -229.0, 434.0
37.12015872, -886.0, -230.0, 429.0
37.125106048, -886.0, -227.0, 427.0
37.130053248, -885.0, -223.0, 426.0
37.135000576, -885.0, -214.0, 421.0
37.139947904, -885.0, -208.0, 417.0
37.144895232, -886.0, -199.0, 423.0
37.14984256, -889.0, -192.0, 422.0
37.154789888, -890.0, -190.0, 434.0
37.159737088, -888.0, -189.0, 446.0
37.164684416, -892.0, -188.0, 445.0
37.169631744, -892.0, -191.0, 449.0
37.174579072, -894.0, -193.0, 441.0
37.1795264, -893.0, -197.0, 440.0
37.184473728, -894.0, -204.0, 444.0
37.189420928, -890.0, -216.0, 450.0
37.194368256, -890.0, -220.0, 452.0
37.199315606, -894.0, -218.0, 448.0
37.204261248, -899.0, -208.0, 450.0
37.209206912, -899.0, -208.0, 443.0
37.214152448, -895.0, -202.0, 438.0
37.219098112, -893.0, -198.0, 445.0
37.224043648, -893.0, -191.0, 448.0
37.228989312, -892.0, -184.0, 457.0
37.233934976, -896.0, -176.0, 461.0
37.238880512, -901.0, -168.0, 468.0
37.243826176, -901.0, -171.0, 462.0
37.248771712, -895.0, -172.0, 465.0
37.253717376, -891.0, -173.0, 481.0
37.25866304, -889.0, -179.0, 494.0
37.263608576, -893.0, -182.0, 499.0
37.26855424, -900.0, -189.0, 482.0
37.273499776, -898.0, -195.0, 452.0
37.27844544, -901.0, -199.0, 422.0
37.283390976, -891.0, -201.0, 421.0
37.28833664, -889.0, -198.0, 430.0
37.293282304, -888.0, -194.0, 429.0
37.29822784, -887.0, -193.0, 431.0
37.303173504, -888.0, -193.0, 424.0
37.30811904, -888.0, -194.0, 424.0
37.313064704, -890.0, -193.0, 420.0
37.318010368, -890.0, -188.0, 419.0
37.322955904, -889.0, -193.0, 424.0
37.327901568, -892.0, -192.0, 427.0
37.332847104, -894.0, -186.0, 434.0
37.337792768, -897.0, -187.0, 429.0
37.342738432, -896.0, -186.0, 438.0
37.347683968, -901.0, -180.0, 438.0
37.352629632, -901.0, -178.0, 441.0
37.357575168, -901.0, -180.0, 440.0
37.362520832, -895.0, -181.0, 446.0
37.367466496, -893.0, -176.0, 447.0
37.372412032, -890.0, -174.0, 456.0
37.377357634, -889.0, -173.0, 465.0
37.382305024, -888.0, -166.0, 471.0
37.387252352, -889.0, -161.0, 471.0
37.39219968, -891.0, -156.0, 471.0
37.39714688, -893.0, -152.0, 470.0
37.402094208, -893.0, -154.0, 467.0
37.407041536, -896.0, -153.0, 468.0
37.411988864, -899.0, -156.0, 466.0
37.416936192, -903.0, -164.0, 464.0
37.42188352, -903.0, -168.0, 457.0
37.42683072, -897.0, -173.0, 461.0
37.431778048, -898.0, -176.0, 465.0
37.436725376, -895.0, -178.0, 468.0
37.441672704, -893.0, -171.0, 470.0
37.446620032, -892.0, -171.0, 470.0
37.45156736, -895.0, -168.0, 466.0
37.45651456, -897.0, -164.0, 456.0
37.461461888, -894.0, -164.0, 444.0
37.466409216, -892.0, -166.0, 437.0
37.471356544, -891.0, -168.0, 428.0
37.476303872, -892.0, -168.0, 427.0
37.4812512, -892.0, -169.0, 425.0
37.4861984, -892.0, -176.0, 426.0
37.491145728, -891.0, -179.0, 435.0
37.496093056, -890.0, -179.0, 443.0
37.501040384, -891.0, -176.0, 441.0
37.505987712, -893.0, -166.0, 448.0
37.51093504, -891.0, -160.0, 456.0
37.51588224, -897.0, -152.0, 459.0
37.520829568, -897.0, -151.0, 451.0
37.525776896, -899.0, -150.0, 444.0
37.530724224, -894.0, -155.0, 442.0
37.535671552, -895.0, -159.0, 440.0
37.54061888, -891.0, -168.0, 441.0
37.54556608, -890.0, -171.0, 443.0
37.550513408, -891.0, -175.0, 445.0
37.555460666, -888.0, -180.0, 445.0
37.56040704, -885.0, -182.0, 446.0
37.565353472, -886.0, -183.0, 448.0
37.570299904, -889.0, -178.0, 445.0
37.575246464, -889.0, -181.0, 443.0
37.580192896, -891.0, -169.0, 440.0
37.585139328, -893.0, -165.0, 445.0
37.59008576, -895.0, -165.0, 437.0
37.59503232, -896.0, -159.0, 440.0
37.599978752, -899.0, -161.0, 439.0
37.604925184, -901.0, -167.0, 444.0
37.609871616, -899.0, -170.0, 454.0
37.614818048, -899.0, -175.0, 453.0
37.619764608, -896.0, -181.0, 456.0
37.62471104, -895.0, -184.0, 462.0
37.629657472, -892.0, -182.0, 455.0
37.634603904, -889.0, -184.0, 457.0
37.639550336, -895.0, -177.0, 454.0
37.644496896, -905.0, -170.0, 438.0
37.649443328, -922.0, -163.0, 425.0
37.65438976, -930.0, -160.0, 413.0
37.659336192, -924.0, -156.0, 407.0
37.664282752, -917.0, -150.0, 408.0
37.669229184, -901.0, -151.0, 410.0
37.674175616, -895.0, -152.0, 410.0
37.679122048, -890.0, -155.0, 422.0
37.68406848, -889.0, -157.0, 431.0
37.68901504, -887.0, -157.0, 427.0
37.693961472, -889.0, -157.0, 423.0
37.698907904, -889.0, -159.0, 420.0
37.703854336, -894.0, -157.0, 425.0
37.708800896, -907.0, -156.0, 423.0
37.713747328, -920.0, -150.0, 425.0
37.71869376, -934.0, -153.0, 426.0
37.723640192, -931.0, -157.0, 422.0
37.728586624, -931.0, -154.0, 423.0
37.733533222, -918.0, -157.0, 429.0
37.738479616, -915.0, -151.0, 425.0
37.743426048, -906.0, -150.0, 430.0
37.74837248, -904.0, -152.0, 426.0
37.75331904, -898.0, -153.0, 422.0
37.758265472, -898.0, -153.0, 418.0
37.763211904, -894.0, -156.0, 415.0
37.768158336, -892.0, -160.0, 417.0
37.773104768, -891.0, -164.0, 427.0
37.778051328, -889.0, -163.0, 426.0
37.78299776, -890.0, -168.0, 433.0
37.787944192, -894.0, -164.0, 435.0
37.792890624, -894.0, -164.0, 424.0
37.797837184, -889.0, -155.0, 437.0
37.802783616, -890.0, -151.0, 436.0
37.807730048, -896.0, -149.0, 429.0
37.81267648, -906.0, -149.0, 411.0
37.817622912, -905.0, -150.0, 408.0
37.822569472, -902.0, -153.0, 408.0
37.827515904, -898.0, -160.0, 411.0
37.832462336, -901.0, -170.0, 406.0
37.837408768, -904.0, -174.0, 394.0
37.8423552, -897.0, -178.0, 382.0
37.84730176, -896.0, -175.0, 385.0
37.852248192, -883.0, -177.0, 398.0
37.857194624, -874.0, -176.0, 413.0
37.862141056, -876.0, -175.0, 416.0
37.867087616, -877.0, -171.0, 418.0
37.872034048, -883.0, -167.0, 414.0
37.87698048, -884.0, -162.0, 406.0
37.881926912, -883.0, -162.0, 407.0
37.886873344, -886.0, -157.0, 402.0
37.891819904, -888.0, -153.0, 403.0
37.896766336, -892.0, -154.0, 402.0
37.901712768, -893.0, -146.0, 404.0
37.9066592, -895.0, -143.0, 407.0
37.911605752, -897.0, -142.0, 412.0
37.916552192, -892.0, -142.0, 420.0
37.921498624, -893.0, -140.0, 427.0
37.926445056, -892.0, -144.0, 431.0
37.931391616, -892.0, -145.0, 432.0
37.936338048, -893.0, -150.0, 435.0
37.94128448, -892.0, -157.0, 434.0
37.946230912, -890.0, -163.0, 435.0
37.951177344, -888.0, -167.0, 437.0
37.956123904, -887.0, -171.0, 444.0
37.961070336, -887.0, -172.0, 444.0
37.966016768, -887.0, -173.0, 449.0
37.9709632, -887.0, -173.0, 446.0
37.97590976, -889.0, -166.0, 446.0
37.980856192, -890.0, -161.0, 443.0
37.985802624, -889.0, -158.0, 443.0
37.990749056, -890.0, -151.0, 449.0
37.995695488, -891.0, -144.0, 443.0
38.000642048, -889.0, -141.0, 442.0
38.00558848, -887.0, -140.0, 454.0
38.010534912, -887.0, -137.0, 448.0
38.015481344, -887.0, -136.0, 450.0
38.020427776, -887.0, -138.0, 454.0
38.025374336, -888.0, -138.0, 446.0
38.030320768, -888.0, -138.0, 443.0
38.0352672, -888.0, -136.0, 437.0
38.040213632, -889.0, -136.0, 432.0
38.045160192, -890.0, -136.0, 428.0
38.050106624, -891.0, -131.0, 429.0
38.055053056, -893.0, -132.0, 437.0
38.059999488, -893.0, -136.0, 445.0
38.06494592, -892.0, -136.0, 455.0
38.06989248, -893.0, -141.0, 468.0
38.074838912, -896.0, -147.0, 473.0
38.079785344, -899.0, -151.0, 473.0
38.084731776, -900.0, -159.0, 469.0
38.089678282, -899.0, -168.0, 472.0
38.09462144, -897.0, -174.0, 470.0
38.099564544, -893.0, -181.0, 459.0
38.10450752, -890.0, -183.0, 456.0
38.109450624, -887.0, -186.0, 454.0
38.114393728, -887.0, -186.0, 451.0
38.119336832, -887.0, -184.0, 446.0
38.124279808, -887.0, -178.0, 451.0
38.129222912, -886.0, -175.0, 455.0
38.134166016, -888.0, -171.0, 453.0
38.139108992, -891.0, -162.0, 450.0
38.144052096, -893.0, -159.0, 443.0
38.1489952, -891.0, -153.0, 449.0
38.153938304, -890.0, -156.0, 455.0
38.15888128, -888.0, -157.0, 464.0
38.163824384, -886.0, -159.0, 468.0
38.168767488, -885.0, -163.0, 471.0
38.173710592, -886.0, -160.0, 472.0
38.178653568, -887.0, -164.0, 472.0
38.183596672, -888.0, -162.0, 464.0
38.188539776, -888.0, -154.0, 468.0
38.193482752, -887.0, -156.0, 468.0
38.198425856, -887.0, -155.0, 473.0
38.20336896, -886.0, -146.0, 471.0
38.208312064, -887.0, -146.0, 468.0
38.21325504, -888.0, -147.0, 470.0
38.218198144, -889.0, -147.0, 462.0
38.223141248, -888.0, -152.0, 457.0
38.228084224, -886.0, -160.0, 459.0
38.233027328, -885.0, -166.0, 462.0
38.237970432, -884.0, -172.0, 468.0
38.242913536, -883.0, -177.0, 470.0
38.247856512, -883.0, -175.0, 475.0
38.252799616, -885.0, -172.0, 471.0
38.25774272, -886.0, -169.0, 472.0
38.262685696, -888.0, -164.0, 472.0
38.267628736, -890.0, -157.0, 467.0
38.272570112, -888.0, -145.0, 461.0
38.277511424, -889.0, -143.0, 468.0
38.282452864, -887.0, -139.0, 468.0
38.287394176, -886.0, -136.0, 468.0
38.292335616, -886.0, -142.0, 466.0
38.297276928, -886.0, -138.0, 467.0
38.302218368, -884.0, -146.0, 467.0
38.30715968, -882.0, -149.0, 468.0
38.31210112, -883.0, -149.0, 463.0
38.317042432, -883.0, -155.0, 461.0
38.321983872, -883.0, -148.0, 467.0
38.326925184, -885.0, -154.0, 468.0
38.331866624, -885.0, -156.0, 467.0
38.336807936, -885.0, -154.0, 467.0
38.341749376, -887.0, -153.0, 461.0
38.346690688, -888.0, -149.0, 464.0
38.351632128, -888.0, -150.0, 467.0
38.35657344, -890.0, -150.0, 472.0
38.361514752, -890.0, -156.0, 469.0
38.366456192, -892.0, -156.0, 464.0
38.371397504, -890.0, -159.0, 451.0
38.376338944, -887.0, -161.0, 449.0
38.381280256, -885.0, -166.0, 456.0
38.386221696, -884.0, -161.0, 459.0
38.391163008, -886.0, -163.0, 458.0
38.396104448, -890.0, -162.0, 441.0
38.40104576, -894.0, -166.0, 421.0
38.4059872, -890.0, -162.0, 414.0
38.410928512, -887.0, -161.0, 432.0
38.415869952, -884.0, -164.0, 453.0
38.420811264, -884.0, -167.0, 467.0
38.425752704, -886.0, -175.0, 475.0
38.430694016, -886.0, -181.0, 470.0
38.435635456, -889.0, -186.0, 461.0
38.440576768, -888.0, -190.0, 462.0
38.445518138, -890.0, -192.0, 457.0
38.450461184, -891.0, -194.0, 451.0
38.455404288, -888.0, -194.0, 449.0
38.460347264, -889.0, -191.0, 449.0
38.465290368, -889.0, -188.0, 448.0
38.470233472, -886.0, -184.0, 447.0
38.475176576, -886.0, -178.0, 453.0
38.480119552, -887.0, -176.0, 457.0
38.485062656, -886.0, -175.0, 458.0
38.49000576, -886.0, -169.0, 460.0
38.494948864, -886.0, -164.0, 466.0
38.49989184, -886.0, -159.0, 465.0
38.504834944, -885.0, -159.0, 464.0
38.509778048, -885.0, -157.0, 467.0
38.514721024, -886.0, -157.0, 462.0
38.519664128, -886.0, -163.0, 460.0
38.524607232, -886.0, -164.0, 458.0
38.529550336, -886.0, -165.0, 463.0
38.534493312, -887.0, -162.0, 460.0
38.539436416, -887.0, -162.0, 458.0
38.54437952, -887.0, -162.0, 459.0
38.549322624, -888.0, -159.0, 450.0
38.5542656, -888.0, -160.0, 451.0
38.559208704, -887.0, -159.0, 458.0
38.564151808, -888.0, -160.0, 458.0
38.569094784, -887.0, -160.0, 453.0
38.574037888, -887.0, -159.0, 450.0
38.578980992, -888.0, -161.0, 450.0
38.583924096, -888.0, -160.0, 454.0
38.588867072, -890.0, -151.0, 460.0
38.593810176, -889.0, -148.0, 466.0
38.59875328, -890.0, -148.0, 466.0
38.603696256, -894.0, -152.0, 472.0
38.60863936, -894.0, -157.0, 471.0
38.613582464, -893.0, -165.0, 473.0
38.618525568, -894.0, -170.0, 470.0
38.623468616, -888.0, -177.0, 466.0
38.62841344, -883.0, -173.0, 465.0
38.633358208, -881.0, -173.0, 471.0
38.638302976, -880.0, -170.0, 475.0
38.643247744, -882.0, -172.0, 460.0
38.648192512, -885.0, -167.0, 455.0
38.65313728, -886.0, -161.0, 451.0
38.658082048, -888.0, -155.0, 449.0
38.663026816, -890.0, -156.0, 448.0
38.667971584, -890.0, -156.0, 449.0
38.672916352, -888.0, -166.0, 453.0
38.67786112, -886.0, -166.0, 455.0
38.682805888, -886.0, -176.0, 454.0
38.687750656, -884.0, -177.0, 451.0
38.692695424, -884.0, -176.0, 454.0
38.697640064, -886.0, -171.0, 452.0
38.702584832, -886.0, -167.0, 461.0
38.7075296, -890.0, -162.0, 465.0
38.712474368, -893.0, -159.0, 458.0
38.717419136, -893.0, -155.0, 458.0
38.722363904, -893.0, -157.0, 458.0
38.727308672, -892.0, -161.0, 461.0
38.73225344, -889.0, -168.0, 463.0
38.737198208, -888.0, -164.0, 469.0
38.742142976, -888.0, -167.0, 474.0
38.747087744, -887.0, -163.0, 469.0
38.752032512, -890.0, -162.0, 470.0
38.75697728, -890.0, -157.0, 471.0
38.761922048, -890.0, -156.0, 468.0
38.766866816, -889.0, -149.0, 468.0
38.771811584, -889.0, -149.0, 463.0
38.776756352, -889.0, -160.0, 459.0
38.78170112, -887.0, -169.0, 459.0
38.786645888, -886.0, -172.0, 455.0
38.791590656, -884.0, -182.0, 460.0
38.796535424, -884.0, -183.0, 451.0
38.801480094, -885.0, -184.0, 458.0
38.806426496, -886.0, -179.0, 453.0
38.811372928, -886.0, -169.0, 448.0
38.81631936, -889.0, -162.0, 443.0
38.82126592, -890.0, -149.0, 440.0
38.826212352, -892.0, -147.0, 443.0
38.831158784, -892.0, -144.0, 445.0
38.836105216, -893.0, -141.0, 453.0
38.841051776, -893.0, -145.0, 457.0
38.845998208, -891.0, -153.0, 462.0
38.85094464, -890.0, -166.0, 466.0
38.855891072, -887.0, -173.0, 472.0
38.860837504, -887.0, -179.0, 473.0
38.865784064, -884.0, -181.0, 472.0
38.870730496, -885.0, -182.0, 471.0
38.875676928, -885.0, -179.0, 476.0
38.88062336, -886.0, -172.0, 478.0
38.885569792, -889.0, -161.0, 480.0
38.890516352, -893.0, -151.0, 476.0
38.895462784, -893.0, -149.0, 478.0
38.900409216, -892.0, -150.0, 481.0
38.905355648, -889.0, -156.0, 480.0
38.910302208, -886.0, -157.0, 484.0
38.91524864, -887.0, -161.0, 485.0
38.920195072, -885.0, -162.0, 489.0
38.925141504, -887.0, -160.0, 485.0
38.930087936, -888.0, -161.0, 483.0
38.935034496, -891.0, -158.0, 469.0
38.939980928, -888.0, -155.0, 460.0
38.94492736, -887.0, -156.0, 450.0
38.949873792, -887.0, -151.0, 456.0
38.954820224, -891.0, -148.0, 455.0
38.959766784, -897.0, -161.0, 446.0
38.964713216, -898.0, -165.0, 425.0
38.969659648, -888.0, -174.0, 416.0
38.97460608, -884.0, -179.0, 433.0
38.979552644, -884.0, -176.0, 453.0
38.984499968, -881.0, -179.0, 464.0
38.989447296, -887.0, -181.0, 471.0
38.994394624, -888.0, -178.0, 478.0
38.999341824, -889.0, -183.0, 476.0
39.004289152, -889.0, -183.0, 481.0
39.00923648, -891.0, -184.0, 486.0
39.014183808, -891.0, -187.0, 483.0
39.019131136, -890.0, -184.0, 474.0
39.024078464, -889.0, -182.0, 461.0
39.029025664, -889.0, -179.0, 454.0
39.033972992, -889.0, -178.0, 451.0
39.03892032, -889.0, -173.0, 447.0
39.043867648, -891.0, -167.0, 449.0
39.048814976, -889.0, -161.0, 443.0
39.053762304, -890.0, -155.0, 450.0
39.058709504, -888.0, -154.0, 457.0
39.063656832, -887.0, -159.0, 462.0
39.06860416, -887.0, -161.0, 466.0
39.073551488, -885.0, -161.0, 470.0
39.078498816, -887.0, -164.0, 467.0
39.083446144, -885.0, -161.0, 468.0
39.088393344, -887.0, -163.0, 465.0
39.093340672, -886.0, -163.0, 455.0
39.098288, -886.0, -171.0, 449.0
39.103235328, -882.0, -171.0, 444.0
39.108182656, -883.0, -170.0, 437.0
39.113129984, -881.0, -172.0, 433.0
39.118077184, -882.0, -173.0, 432.0
39.123024512, -884.0, -168.0, 431.0
39.12797184, -885.0, -159.0, 435.0
39.132919168, -888.0, -156.0, 435.0
39.137866496, -891.0, -148.0, 444.0
39.142813824, -898.0, -147.0, 436.0
39.147761024, -907.0, -145.0, 438.0
39.152708352, -912.0, -144.0, 444.0
39.157655666, -923.0, -149.0, 442.0
39.162603776, -917.0, -156.0, 442.0
39.167551872, -921.0, -162.0, 433.0
39.172500096, -914.0, -171.0, 445.0
39.177448192, -910.0, -176.0, 451.0
39.182396416, -902.0, -179.0, 454.0
39.187344512, -894.0, -184.0, 454.0
39.192292736, -893.0, -185.0, 455.0
39.197240832, -896.0, -178.0, 445.0
39.202189056, -896.0, -170.0, 432.0
39.207137152, -897.0, -169.0, 425.0
39.212085376, -894.0, -165.0, 422.0
39.217033472, -891.0, -163.0, 427.0
39.221981696, -892.0, -165.0, 434.0
39.226929792, -891.0, -169.0, 436.0
39.231877888, -893.0, -168.0, 438.0
39.236826112, -892.0, -167.0, 443.0
39.241774208, -890.0, -166.0, 442.0
39.246722432, -891.0, -164.0, 437.0
39.251670528, -893.0, -160.0, 437.0
39.256618752, -892.0, -158.0, 439.0
39.261566848, -891.0, -154.0, 437.0
39.266515072, -889.0, -152.0, 449.0
39.271463168, -888.0, -153.0, 454.0
39.276411392, -887.0, -151.0, 458.0
39.281359488, -887.0, -155.0, 458.0
39.286307712, -890.0, -158.0, 458.0
39.291255808, -894.0, -164.0, 451.0
39.296203904, -898.0, -166.0, 449.0
39.301152128, -898.0, -167.0, 447.0
39.306100224, -904.0, -174.0, 447.0
39.311048448, -909.0, -176.0, 439.0
39.315996544, -914.0, -178.0, 430.0
39.320944768, -914.0, -178.0, 422.0
39.325892864, -909.0, -181.0, 417.0
39.330841088, -908.0, -184.0, 408.0
39.335789242, -904.0, -186.0, 402.0
39.340734848, -902.0, -185.0, 409.0
39.345680512, -896.0, -189.0, 407.0
39.350626048, -895.0, -190.0, 420.0
39.355571712, -893.0, -185.0, 424.0
39.360517248, -891.0, -184.0, 420.0
39.365462912, -887.0, -178.0, 417.0
39.370408576, -886.0, -169.0, 417.0
39.375354112, -886.0, -169.0, 415.0
39.380299776, -886.0, -168.0, 415.0
39.385245312, -887.0, -170.0, 421.0
39.390190976, -894.0, -165.0, 417.0
39.395136512, -897.0, -162.0, 420.0
39.400082176, -899.0, -167.0, 434.0
39.40502784, -901.0, -170.0, 441.0
39.409973376, -907.0, -174.0, 443.0
39.41491904, -899.0, -178.0, 443.0
39.419864576, -900.0, -180.0, 439.0
39.42481024, -896.0, -184.0, 438.0
39.429755904, -899.0, -186.0, 438.0
39.43470144, -896.0, -188.0, 438.0
39.439647104, -893.0, -188.0, 438.0
39.44459264, -891.0, -185.0, 434.0
39.449538304, -891.0, -182.0, 430.0
39.454483968, -892.0, -178.0, 428.0
39.459429504, -897.0, -168.0, 425.0
39.464375168, -901.0, -165.0, 417.0
39.469320704, -902.0, -163.0, 411.0
39.474266368, -902.0, -154.0, 410.0
39.479212032, -897.0, -155.0, 415.0
39.484157568, -895.0, -158.0, 427.0
39.489103232, -895.0, -168.0, 427.0
39.494048768, -893.0, -174.0, 423.0
39.498994432, -892.0, -179.0, 421.0
39.503939968, -888.0, -186.0, 409.0
39.508885632, -887.0, -188.0, 409.0
39.51383126, -887.0, -185.0, 412.0
39.518777728, -892.0, -173.0, 405.0
39.52372416, -888.0, -172.0, 392.0
39.528670592, -886.0, -168.0, 392.0
39.533617152, -884.0, -163.0, 400.0
39.538563584, -881.0, -163.0, 410.0
39.543510016, -879.0, -163.0, 414.0
39.548456448, -882.0, -167.0, 421.0
39.553403008, -886.0, -167.0, 427.0
39.55834944, -890.0, -174.0, 424.0
39.563295872, -889.0, -178.0, 426.0
39.568242304, -888.0, -183.0, 426.0
39.573188736, -887.0, -188.0, 432.0
39.578135296, -888.0, -188.0, 431.0
39.583081728, -890.0, -187.0, 423.0
39.58802816, -891.0, -186.0, 420.0
39.592974592, -894.0, -183.0, 425.0
39.597921024, -895.0, -178.0, 429.0
39.602867584, -894.0, -174.0, 433.0
39.607814016, -894.0, -167.0, 432.0
39.612760448, -896.0, -166.0, 437.0
39.61770688, -895.0, -165.0, 432.0
39.62265344, -896.0, -164.0, 431.0
39.627599872, -891.0, -172.0, 433.0
39.632546304, -891.0, -170.0, 440.0
39.637492736, -889.0, -175.0, 446.0
39.642439168, -890.0, -171.0, 448.0
39.647385728, -890.0, -175.0, 447.0
39.65233216, -892.0, -175.0, 447.0
39.657278592, -892.0, -178.0, 448.0
39.662225024, -894.0, -178.0, 443.0
39.667171456, -896.0, -177.0, 436.0
39.672118016, -894.0, -176.0, 437.0
39.677064448, -895.0, -175.0, 433.0
39.68201088, -895.0, -172.0, 430.0
39.686957312, -894.0, -168.0, 439.0
39.6919038, -892.0, -169.0, 443.0
39.696852736, -893.0, -158.0, 447.0
39.701801728, -889.0, -166.0, 441.0
39.70675072, -890.0, -162.0, 430.0
39.711699712, -890.0, -163.0, 423.0
39.716648704, -892.0, -158.0, 422.0
39.721597696, -891.0, -159.0, 421.0
39.726546688, -890.0, -163.0, 431.0
39.731495808, -894.0, -167.0, 427.0
39.7364448, -890.0, -172.0, 427.0
39.741393792, -887.0, -177.0, 431.0
39.746342784, -887.0, -178.0, 439.0
39.751291776, -888.0, -178.0, 451.0
39.756240768, -889.0, -185.0, 450.0
39.76118976, -891.0, -180.0, 451.0
39.766138752, -890.0, -181.0, 450.0
39.771087744, -889.0, -186.0, 452.0
39.776036736, -888.0, -183.0, 451.0
39.780985728, -888.0, -181.0, 452.0
39.78593472, -887.0, -180.0, 455.0
39.79088384, -887.0, -180.0, 453.0
39.795832832, -886.0, -176.0, 450.0
39.800781824, -886.0, -175.0, 447.0
39.805730816, -886.0, -174.0, 445.0
39.810679808, -887.0, -173.0, 439.0
39.8156288, -889.0, -174.0, 435.0
39.820577792, -889.0, -175.0, 436.0
39.825526784, -890.0, -178.0, 444.0
39.830475776, -887.0, -175.0, 451.0
39.835424768, -888.0, -175.0, 461.0
39.84037376, -889.0, -171.0, 470.0
39.845322752, -890.0, -167.0, 470.0
39.850271744, -889.0, -160.0, 469.0
39.855220864, -890.0, -156.0, 472.0
39.860169856, -889.0, -151.0, 476.0
39.865118848, -889.0, -150.0, 472.0
39.870067878, -890.0, -152.0, 468.0
39.875015168, -886.0, -154.0, 466.0
39.879962496, -888.0, -158.0, 461.0
39.884909824, -887.0, -169.0, 452.0
39.889857024, -888.0, -175.0, 456.0
39.894804352, -887.0, -177.0, 454.0
39.89975168, -885.0, -181.0, 456.0
39.904699008, -884.0, -184.0, 462.0
39.909646336, -885.0, -184.0, 466.0
39.914593664, -886.0, -181.0, 463.0
39.919540864, -890.0, -178.0, 465.0
39.924488192, -893.0, -169.0, 454.0
39.92943552, -897.0, -162.0, 447.0
39.934382848, -898.0, -154.0, 440.0
39.939330176, -896.0, -148.0, 434.0
39.944277504, -896.0, -148.0, 436.0
39.949224704, -896.0, -149.0, 435.0
39.954172032, -893.0, -154.0, 437.0
39.95911936, -890.0, -154.0, 443.0
39.964066688, -886.0, -158.0, 455.0
39.969014016, -887.0, -161.0, 461.0
39.973961344, -885.0, -166.0, 462.0
39.978908544, -885.0, -170.0, 471.0
39.983855872, -883.0, -172.0, 477.0
39.9888032, -884.0, -172.0, 481.0
39.993750528, -885.0, -175.0, 478.0
39.998697856, -887.0, -174.0, 474.0
40.003645184, -889.0, -168.0, 471.0
40.008592384, -890.0, -162.0, 476.0
40.013539712, -889.0, -166.0, 477.0
40.01848704, -889.0, -163.0, 469.0
40.023434368, -888.0, -165.0, 469.0
40.028381696, -891.0, -167.0, 469.0
40.033329024, -889.0, -164.0, 465.0
40.038276224, -892.0, -167.0, 463.0
40.043223552, -897.0, -162.0, 465.0
40.048170906, -894.0, -163.0, 461.0
40.053116544, -893.0, -168.0, 460.0
40.058062208, -887.0, -168.0, 459.0
40.063007744, -887.0, -172.0, 463.0
40.067953408, -887.0, -170.0, 461.0
40.072898944, -890.0, -172.0, 460.0
40.077844608, -895.0, -168.0, 452.0
40.082790272, -905.0, -174.0, 433.0
40.087735808, -898.0, -179.0, 419.0
40.092681472, -891.0, -183.0, 422.0
40.097627008, -889.0, -182.0, 428.0
40.102572672, -888.0, -182.0, 434.0
40.107518336, -888.0, -183.0, 430.0
40.112463872, -888.0, -178.0, 433.0
40.117409536, -888.0, -177.0, 437.0
40.122355072, -888.0, -174.0, 436.0
40.127300736, -886.0, -172.0, 439.0
40.132246272, -886.0, -170.0, 440.0
40.137191936, -886.0, -167.0, 443.0
40.1421376, -886.0, -165.0, 434.0
40.147083136, -887.0, -156.0, 434.0
40.1520288, -887.0, -150.0, 436.0
40.156974336, -885.0, -150.0, 443.0
40.16192, -886.0, -147.0, 449.0
40.166865664, -886.0, -148.0, 456.0
40.1718112, -886.0, -148.0, 462.0
40.176756864, -883.0, -146.0, 463.0
40.1817024, -883.0, -147.0, 460.0
40.186648064, -885.0, -149.0, 466.0
40.191593728, -885.0, -152.0, 463.0
40.196539264, -886.0, -153.0, 459.0
40.201484928, -886.0, -157.0, 458.0
40.206430464, -886.0, -165.0, 454.0
40.211376128, -886.0, -158.0, 455.0
40.216321792, -887.0, -158.0, 458.0
40.221267328, -887.0, -162.0, 461.0
40.226212934, -889.0, -163.0, 462.0
40.23116032, -891.0, -157.0, 467.0
40.236107648, -887.0, -162.0, 463.0
40.241054976, -886.0, -164.0, 462.0
40.246002176, -886.0, -167.0, 471.0
40.250949504, -886.0, -169.0, 470.0
40.255896832, -887.0, -166.0, 462.0
40.26084416, -888.0, -169.0, 455.0
40.265791488, -888.0, -167.0, 449.0
40.270738816, -889.0, -167.0, 454.0
40.275686016, -889.0, -168.0, 450.0
40.280633344, -889.0, -168.0, 458.0
40.285580672, -889.0, -171.0, 456.0
40.290528, -888.0, -175.0, 458.0
40.295475328, -888.0, -179.0, 461.0
40.300422656, -884.0, -183.0, 465.0
40.305369856, -884.0, -181.0, 468.0
40.310317184, -884.0, -179.0, 471.0
40.315264512, -887.0, -176.0, 477.0
40.32021184, -888.0, -176.0, 466.0
40.325159168, -889.0, -178.0, 462.0
40.330106496, -889.0, -180.0, 452.0
40.335053696, -889.0, -182.0, 456.0
40.340001024, -891.0, -185.0, 455.0
40.344948352, -890.0, -187.0, 452.0
40.34989568, -891.0, -190.0, 451.0
40.354843008, -888.0, -189.0, 453.0
40.359790336, -887.0, -189.0, 455.0
40.364737536, -885.0, -190.0, 456.0
40.369684864, -885.0, -188.0, 457.0
40.374632192, -886.0, -186.0, 461.0
40.37957952, -887.0, -182.0, 455.0
40.384526848, -889.0, -175.0, 457.0
40.389474176, -889.0, -169.0, 454.0
40.394421376, -890.0, -160.0, 448.0
40.399368704, -892.0, -161.0, 445.0
40.404315966, -892.0, -159.0, 442.0
40.409264, -887.0, -158.0, 441.0
40.414212096, -889.0, -157.0, 450.0
40.41916032, -888.0, -155.0, 453.0
40.424108416, -886.0, -161.0, 455.0
40.42905664, -886.0, -164.0, 459.0
40.434004736, -886.0, -170.0, 462.0
40.43895296, -886.0, -168.0, 466.0
40.443901056, -883.0, -168.0, 470.0
40.44884928, -884.0, -166.0, 466.0
40.453797376, -885.0, -170.0, 460.0
40.4587456, -886.0, -167.0, 460.0
40.463693696, -887.0, -163.0, 456.0
40.46864192, -888.0, -162.0, 452.0
40.473590016, -888.0, -158.0, 449.0
40.478538112, -887.0, -158.0, 450.0
40.483486336, -888.0, -164.0, 450.0
40.488434432, -886.0, -167.0, 446.0
40.493382656, -886.0, -166.0, 450.0
40.498330752, -885.0, -171.0, 450.0
40.503278976, -885.0, -171.0, 451.0
40.508227072, -884.0, -168.0, 450.0
40.513175296, -884.0, -170.0, 446.0
40.518123392, -885.0, -167.0, 447.0
40.523071616, -886.0, -163.0, 450.0
40.528019712, -884.0, -166.0, 460.0
40.532967936, -884.0, -167.0, 465.0
40.537916032, -883.0, -172.0, 472.0
40.542864128, -884.0, -176.0, 472.0
40.547812352, -886.0, -185.0, 477.0
40.552760448, -886.0, -185.0, 477.0
40.557708672, -885.0, -184.0, 479.0
40.562656768, -888.0, -185.0, 482.0
40.567604992, -887.0, -182.0, 480.0
40.572553088, -889.0, -178.0, 482.0
40.577501312, -892.0, -176.0, 479.0
40.582449542, -894.0, -169.0, 473.0
40.587400192, -898.0, -170.0, 470.0
40.592350848, -892.0, -172.0, 473.0
40.597301632, -889.0, -176.0, 477.0
40.602252288, -887.0, -176.0, 489.0
40.607202944, -886.0, -177.0, 489.0
40.612153728, -888.0, -175.0, 497.0
40.617104384, -889.0, -179.0, 494.0
40.62205504, -890.0, -178.0, 487.0
40.627005824, -887.0, -177.0, 481.0
40.63195648, -886.0, -180.0, 475.0
40.636907136, -884.0, -177.0, 477.0
40.64185792, -886.0, -178.0, 479.0
40.646808576, -889.0, -176.0, 472.0
40.651759232, -894.0, -177.0, 451.0
40.656710016, -895.0, -175.0, 433.0
40.661660672, -888.0, -178.0, 430.0
40.666611328, -884.0, -178.0, 435.0
40.671562112, -881.0, -182.0, 455.0
40.676512768, -880.0, -182.0, 465.0
40.681463424, -881.0, -183.0, 470.0
40.686414208, -885.0, -188.0, 469.0
40.691364864, -885.0, -188.0, 469.0
40.69631552, -885.0, -191.0, 470.0
40.701266176, -886.0, -193.0, 475.0
40.70621696, -884.0, -192.0, 470.0
40.711167616, -886.0, -186.0, 465.0
40.716118272, -886.0, -181.0, 462.0
40.721069056, -886.0, -175.0, 459.0
40.726019712, -885.0, -162.0, 460.0
40.730970368, -886.0, -159.0, 465.0
40.735921152, -888.0, -157.0, 471.0
40.740871808, -886.0, -154.0, 472.0
40.745822464, -886.0, -151.0, 474.0
40.750773248, -887.0, -154.0, 478.0
40.755723904, -885.0, -160.0, 475.0
40.760674656, -884.0, -165.0, 478.0
40.76562112, -884.0, -169.0, 481.0
40.770567552, -883.0, -171.0, 474.0
40.775513984, -883.0, -175.0, 477.0
40.780460544, -885.0, -178.0, 476.0
40.785406976, -886.0, -174.0, 477.0
40.790353408, -888.0, -177.0, 471.0
40.79529984, -891.0, -175.0, 467.0
40.8002464, -890.0, -171.0, 466.0
40.805192832, -889.0, -173.0, 468.0
40.810139264, -889.0, -172.0, 462.0
40.815085696, -888.0, -172.0, 465.0
40.820032128, -887.0, -175.0, 460.0
40.824978688, -886.0, -177.0, 459.0
40.82992512, -885.0, -179.0, 450.0
40.834871552, -885.0, -176.0, 448.0
40.839817984, -883.0, -178.0, 450.0
40.844764416, -883.0, -178.0, 449.0
40.849710976, -881.0, -174.0, 457.0
40.854657408, -884.0, -174.0, 454.0
40.85960384, -884.0, -174.0, 454.0
40.864550272, -886.0, -173.0, 454.0
40.869496832, -885.0, -180.0, 451.0
40.874443264, -884.0, -179.0, 462.0
40.879389696, -886.0, -182.0, 466.0
40.884336128, -886.0, -183.0, 469.0
40.88928256, -889.0, -184.0, 460.0
40.89422912, -889.0, -187.0, 451.0
40.899175552, -888.0, -189.0, 454.0
40.904121984, -886.0, -190.0, 461.0
40.909068416, -887.0, -193.0, 469.0
40.914014976, -888.0, -194.0, 479.0
40.918961408, -889.0, -190.0, 474.0
40.92390784, -891.0, -188.0, 467.0
40.928854272, -894.0, -179.0, 459.0
40.933800704, -893.0, -179.0, 453.0
40.938747208, -891.0, -174.0, 449.0
40.94369536, -890.0, -174.0, 450.0
40.948643456, -886.0, -175.0, 455.0
40.95359168, -885.0, -179.0, 453.0
40.958539776, -883.0, -176.0, 451.0
40.963488, -883.0, -177.0, 454.0
40.968436096, -886.0, -180.0, 452.0
40.97338432, -887.0, -179.0, 452.0
40.978332416, -887.0, -181.0, 450.0
40.98328064, -888.0, -181.0, 450.0
40.988228736, -885.0, -183.0, 458.0
40.99317696, -885.0, -179.0, 456.0
40.998125056, -886.0, -178.0, 455.0
41.003073152, -886.0, -176.0, 452.0
41.008021376, -887.0, -177.0, 448.0
41.012969472, -888.0, -178.0, 448.0
41.017917696, -887.0, -178.0, 453.0
41.022865792, -889.0, -180.0, 451.0
41.027814016, -887.0, -183.0, 453.0
41.032762112, -887.0, -186.0, 447.0
41.037710336, -888.0, -187.0, 444.0
41.042658432, -889.0, -187.0, 440.0
41.047606656, -889.0, -188.0, 444.0
41.052554752, -889.0, -187.0, 448.0
41.057502848, -887.0, -188.0, 450.0
41.062451072, -887.0, -184.0, 449.0
41.067399168, -890.0, -182.0, 444.0
41.072347392, -889.0, -175.0, 436.0
41.077295488, -889.0, -166.0, 431.0
41.082243712, -891.0, -162.0, 433.0
41.087191808, -889.0, -161.0, 439.0
41.092140032, -893.0, -155.0, 440.0
41.097088128, -896.0, -163.0, 440.0
41.102036352, -892.0, -165.0, 437.0
41.106984448, -890.0, -170.0, 437.0
41.111932544, -889.0, -172.0, 438.0
41.116880758, -888.0, -172.0, 441.0
41.12182976, -894.0, -172.0, 441.0
41.126778752, -893.0, -176.0, 445.0
41.131727744, -894.0, -177.0, 442.0
41.136676736, -895.0, -177.0, 440.0
41.141625728, -891.0, -180.0, 441.0
41.14657472, -888.0, -177.0, 443.0
41.151523712, -888.0, -176.0, 439.0
41.156472832, -887.0, -178.0, 436.0
41.161421824, -887.0, -182.0, 438.0
41.166370816, -888.0, -179.0, 443.0
41.171319808, -889.0, -183.0, 443.0
41.1762688, -891.0, -180.0, 442.0
41.181217792, -891.0, -179.0, 448.0
41.186166784, -891.0, -179.0, 446.0
41.191115776, -894.0, -179.0, 441.0
41.196064768, -895.0, -185.0, 443.0
41.20101376, -890.0, -187.0, 437.0
41.205962752, -888.0, -191.0, 437.0
41.210911744, -888.0, -188.0, 441.0
41.215860864, -891.0, -188.0, 428.0
41.220809856, -892.0, -186.0, 412.0
41.225758848, -891.0, -183.0, 407.0
41.23070784, -887.0, -183.0, 415.0
41.235656832, -885.0, -176.0, 421.0
41.240605824, -877.0, -172.0, 425.0
41.245554816, -876.0, -175.0, 436.0
41.250503808, -876.0, -170.0, 445.0
41.2554528, -883.0, -177.0, 437.0
41.260401792, -886.0, -174.0, 429.0
41.265350784, -885.0, -175.0, 432.0
41.270299776, -884.0, -175.0, 430.0
41.275248896, -886.0, -178.0, 431.0
41.280197888, -886.0, -181.0, 429.0
41.28514688, -888.0, -180.0, 431.0
41.290095872, -889.0, -179.0, 429.0
41.295044852, -893.0, -179.0, 432.0
41.299991296, -892.0, -178.0, 432.0
41.304937728, -889.0, -174.0, 435.0
41.30988416, -888.0, -175.0, 444.0
41.31483072, -886.0, -176.0, 450.0
41.319777152, -884.0, -179.0, 452.0
41.324723584, -885.0, -180.0, 449.0
41.329670016, -884.0, -182.0, 450.0
41.334616448, -886.0, -178.0, 454.0
41.339563008, -888.0, -180.0, 449.0
41.34450944, -886.0, -178.0, 457.0
41.349455872, -887.0, -178.0, 459.0
41.354402304, -887.0, -178.0, 458.0
41.359348864, -887.0, -180.0, 461.0
41.364295296, -888.0, -180.0, 453.0
41.369241728, -886.0, -185.0, 460.0
41.37418816, -886.0, -184.0, 461.0
41.379134592, -885.0, -185.0, 465.0
41.384081152, -885.0, -186.0, 460.0
41.389027584, -886.0, -188.0, 457.0
41.393974016, -887.0, -186.0, 449.0
41.398920448, -888.0, -185.0, 442.0
41.40386688, -888.0, -184.0, 445.0
41.40881344, -888.0, -183.0, 451.0
41.413759872, -888.0, -184.0, 456.0
41.418706304, -891.0, -181.0, 450.0
41.423652736, -892.0, -183.0, 443.0
41.428599296, -891.0, -184.0, 442.0
41.433545728, -889.0, -187.0, 443.0
41.43849216, -886.0, -186.0, 453.0
41.443438592, -884.0, -187.0, 467.0
41.448385024, -884.0, -184.0, 467.0
41.453331584, -884.0, -185.0, 470.0
41.458278016, -885.0, -187.0, 466.0
41.463224448, -886.0, -183.0, 457.0
41.46817088, -886.0, -183.0, 453.0
41.473117388, -885.0, -183.0, 460.0
41.478063104, -886.0, -179.0, 460.0
41.483008768, -885.0, -181.0, 458.0
41.487954304, -886.0, -178.0, 460.0
41.492899968, -885.0, -179.0, 467.0
41.497845504, -886.0, -176.0, 469.0
41.502791168, -886.0, -174.0, 474.0
41.507736832, -887.0, -167.0, 479.0
41.512682368, -886.0, -167.0, 481.0
41.517628032, -887.0, -162.0, 481.0
41.522573568, -887.0, -158.0, 477.0
41.527519232, -886.0, -151.0, 478.0
41.532464768, -884.0, -146.0, 479.0
41.537410432, -883.0, -143.0, 479.0
41.542356096, -883.0, -138.0, 477.0
41.547301632, -883.0, -138.0, 474.0
41.552247296, -882.0, -140.0, 471.0
41.557192832, -880.0, -145.0, 468.0
41.562138496, -877.0, -146.0, 472.0
41.56708416, -880.0, -150.0, 471.0
41.572029696, -882.0, -157.0, 474.0
41.57697536, -884.0, -157.0, 471.0
41.581920896, -885.0, -165.0, 470.0
41.58686656, -886.0, -168.0, 470.0
41.591812224, -885.0, -169.0, 475.0
41.59675776, -886.0, -175.0, 483.0
41.601703424, -886.0, -175.0, 490.0
41.60664896, -887.0, -179.0, 488.0
41.611594624, -890.0, -179.0, 493.0
41.61654016, -889.0, -182.0, 496.0
41.621485824, -889.0, -183.0, 500.0
41.626431488, -889.0, -184.0, 501.0
41.631377024, -886.0, -186.0, 500.0
41.636322688, -884.0, -186.0, 501.0
41.641268224, -883.0, -187.0, 496.0
41.646213888, -883.0, -188.0, 491.0
41.65115939, -882.0, -187.0, 483.0
41.656105088, -883.0, -181.0, 468.0
41.661050752, -880.0, -178.0, 460.0
41.665996288, -883.0, -175.0, 459.0
41.670941952, -879.0, -167.0, 451.0
41.675887488, -881.0, -166.0, 456.0
41.680833152, -879.0, -166.0, 464.0
41.685778816, -879.0, -171.0, 465.0
41.690724352, -877.0, -173.0, 472.0
41.695670016, -876.0, -170.0, 473.0
41.700615552, -879.0, -171.0, 472.0
41.705561216, -879.0, -172.0, 468.0
41.710506752, -882.0, -174.0, 471.0
41.715452416, -884.0, -169.0, 466.0
41.72039808, -885.0, -172.0, 462.0
41.725343616, -884.0, -169.0, 460.0
41.73028928, -881.0, -170.0, 461.0
41.735234816, -883.0, -166.0, 461.0
41.74018048, -885.0, -164.0, 463.0
41.745126144, -886.0, -170.0, 460.0
41.75007168, -885.0, -171.0, 456.0
41.755017344, -885.0, -167.0, 449.0
41.75996288, -884.0, -169.0, 449.0
41.764908544, -882.0, -174.0, 453.0
41.769854208, -878.0, -174.0, 458.0
41.774799744, -878.0, -176.0, 467.0
41.779745408, -885.0, -177.0, 465.0
41.784690944, -888.0, -180.0, 451.0
41.789636608, -888.0, -178.0, 449.0
41.794582272, -887.0, -176.0, 458.0
41.799527808, -889.0, -175.0, 468.0
41.804473472, -887.0, -179.0, 477.0
41.809419008, -887.0, -180.0, 482.0
41.814364672, -887.0, -180.0, 488.0
41.819310208, -887.0, -179.0, 486.0
41.824255872, -888.0, -179.0, 483.0
41.829201402, -886.0, -180.0, 473.0
41.834147072, -883.0, -175.0, 473.0
41.839092736, -883.0, -180.0, 465.0
41.844038272, -882.0, -181.0, 460.0
41.848983936, -881.0, -178.0, 455.0
41.853929472, -881.0, -172.0, 456.0
41.858875136, -882.0, -171.0, 461.0
41.8638208, -883.0, -175.0, 463.0
41.868766336, -883.0, -177.0, 469.0
41.873712, -884.0, -173.0, 468.0
41.878657536, -882.0, -172.0, 470.0
41.8836032, -885.0, -175.0, 464.0
41.888548736, -883.0, -175.0, 470.0
41.8934944, -884.0, -179.0, 468.0
41.898440064, -888.0, -180.0, 471.0
41.9033856, -886.0, -179.0, 471.0
41.908331264, -886.0, -179.0, 477.0
41.9132768, -886.0, -174.0, 476.0
41.918222464, -885.0, -175.0, 482.0
41.923168128, -886.0, -176.0, 482.0
41.928113664, -886.0, -176.0, 482.0
41.933059328, -885.0, -175.0, 470.0
41.938004864, -885.0, -175.0, 468.0
41.942950528, -885.0, -182.0, 466.0
41.947896192, -884.0, -179.0, 465.0
41.952841728, -885.0, -184.0, 462.0
41.957787392, -882.0, -185.0, 465.0
41.962732928, -883.0, -183.0, 467.0
41.967678592, -881.0, -183.0, 470.0
41.972624256, -883.0, -181.0, 475.0
41.977569792, -884.0, -176.0, 474.0
41.982515456, -884.0, -179.0, 479.0
41.987460992, -886.0, -172.0, 473.0
41.992406656, -886.0, -177.0, 468.0
41.997352192, -887.0, -178.0, 463.0
42.002297856, -885.0, -182.0, 465.0
42.007243414, -885.0, -181.0, 468.0
42.012189824, -885.0, -180.0, 477.0
42.017136256, -886.0, -181.0, 481.0
42.022082688, -887.0, -182.0, 481.0
42.027029248, -887.0, -186.0, 472.0
42.03197568, -884.0, -186.0, 468.0
42.036922112, -884.0, -189.0, 471.0
42.041868544, -883.0, -189.0, 472.0
42.046815104, -881.0, -189.0, 473.0
42.051761536, -879.0, -190.0, 472.0
42.056707968, -883.0, -193.0, 469.0
42.0616544, -885.0, -188.0, 464.0
42.066600832, -884.0, -186.0, 464.0
42.071547392, -885.0, -184.0, 462.0
42.076493824, -885.0, -182.0, 457.0
42.081440256, -888.0, -180.0, 450.0
42.086386688, -885.0, -175.0, 451.0
42.09133312, -885.0, -177.0, 456.0
42.09627968, -885.0, -174.0, 465.0
42.101226112, -883.0, -178.0, 464.0
42.106172544, -883.0, -177.0, 467.0
42.111118976, -884.0, -175.0, 466.0
42.116065536, -881.0, -173.0, 472.0
42.121011968, -881.0, -176.0, 477.0
42.1259584, -880.0, -178.0, 476.0
42.130904832, -879.0, -177.0, 483.0
42.135851264, -878.0, -178.0, 482.0
42.140797824, -881.0, -173.0, 486.0
42.145744256, -880.0, -172.0, 488.0
42.150690688, -881.0, -172.0, 488.0
42.15563712, -882.0, -171.0, 486.0
42.160583552, -883.0, -175.0, 486.0
42.165530112, -884.0, -177.0, 483.0
42.170476544, -884.0, -174.0, 481.0
42.175422976, -885.0, -180.0, 476.0
42.180369408, -885.0, -181.0, 465.0
42.185315954, -883.0, -183.0, 467.0
42.19026496, -879.0, -179.0, 463.0
42.195213952, -878.0, -187.0, 458.0
42.200162944, -875.0, -185.0, 462.0
42.205111936, -872.0, -187.0, 466.0
42.210060928, -872.0, -186.0, 475.0
42.21500992, -875.0, -185.0, 474.0
42.219958912, -879.0, -184.0, 475.0
42.224908032, -881.0, -183.0, 478.0
42.229857024, -885.0, -187.0, 475.0
42.234806016, -884.0, -187.0, 475.0
42.239755008, -886.0, -187.0, 478.0
42.244704, -886.0, -188.0, 468.0
42.249652992, -886.0, -191.0, 468.0
42.254601984, -886.0, -192.0, 466.0
42.259550976, -884.0, -193.0, 461.0
42.264499968, -880.0, -188.0, 470.0
42.26944896, -879.0, -190.0, 473.0
42.274397952, -878.0, -186.0, 475.0
42.279346944, -878.0, -188.0, 467.0
42.284296064, -878.0, -188.0, 467.0
42.289245056, -876.0, -187.0, 464.0
42.294194048, -879.0, -188.0, 464.0
42.29914304, -881.0, -190.0, 465.0
42.304092032, -882.0, -191.0, 470.0
42.309041024, -885.0, -192.0, 473.0
42.313990016, -887.0, -191.0, 478.0
42.318939008, -886.0, -187.0, 469.0
42.323888, -886.0, -188.0, 470.0
42.328836992, -884.0, -185.0, 468.0
42.333785984, -882.0, -184.0, 468.0
42.338734976, -883.0, -183.0, 470.0
42.343683968, -885.0, -182.0, 481.0
42.348633088, -887.0, -183.0, 466.0
42.35358208, -886.0, -185.0, 450.0
42.358531072, -883.0, -185.0, 445.0
42.363480032, -879.0, -187.0, 452.0
42.368425728, -874.0, -185.0, 464.0
42.373371392, -872.0, -186.0, 476.0
42.378316928, -872.0, -186.0, 490.0
42.383262592, -872.0, -186.0, 493.0
42.388208128, -879.0, -188.0, 497.0
42.393153792, -878.0, -190.0, 493.0
42.398099456, -877.0, -193.0, 492.0
42.403044992, -878.0, -195.0, 487.0
42.407990656, -879.0, -192.0, 480.0
42.412936192, -880.0, -188.0, 471.0
42.417881856, -880.0, -185.0, 467.0
42.422827392, -880.0, -176.0, 466.0
42.427773056, -882.0, -165.0, 466.0
42.43271872, -880.0, -155.0, 468.0
42.437664256, -882.0, -153.0, 470.0
42.44260992, -881.0, -141.0, 475.0
42.447555456, -880.0, -138.0, 477.0
42.45250112, -878.0, -144.0, 476.0
42.457446784, -879.0, -152.0, 474.0
42.46239232, -877.0, -163.0, 481.0
42.467337984, -877.0, -164.0, 480.0
42.47228352, -878.0, -171.0, 480.0
42.477229184, -880.0, -172.0, 480.0
42.482174848, -882.0, -176.0, 478.0
42.487120384, -884.0, -181.0, 474.0
42.492066048, -884.0, -183.0, 481.0
42.497011584, -887.0, -188.0, 483.0
42.501957248, -888.0, -192.0, 486.0
42.506902784, -887.0, -190.0, 483.0
42.511848448, -888.0, -192.0, 480.0
42.516794112, -888.0, -192.0, 477.0
42.521739648, -884.0, -190.0, 475.0
42.526685312, -881.0, -188.0, 473.0
42.531630848, -878.0, -185.0, 472.0
42.536576512, -879.0, -180.0, 477.0
42.54152204, -880.0, -182.0, 478.0
42.546467712, -886.0, -179.0, 478.0
42.551413376, -882.0, -180.0, 477.0
42.556358912, -882.0, -182.0, 479.0
42.561304576, -881.0, -185.0, 482.0
42.566250112, -880.0, -189.0, 485.0
42.571195776, -880.0, -190.0, 488.0
42.57614144, -880.0, -190.0, 483.0
42.581086976, -880.0, -186.0, 481.0
42.58603264, -882.0, -185.0, 474.0
42.590978176, -880.0, -183.0, 476.0
42.59592384, -877.0, -182.0, 474.0
42.600869376, -875.0, -182.0, 480.0
42.60581504, -869.0, -183.0, 485.0
42.610760704, -874.0, -182.0, 490.0
42.61570624, -877.0, -184.0, 488.0
42.620651904, -879.0, -185.0, 481.0
42.62559744, -879.0, -189.0, 474.0
42.630543104, -877.0, -193.0, 471.0
42.635488768, -877.0, -189.0, 475.0
42.640434304, -875.0, -189.0, 479.0
42.645379968, -879.0, -189.0, 486.0
42.650325504, -883.0, -186.0, 484.0
42.655271168, -886.0, -182.0, 480.0
42.660216832, -886.0, -176.0, 474.0
42.665162368, -886.0, -170.0, 471.0
42.670108032, -884.0, -171.0, 466.0
42.675053568, -881.0, -164.0, 465.0
42.679999232, -883.0, -163.0, 464.0
42.684944896, -883.0, -171.0, 461.0
42.689890432, -882.0, -171.0, 465.0
42.694836096, -882.0, -176.0, 470.0
42.699781632, -882.0, -178.0, 471.0
42.704727296, -881.0, -181.0, 474.0
42.709672832, -880.0, -183.0, 483.0
42.714618496, -880.0, -184.0, 488.0
42.719564052, -880.0, -181.0, 487.0
42.72451136, -884.0, -172.0, 495.0
42.729458688, -883.0, -174.0, 492.0
42.734406016, -885.0, -171.0, 483.0
42.739353216, -887.0, -168.0, 479.0
42.744300544, -888.0, -169.0, 471.0
42.749247872, -888.0, -167.0, 468.0
42.7541952, -887.0, -169.0, 465.0
42.759142528, -885.0, -169.0, 466.0
42.764089856, -884.0, -168.0, 463.0
42.769037056, -883.0, -169.0, 463.0
42.773984384, -880.0, -167.0, 464.0
42.778931712, -877.0, -167.0, 465.0
42.78387904, -874.0, -159.0, 468.0
42.788826368, -879.0, -160.0, 468.0
42.793773696, -880.0, -151.0, 464.0
42.798720896, -883.0, -149.0, 466.0
42.803668224, -884.0, -148.0, 467.0
42.808615552, -885.0, -145.0, 469.0
42.81356288, -883.0, -147.0, 476.0
42.818510208, -884.0, -148.0, 474.0
42.823457536, -884.0, -154.0, 478.0
42.828404736, -882.0, -157.0, 479.0
42.833352064, -885.0, -160.0, 478.0
42.838299392, -884.0, -163.0, 480.0
42.84324672, -884.0, -161.0, 477.0
42.848194048, -885.0, -166.0, 466.0
42.853141376, -885.0, -165.0, 465.0
42.858088576, -885.0, -169.0, 458.0
42.863035904, -885.0, -173.0, 462.0
42.867983232, -883.0, -170.0, 468.0
42.87293056, -884.0, -171.0, 473.0
42.877877888, -885.0, -173.0, 479.0
42.882825216, -886.0, -171.0, 479.0
42.887772416, -887.0, -170.0, 477.0
42.892719744, -887.0, -165.0, 475.0
42.897667084, -887.0, -167.0, 469.0
42.902615168, -886.0, -174.0, 466.0
42.907563264, -884.0, -174.0, 471.0
42.912511488, -882.0, -175.0, 472.0
42.917459584, -885.0, -180.0, 466.0
42.922407808, -887.0, -181.0, 453.0
42.927355904, -885.0, -187.0, 453.0
42.932304128, -885.0, -188.0, 452.0
42.937252224, -884.0, -189.0, 458.0
42.942200448, -886.0, -189.0, 465.0
42.947148544, -886.0, -188.0, 471.0
42.952096768, -886.0, -184.0, 476.0
42.957044864, -885.0, -182.0, 481.0
42.961993088, -886.0, -175.0, 487.0
42.966941184, -885.0, -171.0, 494.0
42.97188928, -887.0, -171.0, 488.0
42.976837504, -887.0, -167.0, 486.0
42.9817856, -886.0, -160.0, 482.0
42.986733824, -885.0, -158.0, 477.0
42.99168192, -884.0, -144.0, 473.0
42.996630144, -885.0, -136.0, 472.0
43.00157824, -886.0, -138.0, 473.0
43.006526464, -887.0, -133.0, 476.0
43.01147456, -889.0, -134.0, 474.0
43.016422784, -888.0, -136.0, 478.0
43.02137088, -888.0, -144.0, 479.0
43.026319104, -887.0, -151.0, 485.0
43.0312672, -886.0, -156.0, 487.0
43.036215296, -886.0, -161.0, 492.0
43.04116352, -886.0, -167.0, 493.0
43.046111616, -887.0, -166.0, 487.0
43.05105984, -889.0, -169.0, 489.0
43.056007936, -889.0, -168.0, 487.0
43.06095616, -892.0, -161.0, 484.0
43.065904256, -890.0, -163.0, 487.0
43.07085248, -890.0, -158.0, 481.0
43.07580066, -891.0, -155.0, 477.0
43.080746368, -890.0, -154.0, 475.0
43.085692032, -891.0, -149.0, 468.0
43.090637568, -888.0, -148.0, 465.0
43.095583232, -888.0, -146.0, 468.0
43.100528768, -886.0, -142.0, 470.0
43.105474432, -886.0, -142.0, 469.0
43.110420096, -885.0, -151.0, 471.0
43.115365632, -883.0, -148.0, 479.0
43.120311296, -883.0, -154.0, 478.0
43.125256832, -883.0, -155.0, 481.0
43.130202496, -883.0, -152.0, 479.0
43.135148032, -883.0, -152.0, 476.0
43.140093696, -885.0, -140.0, 478.0
43.14503936, -887.0, -136.0, 482.0
43.149984896, -887.0, -132.0, 483.0
43.15493056, -889.0, -130.0, 481.0
43.159876096, -886.0, -134.0, 484.0
43.16482176, -885.0, -140.0, 484.0
43.169767424, -884.0, -143.0, 485.0
43.17471296, -884.0, -153.0, 486.0
43.179658624, -884.0, -163.0, 480.0
43.18460416, -886.0, -164.0, 479.0
43.189549824, -885.0, -167.0, 478.0
43.194495488, -885.0, -170.0, 474.0
43.199441024, -886.0, -167.0, 470.0
43.204386688, -886.0, -171.0, 470.0
43.209332224, -885.0, -168.0, 466.0
43.214277888, -887.0, -164.0, 466.0
43.219223552, -885.0, -162.0, 463.0
43.224169088, -883.0, -161.0, 468.0
43.229114752, -884.0, -156.0, 478.0
43.234060288, -885.0, -156.0, 478.0
43.239005952, -886.0, -147.0, 482.0
43.243951488, -886.0, -150.0, 474.0
43.248897152, -888.0, -150.0, 469.0
43.253842678, -887.0, -153.0, 468.0
43.258790784, -888.0, -151.0, 469.0
43.26373888, -886.0, -152.0, 470.0
43.268687104, -888.0, -150.0, 468.0
43.2736352, -889.0, -148.0, 467.0
43.278583424, -890.0, -153.0, 464.0
43.28353152, -888.0, -147.0, 467.0
43.288479744, -891.0, -151.0, 468.0
43.29342784, -888.0, -152.0, 467.0
43.298376064, -888.0, -154.0, 463.0
43.30332416, -887.0, -157.0, 456.0
43.308272384, -886.0, -159.0, 452.0
43.31322048, -887.0, -156.0, 449.0
43.318168576, -886.0, -157.0, 450.0
43.3231168, -885.0, -158.0, 454.0
43.328064896, -884.0, -154.0, 461.0
43.33301312, -884.0, -156.0, 462.0
43.337961216, -885.0, -155.0, 468.0
43.34290944, -886.0, -160.0, 464.0
43.347857536, -885.0, -162.0, 465.0
43.35280576, -888.0, -173.0, 464.0
43.357753856, -889.0, -172.0, 460.0
43.36270208, -892.0, -167.0, 451.0
43.367650176, -894.0, -163.0, 447.0
43.3725984, -895.0, -157.0, 452.0
43.377546496, -889.0, -158.0, 458.0
43.382494592, -890.0, -154.0, 457.0
43.387442816, -886.0, -154.0, 456.0
43.392390912, -886.0, -157.0, 457.0
43.397339136, -885.0, -161.0, 454.0
43.402287232, -882.0, -161.0, 459.0
43.407235456, -881.0, -163.0, 468.0
43.412183552, -881.0, -161.0, 471.0
43.417131776, -882.0, -160.0, 473.0
43.422079872, -883.0, -157.0, 468.0
43.427028096, -886.0, -154.0, 464.0
43.431976238, -886.0, -154.0, 464.0
43.436925184, -889.0, -154.0, 466.0
43.441874176, -887.0, -156.0, 466.0
43.446823168, -892.0, -163.0, 466.0
43.45177216, -898.0, -168.0, 460.0
43.456721152, -907.0, -168.0, 446.0
43.461670144, -918.0, -167.0, 423.0
43.466619136, -934.0, -178.0, 412.0
43.471568256, -905.0, -184.0, 425.0
43.476517248, -887.0, -184.0, 438.0
43.48146624, -888.0, -185.0, 441.0
43.486415232, -886.0, -185.0, 435.0
43.491364224, -883.0, -181.0, 432.0
43.496313216, -883.0, -174.0, 445.0
43.501262208, -881.0, -174.0, 459.0
43.5062112, -883.0, -173.0, 465.0
43.511160192, -882.0, -172.0, 466.0
43.516109184, -884.0, -167.0, 468.0
43.521058176, -886.0, -170.0, 468.0
43.526007168, -886.0, -171.0, 458.0
43.530956288, -892.0, -169.0, 450.0
43.53590528, -892.0, -172.0, 445.0
43.540854272, -894.0, -172.0, 442.0
43.545803264, -893.0, -171.0, 443.0
43.550752256, -893.0, -172.0, 447.0
43.555701248, -892.0, -170.0, 452.0
43.56065024, -891.0, -170.0, 451.0
43.565599232, -890.0, -172.0, 444.0
43.570548224, -890.0, -170.0, 437.0
43.575497216, -890.0, -171.0, 426.0
43.580446208, -887.0, -167.0, 420.0
43.5853952, -883.0, -159.0, 423.0
43.59034432, -877.0, -152.0, 428.0
43.595293312, -874.0, -146.0, 431.0
43.600242304, -875.0, -149.0, 432.0
43.605191296, -879.0, -146.0, 437.0
43.610140332, -884.0, -146.0, 433.0
43.61508672, -883.0, -150.0, 428.0
43.620033152, -886.0, -155.0, 431.0
43.624979584, -886.0, -154.0, 423.0
43.629926144, -889.0, -159.0, 430.0
43.634872576, -890.0, -165.0, 432.0
43.639819008, -889.0, -169.0, 440.0
43.64476544, -889.0, -177.0, 441.0
43.649711872, -888.0, -183.0, 438.0
43.654658432, -888.0, -185.0, 436.0
43.659604864, -888.0, -188.0, 426.0
43.664551296, -884.0, -192.0, 430.0
43.669497728, -883.0, -190.0, 423.0
43.674444288, -885.0, -189.0, 410.0
43.67939072, -886.0, -186.0, 398.0
43.684337152, -887.0, -188.0, 399.0
43.689283584, -887.0, -187.0, 401.0
43.694230016, -887.0, -188.0, 405.0
43.699176576, -885.0, -183.0, 406.0
43.704123008, -884.0, -183.0, 416.0
43.70906944, -883.0, -184.0, 427.0
43.714015872, -882.0, -182.0, 433.0
43.718962304, -883.0, -183.0, 434.0
43.723908864, -882.0, -185.0, 439.0
43.728855296, -882.0, -186.0, 443.0
43.733801728, -882.0, -185.0, 440.0
43.73874816, -884.0, -185.0, 435.0
43.74369472, -884.0, -184.0, 443.0
43.748641152, -885.0, -182.0, 441.0
43.753587584, -884.0, -187.0, 437.0
43.758534016, -886.0, -184.0, 440.0
43.763480448, -886.0, -185.0, 433.0
43.768427008, -885.0, -188.0, 433.0
43.77337344, -885.0, -187.0, 435.0
43.778319872, -885.0, -187.0, 427.0
43.783266304, -886.0, -188.0, 428.0
43.788212868, -886.0, -188.0, 426.0
43.793157632, -887.0, -186.0, 427.0
43.7981024, -885.0, -184.0, 420.0
43.803047168, -886.0, -186.0, 426.0
43.807991936, -886.0, -182.0, 428.0
43.812936704, -886.0, -177.0, 434.0
43.817881472, -886.0, -178.0, 435.0
43.82282624, -887.0, -171.0, 440.0
43.827771008, -888.0, -166.0, 441.0
43.832715776, -888.0, -169.0, 437.0
43.837660544, -890.0, -169.0, 437.0
43.842605312, -889.0, -175.0, 437.0
43.84755008, -889.0, -177.0, 442.0
43.852494848, -890.0, -177.0, 441.0
43.857439616, -889.0, -180.0, 449.0
43.862384256, -892.0, -179.0, 446.0
43.867329024, -890.0, -180.0, 448.0
43.872273792, -889.0, -176.0, 440.0
43.87721856, -888.0, -166.0, 440.0
43.882163328, -888.0, -159.0, 430.0
43.887108096, -889.0, -146.0, 423.0
43.892052864, -889.0, -134.0, 421.0
43.896997632, -891.0, -131.0, 412.0
43.9019424, -893.0, -128.0, 409.0
43.906887168, -891.0, -127.0, 403.0
43.911831936, -889.0, -131.0, 401.0
43.916776704, -888.0, -137.0, 401.0
43.921721472, -888.0, -152.0, 405.0
43.92666624, -888.0, -153.0, 404.0
43.931611008, -888.0, -164.0, 408.0
43.936555776, -886.0, -173.0, 412.0
43.941500544, -887.0, -174.0, 413.0
43.946445312, -889.0, -173.0, 417.0
43.95139008, -890.0, -173.0, 417.0
43.956334848, -891.0, -172.0, 420.0
43.961279616, -893.0, -167.0, 424.0
43.966224342, -895.0, -167.0, 430.0
43.971169152, -898.0, -176.0, 432.0
43.97611392, -896.0, -180.0, 437.0
43.981058688, -898.0, -189.0, 443.0
43.986003456, -899.0, -196.0, 442.0
43.990948224, -900.0, -203.0, 443.0
43.995892992, -897.0, -213.0, 444.0
44.00083776, -900.0, -218.0, 444.0
44.005782528, -904.0, -219.0, 444.0
44.010727296, -907.0, -221.0, 443.0
44.015672064, -906.0, -219.0, 446.0
44.020616832, -906.0, -221.0, 445.0
44.0255616, -908.0, -220.0, 448.0
44.030506368, -912.0, -219.0, 440.0
44.035451136, -916.0, -217.0, 430.0
44.040395904, -905.0, -219.0, 418.0
44.045340544, -897.0, -218.0, 412.0
44.050285312, -894.0, -219.0, 412.0
44.05523008, -892.0, -216.0, 406.0
44.060174848, -891.0, -216.0, 407.0
44.065119616, -889.0, -215.0, 418.0
44.070064384, -889.0, -212.0, 430.0
44.075009152, -890.0, -209.0, 446.0
44.07995392, -891.0, -206.0, 444.0
44.084898688, -889.0, -219.0, 436.0
44.089843456, -892.0, -216.0, 419.0
44.094788224, -891.0, -221.0, 407.0
44.099732992, -895.0, -227.0, 398.0
44.10467776, -891.0, -235.0, 392.0
44.109622528, -891.0, -238.0, 388.0
44.114567296, -886.0, -239.0, 382.0
44.119512064, -885.0, -237.0, 381.0
44.124456832, -884.0, -236.0, 376.0
44.1294016, -880.0, -232.0, 367.0
44.134346368, -881.0, -228.0, 363.0
44.139291136, -874.0, -218.0, 353.0
44.144235836, -866.0, -211.0, 357.0
44.149182208, -860.0, -209.0, 366.0
44.15412864, -849.0, -207.0, 370.0
44.159075072, -848.0, -205.0, 378.0
44.164021632, -846.0, -215.0, 389.0
44.168968064, -861.0, -219.0, 386.0
44.173914496, -876.0, -230.0, 394.0
44.178860928, -884.0, -233.0, 393.0
44.183807488, -894.0, -236.0, 394.0
44.18875392, -902.0, -240.0, 398.0
44.193700352, -916.0, -241.0, 406.0
44.198646784, -932.0, -248.0, 408.0
44.203593216, -945.0, -247.0, 418.0
44.208539776, -956.0, -241.0, 423.0
44.213486208, -970.0, -238.0, 424.0
44.21843264, -985.0, -232.0, 422.0
44.223379072, -990.0, -223.0, 427.0
44.228325504, -988.0, -218.0, 433.0
44.233272064, -989.0, -211.0, 438.0
44.238218496, -987.0, -210.0, 445.0
44.243164928, -982.0, -213.0, 448.0
44.24811136, -981.0, -221.0, 447.0
44.25305792, -978.0, -226.0, 441.0
44.258004352, -974.0, -225.0, 434.0
44.262950784, -964.0, -231.0, 429.0
44.267897216, -954.0, -233.0, 431.0
44.272843648, -947.0, -231.0, 435.0
44.277790208, -941.0, -232.0, 425.0
44.28273664, -936.0, -227.0, 415.0
44.287683072, -920.0, -227.0, 417.0
44.292629504, -916.0, -218.0, 420.0
44.297575936, -915.0, -210.0, 413.0
44.302522496, -913.0, -202.0, 412.0
44.307468928, -917.0, -199.0, 405.0
44.31241536, -920.0, -199.0, 404.0
44.317361792, -921.0, -201.0, 404.0
44.322308386, -920.0, -205.0, 404.0
44.327254016, -913.0, -215.0, 409.0
44.33219968, -909.0, -222.0, 414.0
44.337145216, -902.0, -231.0, 414.0
44.34209088, -902.0, -235.0, 415.0
44.347036416, -900.0, -238.0, 409.0
44.35198208, -899.0, -240.0, 403.0
44.356927744, -906.0, -238.0, 402.0
44.36187328, -911.0, -237.0, 401.0
44.366818944, -918.0, -236.0, 398.0
44.37176448, -920.0, -235.0, 395.0
44.376710144, -903.0, -236.0, 394.0
44.38165568, -896.0, -235.0, 396.0
44.386601344, -891.0, -234.0, 402.0
44.391547008, -889.0, -236.0, 399.0
44.396492544, -886.0, -236.0, 400.0
44.401438208, -884.0, -237.0, 401.0
44.406383744, -883.0, -238.0, 401.0
44.411329408, -883.0, -238.0, 407.0
44.416275072, -886.0, -239.0, 406.0
44.421220608, -888.0, -237.0, 400.0
44.426166272, -892.0, -238.0, 393.0
44.431111808, -896.0, -238.0, 389.0
44.436057472, -896.0, -239.0, 386.0
44.441003136, -895.0, -240.0, 375.0
44.445948672, -894.0, -243.0, 369.0
44.450894336, -890.0, -241.0, 366.0
44.455839872, -887.0, -244.0, 367.0
44.460785536, -886.0, -243.0, 373.0
44.465731072, -884.0, -240.0, 372.0
44.470676736, -885.0, -239.0, 373.0
44.4756224, -886.0, -235.0, 371.0
44.480567936, -889.0, -234.0, 376.0
44.4855136, -895.0, -232.0, 376.0
44.490459136, -901.0, -227.0, 374.0
44.4954048, -917.0, -228.0, 363.0
44.500350388, -924.0, -231.0, 362.0
44.505296, -923.0, -238.0, 365.0
44.510241664, -913.0, -239.0, 371.0
44.5151872, -905.0, -242.0, 381.0
44.520132864, -901.0, -243.0, 389.0
44.5250784, -902.0, -248.0, 397.0
44.530024064, -908.0, -249.0, 402.0
44.534969728, -914.0, -251.0, 401.0
44.539915264, -927.0, -249.0, 395.0
44.544860928, -934.0, -242.0, 390.0
44.549806464, -934.0, -240.0, 385.0
44.554752128, -933.0, -239.0, 381.0
44.559697664, -931.0, -237.0, 383.0
44.564643328, -922.0, -235.0, 381.0
44.569588992, -917.0, -236.0, 376.0
44.574534528, -913.0, -235.0, 377.0
44.579480192, -906.0, -234.0, 386.0
44.584425728, -901.0, -232.0, 393.0
44.589371392, -903.0, -230.0, 393.0
44.594317056, -905.0, -224.0, 389.0
44.599262592, -902.0, -218.0, 384.0
44.604208256, -898.0, -214.0, 391.0
44.609153792, -894.0, -208.0, 397.0
44.614099456, -892.0, -199.0, 402.0
44.61904512, -895.0, -198.0, 403.0
44.623990656, -900.0, -193.0, 394.0
44.62893632, -903.0, -191.0, 382.0
44.633881856, -899.0, -194.0, 379.0
44.63882752, -903.0, -196.0, 392.0
44.643773184, -900.0, -199.0, 405.0
44.64871872, -911.0, -201.0, 414.0
44.653664384, -923.0, -212.0, 419.0
44.65860992, -932.0, -224.0, 412.0
44.663555584, -937.0, -231.0, 405.0
44.66850112, -938.0, -233.0, 405.0
44.673446784, -937.0, -235.0, 410.0
44.6783924, -936.0, -238.0, 408.0
44.68333888, -938.0, -232.0, 411.0
44.688285312, -943.0, -234.0, 403.0
44.693231744, -938.0, -229.0, 399.0
44.698178304, -929.0, -228.0, 403.0
44.703124736, -933.0, -221.0, 408.0
44.708071168, -928.0, -217.0, 411.0
44.7130176, -923.0, -213.0, 418.0
44.71796416, -918.0, -211.0, 420.0
44.722910592, -907.0, -209.0, 426.0
44.727857024, -901.0, -208.0, 426.0
44.732803456, -895.0, -212.0, 427.0
44.737749888, -890.0, -217.0, 434.0
44.742696448, -892.0, -217.0, 434.0
44.74764288, -890.0, -211.0, 434.0
44.752589312, -890.0, -208.0, 438.0
44.757535744, -890.0, -202.0, 438.0
44.762482176, -894.0, -193.0, 433.0
44.767428736, -897.0, -191.0, 427.0
44.772375168, -904.0, -186.0, 422.0
44.7773216, -913.0, -191.0, 408.0
44.782268032, -909.0, -189.0, 406.0
44.787214592, -903.0, -193.0, 401.0
44.792161024, -900.0, -201.0, 400.0
44.797107456, -897.0, -206.0, 395.0
44.802053888, -904.0, -211.0, 385.0
44.80700032, -894.0, -224.0, 384.0
44.81194688, -890.0, -231.0, 392.0
44.816893312, -889.0, -234.0, 393.0
44.821839744, -892.0, -237.0, 390.0
44.826786176, -893.0, -238.0, 390.0
44.831732608, -896.0, -237.0, 394.0
44.836679168, -904.0, -239.0, 393.0
44.8416256, -907.0, -238.0, 393.0
44.846572032, -907.0, -240.0, 394.0
44.851518464, -909.0, -238.0, 397.0
44.85646494, -910.0, -238.0, 402.0
44.861408, -913.0, -234.0, 409.0
44.866351104, -909.0, -231.0, 404.0
44.87129408, -900.0, -230.0, 401.0
44.876237184, -899.0, -224.0, 399.0
44.881180288, -892.0, -222.0, 404.0
44.886123392, -889.0, -213.0, 406.0
44.891066368, -888.0, -206.0, 408.0
44.896009472, -892.0, -198.0, 400.0
44.900952576, -892.0, -188.0, 401.0
44.905895552, -895.0, -183.0, 397.0
44.910838656, -900.0, -172.0, 395.0
44.91578176, -896.0, -166.0, 396.0
44.920724864, -890.0, -162.0, 397.0
44.92566784, -890.0, -165.0, 399.0
44.930610944, -891.0, -164.0, 405.0
44.935554048, -891.0, -166.0, 407.0
44.940497152, -889.0, -171.0, 416.0
44.945440128, -890.0, -173.0, 433.0
44.950383232, -890.0, -177.0, 444.0
44.955326336, -893.0, -172.0, 447.0
44.960269312, -897.0, -173.0, 443.0
44.965212416, -900.0, -171.0, 447.0
44.97015552, -904.0, -169.0, 446.0
44.975098624, -906.0, -171.0, 441.0
44.9800416, -912.0, -167.0, 438.0
44.984984704, -912.0, -172.0, 427.0
44.989927808, -913.0, -172.0, 415.0
44.994870784, -904.0, -171.0, 413.0
44.999813888, -895.0, -176.0, 414.0
45.004756992, -890.0, -177.0, 409.0
45.009700096, -888.0, -176.0, 413.0
45.014643072, -887.0, -177.0, 408.0
45.019586176, -890.0, -173.0, 408.0
45.02452928, -893.0, -172.0, 404.0
45.029472256, -895.0, -172.0, 406.0
45.034415394, -897.0, -172.0, 402.0
45.039358464, -898.0, -175.0, 400.0
45.044301568, -896.0, -184.0, 403.0
45.049244544, -893.0, -186.0, 407.0
45.054187648, -892.0, -184.0, 409.0
45.059130752, -895.0, -187.0, 416.0
45.064073856, -896.0, -181.0, 423.0
45.069016832, -901.0, -180.0, 417.0
45.073959936, -901.0, -176.0, 418.0
45.07890304, -905.0, -168.0, 416.0
45.083846016, -907.0, -160.0, 408.0
45.08878912, -910.0, -162.0, 412.0
45.093732224, -913.0, -157.0, 409.0
45.098675328, -909.0, -162.0, 407.0
45.103618304, -910.0, -164.0, 404.0
45.108561408, -908.0, -167.0, 399.0
45.113504512, -911.0, -164.0, 395.0
45.118447616, -910.0, -163.0, 385.0
45.123390592, -907.0, -165.0, 376.0
45.128333696, -905.0, -163.0, 370.0
45.1332768, -899.0, -160.0, 379.0
45.138219776, -894.0, -152.0, 390.0
45.14316288, -891.0, -146.0, 402.0
45.148105984, -889.0, -140.0, 407.0
45.153049088, -893.0, -137.0, 411.0
45.157992064, -896.0, -138.0, 413.0
45.162935168, -906.0, -136.0, 406.0
45.167878272, -910.0, -143.0, 405.0
45.172821248, -915.0, -145.0, 400.0
45.177764352, -915.0, -151.0, 397.0
45.182707456, -914.0, -149.0, 392.0
45.18765056, -913.0, -149.0, 386.0
45.192593536, -922.0, -149.0, 381.0
45.19753664, -920.0, -139.0, 379.0
45.202479744, -909.0, -133.0, 386.0
45.207422848, -899.0, -127.0, 401.0
45.212365852, -895.0, -120.0, 423.0
45.217313152, -897.0, -115.0, 436.0
45.22226048, -908.0, -113.0, 437.0
45.227207808, -920.0, -112.0, 426.0
45.232155008, -933.0, -110.0, 415.0
45.237102336, -933.0, -114.0, 408.0
45.242049664, -933.0, -116.0, 405.0
45.246996992, -929.0, -120.0, 401.0
45.25194432, -925.0, -122.0, 400.0
45.256891648, -921.0, -126.0, 400.0
45.261838848, -920.0, -127.0, 398.0
45.266786176, -920.0, -129.0, 395.0
45.271733504, -917.0, -125.0, 390.0
45.276680832, -905.0, -128.0, 388.0
45.28162816, -900.0, -126.0, 393.0
45.286575488, -895.0, -124.0, 396.0
45.291522688, -894.0, -118.0, 403.0
45.296470016, -894.0, -115.0, 400.0
45.301417344, -893.0, -113.0, 405.0
45.306364672, -894.0, -113.0, 404.0
45.311312, -894.0, -114.0, 403.0
45.316259328, -894.0, -116.0, 401.0
45.321206528, -897.0, -114.0, 403.0
45.326153856, -898.0, -114.0, 400.0
45.331101184, -900.0, -116.0, 400.0
45.336048512, -897.0, -114.0, 401.0
45.34099584, -900.0, -115.0, 400.0
45.345943168, -904.0, -114.0, 400.0
45.350890368, -900.0, -113.0, 399.0
45.355837696, -897.0, -112.0, 400.0
45.360785024, -896.0, -113.0, 398.0
45.365732352, -893.0, -114.0, 401.0
45.37067968, -896.0, -115.0, 401.0
45.375627008, -895.0, -115.0, 399.0
45.380574208, -896.0, -113.0, 400.0
45.385521536, -900.0, -113.0, 399.0
45.390468878, -901.0, -114.0, 397.0
45.39541696, -902.0, -115.0, 401.0
45.400365056, -909.0, -113.0, 398.0
45.40531328, -910.0, -111.0, 397.0
45.410261376, -907.0, -112.0, 395.0
45.4152096, -902.0, -111.0, 392.0
45.420157696, -898.0, -108.0, 393.0
45.42510592, -893.0, -106.0, 395.0
45.430054016, -890.0, -103.0, 398.0
45.43500224, -888.0, -100.0, 392.0
45.439950336, -887.0, -96.0, 389.0
45.44489856, -888.0, -88.0, 382.0
45.449846656, -886.0, -78.0, 385.0
45.45479488, -886.0, -74.0, 391.0
45.459742976, -886.0, -68.0, 399.0
45.464691072, -889.0, -62.0, 411.0
45.469639296, -893.0, -55.0, 421.0
45.474587392, -901.0, -57.0, 428.0
45.479535616, -911.0, -55.0, 428.0
45.484483712, -918.0, -54.0, 429.0
45.489431936, -931.0, -51.0, 425.0
45.494380032, -931.0, -52.0, 416.0
45.499328256, -928.0, -53.0, 418.0
45.504276352, -928.0, -54.0, 416.0
45.509224576, -925.0, -55.0, 422.0
45.514172672, -923.0, -54.0, 427.0
45.519120896, -926.0, -52.0, 439.0
45.524068992, -925.0, -50.0, 442.0
45.529017088, -925.0, -50.0, 445.0
45.533965312, -930.0, -49.0, 449.0
45.538913408, -932.0, -48.0, 446.0
45.543861632, -933.0, -48.0, 444.0
45.548809728, -940.0, -49.0, 441.0
45.553757952, -943.0, -50.0, 444.0
45.558706048, -941.0, -51.0, 442.0
45.563654272, -944.0, -53.0, 435.0
45.568602454, -938.0, -52.0, 431.0
45.573549824, -936.0, -52.0, 423.0
45.578497152, -938.0, -45.0, 415.0
45.58344448, -936.0, -41.0, 398.0
45.58839168, -932.0, -25.0, 387.0
45.593339008, -925.0, -14.0, 383.0
45.598286336, -910.0, -9.0, 382.0
45.603233664, -906.0, -4.0, 390.0
45.608180992, -900.0, 1.0, 395.0
45.61312832, -902.0, 5.0, 399.0
45.61807552, -908.0, 9.0, 400.0
45.623022848, -916.0, 12.0, 401.0
45.627970176, -929.0, 13.0, 406.0
45.632917504, -931.0, 10.0, 413.0
45.637864832, -933.0, 8.0, 427.0
45.64281216, -934.0, 5.0, 442.0
45.64775936, -943.0, -2.0, 446.0
45.652706688, -946.0, -8.0, 453.0
45.657654016, -954.0, -13.0, 456.0
45.662601344, -961.0, -24.0, 455.0
45.667548672, -972.0, -36.0, 454.0
45.672496, -978.0, -47.0, 453.0
45.6774432, -981.0, -51.0, 455.0
45.682390528, -980.0, -55.0, 458.0
45.687337856, -977.0, -52.0, 459.0
45.692285184, -970.0, -49.0, 458.0
45.697232512, -965.0, -45.0, 460.0
45.70217984, -963.0, -42.0, 457.0
45.70712704, -956.0, -36.0, 461.0
45.712074368, -948.0, -27.0, 468.0
45.717021696, -942.0, -20.0, 478.0
45.721969024, -939.0, -14.0, 488.0
45.726916352, -940.0, -11.0, 487.0
45.73186368, -937.0, -9.0, 484.0
45.73681088, -938.0, -9.0, 477.0
45.741758208, -940.0, -9.0, 478.0
45.746705492, -932.0, -12.0, 467.0
45.751651968, -917.0, -14.0, 464.0
45.7565984, -915.0, -13.0, 454.0
45.761544832, -914.0, -15.0, 436.0
45.766491392, -907.0, -17.0, 422.0
45.771437824, -894.0, -16.0, 423.0
45.776384256, -888.0, -16.0, 438.0
45.781330688, -888.0, -10.0, 445.0
45.786277248, -891.0, -4.0, 443.0
45.79122368, -894.0, 0.0, 444.0
45.796170112, -895.0, 0.0, 437.0
45.801116544, -892.0, 0.0, 439.0
45.806062976, -890.0, -5.0, 444.0
45.811009536, -888.0, -8.0, 452.0
45.815955968, -889.0, -10.0, 454.0
45.8209024, -894.0, -9.0, 452.0
45.825848832, -906.0, -12.0, 451.0
45.830795264, -920.0, -14.0, 442.0
45.835741824, -937.0, -17.0, 441.0
45.840688256, -945.0, -21.0, 435.0
45.845634688, -951.0, -25.0, 438.0
45.85058112, -964.0, -27.0, 439.0
45.85552768, -971.0, -33.0, 439.0
45.860474112, -977.0, -36.0, 441.0
45.865420544, -979.0, -45.0, 450.0
45.870366976, -979.0, -48.0, 456.0
45.875313408, -977.0, -53.0, 461.0
45.880259968, -977.0, -59.0, 462.0
45.8852064, -979.0, -63.0, 455.0
45.890152832, -981.0, -64.0, 456.0
45.895099264, -980.0, -67.0, 446.0
45.900045824, -975.0, -72.0, 434.0
45.904992256, -960.0, -68.0, 423.0
45.909938688, -948.0, -67.0, 413.0
45.91488512, -942.0, -67.0, 413.0
45.919831552, -936.0, -66.0, 410.0
45.924778048, -931.0, -59.0, 411.0
45.929724416, -927.0, -63.0, 416.0
45.934670848, -909.0, -56.0, 418.0
45.93961728, -901.0, -55.0, 420.0
45.94456384, -893.0, -52.0, 423.0
45.949510272, -888.0, -49.0, 426.0
45.954456704, -888.0, -43.0, 430.0
45.959403136, -886.0, -38.0, 431.0
45.964349568, -885.0, -38.0, 428.0
45.969296128, -887.0, -36.0, 429.0
45.97424256, -886.0, -34.0, 437.0
45.979188992, -885.0, -36.0, 440.0
45.984135424, -882.0, -38.0, 451.0
45.989081984, -883.0, -40.0, 457.0
45.994028416, -885.0, -42.0, 468.0
45.998974848, -887.0, -49.0, 468.0
46.00392128, -888.0, -49.0, 464.0
46.008867712, -890.0, -55.0, 463.0
46.013814272, -891.0, -56.0, 458.0
46.018760704, -896.0, -65.0, 454.0
46.023707136, -898.0, -68.0, 448.0
46.028653568, -900.0, -76.0, 443.0
46.0336, -908.0, -81.0, 430.0
46.03854656, -913.0, -78.0, 421.0
46.043492992, -920.0, -82.0, 419.0
46.048439424, -918.0, -86.0, 419.0
46.053385856, -918.0, -89.0, 418.0
46.058332416, -915.0, -90.0, 418.0
46.063278848, -925.0, -94.0, 419.0
46.06822528, -924.0, -87.0, 420.0
46.073171712, -930.0, -86.0, 430.0
46.078118144, -918.0, -84.0, 443.0
46.083064704, -904.0, -78.0, 453.0
46.088011136, -901.0, -68.0, 453.0
46.092957568, -901.0, -63.0, 458.0
46.097904, -903.0, -55.0, 452.0
46.102850578, -907.0, -52.0, 449.0
46.107797888, -908.0, -46.0, 452.0
46.112745216, -904.0, -44.0, 456.0
46.117692544, -903.0, -42.0, 470.0
46.122639744, -901.0, -37.0, 475.0
46.127587072, -901.0, -36.0, 476.0
46.1325344, -901.0, -34.0, 472.0
46.137481728, -898.0, -34.0, 470.0
46.142429056, -895.0, -40.0, 467.0
46.147376384, -893.0, -42.0, 460.0
46.152323584, -893.0, -46.0, 459.0
46.157270912, -891.0, -50.0, 452.0
46.16221824, -894.0, -49.0, 447.0
46.167165568, -896.0, -52.0, 443.0
46.172112896, -893.0, -53.0, 444.0
46.177060224, -890.0, -53.0, 455.0
46.182007424, -888.0, -57.0, 465.0
46.186954752, -889.0, -64.0, 469.0
46.19190208, -888.0, -68.0, 465.0
46.196849408, -888.0, -72.0, 468.0
46.201796736, -890.0, -77.0, 471.0
46.206744064, -890.0, -85.0, 466.0
46.211691264, -892.0, -88.0, 467.0
46.216638592, -895.0, -91.0, 462.0
46.22158592, -893.0, -92.0, 461.0
46.226533248, -896.0, -93.0, 458.0
46.231480576, -897.0, -95.0, 450.0
46.236427904, -898.0, -94.0, 446.0
46.241375104, -898.0, -90.0, 439.0
46.246322432, -901.0, -84.0, 439.0
46.25126976, -898.0, -82.0, 449.0
46.256217088, -892.0, -75.0, 461.0
46.261164416, -889.0, -78.0, 478.0
46.266111744, -887.0, -85.0, 488.0
46.271058944, -888.0, -88.0, 488.0
46.276006272, -887.0, -95.0, 491.0
46.2809536, -885.0, -98.0, 494.0
46.285897472, -881.0, -99.0, 503.0
46.290841344, -884.0, -105.0, 507.0
46.295785344, -885.0, -104.0, 507.0
46.300729216, -887.0, -105.0, 503.0
46.305673088, -889.0, -104.0, 497.0
46.310617088, -888.0, -104.0, 493.0
46.31556096, -887.0, -103.0, 489.0
46.320504832, -892.0, -97.0, 488.0
46.325448832, -897.0, -95.0, 476.0
46.330392704, -897.0, -96.0, 454.0
46.335336704, -894.0, -101.0, 451.0
46.340280576, -887.0, -95.0, 455.0
46.345224448, -880.0, -91.0, 473.0
46.350168448, -875.0, -90.0, 494.0
46.35511232, -880.0, -92.0, 502.0
46.360056192, -877.0, -92.0, 502.0
46.365000192, -875.0, -92.0, 494.0
46.369944064, -874.0, -98.0, 497.0
46.374887936, -870.0, -99.0, 497.0
46.379831936, -870.0, -101.0, 497.0
46.384775808, -877.0, -102.0, 495.0
46.38971968, -881.0, -99.0, 491.0
46.39466368, -881.0, -93.0, 487.0
46.399607552, -882.0, -88.0, 483.0
46.404551424, -882.0, -83.0, 484.0
46.409495424, -880.0, -77.0, 477.0
46.414439296, -881.0, -76.0, 479.0
46.419383168, -875.0, -73.0, 487.0
46.424327168, -865.0, -72.0, 492.0
46.42927104, -862.0, -72.0, 500.0
46.43421504, -863.0, -77.0, 506.0
46.439158912, -864.0, -79.0, 508.0
46.444102784, -869.0, -79.0, 512.0
46.449046784, -877.0, -82.0, 509.0
46.453990656, -881.0, -82.0, 520.0
46.458934608, -883.0, -83.0, 513.0
46.463879424, -884.0, -81.0, 511.0
46.468824192, -887.0, -84.0, 506.0
46.47376896, -887.0, -86.0, 506.0
46.478713728, -888.0, -91.0, 506.0
46.483658496, -886.0, -96.0, 504.0
46.488603264, -886.0, -99.0, 508.0
46.493548032, -884.0, -100.0, 512.0
46.4984928, -884.0, -108.0, 511.0
46.503437568, -886.0, -111.0, 510.0
46.508382336, -884.0, -111.0, 506.0
46.513327104, -886.0, -112.0, 500.0
46.518271872, -884.0, -115.0, 499.0
46.52321664, -883.0, -114.0, 495.0
46.52816128, -885.0, -113.0, 490.0
46.533106048, -886.0, -113.0, 484.0
46.538050816, -888.0, -113.0, 479.0
46.542995584, -887.0, -112.0, 478.0
46.547940352, -888.0, -112.0, 480.0
46.55288512, -882.0, -112.0, 484.0
46.557829888, -875.0, -111.0, 491.0
46.562774656, -875.0, -107.0, 499.0
46.567719424, -872.0, -107.0, 504.0
46.572664192, -870.0, -105.0, 508.0
46.57760896, -869.0, -104.0, 508.0
46.582553728, -867.0, -104.0, 507.0
46.587498496, -864.0, -103.0, 507.0
46.592443264, -862.0, -101.0, 511.0
46.597388032, -867.0, -104.0, 512.0
46.6023328, -875.0, -105.0, 514.0
46.607277568, -880.0, -106.0, 511.0
46.612222336, -884.0, -105.0, 505.0
46.617167104, -885.0, -108.0, 499.0
46.622111872, -887.0, -108.0, 493.0
46.62705664, -886.0, -110.0, 486.0
46.632001408, -885.0, -109.0, 478.0
46.636946076, -884.0, -109.0, 475.0
46.641893376, -876.0, -109.0, 474.0
46.646840704, -878.0, -108.0, 479.0
46.651788032, -880.0, -111.0, 483.0
46.65673536, -879.0, -109.0, 492.0
46.66168256, -882.0, -110.0, 495.0
46.666629888, -881.0, -111.0, 503.0
46.671577216, -884.0, -111.0, 506.0
46.676524544, -883.0, -112.0, 509.0
46.681471872, -884.0, -111.0, 509.0
46.6864192, -882.0, -111.0, 509.0
46.6913664, -883.0, -109.0, 511.0
46.696313728, -882.0, -109.0, 511.0
46.701261056, -883.0, -106.0, 507.0
46.706208384, -883.0, -107.0, 508.0
46.711155712, -883.0, -107.0, 503.0
46.71610304, -885.0, -107.0, 504.0
46.72105024, -886.0, -105.0, 500.0
46.725997568, -885.0, -108.0, 498.0
46.730944896, -884.0, -107.0, 496.0
46.735892224, -882.0, -108.0, 495.0
46.740839552, -879.0, -108.0, 497.0
46.74578688, -874.0, -107.0, 493.0
46.75073408, -874.0, -110.0, 489.0
46.755681408, -873.0, -110.0, 488.0
46.760628736, -873.0, -112.0, 481.0
46.765576064, -878.0, -113.0, 472.0
46.770523392, -883.0, -115.0, 468.0
46.77547072, -881.0, -113.0, 473.0
46.78041792, -883.0, -114.0, 473.0
46.785365248, -882.0, -114.0, 482.0
46.790312576, -882.0, -113.0, 489.0
46.795259904, -883.0, -114.0, 490.0
46.800207232, -885.0, -115.0, 490.0
46.80515456, -886.0, -113.0, 494.0
46.81010176, -885.0, -113.0, 496.0
46.815049118, -886.0, -112.0, 494.0
46.819998976, -884.0, -111.0, 505.0
46.824948864, -886.0, -110.0, 500.0
46.829898624, -888.0, -110.0, 501.0
46.834848512, -888.0, -110.0, 503.0
46.8397984, -888.0, -112.0, 501.0
46.844748288, -886.0, -112.0, 504.0
46.849698048, -886.0, -113.0, 504.0
46.854647936, -885.0, -114.0, 503.0
46.859597824, -887.0, -113.0, 504.0
46.864547584, -886.0, -114.0, 500.0
46.869497472, -887.0, -117.0, 492.0
46.87444736, -887.0, -114.0, 485.0
46.879397248, -889.0, -116.0, 474.0
46.884347008, -889.0, -115.0, 472.0
46.889296896, -888.0, -121.0, 468.0
46.894246784, -888.0, -122.0, 461.0
46.899196544, -890.0, -121.0, 445.0
46.904146432, -887.0, -125.0, 436.0
46.90909632, -883.0, -123.0, 442.0
46.91404608, -881.0, -125.0, 464.0
46.918995968, -880.0, -122.0, 482.0
46.923945856, -882.0, -122.0, 492.0
46.928895744, -884.0, -122.0, 493.0
46.933845504, -885.0, -128.0, 489.0
46.938795392, -886.0, -125.0, 489.0
46.94374528, -885.0, -122.0, 487.0
46.94869504, -886.0, -122.0, 479.0
46.953644928, -890.0, -125.0, 471.0
46.958594816, -892.0, -124.0, 464.0
46.963544704, -895.0, -123.0, 459.0
46.968494464, -896.0, -126.0, 464.0
46.973444352, -893.0, -125.0, 462.0
46.97839424, -894.0, -127.0, 468.0
46.983344, -893.0, -125.0, 475.0
46.988293888, -891.0, -127.0, 479.0
46.99324375, -890.0, -123.0, 487.0
46.998193664, -887.0, -126.0, 488.0
47.003143552, -885.0, -118.0, 497.0
47.008093312, -885.0, -119.0, 499.0
47.0130432, -883.0, -117.0, 496.0
47.017993088, -884.0, -118.0, 501.0
47.022942976, -884.0, -115.0, 498.0
47.027892736, -886.0, -116.0, 491.0
47.032842624, -886.0, -117.0, 488.0
47.037792512, -887.0, -117.0, 487.0
47.042742272, -890.0, -118.0, 480.0
47.04769216, -890.0, -117.0, 473.0
47.052642048, -892.0, -118.0, 466.0
47.057591808, -893.0, -117.0, 461.0
47.062541696, -890.0, -120.0, 450.0
47.067491584, -890.0, -122.0, 449.0
47.072441472, -894.0, -120.0, 448.0
47.077391232, -891.0, -123.0, 450.0
47.08234112, -890.0, -118.0, 452.0
47.087291008, -887.0, -118.0, 454.0
47.092240768, -886.0, -118.0, 453.0
47.097190656, -884.0, -119.0, 451.0
47.102140544, -885.0, -117.0, 448.0
47.107090304, -884.0, -118.0, 447.0
47.112040192, -885.0, -124.0, 455.0
47.11699008, -885.0, -126.0, 458.0
47.121939968, -884.0, -128.0, 457.0
47.126889728, -885.0, -131.0, 462.0
47.131839616, -886.0, -128.0, 462.0
47.136789504, -889.0, -129.0, 456.0
47.141739264, -903.0, -128.0, 439.0
47.146689152, -908.0, -125.0, 425.0
47.15163904, -902.0, -131.0, 432.0
47.156588928, -891.0, -136.0, 440.0
47.161538688, -888.0, -136.0, 448.0
47.166488576, -886.0, -132.0, 447.0
47.171438352, -884.0, -132.0, 447.0
47.176387328, -885.0, -136.0, 444.0
47.18133632, -884.0, -131.0, 449.0
47.186285312, -882.0, -130.0, 448.0
47.191234304, -879.0, -125.0, 445.0
47.196183296, -882.0, -126.0, 442.0
47.201132288, -884.0, -123.0, 443.0
47.20608128, -885.0, -125.0, 444.0
47.2110304, -883.0, -119.0, 443.0
47.215979392, -885.0, -120.0, 447.0
47.220928384, -886.0, -118.0, 453.0
47.225877376, -887.0, -115.0, 454.0
47.230826368, -887.0, -115.0, 462.0
47.23577536, -888.0, -113.0, 461.0
47.240724352, -886.0, -115.0, 462.0
47.245673344, -889.0, -117.0, 463.0
47.250622336, -889.0, -117.0, 465.0
47.255571328, -887.0, -120.0, 461.0
47.26052032, -886.0, -119.0, 467.0
47.265469312, -886.0, -124.0, 463.0
47.270418304, -886.0, -126.0, 465.0
47.275367424, -886.0, -135.0, 468.0
47.280316416, -888.0, -136.0, 462.0
47.285265408, -888.0, -138.0, 469.0
47.2902144, -889.0, -139.0, 472.0
47.295163392, -890.0, -137.0, 472.0
47.300112384, -893.0, -139.0, 480.0
47.305061376, -893.0, -133.0, 483.0
47.310010368, -894.0, -131.0, 478.0
47.31495936, -895.0, -125.0, 474.0
47.319908352, -896.0, -121.0, 477.0
47.324857344, -894.0, -118.0, 472.0
47.329806336, -892.0, -118.0, 469.0
47.334755456, -890.0, -114.0, 468.0
47.339704448, -889.0, -114.0, 465.0
47.34465344, -888.0, -115.0, 459.0
47.349602426, -887.0, -115.0, 456.0
47.35454976, -882.0, -121.0, 465.0
47.359497088, -883.0, -123.0, 462.0
47.364444416, -884.0, -131.0, 469.0
47.369391616, -883.0, -132.0, 474.0
47.374338944, -886.0, -135.0, 476.0
47.379286272, -886.0, -137.0, 481.0
47.3842336, -890.0, -135.0, 481.0
47.389180928, -890.0, -136.0, 486.0
47.394128256, -888.0, -132.0, 487.0
47.399075456, -888.0, -128.0, 488.0
47.404022784, -889.0, -127.0, 490.0
47.408970112, -888.0, -125.0, 493.0
47.41391744, -886.0, -122.0, 495.0
47.418864768, -885.0, -116.0, 498.0
47.423812096, -885.0, -116.0, 502.0
47.428759296, -883.0, -114.0, 501.0
47.433706624, -883.0, -113.0, 498.0
47.438653952, -884.0, -112.0, 489.0
47.44360128, -881.0, -113.0, 485.0
47.448548608, -876.0, -113.0, 481.0
47.453495936, -876.0, -114.0, 486.0
47.458443136, -883.0, -114.0, 480.0
47.463390464, -886.0, -118.0, 464.0
47.468337792, -884.0, -123.0, 451.0
47.47328512, -881.0, -121.0, 454.0
47.478232448, -879.0, -125.0, 462.0
47.483179776, -874.0, -122.0, 482.0
47.488126976, -875.0, -124.0, 495.0
47.493074304, -878.0, -124.0, 503.0
47.498021632, -882.0, -125.0, 503.0
47.50296896, -883.0, -130.0, 501.0
47.507916288, -882.0, -131.0, 499.0
47.512863616, -884.0, -137.0, 497.0
47.517810816, -884.0, -138.0, 494.0
47.522758144, -884.0, -140.0, 490.0
47.527705454, -886.0, -137.0, 486.0
47.5326528, -884.0, -137.0, 486.0
47.537600128, -886.0, -138.0, 480.0
47.542547456, -887.0, -133.0, 482.0
47.547494784, -887.0, -127.0, 477.0
47.552441984, -888.0, -123.0, 478.0
47.557389312, -887.0, -124.0, 476.0
47.56233664, -886.0, -120.0, 470.0
47.567283968, -885.0, -121.0, 475.0
47.572231296, -882.0, -118.0, 480.0
47.577178624, -880.0, -120.0, 484.0
47.582125824, -876.0, -121.0, 495.0
47.587073152, -876.0, -124.0, 501.0
47.59202048, -875.0, -127.0, 504.0
47.596967808, -875.0, -127.0, 505.0
47.601915136, -876.0, -129.0, 504.0
47.606862464, -877.0, -128.0, 504.0
47.611809664, -875.0, -126.0, 503.0
47.616756992, -877.0, -124.0, 500.0
47.62170432, -877.0, -123.0, 498.0
47.626651648, -877.0, -120.0, 493.0
47.631598976, -877.0, -116.0, 491.0
47.636546304, -875.0, -117.0, 494.0
47.641493504, -877.0, -116.0, 494.0
47.646440832, -875.0, -112.0, 493.0
47.65138816, -875.0, -113.0, 494.0
47.656335488, -877.0, -114.0, 490.0
47.661282816, -879.0, -115.0, 486.0
47.666230144, -880.0, -115.0, 482.0
47.671177344, -881.0, -116.0, 486.0
47.676124672, -884.0, -118.0, 486.0
47.681072, -885.0, -120.0, 486.0
47.686019328, -884.0, -125.0, 494.0
47.690966656, -881.0, -126.0, 501.0
47.695913984, -878.0, -124.0, 511.0
47.700861184, -880.0, -125.0, 511.0
47.705808502, -882.0, -125.0, 509.0
47.710756608, -881.0, -131.0, 506.0
47.715704704, -880.0, -122.0, 497.0
47.720652928, -880.0, -122.0, 497.0
47.725601024, -880.0, -123.0, 499.0
47.730549248, -876.0, -123.0, 499.0
47.735497344, -878.0, -122.0, 492.0
47.740445568, -881.0, -121.0, 494.0
47.745393664, -879.0, -123.0, 495.0
47.750341888, -876.0, -123.0, 497.0
47.755289984, -875.0, -121.0, 503.0
47.760238208, -877.0, -120.0, 504.0
47.765186304, -880.0, -118.0, 504.0
47.770134528, -881.0, -118.0, 505.0
47.775082624, -881.0, -117.0, 501.0
47.78003072, -881.0, -115.0, 500.0
47.784978944, -879.0, -115.0, 502.0
47.78992704, -877.0, -115.0, 500.0
47.794875264, -879.0, -118.0, 494.0
47.79982336, -877.0, -118.0, 490.0
47.804771584, -873.0, -120.0, 490.0
47.80971968, -873.0, -120.0, 495.0
47.814667904, -871.0, -118.0, 498.0
47.819616, -867.0, -121.0, 499.0
47.824564224, -870.0, -124.0, 504.0
47.82951232, -877.0, -126.0, 504.0
47.834460544, -881.0, -127.0, 505.0
47.83940864, -882.0, -129.0, 505.0
47.844356736, -882.0, -128.0, 506.0
47.84930496, -882.0, -133.0, 505.0
47.854253056, -880.0, -134.0, 505.0
47.85920128, -879.0, -138.0, 502.0
47.864149376, -879.0, -136.0, 502.0
47.8690976, -875.0, -132.0, 499.0
47.874045696, -874.0, -130.0, 500.0
47.87899392, -872.0, -128.0, 497.0
47.883942078, -870.0, -123.0, 498.0
47.888890112, -872.0, -120.0, 500.0
47.893838208, -873.0, -118.0, 492.0
47.898786432, -874.0, -117.0, 491.0
47.903734528, -874.0, -115.0, 486.0
47.908682752, -876.0, -114.0, 488.0
47.913630848, -875.0, -114.0, 495.0
47.918579072, -878.0, -115.0, 496.0
47.923527168, -878.0, -116.0, 501.0
47.928475392, -877.0, -118.0, 506.0
47.933423488, -877.0, -117.0, 510.0
47.938371712, -874.0, -120.0, 516.0
47.943319808, -875.0, -122.0, 518.0
47.948267904, -875.0, -125.0, 518.0
47.953216128, -874.0, -129.0, 516.0
47.958164224, -872.0, -131.0, 514.0
47.963112448, -874.0, -129.0, 512.0
47.968060544, -874.0, -129.0, 507.0
47.973008768, -876.0, -128.0, 506.0
47.977956864, -874.0, -122.0, 506.0
47.982905088, -875.0, -122.0, 503.0
47.987853184, -875.0, -118.0, 506.0
47.992801408, -876.0, -115.0, 508.0
47.997749504, -879.0, -114.0, 504.0
48.002697728, -881.0, -115.0, 502.0
48.007645824, -876.0, -115.0, 500.0
48.01259392, -868.0, -114.0, 504.0
48.017542144, -868.0, -113.0, 508.0
48.02249024, -875.0, -117.0, 514.0
48.027438464, -883.0, -115.0, 508.0
48.03238656, -886.0, -119.0, 493.0
48.037334784, -882.0, -121.0, 481.0
48.04228288, -872.0, -121.0, 489.0
48.047231104, -860.0, -116.0, 501.0
48.0521792, -866.0, -119.0, 508.0
48.057127424, -870.0, -119.0, 513.0
48.062075644, -874.0, -123.0, 514.0
48.06702208, -874.0, -130.0, 513.0
48.071968512, -872.0, -130.0, 506.0
48.076914944, -867.0, -132.0, 507.0
48.081861504, -866.0, -135.0, 506.0
48.086807936, -871.0, -134.0, 506.0
48.091754368, -875.0, -133.0, 501.0
48.0967008, -872.0, -129.0, 492.0
48.10164736, -873.0, -121.0, 494.0
48.106593792, -874.0, -118.0, 494.0
48.111540224, -871.0, -115.0, 498.0
48.116486656, -871.0, -111.0, 500.0
48.121433088, -869.0, -111.0, 502.0
48.126379648, -865.0, -109.0, 507.0
48.13132608, -858.0, -110.0, 507.0
48.136272512, -853.0, -111.0, 511.0
48.141218944, -855.0, -111.0, 511.0
48.146165376, -857.0, -113.0, 511.0
48.151111936, -863.0, -115.0, 510.0
48.156058368, -872.0, -118.0, 510.0
48.1610048, -877.0, -121.0, 507.0
48.165951232, -880.0, -121.0, 508.0
48.170897792, -882.0, -124.0, 508.0
48.175844224, -881.0, -121.0, 512.0
48.180790656, -881.0, -120.0, 512.0
48.185737088, -884.0, -118.0, 514.0
48.19068352, -883.0, -115.0, 507.0
48.19563008, -881.0, -114.0, 506.0
48.200576512, -880.0, -114.0, 508.0
48.205522944, -876.0, -113.0, 507.0
48.210469376, -876.0, -113.0, 507.0
48.215415808, -875.0, -112.0, 508.0
48.220362368, -875.0, -115.0, 507.0
48.2253088, -875.0, -112.0, 507.0
48.230255232, -874.0, -115.0, 505.0
48.235201664, -873.0, -114.0, 502.0
48.24014819, -875.0, -114.0, 501.0
48.245094656, -879.0, -113.0, 504.0
48.250041088, -876.0, -116.0, 499.0
48.25498752, -871.0, -116.0, 499.0
48.25993408, -869.0, -115.0, 503.0
48.264880512, -870.0, -113.0, 504.0
48.269826944, -868.0, -114.0, 506.0
48.274773376, -871.0, -114.0, 501.0
48.279719808, -866.0, -114.0, 500.0
48.284666368, -866.0, -115.0, 503.0
48.2896128, -865.0, -115.0, 503.0
48.294559232, -869.0, -120.0, 506.0
48.299505664, -868.0, -117.0, 510.0
48.304452224, -873.0, -123.0, 511.0
48.309398656, -875.0, -122.0, 510.0
48.314345088, -876.0, -119.0, 510.0
48.31929152, -873.0, -120.0, 511.0
48.324237952, -873.0, -118.0, 511.0
48.329184512, -875.0, -117.0, 512.0
48.334130944, -871.0, -117.0, 515.0
48.339077376, -871.0, -114.0, 514.0
48.344023808, -871.0, -113.0, 510.0
48.34897024, -873.0, -110.0, 509.0
48.3539168, -873.0, -110.0, 507.0
48.358863232, -874.0, -111.0, 507.0
48.363809664, -873.0, -113.0, 508.0
48.368756096, -873.0, -114.0, 509.0
48.373702656, -872.0, -114.0, 511.0
48.378649088, -874.0, -118.0, 511.0
48.38359552, -871.0, -118.0, 513.0
48.388541952, -875.0, -117.0, 514.0
48.393488384, -874.0, -116.0, 514.0
48.398434944, -879.0, -116.0, 514.0
48.403381376, -882.0, -115.0, 514.0
48.408327808, -884.0, -115.0, 518.0
48.41327424, -883.0, -116.0, 514.0
48.41822072, -885.0, -119.0, 516.0
48.423167104, -881.0, -121.0, 521.0
48.428113536, -882.0, -122.0, 521.0
48.433059968, -879.0, -125.0, 520.0
48.438006528, -878.0, -122.0, 513.0
48.44295296, -878.0, -123.0, 512.0
48.447899392, -877.0, -118.0, 510.0
48.452845824, -879.0, -121.0, 508.0
48.457792256, -877.0, -119.0, 508.0
48.462738816, -872.0, -119.0, 505.0
48.467685248, -868.0, -119.0, 506.0
48.47263168, -865.0, -117.0, 508.0
48.477578112, -867.0, -117.0, 510.0
48.482524672, -870.0, -116.0, 514.0
48.487471104, -869.0, -118.0, 513.0
48.492417536, -869.0, -116.0, 514.0
48.497363968, -869.0, -116.0, 511.0
48.5023104, -867.0, -118.0, 512.0
48.50725696, -874.0, -115.0, 509.0
48.512203392, -875.0, -116.0, 500.0
48.517149824, -878.0, -116.0, 493.0
48.522096256, -878.0, -117.0, 489.0
48.527042688, -876.0, -116.0, 492.0
48.531989248, -878.0, -115.0, 494.0
48.53693568, -877.0, -115.0, 496.0
48.541882112, -881.0, -114.0, 500.0
48.546828544, -881.0, -112.0, 502.0
48.551775104, -877.0, -113.0, 509.0
48.556721536, -874.0, -115.0, 509.0
48.561667968, -873.0, -115.0, 515.0
48.5666144, -871.0, -116.0, 520.0
48.571560832, -875.0, -118.0, 525.0
48.576507392, -880.0, -120.0, 523.0
48.581453824, -879.0, -118.0, 511.0
48.586400256, -873.0, -117.0, 507.0
48.591346688, -872.0, -117.0, 506.0
48.59629325, -876.0, -117.0, 508.0
48.60123968, -881.0, -117.0, 505.0
48.606186112, -880.0, -116.0, 492.0
48.611132544, -877.0, -119.0, 482.0
48.616079104, -873.0, -120.0, 483.0
48.621025536, -870.0, -119.0, 489.0
48.625971968, -866.0, -118.0, 500.0
48.6309184, -870.0, -118.0, 507.0
48.635864832, -868.0, -122.0, 511.0
48.640811392, -869.0, -122.0, 515.0
48.645757824, -875.0, -123.0, 515.0
48.650704256, -879.0, -125.0, 512.0
48.655650688, -882.0, -125.0, 509.0
48.660597248, -883.0, -124.0, 504.0
48.66554368, -881.0, -125.0, 494.0
48.670490112, -883.0, -124.0, 485.0
48.675436544, -883.0, -123.0, 485.0
48.680382976, -882.0, -121.0, 481.0
48.685329536, -882.0, -120.0, 484.0
48.690275968, -881.0, -116.0, 485.0
48.6952224, -883.0, -115.0, 491.0
48.700168832, -883.0, -114.0, 494.0
48.705115264, -885.0, -114.0, 498.0
48.710061824, -882.0, -116.0, 502.0
48.715008256, -880.0, -116.0, 507.0
48.719954688, -875.0, -117.0, 510.0
48.72490112, -875.0, -118.0, 512.0
48.72984768, -878.0, -122.0, 512.0
48.734794112, -880.0, -125.0, 509.0
48.739740544, -878.0, -123.0, 503.0
48.744686976, -879.0, -124.0, 501.0
48.749633408, -877.0, -118.0, 499.0
48.754579968, -875.0, -120.0, 494.0
48.7595264, -875.0, -115.0, 493.0
48.764472832, -876.0, -114.0, 494.0
48.769419264, -880.0, -115.0, 489.0
48.77436578, -882.0, -117.0, 484.0
48.779312256, -880.0, -122.0, 479.0
48.784258688, -878.0, -116.0, 484.0
48.78920512, -875.0, -116.0, 493.0
48.79415168, -871.0, -117.0, 499.0
48.799098112, -871.0, -118.0, 502.0
48.804044544, -875.0, -122.0, 505.0
48.808990976, -876.0, -121.0, 504.0
48.813937408, -878.0, -123.0, 506.0
48.818883968, -877.0, -121.0, 506.0
48.8238304, -879.0, -121.0, 509.0
48.828776832, -874.0, -120.0, 510.0
48.833723264, -874.0, -119.0, 505.0
48.838669824, -879.0, -122.0, 507.0
48.843616256, -881.0, -120.0, 504.0
48.848562688, -882.0, -121.0, 497.0
48.85350912, -882.0, -120.0, 491.0
48.858455552, -881.0, -120.0, 487.0
48.863402112, -881.0, -120.0, 485.0
48.868348544, -881.0, -119.0, 481.0
48.873294976, -884.0, -121.0, 484.0
48.878241408, -883.0, -121.0, 488.0
48.88318784, -883.0, -120.0, 490.0
48.8881344, -884.0, -120.0, 496.0
48.893080832, -884.0, -119.0, 498.0
48.898027264, -885.0, -117.0, 503.0
48.902973696, -886.0, -119.0, 497.0
48.907920256, -886.0, -117.0, 495.0
48.912866688, -885.0, -119.0, 494.0
48.91781312, -884.0, -121.0, 487.0
48.922759552, -882.0, -126.0, 486.0
48.927705984, -880.0, -127.0, 485.0
48.932652544, -884.0, -129.0, 486.0
48.937598976, -884.0, -130.0, 486.0
48.942545408, -883.0, -126.0, 486.0
48.94749184, -882.0, -123.0, 486.0
48.95243831, -883.0, -126.0, 487.0
48.957384704, -881.0, -125.0, 486.0
48.962331136, -879.0, -121.0, 484.0
48.967277568, -878.0, -123.0, 481.0
48.972224128, -876.0, -121.0, 484.0
48.97717056, -880.0, -123.0, 479.0
48.982116992, -877.0, -121.0, 478.0
48.987063424, -879.0, -120.0, 475.0
48.992009856, -879.0, -119.0, 473.0
48.996956416, -879.0, -117.0, 470.0
49.001902848, -879.0, -120.0, 480.0
49.00684928, -880.0, -120.0, 479.0
49.011795712, -881.0, -124.0, 482.0
49.016742272, -882.0, -125.0, 486.0
49.021688704, -880.0, -125.0, 484.0
49.026635136, -880.0, -124.0, 486.0
49.031581568, -879.0, -126.0, 485.0
49.036528, -876.0, -125.0, 482.0
49.04147456, -877.0, -123.0, 480.0
49.046420992, -877.0, -120.0, 479.0
49.051367424, -882.0, -118.0, 473.0
49.056313856, -880.0, -117.0, 472.0
49.061260288, -879.0, -116.0, 469.0
49.066206848, -878.0, -114.0, 468.0
49.07115328, -879.0, -114.0, 471.0
49.076099712, -877.0, -114.0, 475.0
49.081046144, -878.0, -116.0, 471.0
49.085992704, -880.0, -116.0, 466.0
49.090939136, -878.0, -118.0, 466.0
49.095885568, -880.0, -117.0, 465.0
49.100832, -880.0, -117.0, 472.0
49.105778432, -882.0, -117.0, 475.0
49.110724992, -882.0, -116.0, 475.0
49.115671424, -879.0, -115.0, 479.0
49.120617856, -879.0, -115.0, 478.0
49.125564288, -879.0, -117.0, 485.0
49.13051084, -877.0, -119.0, 490.0
49.135455616, -880.0, -122.0, 499.0
49.140400384, -880.0, -121.0, 503.0
49.145345152, -882.0, -121.0, 502.0
49.15028992, -884.0, -121.0, 504.0
49.155234688, -884.0, -122.0, 497.0
49.160179456, -886.0, -119.0, 489.0
49.165124224, -883.0, -123.0, 488.0
49.170068992, -880.0, -121.0, 494.0
49.17501376, -881.0, -121.0, 497.0
49.179958528, -883.0, -120.0, 494.0
49.184903296, -886.0, -120.0, 478.0
49.189848064, -884.0, -118.0, 472.0
49.194792832, -883.0, -118.0, 471.0
49.1997376, -882.0, -120.0, 478.0
49.20468224, -881.0, -117.0, 487.0
49.209627008, -876.0, -115.0, 494.0
49.214571776, -877.0, -116.0, 499.0
49.219516544, -878.0, -118.0, 499.0
49.224461312, -882.0, -121.0, 497.0
49.22940608, -879.0, -125.0, 492.0
49.234350848, -880.0, -129.0, 487.0
49.239295616, -880.0, -134.0, 483.0
49.244240384, -881.0, -134.0, 481.0
49.249185152, -881.0, -132.0, 477.0
49.25412992, -880.0, -133.0, 473.0
49.259074688, -880.0, -133.0, 479.0
49.264019456, -880.0, -126.0, 481.0
49.268964224, -882.0, -124.0, 481.0
49.273908992, -883.0, -124.0, 486.0
49.27885376, -881.0, -119.0, 492.0
49.283798528, -880.0, -120.0, 498.0
49.288743296, -876.0, -118.0, 499.0
49.293688064, -879.0, -119.0, 501.0
49.298632832, -878.0, -116.0, 500.0
49.3035776, -877.0, -117.0, 496.0
49.308522314, -878.0, -121.0, 490.0
49.31346624, -884.0, -117.0, 500.0
49.318410112, -882.0, -119.0, 487.0
49.323354112, -882.0, -121.0, 490.0
49.328297984, -882.0, -120.0, 490.0
49.333241856, -883.0, -121.0, 491.0
49.338185856, -882.0, -118.0, 488.0
49.343129728, -880.0, -116.0, 489.0
49.3480736, -879.0, -116.0, 488.0
49.3530176, -880.0, -117.0, 489.0
49.357961472, -881.0, -117.0, 496.0
49.362905344, -883.0, -119.0, 493.0
49.367849344, -881.0, -116.0, 495.0
49.372793216, -880.0, -120.0, 496.0
49.377737216, -883.0, -119.0, 498.0
49.382681088, -883.0, -119.0, 500.0
49.38762496, -886.0, -121.0, 498.0
49.39256896, -886.0, -123.0, 498.0
49.397512832, -886.0, -125.0, 498.0
49.402456704, -884.0, -123.0, 499.0
49.407400704, -881.0, -122.0, 502.0
49.412344576, -878.0, -119.0, 506.0
49.417288448, -881.0, -116.0, 505.0
49.422232448, -884.0, -115.0, 505.0
49.42717632, -884.0, -115.0, 500.0
49.432120192, -882.0, -114.0, 492.0
49.437064192, -880.0, -113.0, 492.0
49.442008064, -875.0, -113.0, 490.0
49.446951936, -871.0, -114.0, 493.0
49.451895936, -872.0, -115.0, 496.0
49.456839808, -870.0, -118.0, 502.0
49.46178368, -873.0, -116.0, 501.0
49.46672768, -876.0, -119.0, 505.0
49.471671552, -878.0, -121.0, 506.0
49.476615552, -878.0, -121.0, 507.0
49.481559424, -876.0, -119.0, 506.0
49.486503316, -877.0, -117.0, 504.0
49.49144896, -881.0, -121.0, 505.0
49.496394624, -880.0, -118.0, 501.0
49.50134016, -882.0, -118.0, 500.0
49.506285824, -877.0, -119.0, 501.0
49.51123136, -872.0, -122.0, 503.0
49.516177024, -869.0, -119.0, 505.0
49.521122688, -870.0, -124.0, 508.0
49.526068224, -873.0, -125.0, 513.0
49.531013888, -881.0, -129.0, 509.0
49.535959424, -884.0, -131.0, 508.0
49.540905088, -883.0, -131.0, 506.0
49.545850624, -883.0, -131.0, 505.0
49.550796288, -880.0, -136.0, 510.0
49.555741952, -877.0, -134.0, 516.0
49.560687488, -869.0, -131.0, 521.0
49.565633152, -864.0, -128.0, 529.0
49.570578688, -863.0, -131.0, 528.0
49.575524352, -866.0, -129.0, 529.0
49.580470016, -874.0, -131.0, 522.0
49.585415552, -883.0, -132.0, 509.0
49.590361216, -886.0, -131.0, 506.0
49.595306752, -886.0, -125.0, 503.0
49.600252416, -884.0, -120.0, 507.0
49.605197952, -876.0, -121.0, 509.0
49.610143616, -869.0, -117.0, 507.0
49.61508928, -869.0, -123.0, 503.0
49.620034816, -870.0, -124.0, 501.0
49.62498048, -875.0, -123.0, 500.0
49.629926016, -881.0, -122.0, 487.0
49.63487168, -885.0, -119.0, 478.0
49.639817344, -886.0, -115.0, 474.0
49.64476288, -882.0, -115.0, 480.0
49.649708544, -881.0, -118.0, 493.0
49.65465408, -876.0, -117.0, 496.0
49.659599744, -875.0, -119.0, 501.0
49.664545312, -871.0, -122.0, 507.0
49.669491712, -872.0, -132.0, 510.0
49.674438144, -874.0, -136.0, 510.0
49.679384576, -880.0, -144.0, 505.0
49.684331136, -879.0, -153.0, 495.0
49.689277568, -878.0, -163.0, 500.0
49.694224, -881.0, -168.0, 499.0
49.699170432, -885.0, -170.0, 490.0
49.704116992, -886.0, -178.0, 483.0
49.709063424, -883.0, -180.0, 489.0
49.714009856, -881.0, -175.0, 500.0
49.718956288, -879.0, -175.0, 504.0
49.72390272, -880.0, -174.0, 506.0
49.72884928, -881.0, -171.0, 505.0
49.733795712, -881.0, -162.0, 502.0
49.738742144, -884.0, -148.0, 496.0
49.743688576, -880.0, -135.0, 492.0
49.748635008, -869.0, -124.0, 510.0
49.753581568, -864.0, -113.0, 512.0
49.758528, -868.0, -113.0, 507.0
49.763474432, -876.0, -115.0, 507.0
49.768420864, -877.0, -117.0, 497.0
49.773367424, -882.0, -121.0, 490.0
49.778313856, -878.0, -123.0, 498.0
49.783260288, -874.0, -131.0, 505.0
49.78820672, -880.0, -146.0, 502.0
49.793153152, -884.0, -162.0, 503.0
49.798099712, -886.0, -178.0, 495.0
49.803046144, -887.0, -180.0, 479.0
49.807992576, -887.0, -184.0, 469.0
49.812939008, -884.0, -189.0, 476.0
49.81788544, -876.0, -193.0, 474.0
49.822832, -876.0, -194.0, 462.0
49.827778432, -878.0, -190.0, 429.0
49.832724864, -882.0, -185.0, 434.0
49.837671296, -877.0, -176.0, 456.0
49.842617852, -874.0, -161.0, 473.0
49.847564288, -872.0, -147.0, 483.0
49.85251072, -885.0, -133.0, 487.0
49.857457152, -894.0, -127.0, 470.0
49.862403712, -908.0, -122.0, 463.0
49.867350144, -911.0, -118.0, 476.0
49.872296576, -913.0, -121.0, 491.0
49.877243008, -906.0, -135.0, 505.0
49.88218944, -897.0, -154.0, 510.0
49.887136, -910.0, -159.0, 559.0
49.892082432, -887.0, -181.0, 520.0
49.897028864, -880.0, -188.0, 491.0
49.901975296, -883.0, -193.0, 466.0
49.906921856, -879.0, -195.0, 483.0
49.911868288, -874.0, -198.0, 508.0
49.91681472, -877.0, -199.0, 527.0
49.921761152, -881.0, -204.0, 524.0
49.926707584, -885.0, -206.0, 521.0
49.931654144, -884.0, -202.0, 520.0
49.936600576, -884.0, -189.0, 495.0
49.941547008, -883.0, -166.0, 503.0
49.94649344, -886.0, -134.0, 494.0
49.951439872, -889.0, -111.0, 469.0
49.956386432, -898.0, -92.0, 443.0
49.961332864, -904.0, -65.0, 427.0
49.966279296, -908.0, -58.0, 423.0
49.971225728, -898.0, -62.0, 437.0
49.976172288, -893.0, -72.0, 454.0
49.98111872, -888.0, -96.0, 471.0
49.986065152, -887.0, -107.0, 492.0
49.991011584, -886.0, -114.0, 507.0
49.995958016, -886.0, -120.0, 514.0
50.000904576, -888.0, -125.0, 514.0
50.005851008, -888.0, -122.0, 505.0
50.01079744, -887.0, -125.0, 491.0
50.015743872, -883.0, -125.0, 480.0
50.020690382, -867.0, -122.0, 476.0
50.025636096, -845.0, -128.0, 482.0
50.03058176, -823.0, -129.0, 489.0
50.035527296, -820.0, -132.0, 498.0
50.04047296, -833.0, -135.0, 496.0
50.045418496, -851.0, -139.0, 496.0
50.05036416, -878.0, -139.0, 494.0
50.055309824, -890.0, -134.0, 497.0
50.06025536, -915.0, -124.0, 502.0
50.065201024, -930.0, -117.0, 510.0
50.07014656, -937.0, -115.0, 510.0
50.075092224, -931.0, -110.0, 509.0
50.08003776, -929.0, -105.0, 500.0
50.084983424, -926.0, -99.0, 480.0
50.089929088, -913.0, -88.0, 456.0
50.094874624, -900.0, -87.0, 451.0
50.099820288, -888.0, -87.0, 464.0
50.104765824, -877.0, -94.0, 490.0
50.109711488, -865.0, -104.0, 506.0
50.114657152, -855.0, -108.0, 515.0
50.119602688, -850.0, -115.0, 520.0
50.124548352, -851.0, -131.0, 526.0
50.129493888, -849.0, -146.0, 540.0
50.134439552, -845.0, -160.0, 560.0
50.139385216, -843.0, -172.0, 575.0
50.144330752, -849.0, -174.0, 574.0
50.149276416, -861.0, -163.0, 558.0
50.154221952, -871.0, -156.0, 541.0
50.159167616, -873.0, -145.0, 538.0
50.164113152, -870.0, -131.0, 544.0
50.169058816, -872.0, -124.0, 556.0
50.17400448, -872.0, -120.0, 568.0
50.178950016, -876.0, -114.0, 574.0
50.18389568, -882.0, -110.0, 583.0
50.188841216, -884.0, -99.0, 584.0
50.19378688, -887.0, -80.0, 586.0
50.198732384, -889.0, -48.0, 596.0
50.203679744, -886.0, -21.0, 610.0
50.208627072, -882.0, 10.0, 604.0
50.2135744, -871.0, 37.0, 594.0
50.2185216, -852.0, 58.0, 578.0
50.223468928, -834.0, 70.0, 559.0
50.228416256, -829.0, 79.0, 545.0
50.233363584, -830.0, 86.0, 534.0
50.238310912, -844.0, 96.0, 531.0
50.24325824, -864.0, 105.0, 531.0
50.24820544, -871.0, 105.0, 513.0
50.253152768, -875.0, 99.0, 496.0
50.258100096, -874.0, 79.0, 484.0
50.263047424, -867.0, 52.0, 488.0
50.267994752, -845.0, 20.0, 502.0
50.27294208, -820.0, -14.0, 510.0
50.27788928, -804.0, -51.0, 513.0
50.282836608, -805.0, -91.0, 510.0
50.287783936, -799.0, -118.0, 500.0
50.292731264, -804.0, -158.0, 487.0
50.297678592, -805.0, -197.0, 489.0
50.30262592, -810.0, -232.0, 468.0
50.30757312, -818.0, -254.0, 401.0
50.312520448, -833.0, -285.0, 345.0
50.317467776, -847.0, -302.0, 298.0
50.322415104, -857.0, -319.0, 267.0
50.327362432, -871.0, -341.0, 251.0
50.33230976, -883.0, -349.0, 253.0
50.33725696, -890.0, -349.0, 271.0
50.342204288, -903.0, -343.0, 317.0
50.347151616, -925.0, -328.0, 366.0
50.352098944, -950.0, -305.0, 404.0
50.357046272, -971.0, -270.0, 422.0
50.3619936, -981.0, -233.0, 422.0
50.3669408, -978.0, -191.0, 447.0
50.371888128, -960.0, -133.0, 482.0
50.376835416, -924.0, -105.0, 512.0
50.381780224, -886.0, -66.0, 559.0
50.386724992, -838.0, -34.0, 605.0
50.39166976, -800.0, -17.0, 626.0
50.396614528, -775.0, -20.0, 622.0
50.401559296, -757.0, -27.0, 607.0
50.406504064, -733.0, -40.0, 579.0
50.411448832, -703.0, -70.0, 568.0
50.4163936, -665.0, -109.0, 569.0
50.421338368, -648.0, -146.0, 562.0
50.426283136, -671.0, -195.0, 520.0
50.431227904, -723.0, -226.0, 495.0
50.436172672, -778.0, -237.0, 468.0
50.44111744, -846.0, -237.0, 435.0
50.446062208, -901.0, -239.0, 410.0
50.451006976, -960.0, -240.0, 385.0
50.455951744, -991.0, -241.0, 379.0
50.460896384, -1000.0, -246.0, 395.0
50.465841152, -1002.0, -253.0, 440.0
50.47078592, -999.0, -261.0, 508.0
50.475730688, -997.0, -253.0, 594.0
50.480675456, -996.0, -239.0, 677.0
50.485620224, -996.0, -228.0, 743.0
50.490564992, -995.0, -203.0, 776.0
50.49550976, -989.0, -184.0, 777.0
50.500454528, -966.0, -173.0, 764.0
50.505399296, -929.0, -151.0, 752.0
50.510344064, -880.0, -129.0, 747.0
50.515288832, -809.0, -117.0, 750.0
50.5202336, -752.0, -112.0, 710.0
50.525178368, -702.0, -104.0, 650.0
50.530123136, -668.0, -98.0, 601.0
50.535067904, -652.0, -82.0, 557.0
50.540012672, -665.0, -64.0, 559.0
50.54495744, -700.0, -56.0, 586.0
50.549902208, -776.0, -44.0, 625.0
50.554846916, -911.0, -34.0, 667.0
50.55979264, -1065.0, -51.0, 673.0
50.564738304, -1221.0, -91.0, 630.0
50.56968384, -1343.0, -115.0, 581.0
50.574629504, -1360.0, -151.0, 551.0
50.57957504, -1282.0, -162.0, 545.0
50.584520704, -1166.0, -148.0, 559.0
50.589466368, -1037.0, -132.0, 566.0
50.594411904, -922.0, -113.0, 562.0
50.599357568, -808.0, -100.0, 527.0
50.604303104, -709.0, -97.0, 500.0
50.609248768, -603.0, -107.0, 489.0
50.614194432, -528.0, -130.0, 450.0
50.619139968, -492.0, -151.0, 325.0
50.624085632, -476.0, -163.0, 182.0
50.629031168, -453.0, -170.0, 49.0
50.633976832, -489.0, -150.0, -121.0
50.638922368, -511.0, -114.0, -197.0
50.643868032, -575.0, -52.0, -210.0
50.648813696, -612.0, 0.0, -153.0
50.653759232, -625.0, 18.0, -19.0
50.658704896, -630.0, 37.0, 175.0
50.663650432, -648.0, 53.0, 301.0
50.668596096, -771.0, 67.0, 307.0
50.67354176, -941.0, 98.0, 244.0
50.678487296, -1074.0, 107.0, 214.0
50.68343296, -1121.0, 71.0, 192.0
50.688378496, -1132.0, 30.0, 147.0
50.69332416, -1129.0, 28.0, 202.0
50.698269824, -1102.0, 45.0, 387.0
50.70321536, -1070.0, 63.0, 551.0
50.708161024, -1008.0, 90.0, 720.0
50.71310656, -974.0, 122.0, 852.0
50.718052224, -976.0, 147.0, 928.0
50.722997888, -1053.0, 177.0, 929.0
50.727943424, -1191.0, 141.0, 832.0
50.732888938, -1289.0, 71.0, 722.0
50.737833728, -1323.0, -24.0, 648.0
50.742778496, -1272.0, -139.0, 634.0
50.747723264, -1200.0, -260.0, 584.0
50.752668032, -1100.0, -369.0, 602.0
50.7576128, -1013.0, -434.0, 635.0
50.762557568, -971.0, -477.0, 626.0
50.767502336, -940.0, -492.0, 608.0
50.772447104, -915.0, -501.0, 571.0
50.777391872, -905.0, -496.0, 532.0
50.78233664, -889.0, -489.0, 490.0
50.787281408, -858.0, -472.0, 413.0
50.792226176, -817.0, -445.0, 324.0
50.797170944, -770.0, -413.0, 250.0
50.802115712, -691.0, -382.0, 257.0
50.80706048, -610.0, -363.0, 254.0
50.81200512, -567.0, -324.0, 270.0
50.816949888, -563.0, -288.0, 274.0
50.821894656, -575.0, -256.0, 288.0
50.826839424, -610.0, -234.0, 329.0
50.831784192, -620.0, -212.0, 383.0
50.83672896, -662.0, -182.0, 428.0
50.841673728, -706.0, -145.0, 466.0
50.846618496, -759.0, -117.0, 480.0
50.851563264, -803.0, -105.0, 486.0
50.856508032, -842.0, -95.0, 499.0
50.8614528, -881.0, -89.0, 507.0
50.866397568, -893.0, -87.0, 518.0
50.871342336, -904.0, -86.0, 515.0
50.876287104, -905.0, -86.0, 537.0
50.881231872, -892.0, -91.0, 563.0
50.88617664, -886.0, -104.0, 583.0
50.891121408, -886.0, -108.0, 588.0
50.896066176, -887.0, -114.0, 585.0
50.901010944, -895.0, -118.0, 595.0
50.905955712, -922.0, -127.0, 603.0
50.910900422, -949.0, -138.0, 599.0
50.915846912, -960.0, -147.0, 574.0
50.920793344, -964.0, -135.0, 548.0
50.925739776, -955.0, -123.0, 516.0
50.930686336, -942.0, -113.0, 494.0
50.935632768, -910.0, -108.0, 478.0
50.9405792, -876.0, -95.0, 494.0
50.945525632, -826.0, -78.0, 511.0
50.950472192, -800.0, -63.0, 505.0
50.955418624, -799.0, -55.0, 482.0
50.960365056, -803.0, -53.0, 458.0
50.965311488, -804.0, -53.0, 441.0
50.97025792, -805.0, -52.0, 423.0
50.97520448, -803.0, -54.0, 420.0
50.980150912, -793.0, -53.0, 459.0
50.985097344, -778.0, -52.0, 483.0
50.990043776, -789.0, -41.0, 487.0
50.994990208, -803.0, -30.0, 462.0
50.999936768, -811.0, -18.0, 455.0
51.0048832, -786.0, -11.0, 458.0
51.009829632, -729.0, -6.0, 468.0
51.014776064, -664.0, -3.0, 458.0
51.019722624, -633.0, 5.0, 436.0
51.024669056, -682.0, 19.0, 398.0
51.029615488, -769.0, 33.0, 339.0
51.03456192, -855.0, 44.0, 282.0
51.039508352, -898.0, 50.0, 261.0
51.044454912, -907.0, 57.0, 303.0
51.049401344, -918.0, 65.0, 379.0
51.054347776, -919.0, 67.0, 450.0
51.059294208, -947.0, 65.0, 493.0
51.06424064, -981.0, 68.0, 508.0
51.0691872, -1022.0, 65.0, 517.0
51.074133632, -1076.0, 62.0, 533.0
51.079080064, -1117.0, 44.0, 542.0
51.084026496, -1124.0, 16.0, 563.0
51.088972972, -1120.0, -3.0, 610.0
51.09391936, -1115.0, -26.0, 625.0
51.098865792, -1094.0, -49.0, 623.0
51.103812224, -1065.0, -71.0, 600.0
51.108758784, -1041.0, -92.0, 580.0
51.113705216, -1006.0, -105.0, 568.0
51.118651648, -979.0, -112.0, 554.0
51.12359808, -948.0, -126.0, 530.0
51.128544512, -917.0, -126.0, 507.0
51.133491072, -891.0, -131.0, 500.0
51.138437504, -881.0, -130.0, 485.0
51.143383936, -864.0, -124.0, 451.0
51.148330368, -831.0, -114.0, 413.0
51.153276928, -808.0, -108.0, 383.0
51.15822336, -779.0, -103.0, 364.0
51.163169792, -760.0, -96.0, 363.0
51.168116224, -746.0, -92.0, 379.0
51.173062656, -732.0, -79.0, 394.0
51.178009216, -739.0, -85.0, 414.0
51.182955648, -755.0, -97.0, 426.0
51.18790208, -777.0, -91.0, 457.0
51.192848512, -799.0, -89.0, 481.0
51.197794944, -834.0, -87.0, 501.0
51.202741504, -869.0, -77.0, 508.0
51.207687936, -883.0, -73.0, 516.0
51.212634368, -888.0, -65.0, 520.0
51.2175808, -885.0, -58.0, 517.0
51.22252736, -875.0, -48.0, 508.0
51.227473792, -866.0, -39.0, 497.0
51.232420224, -867.0, -28.0, 485.0
51.237366656, -871.0, -18.0, 483.0
51.242313088, -878.0, -8.0, 492.0
51.247259648, -886.0, 2.0, 493.0
51.25220608, -896.0, 11.0, 496.0
51.257152512, -910.0, 18.0, 500.0
51.262098944, -922.0, 24.0, 499.0
51.267045502, -923.0, 22.0, 499.0
51.271991936, -917.0, 18.0, 504.0
51.276938368, -917.0, 15.0, 499.0
51.2818848, -917.0, 10.0, 494.0
51.28683136, -919.0, 7.0, 494.0
51.291777792, -923.0, 5.0, 489.0
51.296724224, -920.0, 2.0, 489.0
51.301670656, -919.0, 1.0, 487.0
51.306617088, -921.0, 5.0, 471.0
51.311563648, -922.0, 5.0, 465.0
51.31651008, -931.0, 11.0, 455.0
51.321456512, -941.0, 12.0, 445.0
51.326402944, -952.0, 20.0, 430.0
51.331349504, -971.0, 25.0, 418.0
51.336295936, -981.0, 32.0, 409.0
51.341242368, -980.0, 31.0, 424.0
51.3461888, -970.0, 23.0, 445.0
51.351135232, -955.0, 15.0, 469.0
51.356081792, -951.0, 9.0, 488.0
51.361028224, -950.0, -2.0, 497.0
51.365974656, -960.0, -16.0, 499.0
51.370921088, -972.0, -22.0, 499.0
51.37586752, -984.0, -37.0, 501.0
51.38081408, -986.0, -43.0, 509.0
51.385760512, -985.0, -50.0, 515.0
51.390706944, -986.0, -50.0, 519.0
51.395653376, -989.0, -48.0, 517.0
51.400599936, -991.0, -42.0, 505.0
51.405546368, -992.0, -38.0, 499.0
51.4104928, -983.0, -40.0, 484.0
51.415439232, -972.0, -54.0, 475.0
51.420385664, -960.0, -85.0, 475.0
51.425332224, -957.0, -109.0, 477.0
51.430278656, -962.0, -120.0, 497.0
51.435225088, -976.0, -127.0, 508.0
51.44017152, -989.0, -128.0, 533.0
51.445118032, -996.0, -122.0, 575.0
51.450064512, -996.0, -114.0, 610.0
51.455010944, -1000.0, -109.0, 603.0
51.459957376, -1004.0, -110.0, 580.0
51.464903936, -1001.0, -113.0, 552.0
51.469850368, -995.0, -115.0, 540.0
51.4747968, -989.0, -112.0, 532.0
51.479743232, -961.0, -108.0, 529.0
51.484689664, -914.0, -103.0, 519.0
51.489636224, -874.0, -93.0, 501.0
51.494582656, -818.0, -79.0, 484.0
51.499529088, -780.0, -73.0, 455.0
51.50447552, -759.0, -81.0, 390.0
51.50942208, -742.0, -79.0, 323.0
51.514368512, -711.0, -69.0, 279.0
51.519314944, -698.0, -40.0, 265.0
51.524261376, -704.0, -7.0, 253.0
51.529207808, -721.0, 18.0, 232.0
51.534154368, -764.0, 45.0, 189.0
51.5391008, -811.0, 66.0, 148.0
51.544047232, -866.0, 70.0, 143.0
51.548993664, -895.0, 65.0, 193.0
51.553940096, -923.0, 51.0, 252.0
51.558886656, -935.0, 20.0, 276.0
51.563833088, -931.0, -13.0, 303.0
51.56877952, -903.0, -65.0, 331.0
51.573725952, -845.0, -110.0, 372.0
51.578672512, -750.0, -142.0, 411.0
51.583618944, -646.0, -161.0, 447.0
51.588565376, -542.0, -168.0, 493.0
51.593511808, -512.0, -147.0, 468.0
51.59845824, -575.0, -118.0, 298.0
51.6034048, -684.0, -96.0, 97.0
51.608351232, -773.0, -52.0, 4.0
51.613297664, -846.0, -1.0, -20.0
51.618244096, -894.0, 20.0, -39.0
51.623190562, -968.0, 46.0, -31.0
51.628135296, -1028.0, 74.0, 59.0
51.633080064, -1101.0, 98.0, 209.0
51.638024832, -1192.0, 91.0, 379.0
51.6429696, -1267.0, 50.0, 562.0
51.647914368, -1329.0, 1.0, 746.0
51.652859136, -1414.0, -41.0, 850.0
51.657803904, -1500.0, -65.0, 834.0
51.662748672, -1521.0, -82.0, 765.0
51.66769344, -1496.0, -83.0, 709.0
51.672638208, -1370.0, -65.0, 705.0
51.677582976, -1217.0, -85.0, 633.0
51.682527744, -1086.0, -106.0, 604.0
51.687472512, -976.0, -119.0, 610.0
51.69241728, -890.0, -131.0, 630.0
51.69736192, -858.0, -141.0, 555.0
51.702306688, -835.0, -162.0, 491.0
51.707251456, -803.0, -161.0, 452.0
51.712196224, -763.0, -161.0, 430.0
51.717140992, -724.0, -143.0, 395.0
51.72208576, -691.0, -130.0, 358.0
51.727030528, -665.0, -122.0, 324.0
51.731975296, -648.0, -115.0, 309.0
51.736920064, -661.0, -105.0, 301.0
51.741864832, -688.0, -78.0, 323.0
51.7468096, -723.0, -53.0, 327.0
51.751754368, -763.0, -34.0, 345.0
51.756699136, -803.0, -13.0, 341.0
51.761643904, -847.0, -4.0, 354.0
51.766588672, -880.0, 2.0, 361.0
51.77153344, -894.0, 8.0, 360.0
51.776478208, -908.0, 14.0, 388.0
51.781422976, -915.0, 13.0, 417.0
51.786367744, -922.0, 10.0, 448.0
51.791312512, -922.0, 1.0, 478.0
51.79625728, -927.0, -15.0, 494.0
51.801202036, -926.0, -36.0, 505.0
51.806147712, -927.0, -46.0, 521.0
51.811093376, -922.0, -58.0, 527.0
51.816038912, -918.0, -74.0, 525.0
51.820984576, -924.0, -85.0, 509.0
51.825930112, -926.0, -94.0, 492.0
51.830875776, -935.0, -96.0, 464.0
51.83582144, -944.0, -94.0, 428.0
51.840766976, -945.0, -89.0, 395.0
51.84571264, -948.0, -79.0, 392.0
51.850658176, -951.0, -80.0, 394.0
51.85560384, -949.0, -69.0, 412.0
51.860549504, -944.0, -61.0, 433.0
51.86549504, -946.0, -44.0, 461.0
51.870440704, -951.0, -20.0, 471.0
51.87538624, -967.0, -5.0, 467.0
51.880331904, -987.0, 9.0, 441.0
51.88527744, -991.0, 16.0, 410.0
51.890223104, -983.0, 26.0, 396.0
51.895168768, -959.0, 34.0, 382.0
51.900114304, -936.0, 35.0, 373.0
51.905059968, -914.0, 32.0, 377.0
51.910005504, -898.0, 23.0, 393.0
51.914951168, -899.0, 18.0, 420.0
51.919896832, -903.0, 9.0, 447.0
51.924842368, -918.0, -2.0, 467.0
51.929788032, -931.0, -11.0, 482.0
51.934733568, -939.0, -30.0, 482.0
51.939679232, -936.0, -43.0, 478.0
51.944624896, -929.0, -48.0, 457.0
51.949570432, -931.0, -56.0, 415.0
51.954516096, -944.0, -63.0, 379.0
51.959461632, -964.0, -68.0, 354.0
51.964407296, -978.0, -75.0, 339.0
51.96935296, -983.0, -77.0, 354.0
51.974298496, -970.0, -74.0, 371.0
51.979244058, -942.0, -58.0, 378.0
51.9841888, -930.0, -45.0, 368.0
51.989133568, -923.0, -35.0, 363.0
51.994078336, -920.0, -36.0, 378.0
51.999023104, -935.0, -39.0, 388.0
52.003967872, -949.0, -44.0, 406.0
52.00891264, -961.0, -39.0, 423.0
52.013857408, -975.0, -40.0, 437.0
52.018802176, -982.0, -39.0, 437.0
52.023746944, -985.0, -36.0, 436.0
52.028691712, -981.0, -37.0, 434.0
52.03363648, -977.0, -38.0, 431.0
52.038581248, -968.0, -38.0, 432.0
52.043526016, -957.0, -42.0, 434.0
52.048470784, -954.0, -38.0, 426.0
52.053415552, -947.0, -39.0, 415.0
52.058360192, -940.0, -28.0, 406.0
52.06330496, -930.0, -20.0, 398.0
52.068249728, -932.0, -11.0, 390.0
52.073194496, -925.0, -6.0, 390.0
52.078139264, -909.0, -6.0, 396.0
52.083084032, -913.0, -2.0, 393.0
52.0880288, -939.0, 0.0, 377.0
52.092973568, -957.0, -3.0, 363.0
52.097918336, -966.0, -9.0, 370.0
52.102863104, -957.0, -19.0, 391.0
52.107807872, -946.0, -33.0, 407.0
52.11275264, -927.0, -49.0, 412.0
52.117697408, -913.0, -60.0, 411.0
52.122642176, -896.0, -62.0, 407.0
52.127586944, -889.0, -72.0, 405.0
52.132531712, -888.0, -77.0, 397.0
52.13747648, -901.0, -85.0, 389.0
52.142421248, -930.0, -84.0, 352.0
52.147366016, -950.0, -78.0, 309.0
52.152310784, -962.0, -68.0, 297.0
52.157255542, -970.0, -57.0, 329.0
52.162201216, -967.0, -54.0, 370.0
52.16714688, -958.0, -51.0, 398.0
52.172092416, -948.0, -50.0, 403.0
52.17703808, -938.0, -50.0, 401.0
52.181983616, -923.0, -54.0, 401.0
52.18692928, -914.0, -60.0, 398.0
52.191874944, -922.0, -65.0, 381.0
52.19682048, -941.0, -69.0, 356.0
52.201766144, -956.0, -69.0, 345.0
52.20671168, -974.0, -62.0, 344.0
52.211657344, -981.0, -58.0, 347.0
52.216603008, -986.0, -52.0, 353.0
52.221548544, -983.0, -47.0, 367.0
52.226494208, -982.0, -47.0, 361.0
52.231439744, -984.0, -47.0, 357.0
52.236385408, -974.0, -45.0, 349.0
52.241330944, -964.0, -48.0, 335.0
52.246276608, -953.0, -47.0, 330.0
52.251222272, -947.0, -42.0, 329.0
52.256167808, -941.0, -38.0, 324.0
52.261113472, -935.0, -28.0, 321.0
52.266059008, -929.0, -21.0, 335.0
52.271004672, -927.0, -15.0, 347.0
52.275950336, -924.0, -14.0, 347.0
52.280895872, -917.0, -11.0, 342.0
52.285841536, -917.0, -11.0, 343.0
52.290787072, -931.0, -13.0, 342.0
52.295732736, -943.0, -23.0, 347.0
52.3006784, -953.0, -32.0, 367.0
52.305623936, -965.0, -47.0, 371.0
52.3105696, -975.0, -55.0, 361.0
52.315515136, -982.0, -65.0, 348.0
52.3204608, -984.0, -71.0, 329.0
52.325406464, -985.0, -80.0, 329.0
52.330352, -987.0, -83.0, 325.0
52.335297564, -975.0, -86.0, 336.0
52.340249088, -964.0, -84.0, 343.0
52.34520064, -951.0, -87.0, 341.0
52.350152192, -945.0, -84.0, 337.0
52.355103744, -930.0, -79.0, 337.0
52.360055296, -906.0, -77.0, 332.0
52.365006848, -901.0, -73.0, 317.0
52.3699584, -890.0, -71.0, 304.0
52.374909952, -883.0, -67.0, 283.0
52.379861504, -863.0, -62.0, 272.0
52.384813056, -830.0, -60.0, 263.0
52.38976448, -809.0, -56.0, 256.0
52.394716032, -791.0, -52.0, 255.0
52.399667584, -775.0, -48.0, 260.0
52.404619136, -769.0, -47.0, 253.0
52.409570688, -780.0, -44.0, 246.0
52.41452224, -793.0, -38.0, 235.0
52.419473792, -794.0, -38.0, 228.0
52.424425344, -790.0, -39.0, 224.0
52.429376896, -795.0, -31.0, 208.0
52.434328448, -801.0, -19.0, 214.0
52.43928, -805.0, -11.0, 209.0
52.444231552, -812.0, -1.0, 188.0
52.449183104, -815.0, -3.0, 162.0
52.454134656, -811.0, -11.0, 149.0
52.459086208, -807.0, -23.0, 146.0
52.46403776, -788.0, -34.0, 148.0
52.468989312, -768.0, -42.0, 150.0
52.473940864, -757.0, -43.0, 153.0
52.478892416, -731.0, -34.0, 154.0
52.483843968, -703.0, -27.0, 145.0
52.488795392, -685.0, -21.0, 137.0
52.493746944, -666.0, -17.0, 127.0
52.498698496, -634.0, -21.0, 115.0
52.503650048, -619.0, -24.0, 102.0
52.5086016, -605.0, -25.0, 74.0
52.5135532, -573.0, -32.0, 51.0
52.518502144, -550.0, -41.0, 32.0
52.523451136, -505.0, -43.0, 20.0
52.528400128, -481.0, -40.0, 10.0
52.53334912, -451.0, -40.0, 1.0
52.538298112, -429.0, -36.0, -5.0
52.543247104, -409.0, -35.0, -14.0
52.548196096, -392.0, -28.0, -21.0
52.553145216, -385.0, -26.0, -32.0
52.558094208, -379.0, -17.0, -55.0
52.5630432, -379.0, -10.0, -87.0
52.567992192, -375.0, -4.0, -110.0
52.572941184, -381.0, -1.0, -125.0
52.577890176, -389.0, -1.0, -136.0
52.582839168, -408.0, -1.0, -124.0
52.58778816, -443.0, -5.0, -112.0
52.592737152, -481.0, -4.0, -89.0
52.597686144, -508.0, -10.0, -42.0
52.602635136, -557.0, -8.0, -1.0
52.607584128, -610.0, -12.0, 26.0
52.612533248, -649.0, -22.0, 62.0
52.61748224, -685.0, -33.0, 98.0
52.622431232, -703.0, -42.0, 119.0
52.627380224, -718.0, -43.0, 131.0
52.632329216, -722.0, -45.0, 139.0
52.637278208, -705.0, -44.0, 143.0
52.6422272, -683.0, -38.0, 143.0
52.647176192, -639.0, -33.0, 138.0
52.652125184, -617.0, -29.0, 121.0
52.657074176, -592.0, -23.0, 91.0
52.662023168, -564.0, -13.0, 60.0
52.66697216, -553.0, -6.0, 25.0
52.67192128, -544.0, -2.0, 8.0
52.676870272, -548.0, -8.0, -8.0
52.681819264, -559.0, -17.0, -13.0
52.686768256, -592.0, -23.0, -10.0
52.69171729, -626.0, -29.0, -10.0
52.69666624, -680.0, -37.0, -12.0
52.701615232, -716.0, -49.0, -11.0
52.706564224, -744.0, -58.0, 7.0
52.711513216, -759.0, -79.0, 38.0
52.716462208, -769.0, -81.0, 75.0
52.7214112, -786.0, -80.0, 86.0
52.726360192, -804.0, -67.0, 56.0
52.731309312, -820.0, -50.0, 36.0
52.736258304, -853.0, -16.0, 62.0
52.741207296, -880.0, 11.0, 83.0
52.746156288, -899.0, 32.0, 54.0
52.75110528, -906.0, 53.0, 72.0
52.756054272, -912.0, 62.0, 111.0
52.761003264, -921.0, 63.0, 113.0
52.765952256, -941.0, 51.0, 91.0
52.770901248, -931.0, 29.0, 71.0
52.77585024, -899.0, 8.0, 94.0
52.780799232, -884.0, -27.0, 45.0
52.785748224, -897.0, -62.0, -41.0
52.790697344, -917.0, -102.0, -69.0
52.795646336, -929.0, -115.0, -54.0
52.800595328, -948.0, -134.0, -17.0
52.80554432, -980.0, -132.0, 18.0
52.810493312, -1012.0, -120.0, 35.0
52.815442304, -1053.0, -102.0, 55.0
52.820391296, -1070.0, -73.0, 71.0
52.825340288, -1067.0, -46.0, 85.0
52.83028928, -1064.0, -27.0, 70.0
52.835238272, -1068.0, -14.0, 30.0
52.840187264, -1071.0, -7.0, 11.0
52.845136256, -1070.0, -15.0, 16.0
52.850085376, -1064.0, -29.0, 15.0
52.855034368, -1067.0, -47.0, -21.0
52.85998336, -1079.0, -78.0, -74.0
52.864932352, -1099.0, -101.0, -98.0
52.869881374, -1110.0, -108.0, -100.0
52.874830336, -1105.0, -109.0, -103.0
52.879779328, -1097.0, -99.0, -111.0
52.88472832, -1088.0, -81.0, -121.0
52.889677312, -1080.0, -63.0, -119.0
52.894626304, -1067.0, -49.0, -101.0
52.899575296, -1058.0, -42.0, -81.0
52.904524288, -1056.0, -38.0, -53.0
52.909473408, -1052.0, -43.0, -40.0
52.9144224, -1059.0, -51.0, -58.0
52.919371392, -1098.0, -70.0, -116.0
52.924320384, -1151.0, -100.0, -165.0
52.929269376, -1228.0, -115.0, -187.0
52.934218368, -1309.0, -142.0, -233.0
52.93916736, -1407.0, -174.0, -286.0
52.944116352, -1487.0, -179.0, -268.0
52.949065344, -1515.0, -169.0, -232.0
52.954014336, -1514.0, -142.0, -223.0
52.958963328, -1484.0, -115.0, -229.0
52.96391232, -1415.0, -86.0, -198.0
52.96886144, -1386.0, -43.0, -172.0
52.973810432, -1388.0, -15.0, -178.0
52.978759424, -1402.0, 4.0, -166.0
52.983708416, -1422.0, 8.0, -150.0
52.988657408, -1436.0, 9.0, -175.0
52.9936064, -1456.0, 8.0, -185.0
52.998555392, -1467.0, 3.0, -186.0
53.003504384, -1442.0, 0.0, -180.0
53.008453376, -1418.0, -8.0, -181.0
53.013402368, -1436.0, -29.0, -180.0
53.01835136, -1446.0, -57.0, -170.0
53.023300352, -1445.0, -83.0, -165.0
53.028249472, -1460.0, -104.0, -195.0
53.033198464, -1495.0, -118.0, -262.0
53.038147456, -1513.0, -124.0, -327.0
53.043096448, -1548.0, -116.0, -323.0
53.048045458, -1630.0, -112.0, -297.0
53.052991872, -1724.0, -112.0, -299.0
53.057938304, -1775.0, -109.0, -304.0
53.062884736, -1789.0, -109.0, -353.0
53.067831296, -1758.0, -108.0, -375.0
53.072777728, -1714.0, -102.0, -367.0
53.07772416, -1687.0, -94.0, -376.0
53.082670592, -1690.0, -82.0, -385.0
53.087617024, -1747.0, -85.0, -373.0
53.092563584, -1809.0, -92.0, -363.0
53.097510016, -1869.0, -106.0, -369.0
53.102456448, -1891.0, -115.0, -382.0
53.10740288, -1899.0, -124.0, -330.0
53.11234944, -1917.0, -120.0, -284.0
53.117295872, -1958.0, -115.0, -306.0
53.122242304, -1992.0, -107.0, -316.0
53.127188736, -1994.0, -98.0, -362.0
53.132135168, -1973.0, -103.0, -408.0
53.137081728, -1951.0, -104.0, -440.0
53.14202816, -1944.0, -105.0, -465.0
53.146974592, -1947.0, -108.0, -477.0
53.151921024, -1948.0, -116.0, -474.0
53.156867456, -1933.0, -146.0, -471.0
53.161814016, -1896.0, -181.0, -467.0
53.166760448, -1877.0, -199.0, -454.0
53.17170688, -1842.0, -216.0, -402.0
53.176653312, -1827.0, -232.0, -333.0
53.181599872, -1844.0, -240.0, -281.0
53.186546304, -1865.0, -244.0, -291.0
53.191492736, -1870.0, -242.0, -301.0
53.196439168, -1840.0, -231.0, -315.0
53.2013856, -1786.0, -210.0, -350.0
53.20633216, -1727.0, -181.0, -344.0
53.211278592, -1669.0, -139.0, -271.0
53.216225024, -1636.0, -114.0, -211.0
53.221171456, -1623.0, -108.0, -200.0
53.226117994, -1611.0, -104.0, -231.0
53.231064448, -1568.0, -104.0, -243.0
53.23601088, -1525.0, -105.0, -221.0
53.240957312, -1508.0, -113.0, -194.0
53.245903872, -1508.0, -120.0, -167.0
53.250850304, -1515.0, -139.0, -140.0
53.255796736, -1525.0, -166.0, -170.0
53.260743168, -1540.0, -180.0, -201.0
53.2656896, -1528.0, -187.0, -210.0
53.27063616, -1507.0, -188.0, -197.0
53.275582592, -1456.0, -167.0, -155.0
53.280529024, -1413.0, -141.0, -131.0
53.285475456, -1390.0, -118.0, -135.0
53.290422016, -1382.0, -107.0, -117.0
53.295368448, -1367.0, -91.0, -96.0
53.30031488, -1349.0, -74.0, -71.0
53.305261312, -1360.0, -60.0, -61.0
53.310207744, -1376.0, -59.0, -51.0
53.315154304, -1379.0, -69.0, -29.0
53.320100736, -1382.0, -82.0, -9.0
53.325047168, -1404.0, -92.0, -7.0
53.3299936, -1457.0, -91.0, -2.0
53.334940032, -1496.0, -91.0, 3.0
53.339886592, -1510.0, -95.0, 1.0
53.344833024, -1501.0, -92.0, -2.0
53.349779456, -1456.0, -75.0, 12.0
53.354725888, -1429.0, -73.0, 53.0
53.359672448, -1396.0, -64.0, 70.0
53.36461888, -1407.0, -56.0, 50.0
53.369565312, -1429.0, -49.0, 30.0
53.374511744, -1433.0, -49.0, 21.0
53.379458176, -1407.0, -59.0, 20.0
53.384404736, -1391.0, -94.0, -1.0
53.389351168, -1374.0, -100.0, -30.0
53.3942976, -1353.0, -104.0, -62.0
53.399244032, -1335.0, -111.0, -89.0
53.404190524, -1341.0, -121.0, -105.0
53.409136128, -1330.0, -131.0, -98.0
53.414081792, -1319.0, -157.0, -77.0
53.419027328, -1318.0, -176.0, -21.0
53.423972992, -1362.0, -183.0, 2.0
53.428918528, -1391.0, -193.0, -37.0
53.433864192, -1403.0, -188.0, -25.0
53.438809856, -1407.0, -173.0, 20.0
53.443755392, -1443.0, -143.0, 16.0
53.448701056, -1435.0, -118.0, 50.0
53.453646592, -1403.0, -110.0, 84.0
53.458592256, -1368.0, -105.0, 146.0
53.463537792, -1342.0, -106.0, 220.0
53.468483456, -1362.0, -112.0, 218.0
53.47342912, -1417.0, -116.0, 168.0
53.478374656, -1480.0, -117.0, 151.0
53.48332032, -1521.0, -125.0, 119.0
53.488265856, -1520.0, -139.0, 136.0
53.49321152, -1507.0, -144.0, 165.0
53.498157184, -1506.0, -137.0, 176.0
53.50310272, -1513.0, -139.0, 173.0
53.508048384, -1518.0, -142.0, 203.0
53.51299392, -1536.0, -122.0, 216.0
53.517939584, -1533.0, -107.0, 204.0
53.522885248, -1521.0, -83.0, 144.0
53.527830784, -1499.0, -73.0, 115.0
53.532776448, -1424.0, -85.0, 114.0
53.537721984, -1345.0, -88.0, 96.0
53.542667648, -1291.0, -82.0, 113.0
53.547613184, -1239.0, -78.0, 182.0
53.552558848, -1144.0, -70.0, 281.0
53.557504512, -1073.0, -54.0, 361.0
53.562450048, -999.0, -49.0, 388.0
53.567395712, -922.0, -44.0, 344.0
53.572341248, -852.0, -33.0, 293.0
53.577286912, -788.0, -21.0, 258.0
53.582232526, -740.0, -8.0, 242.0
53.587179008, -696.0, 3.0, 170.0
53.59212544, -619.0, 14.0, 90.0
53.597071872, -540.0, 19.0, 7.0
53.602018432, -452.0, 21.0, -56.0
53.606964864, -327.0, 33.0, -111.0
53.611911296, -215.0, 37.0, -155.0
53.616857728, -90.0, 50.0, -159.0
53.621804288, 31.0, 50.0, -187.0
53.62675072, 133.0, 40.0, -253.0
53.631697152, 222.0, 17.0, -311.0
53.636643584, 286.0, -5.0, -363.0
53.641590016, 354.0, -21.0, -421.0
53.646536576, 402.0, -22.0, -460.0
53.651483008, 461.0, -12.0, -482.0
53.65642944, 496.0, -14.0, -479.0
53.661375872, 532.0, -22.0, -453.0
53.666322304, 541.0, -44.0, -413.0
53.671268864, 511.0, -56.0, -405.0
53.676215296, 465.0, -61.0, -477.0
53.681161728, 399.0, -62.0, -583.0
53.68610816, 332.0, -74.0, -744.0
53.69105472, 350.0, -62.0, -768.0
53.696001152, 381.0, -54.0, -737.0
53.700947584, 390.0, -51.0, -650.0
53.705894016, 382.0, -35.0, -538.0
53.710840448, 378.0, -15.0, -434.0
53.715787008, 386.0, 5.0, -261.0
53.72073344, 408.0, 9.0, -51.0
53.725679872, 430.0, 12.0, 143.0
53.730626304, 400.0, 13.0, 291.0
53.735572736, 355.0, 6.0, 267.0
53.740519296, 275.0, -14.0, 279.0
53.745465728, 214.0, -26.0, 317.0
53.75041216, 135.0, -38.0, 342.0
53.755358592, 53.0, -29.0, 320.0
53.760305066, -8.0, 8.0, 320.0
53.765249792, -91.0, 32.0, 315.0
53.77019456, -158.0, 60.0, 212.0
53.775139328, -212.0, 97.0, 136.0
53.780084096, -261.0, 159.0, 115.0
53.785028864, -317.0, 217.0, 75.0
53.789973632, -357.0, 237.0, 62.0
53.7949184, -403.0, 255.0, 15.0
53.799863168, -444.0, 267.0, -82.0
53.804807936, -454.0, 263.0, -175.0
53.809752704, -469.0, 256.0, -218.0
53.814697472, -477.0, 247.0, -271.0
53.81964224, -484.0, 226.0, -330.0
53.824587008, -495.0, 186.0, -340.0
53.829531776, -547.0, 131.0, -320.0
53.834476416, -620.0, 96.0, -257.0
53.839421184, -700.0, 70.0, -112.0
53.844365952, -759.0, 35.0, 71.0
53.84931072, -815.0, 13.0, 252.0
53.854255488, -892.0, -25.0, 389.0
53.859200256, -981.0, -67.0, 479.0
53.864145024, -1113.0, -96.0, 496.0
53.869089792, -1244.0, -108.0, 431.0
53.87403456, -1367.0, -114.0, 286.0
53.878979328, -1491.0, -123.0, 164.0
53.883924096, -1585.0, -114.0, 122.0
53.888868864, -1677.0, -105.0, 122.0
53.893813632, -1748.0, -100.0, 107.0
53.8987584, -1745.0, -87.0, 100.0
53.903703168, -1635.0, -79.0, 30.0
53.908647936, -1474.0, -65.0, -1.0
53.913592704, -1291.0, -61.0, 4.0
53.918537472, -1181.0, -67.0, -36.0
53.92348224, -1134.0, -73.0, -154.0
53.928427008, -1155.0, -69.0, -89.0
53.933371776, -1102.0, -86.0, -27.0
53.93831654, -993.0, -102.0, 81.0
53.943262208, -918.0, -110.0, 181.0
53.948207872, -951.0, -105.0, 279.0
53.953153408, -1047.0, -102.0, 390.0
53.958099072, -1247.0, -76.0, 410.0
53.963044608, -1478.0, -45.0, 481.0
53.967990272, -1838.0, -42.0, 590.0
53.972935936, -2035.0, 25.0, 636.0
53.977881472, -2101.0, 23.0, 603.0
53.982827136, -2202.0, 20.0, 517.0
53.987772672, -2328.0, 10.0, 323.0
53.992718336, -2295.0, 14.0, 314.0
53.997664, -2195.0, -4.0, 261.0
54.002609536, -1977.0, -40.0, 267.0
54.0075552, -1684.0, -63.0, 269.0
54.012500736, -1436.0, -94.0, 211.0
54.0174464, -1275.0, -80.0, 177.0
54.022391936, -1119.0, -63.0, 189.0
54.0273376, -1014.0, -50.0, 152.0
54.032283264, -908.0, -41.0, 91.0
54.0372288, -831.0, -26.0, 62.0
54.042174464, -793.0, -4.0, 95.0
54.04712, -748.0, 14.0, 140.0
54.052065664, -678.0, 21.0, 206.0
54.057011328, -643.0, 36.0, 230.0
54.061956864, -604.0, 51.0, 261.0
54.066902528, -552.0, 48.0, 268.0
54.071848064, -529.0, 37.0, 274.0
54.076793728, -523.0, 24.0, 300.0
54.081739392, -548.0, 17.0, 346.0
54.086684928, -579.0, 6.0, 371.0
54.091630592, -625.0, 1.0, 354.0
54.096576128, -659.0, -15.0, 319.0
54.101521792, -684.0, -29.0, 284.0
54.106467456, -686.0, -43.0, 277.0
54.111412992, -695.0, -50.0, 294.0
54.116358562, -719.0, -52.0, 318.0
54.12130496, -762.0, -55.0, 345.0
54.126251392, -787.0, -53.0, 365.0
54.131197824, -827.0, -50.0, 350.0
54.136144384, -889.0, -53.0, 330.0
54.141090816, -960.0, -52.0, 332.0
54.146037248, -1016.0, -52.0, 366.0
54.15098368, -1066.0, -53.0, 398.0
54.15593024, -1119.0, -51.0, 412.0
54.160876672, -1179.0, -49.0, 409.0
54.165823104, -1221.0, -49.0, 408.0
54.170769536, -1225.0, -53.0, 412.0
54.175715968, -1214.0, -50.0, 411.0
54.180662528, -1174.0, -61.0, 424.0
54.18560896, -1157.0, -69.0, 411.0
54.190555392, -1122.0, -78.0, 442.0
54.195501824, -1112.0, -94.0, 431.0
54.200448256, -1119.0, -100.0, 398.0
54.205394816, -1105.0, -110.0, 357.0
54.210341248, -1091.0, -109.0, 325.0
54.21528768, -1056.0, -105.0, 330.0
54.220234112, -1021.0, -88.0, 317.0
54.225180672, -1007.0, -72.0, 300.0
54.230127104, -997.0, -53.0, 297.0
54.235073536, -986.0, -44.0, 311.0
54.240019968, -983.0, -33.0, 322.0
54.2449664, -992.0, -15.0, 327.0
54.24991296, -983.0, -12.0, 357.0
54.254859392, -954.0, -11.0, 394.0
54.259805824, -925.0, -9.0, 409.0
54.264752256, -894.0, -14.0, 408.0
54.269698688, -883.0, -18.0, 387.0
54.274645248, -870.0, -22.0, 345.0
54.27959168, -857.0, -26.0, 297.0
54.284538112, -844.0, -24.0, 275.0
54.289484544, -837.0, -21.0, 266.0
54.294431102, -832.0, -14.0, 271.0
54.299374976, -835.0, -19.0, 276.0
54.304318848, -859.0, -21.0, 288.0
54.309262848, -879.0, -27.0, 310.0
54.31420672, -895.0, -30.0, 323.0
54.319150592, -932.0, -37.0, 327.0
54.324094592, -957.0, -47.0, 322.0
54.329038464, -986.0, -50.0, 319.0
54.333982336, -996.0, -51.0, 322.0
54.338926336, -1016.0, -63.0, 323.0
54.343870208, -1051.0, -66.0, 328.0
54.34881408, -1067.0, -74.0, 339.0
54.35375808, -1099.0, -85.0, 340.0
54.358701952, -1102.0, -101.0, 336.0
54.363645824, -1108.0, -109.0, 314.0
54.368589824, -1106.0, -113.0, 285.0
54.373533696, -1078.0, -116.0, 294.0
54.378477696, -1060.0, -118.0, 272.0
54.383421568, -1028.0, -124.0, 258.0
54.38836544, -1038.0, -126.0, 245.0
54.39330944, -1000.0, -143.0, 197.0
54.398253312, -971.0, -131.0, 259.0
54.403197184, -950.0, -126.0, 247.0
54.408141184, -997.0, -129.0, 165.0
54.413085056, -963.0, -124.0, 185.0
54.418028928, -922.0, -115.0, 202.0
54.422972928, -897.0, -116.0, 183.0
54.4279168, -863.0, -114.0, 148.0
54.432860672, -813.0, -111.0, 123.0
54.437804672, -788.0, -107.0, 99.0
54.442748544, -758.0, -111.0, 105.0
54.447692416, -718.0, -96.0, 137.0
54.452636416, -711.0, -84.0, 131.0
54.457580288, -706.0, -71.0, 142.0
54.46252416, -688.0, -55.0, 166.0
54.46746816, -681.0, -51.0, 183.0
54.472412084, -670.0, -47.0, 206.0
54.477355136, -641.0, -32.0, 229.0
54.48229824, -644.0, -13.0, 214.0
54.487241216, -628.0, -4.0, 198.0
54.49218432, -579.0, 2.0, 224.0
54.497127424, -504.0, 13.0, 225.0
54.502070528, -443.0, 17.0, 194.0
54.507013504, -371.0, 18.0, 134.0
54.511956608, -273.0, 13.0, 63.0
54.516899712, -219.0, -2.0, -2.0
54.521842688, -137.0, -35.0, -15.0
54.526785792, -71.0, -67.0, -14.0
54.531728896, -77.0, -66.0, -47.0
54.536672, -113.0, -28.0, -98.0
54.541614976, -132.0, -40.0, -145.0
54.54655808, -83.0, -77.0, -208.0
54.551501184, 0.0, -100.0, -184.0
54.55644416, 31.0, -50.0, -106.0
54.561387264, 39.0, 25.0, -107.0
54.566330368, 100.0, 63.0, -146.0
54.571273472, 192.0, 68.0, -196.0
54.576216448, 248.0, 61.0, -174.0
54.581159552, 304.0, 58.0, -65.0
54.586102656, 374.0, 31.0, 19.0
54.59104576, 437.0, 7.0, 10.0
54.595988736, 489.0, 7.0, -50.0
54.60093184, 514.0, 24.0, -182.0
54.605874944, 558.0, 38.0, -354.0
54.61081792, 633.0, 59.0, -407.0
54.615761024, 740.0, 99.0, -289.0
54.620704128, 814.0, 139.0, -47.0
54.625647232, 841.0, 188.0, 204.0
54.630590208, 776.0, 225.0, 387.0
54.635533312, 647.0, 250.0, 429.0
54.640476416, 510.0, 252.0, 378.0
54.645419392, 381.0, 225.0, 285.0
54.650362532, 276.0, 158.0, 251.0
54.655307264, 238.0, 118.0, 230.0
54.660252032, 233.0, 89.0, 194.0
54.6651968, 212.0, 68.0, 180.0
54.670141568, 102.0, 48.0, 131.0
54.675086336, -62.0, 22.0, 60.0
54.680031104, -381.0, 29.0, -3.0
54.684975872, -878.0, 78.0, -91.0
54.68992064, -1785.0, 218.0, -86.0
54.694865408, -3697.0, 357.0, 113.0
54.699810176, -4602.0, -399.0, -1208.0
54.704754944, -3916.0, -661.0, -1637.0
54.709699712, -2327.0, -447.0, -610.0
54.71464448, -1100.0, -240.0, 473.0
54.719589248, -379.0, -55.0, 857.0
54.724533888, -134.0, 19.0, 661.0
54.729478656, -122.0, 48.0, 350.0
54.734423424, -263.0, 41.0, -111.0
54.739368192, -411.0, -37.0, -413.0
54.74431296, -632.0, -168.0, -535.0
54.749257728, -1009.0, -286.0, -466.0
54.754202496, -1545.0, -383.0, -492.0
54.759147264, -2025.0, -411.0, -344.0
54.764092032, -2312.0, -418.0, -199.0
54.7690368, -2359.0, -377.0, 107.0
54.773981568, -2048.0, -359.0, 236.0
54.778926336, -1612.0, -315.0, 214.0
54.783871104, -1263.0, -244.0, 114.0
54.788815872, -1059.0, -205.0, 46.0
54.79376064, -1012.0, -153.0, -17.0
54.798705408, -1118.0, -113.0, -101.0
54.803650176, -1305.0, -90.0, -215.0
54.808594944, -1470.0, -75.0, -291.0
54.813539712, -1521.0, -81.0, -322.0
54.81848448, -1505.0, -80.0, -277.0
54.823429248, -1438.0, -79.0, -214.0
54.82837401, -1390.0, -63.0, -186.0
54.833317888, -1421.0, -31.0, -139.0
54.83826176, -1525.0, 1.0, -95.0
54.84320576, -1680.0, 21.0, -87.0
54.848149632, -1864.0, 32.0, -133.0
54.853093504, -2005.0, 43.0, -205.0
54.858037504, -2074.0, 69.0, -269.0
54.862981376, -2076.0, 101.0, -334.0
54.867925248, -2027.0, 91.0, -382.0
54.872869248, -1941.0, 61.0, -475.0
54.87781312, -1861.0, 39.0, -565.0
54.882756992, -1813.0, 16.0, -530.0
54.887700992, -1811.0, 2.0, -431.0
54.892644864, -1881.0, -8.0, -328.0
54.897588864, -2018.0, -8.0, -288.0
54.902532736, -2198.0, -13.0, -273.0
54.907476608, -2371.0, -23.0, -269.0
54.912420608, -2480.0, -53.0, -314.0
54.91736448, -2490.0, -75.0, -308.0
54.922308352, -2402.0, -93.0, -282.0
54.927252352, -2304.0, -108.0, -299.0
54.932196224, -2276.0, -123.0, -367.0
54.937140096, -2332.0, -157.0, -451.0
54.942084096, -2371.0, -194.0, -538.0
54.947027968, -2354.0, -223.0, -581.0
54.95197184, -2314.0, -255.0, -518.0
54.95691584, -2297.0, -306.0, -486.0
54.961859712, -2262.0, -361.0, -513.0
54.966803584, -2236.0, -372.0, -580.0
54.971747584, -2198.0, -367.0, -649.0
54.976691456, -2155.0, -345.0, -647.0
54.981635328, -2138.0, -323.0, -604.0
54.986579328, -2132.0, -308.0, -605.0
54.9915232, -2116.0, -289.0, -613.0
54.9964672, -2070.0, -258.0, -594.0
55.001411072, -2035.0, -230.0, -585.0
55.006355012, -1995.0, -200.0, -589.0
55.011298944, -1974.0, -168.0, -556.0
55.016242816, -1968.0, -126.0, -485.0
55.021186816, -1968.0, -105.0, -439.0
55.026130688, -1972.0, -67.0, -413.0
55.03107456, -1970.0, -37.0, -412.0
55.03601856, -1951.0, -17.0, -399.0
55.040962432, -1913.0, 1.0, -417.0
55.045906304, -1844.0, 12.0, -444.0
55.050850304, -1756.0, 14.0, -447.0
55.055794176, -1649.0, 3.0, -441.0
55.060738048, -1551.0, -21.0, -434.0
55.065682048, -1495.0, -55.0, -425.0
55.07062592, -1442.0, -83.0, -405.0
55.075569792, -1416.0, -102.0, -369.0
55.080513792, -1425.0, -105.0, -326.0
55.085457664, -1452.0, -102.0, -268.0
55.090401536, -1480.0, -92.0, -217.0
55.095345536, -1511.0, -71.0, -187.0
55.100289408, -1532.0, -47.0, -201.0
55.105233408, -1554.0, -29.0, -219.0
55.11017728, -1525.0, -24.0, -247.0
55.115121152, -1482.0, -30.0, -266.0
55.120065152, -1419.0, -44.0, -243.0
55.125009024, -1381.0, -53.0, -220.0
55.129952896, -1374.0, -67.0, -219.0
55.134896896, -1380.0, -89.0, -246.0
55.139840768, -1384.0, -108.0, -256.0
55.14478464, -1386.0, -117.0, -259.0
55.14972864, -1385.0, -119.0, -256.0
55.154672512, -1386.0, -113.0, -267.0
55.159616384, -1383.0, -90.0, -237.0
55.164560384, -1366.0, -54.0, -216.0
55.169504256, -1328.0, -38.0, -208.0
55.174448128, -1307.0, -14.0, -220.0
55.179392128, -1291.0, -9.0, -218.0
55.184335988, -1270.0, -12.0, -215.0
55.189281664, -1281.0, -13.0, -210.0
55.194227328, -1304.0, -32.0, -215.0
55.199172864, -1326.0, -59.0, -214.0
55.204118528, -1351.0, -93.0, -221.0
55.209064064, -1358.0, -113.0, -229.0
55.214009728, -1357.0, -125.0, -212.0
55.218955392, -1365.0, -139.0, -178.0
55.223900928, -1363.0, -136.0, -168.0
55.228846592, -1374.0, -122.0, -157.0
55.233792128, -1390.0, -110.0, -110.0
55.238737792, -1427.0, -93.0, -102.0
55.243683328, -1467.0, -74.0, -113.0
55.248628992, -1481.0, -65.0, -112.0
55.253574656, -1479.0, -54.0, -73.0
55.258520192, -1457.0, -54.0, -22.0
55.263465856, -1447.0, -62.0, 13.0
55.268411392, -1450.0, -74.0, 43.0
55.273357056, -1477.0, -91.0, 20.0
55.27830272, -1509.0, -107.0, -19.0
55.283248256, -1507.0, -113.0, -55.0
55.28819392, -1502.0, -103.0, -85.0
55.293139456, -1505.0, -89.0, -100.0
55.29808512, -1518.0, -89.0, -123.0
55.303030656, -1489.0, -95.0, -213.0
55.30797632, -1440.0, -81.0, -210.0
55.312921984, -1386.0, -63.0, -173.0
55.31786752, -1370.0, -32.0, -93.0
55.322813184, -1380.0, -8.0, -50.0
55.32775872, -1379.0, 5.0, -40.0
55.332704384, -1387.0, 7.0, -21.0
55.337650048, -1407.0, 8.0, -18.0
55.342595584, -1457.0, 3.0, -8.0
55.347541248, -1508.0, -13.0, 9.0
55.352486784, -1515.0, -20.0, 2.0
55.357432448, -1504.0, -21.0, 23.0
55.362377984, -1443.0, -19.0, 70.0
55.367322752, -1369.0, -8.0, 96.0
55.37226752, -1320.0, -10.0, 97.0
55.377212288, -1293.0, -32.0, 77.0
55.382157056, -1249.0, -52.0, 62.0
55.387101824, -1194.0, -69.0, 64.0
55.392046592, -1115.0, -93.0, 76.0
55.39699136, -1027.0, -111.0, 75.0
55.401936128, -972.0, -131.0, 61.0
55.406880896, -887.0, -150.0, 73.0
55.411825664, -812.0, -139.0, 55.0
55.416770432, -754.0, -131.0, 19.0
55.4217152, -728.0, -120.0, -64.0
55.426659968, -717.0, -114.0, -222.0
55.431604736, -708.0, -100.0, -405.0
55.436549504, -622.0, -70.0, -502.0
55.441494144, -480.0, -46.0, -503.0
55.446438912, -267.0, -26.0, -431.0
55.45138368, -54.0, -11.0, -297.0
55.456328448, 143.0, -9.0, -182.0
55.461273216, 296.0, 3.0, -129.0
55.466217984, 385.0, 12.0, -145.0
55.471162752, 426.0, 32.0, -200.0
55.47610752, 475.0, 52.0, -217.0
55.481052288, 562.0, 65.0, -217.0
55.485997056, 679.0, 76.0, -218.0
55.490941824, 795.0, 94.0, -233.0
55.495886592, 916.0, 125.0, -236.0
55.50083136, 1000.0, 141.0, -241.0
55.505776128, 1052.0, 147.0, -228.0
55.510720896, 1071.0, 149.0, -218.0
55.515665664, 1057.0, 140.0, -183.0
55.520610432, 1000.0, 100.0, -158.0
55.5255552, 870.0, 29.0, -139.0
55.530499968, 672.0, -45.0, -190.0
55.535444736, 481.0, -131.0, -230.0
55.540389468, 354.0, -197.0, -268.0
55.545332608, 311.0, -222.0, -341.0
55.550275712, 331.0, -220.0, -390.0
55.555218688, 359.0, -205.0, -382.0
55.560161792, 369.0, -171.0, -330.0
55.565104896, 322.0, -104.0, -223.0
55.570048, 241.0, -52.0, -131.0
55.574990976, 122.0, -10.0, -43.0
55.57993408, -52.0, 2.0, -56.0
55.584877184, -270.0, -28.0, -58.0
55.589820288, -496.0, -58.0, -40.0
55.594763264, -699.0, -93.0, 72.0
55.599706368, -919.0, -63.0, 84.0
55.604649472, -1033.0, 47.0, 41.0
55.609592448, -1124.0, 93.0, -197.0
55.614535552, -1063.0, 97.0, -375.0
55.619478656, -912.0, 82.0, -412.0
55.62442176, -746.0, 99.0, -311.0
55.629364736, -562.0, 104.0, -210.0
55.63430784, -364.0, 64.0, -170.0
55.639250944, -239.0, 60.0, -81.0
55.64419392, -182.0, 70.0, -103.0
55.649137024, -150.0, 89.0, -202.0
55.654080128, -151.0, 87.0, -272.0
55.659023232, -182.0, 59.0, -265.0
55.663966208, -220.0, 33.0, -258.0
55.668909312, -280.0, 8.0, -317.0
55.673852416, -374.0, -18.0, -364.0
55.67879552, -402.0, -36.0, -285.0
55.683738496, -392.0, -50.0, -140.0
55.6886816, -388.0, -56.0, 77.0
55.693624704, -428.0, -60.0, 286.0
55.69856768, -522.0, -77.0, 428.0
55.703510784, -686.0, -84.0, 446.0
55.708453888, -903.0, -101.0, 425.0
55.713396992, -1152.0, -106.0, 447.0
55.718339942, -1461.0, -97.0, 485.0
55.723285632, -1773.0, -92.0, 482.0
55.728231296, -2063.0, -99.0, 410.0
55.733176832, -2259.0, -108.0, 277.0
55.738122496, -2302.0, -149.0, 167.0
55.743068032, -2305.0, -150.0, 73.0
55.748013696, -2167.0, -182.0, -61.0
55.75295936, -1972.0, -195.0, -91.0
55.757904896, -1682.0, -146.0, 6.0
55.76285056, -1487.0, -114.0, 64.0
55.767796096, -1343.0, -84.0, 119.0
55.77274176, -1304.0, -14.0, 284.0
55.777687296, -1247.0, 9.0, 322.0
55.78263296, -1207.0, 31.0, 450.0
55.787578624, -1245.0, 50.0, 496.0
55.79252416, -1408.0, 68.0, 538.0
55.797469824, -1594.0, 67.0, 573.0
55.80241536, -1804.0, 37.0, 559.0
55.807361024, -1986.0, 2.0, 518.0
55.812306688, -2033.0, -31.0, 517.0
55.817252224, -1957.0, -77.0, 524.0
55.822197888, -1804.0, -112.0, 520.0
55.827143424, -1624.0, -118.0, 499.0
55.832089088, -1471.0, -121.0, 477.0
55.837034752, -1364.0, -110.0, 439.0
55.841980288, -1314.0, -99.0, 388.0
55.846925952, -1274.0, -73.0, 322.0
55.851871488, -1233.0, -61.0, 250.0
55.856817152, -1189.0, -59.0, 208.0
55.861762688, -1132.0, -57.0, 134.0
55.866708352, -1062.0, -58.0, 63.0
55.871654016, -989.0, -50.0, 32.0
55.876599552, -924.0, -42.0, 23.0
55.881545216, -880.0, -42.0, 13.0
55.886490752, -839.0, -38.0, 8.0
55.891436416, -804.0, -42.0, 25.0
55.896381948, -769.0, -54.0, 77.0
55.901328384, -737.0, -59.0, 152.0
55.906274816, -719.0, -70.0, 222.0
55.911221248, -703.0, -79.0, 262.0
55.916167808, -695.0, -79.0, 283.0
55.92111424, -683.0, -71.0, 298.0
55.926060672, -647.0, -69.0, 307.0
55.931007104, -630.0, -73.0, 299.0
55.935953664, -642.0, -76.0, 253.0
55.940900096, -679.0, -74.0, 196.0
55.945846528, -690.0, -70.0, 162.0
55.95079296, -681.0, -57.0, 151.0
55.955739392, -670.0, -55.0, 155.0
55.960685952, -671.0, -46.0, 134.0
55.965632384, -696.0, -37.0, 101.0
55.970578816, -720.0, -20.0, 97.0
55.975525248, -746.0, -9.0, 101.0
55.98047168, -757.0, 3.0, 101.0
55.98541824, -761.0, 21.0, 83.0
55.990364672, -764.0, 49.0, 95.0
55.995311104, -768.0, 61.0, 109.0
56.000257536, -776.0, 59.0, 98.0
56.005204096, -799.0, 59.0, 127.0
56.010150528, -828.0, 68.0, 182.0
56.01509696, -871.0, 64.0, 205.0
56.020043392, -885.0, 52.0, 216.0
56.024989824, -886.0, 41.0, 237.0
56.029936384, -886.0, 21.0, 256.0
56.034882816, -886.0, 3.0, 260.0
56.039829248, -894.0, -20.0, 246.0
56.04477568, -880.0, -45.0, 235.0
56.049722112, -857.0, -51.0, 246.0
56.054668672, -846.0, -63.0, 252.0
56.059615104, -856.0, -69.0, 259.0
56.064561536, -888.0, -79.0, 259.0
56.069507968, -940.0, -81.0, 265.0
56.074454488, -985.0, -85.0, 280.0
56.079399296, -1032.0, -94.0, 299.0
56.084344064, -1115.0, -102.0, 291.0
56.089288832, -1210.0, -106.0, 274.0
56.0942336, -1308.0, -108.0, 304.0
56.099178368, -1409.0, -114.0, 365.0
56.104123136, -1517.0, -122.0, 401.0
56.109067904, -1592.0, -152.0, 404.0
56.114012672, -1622.0, -182.0, 400.0
56.11895744, -1600.0, -203.0, 395.0
56.123902208, -1523.0, -222.0, 383.0
56.128846976, -1427.0, -221.0, 358.0
56.133791744, -1304.0, -203.0, 352.0
56.138736512, -1198.0, -178.0, 326.0
56.14368128, -1119.0, -137.0, 285.0
56.14862592, -1065.0, -114.0, 234.0
56.153570688, -999.0, -106.0, 205.0
56.158515456, -976.0, -92.0, 162.0
56.163460224, -951.0, -82.0, 151.0
56.168404992, -961.0, -84.0, 127.0
56.17334976, -920.0, -81.0, 144.0
56.178294528, -871.0, -71.0, 169.0
56.183239296, -815.0, -61.0, 195.0
56.188184064, -782.0, -54.0, 226.0
56.193128832, -765.0, -53.0, 233.0
56.1980736, -759.0, -58.0, 219.0
56.203018368, -758.0, -59.0, 199.0
56.207963136, -759.0, -65.0, 176.0
56.212907904, -756.0, -58.0, 158.0
56.217852672, -755.0, -49.0, 155.0
56.22279744, -756.0, -39.0, 153.0
56.227742208, -765.0, -21.0, 162.0
56.232686976, -783.0, -5.0, 175.0
56.237631744, -828.0, 8.0, 189.0
56.242576512, -882.0, 10.0, 200.0
56.24752128, -922.0, 16.0, 197.0
56.252465962, -975.0, 21.0, 196.0
56.257413248, -996.0, 26.0, 209.0
56.262360576, -1012.0, 22.0, 220.0
56.267307904, -1021.0, 13.0, 226.0
56.272255232, -1019.0, 3.0, 213.0
56.277202432, -998.0, -12.0, 184.0
56.28214976, -978.0, -30.0, 140.0
56.287097088, -955.0, -45.0, 113.0
56.292044416, -933.0, -50.0, 106.0
56.296991744, -879.0, -64.0, 110.0
56.301939072, -798.0, -82.0, 49.0
56.306886272, -756.0, -98.0, 12.0
56.3118336, -690.0, -106.0, 1.0
56.316780928, -620.0, -108.0, 1.0
56.321728256, -607.0, -110.0, -13.0
56.326675584, -572.0, -110.0, -12.0
56.331622912, -529.0, -109.0, -5.0
56.336570112, -510.0, -108.0, -31.0
56.34151744, -494.0, -107.0, -34.0
56.346464768, -479.0, -104.0, -43.0
56.351412096, -459.0, -99.0, -43.0
56.356359424, -447.0, -94.0, -38.0
56.361306752, -427.0, -81.0, -11.0
56.366253952, -408.0, -62.0, 15.0
56.37120128, -399.0, -66.0, 62.0
56.376148608, -396.0, -78.0, 141.0
56.381095936, -400.0, -81.0, 276.0
56.386043264, -355.0, -105.0, 324.0
56.390990592, -260.0, -113.0, 292.0
56.395937792, -132.0, -115.0, 253.0
56.40088512, 26.0, -107.0, 245.0
56.405832448, 190.0, -70.0, 280.0
56.410779776, 314.0, -14.0, 276.0
56.415727104, 384.0, 33.0, 193.0
56.420674432, 387.0, 102.0, 42.0
56.425621632, 398.0, 149.0, -32.0
56.430569004, 415.0, 170.0, -168.0
56.435516288, 313.0, 166.0, -299.0
56.440463616, 161.0, 122.0, -336.0
56.445410944, 84.0, 74.0, -198.0
56.450358272, 125.0, 72.0, 200.0
56.455305472, 235.0, 113.0, 683.0
56.4602528, 312.0, 130.0, 890.0
56.465200128, 276.0, 164.0, 622.0
56.470147456, 169.0, 214.0, 132.0
56.475094784, 120.0, 227.0, -244.0
56.480042112, 162.0, 177.0, -406.0
56.484989312, 231.0, 93.0, -375.0
56.48993664, 267.0, 34.0, -294.0
56.494883968, 273.0, 18.0, -224.0
56.499831296, 276.0, 35.0, -131.0
56.504778624, 274.0, 65.0, -21.0
56.509725952, 217.0, 91.0, 14.0
56.514673152, 130.0, 95.0, -2.0
56.51962048, 47.0, 93.0, -73.0
56.524567808, -51.0, 69.0, -110.0
56.529515136, -166.0, 53.0, -105.0
56.534462464, -314.0, 39.0, -65.0
56.539409792, -532.0, 52.0, 48.0
56.544356992, -875.0, 109.0, 213.0
56.54930432, -1443.0, 238.0, 358.0
56.554251648, -2486.0, 418.0, 369.0
56.559198976, -3480.0, 79.0, -133.0
56.564146304, -3546.0, -397.0, -1010.0
56.569093632, -2867.0, -452.0, -833.0
56.574040832, -1935.0, -327.0, -77.0
56.57898816, -1074.0, -190.0, 581.0
56.583935488, -462.0, -105.0, 769.0
56.588882816, -236.0, -90.0, 419.0
56.593830144, -252.0, -80.0, 138.0
56.598777472, -300.0, -60.0, 77.0
56.603724672, -515.0, 2.0, 112.0
56.608672052, -933.0, 26.0, 33.0
56.613618432, -1347.0, 10.0, -165.0
56.618564864, -1548.0, -14.0, -305.0
56.623511296, -1517.0, -55.0, -218.0
56.628457856, -1465.0, -105.0, -214.0
56.633404288, -1479.0, -162.0, -227.0
56.63835072, -1513.0, -220.0, -235.0
56.643297152, -1542.0, -252.0, -228.0
56.648243712, -1554.0, -292.0, -152.0
56.653190144, -1570.0, -308.0, -55.0
56.658136576, -1633.0, -338.0, -26.0
56.663083008, -1736.0, -367.0, -70.0
56.66802944, -1833.0, -385.0, -145.0
56.672976, -1883.0, -400.0, -225.0
56.677922432, -1879.0, -390.0, -289.0
56.682868864, -1822.0, -367.0, -316.0
56.687815296, -1766.0, -319.0, -300.0
56.692761728, -1694.0, -262.0, -241.0
56.697708288, -1619.0, -228.0, -185.0
56.70265472, -1565.0, -204.0, -186.0
56.707601152, -1521.0, -195.0, -202.0
56.712547584, -1479.0, -212.0, -184.0
56.717494144, -1448.0, -243.0, -201.0
56.722440576, -1468.0, -280.0, -305.0
56.727387008, -1529.0, -302.0, -375.0
56.73233344, -1665.0, -298.0, -365.0
56.737279872, -1858.0, -272.0, -365.0
56.742226432, -2055.0, -234.0, -418.0
56.747172864, -2221.0, -190.0, -472.0
56.752119296, -2316.0, -137.0, -485.0
56.757065728, -2370.0, -99.0, -489.0
56.762012288, -2345.0, -71.0, -519.0
56.76695872, -2256.0, -38.0, -565.0
56.771905152, -2185.0, -10.0, -572.0
56.776851584, -2127.0, -3.0, -590.0
56.781798016, -2163.0, 4.0, -592.0
56.786744608, -2271.0, 7.0, -645.0
56.791692672, -2369.0, 2.0, -731.0
56.796640768, -2412.0, 5.0, -751.0
56.801588992, -2377.0, -4.0, -740.0
56.806537088, -2281.0, -44.0, -720.0
56.811485312, -2190.0, -107.0, -720.0
56.816433408, -2118.0, -177.0, -733.0
56.821381632, -2088.0, -242.0, -698.0
56.826329728, -2111.0, -292.0, -647.0
56.831277952, -2138.0, -331.0, -667.0
56.836226048, -2195.0, -364.0, -715.0
56.841174272, -2240.0, -379.0, -751.0
56.846122368, -2261.0, -384.0, -775.0
56.851070464, -2261.0, -392.0, -764.0
56.856018688, -2238.0, -394.0, -763.0
56.860966784, -2203.0, -377.0, -696.0
56.865915008, -2203.0, -351.0, -593.0
56.870863104, -2200.0, -303.0, -583.0
56.875811328, -2183.0, -251.0, -585.0
56.880759424, -2128.0, -207.0, -550.0
56.885707648, -2063.0, -149.0, -492.0
56.890655744, -1996.0, -104.0, -462.0
56.895603968, -1955.0, -58.0, -441.0
56.900552064, -1910.0, -26.0, -432.0
56.90550016, -1845.0, -11.0, -423.0
56.910448384, -1753.0, -14.0, -382.0
56.91539648, -1653.0, -20.0, -336.0
56.920344704, -1578.0, -31.0, -314.0
56.9252928, -1521.0, -49.0, -304.0
56.930241024, -1495.0, -72.0, -284.0
56.93518912, -1473.0, -93.0, -265.0
56.940137344, -1468.0, -107.0, -278.0
56.94508544, -1465.0, -111.0, -298.0
56.950033664, -1457.0, -113.0, -316.0
56.95498176, -1439.0, -109.0, -294.0
56.959929856, -1419.0, -99.0, -264.0
56.964878158, -1398.0, -86.0, -234.0
56.969826304, -1395.0, -73.0, -225.0
56.9747744, -1402.0, -67.0, -230.0
56.979722624, -1415.0, -55.0, -236.0
56.98467072, -1411.0, -57.0, -245.0
56.989618944, -1391.0, -65.0, -230.0
56.99456704, -1367.0, -76.0, -198.0
56.999515264, -1325.0, -94.0, -151.0
57.00446336, -1305.0, -114.0, -123.0
57.009411584, -1285.0, -128.0, -118.0
57.01435968, -1284.0, -147.0, -110.0
57.019307904, -1302.0, -151.0, -85.0
57.024256, -1322.0, -152.0, -75.0
57.029204096, -1370.0, -146.0, -84.0
57.03415232, -1396.0, -145.0, -122.0
57.039100416, -1399.0, -138.0, -147.0
57.04404864, -1398.0, -136.0, -131.0
57.048996736, -1402.0, -125.0, -80.0
57.05394496, -1432.0, -113.0, -43.0
57.058893056, -1455.0, -102.0, -41.0
57.06384128, -1483.0, -71.0, -66.0
57.068789376, -1502.0, -59.0, -95.0
57.0737376, -1502.0, -49.0, -92.0
57.078685696, -1484.0, -38.0, -43.0
57.08363392, -1461.0, -37.0, -25.0
57.088582016, -1460.0, -49.0, -26.0
57.093530112, -1465.0, -68.0, -55.0
57.098478336, -1454.0, -87.0, -75.0
57.103426432, -1467.0, -109.0, -63.0
57.108374656, -1479.0, -119.0, -56.0
57.113322752, -1506.0, -136.0, -88.0
57.118270976, -1513.0, -145.0, -120.0
57.123219072, -1524.0, -141.0, -120.0
57.128167296, -1542.0, -123.0, -114.0
57.133115392, -1539.0, -110.0, -103.0
57.138063616, -1548.0, -84.0, -69.0
57.143011724, -1496.0, -63.0, -153.0
57.147959808, -1466.0, -12.0, -97.0
57.152907904, -1393.0, 10.0, -53.0
57.157856128, -1376.0, 25.0, -36.0
57.162804224, -1366.0, 37.0, -7.0
57.167752448, -1391.0, 53.0, 31.0
57.172700544, -1436.0, 55.0, 83.0
57.177648768, -1460.0, 48.0, 146.0
57.182596864, -1494.0, 22.0, 174.0
57.187545088, -1511.0, -5.0, 154.0
57.192493184, -1512.0, -38.0, 127.0
57.197441408, -1502.0, -75.0, 116.0
57.202389504, -1457.0, -114.0, 89.0
57.2073376, -1390.0, -155.0, 85.0
57.212285824, -1311.0, -190.0, 74.0
57.21723392, -1237.0, -216.0, 51.0
57.222182144, -1159.0, -232.0, 32.0
57.22713024, -1089.0, -234.0, 29.0
57.232078464, -1011.0, -228.0, 22.0
57.23702656, -941.0, -203.0, 18.0
57.241974784, -870.0, -165.0, -1.0
57.24692288, -798.0, -123.0, -31.0
57.251871104, -750.0, -115.0, -75.0
57.2568192, -701.0, -115.0, -121.0
57.261767424, -622.0, -130.0, -129.0
57.26671552, -546.0, -158.0, -131.0
57.271663616, -479.0, -160.0, -190.0
57.27661184, -415.0, -139.0, -309.0
57.281559936, -331.0, -117.0, -406.0
57.28650816, -207.0, -107.0, -450.0
57.291456256, -38.0, -90.0, -461.0
57.29640448, 137.0, -60.0, -442.0
57.301352576, 319.0, -48.0, -441.0
57.3063008, 472.0, -39.0, -463.0
57.311248896, 593.0, -9.0, -486.0
57.31619712, 703.0, 17.0, -484.0
57.32114529, 763.0, 45.0, -503.0
57.32609344, 818.0, 56.0, -521.0
57.331041536, 879.0, 70.0, -527.0
57.33598976, 956.0, 59.0, -487.0
57.340937856, 1038.0, 33.0, -394.0
57.34588608, 1097.0, 16.0, -307.0
57.350834176, 1066.0, -10.0, -253.0
57.3557824, 953.0, -46.0, -264.0
57.360730496, 816.0, -89.0, -271.0
57.36567872, 662.0, -108.0, -213.0
57.370626816, 522.0, -116.0, -91.0
57.37557504, 406.0, -123.0, 68.0
57.380523136, 269.0, -142.0, 103.0
57.385471232, 196.0, -165.0, 9.0
57.390419456, 153.0, -190.0, -40.0
57.395367552, 160.0, -214.0, -3.0
57.400315776, 190.0, -209.0, 98.0
57.405263872, 190.0, -170.0, 235.0
57.410212096, 124.0, -109.0, 291.0
57.415160192, 4.0, -57.0, 251.0
57.420108416, -106.0, -12.0, 138.0
57.425056512, -233.0, 38.0, -96.0
57.430004736, -297.0, 99.0, -116.0
57.434952832, -294.0, 146.0, -20.0
57.439901056, -324.0, 164.0, 143.0
57.444849152, -346.0, 229.0, 202.0
57.449797248, -509.0, 286.0, 89.0
57.454745472, -652.0, 323.0, 7.0
57.459693568, -743.0, 365.0, -123.0
57.464641792, -760.0, 359.0, -246.0
57.469589888, -741.0, 336.0, -271.0
57.474538112, -645.0, 317.0, -297.0
57.479486208, -525.0, 268.0, -304.0
57.484434432, -413.0, 228.0, -296.0
57.489382528, -287.0, 195.0, -262.0
57.494330752, -218.0, 160.0, -228.0
57.499278856, -163.0, 127.0, -200.0
57.504226944, -163.0, 109.0, -188.0
57.50917504, -237.0, 93.0, -175.0
57.514123264, -293.0, 87.0, -105.0
57.51907136, -322.0, 56.0, -78.0
57.524019584, -350.0, 20.0, -7.0
57.52896768, -390.0, 2.0, 86.0
57.533915904, -478.0, -9.0, 196.0
57.538864, -612.0, -9.0, 299.0
57.543812224, -782.0, 1.0, 408.0
57.54876032, -945.0, 11.0, 471.0
57.553708544, -1087.0, 22.0, 507.0
57.55865664, -1228.0, 40.0, 568.0
57.563604736, -1360.0, 58.0, 663.0
57.56855296, -1517.0, 72.0, 781.0
57.573501056, -1744.0, 89.0, 871.0
57.57844928, -2072.0, 76.0, 820.0
57.583397376, -2396.0, 30.0, 564.0
57.5883456, -2445.0, -20.0, 275.0
57.593293696, -2141.0, -81.0, 70.0
57.59824192, -1637.0, -124.0, 57.0
57.603190016, -1165.0, -163.0, 145.0
57.60813824, -887.0, -171.0, 90.0
57.613086336, -823.0, -149.0, -9.0
57.61803456, -837.0, -122.0, -31.0
57.622982656, -891.0, -133.0, -48.0
57.627930752, -1032.0, -158.0, 81.0
57.632878976, -1384.0, -179.0, 264.0
57.637827072, -2025.0, -201.0, 463.0
57.642775296, -3027.0, -238.0, 631.0
57.647723392, -4015.0, -249.0, 854.0
57.652671616, -4199.0, -240.0, 1114.0
57.657619712, -3263.0, -289.0, 1668.0
57.662567936, -2149.0, -345.0, 1980.0
57.667516032, -1637.0, -314.0, 1768.0
57.672464256, -1566.0, -230.0, 1321.0
57.677412422, -1510.0, -129.0, 834.0
57.682361472, -1335.0, -76.0, 262.0
57.687310464, -1047.0, -25.0, -251.0
57.692259456, -800.0, 23.0, -581.0
57.697208448, -620.0, 46.0, -656.0
57.70215744, -553.0, 52.0, -452.0
57.707106432, -576.0, 37.0, -173.0
57.712055424, -556.0, 7.0, 79.0
57.717004544, -498.0, -41.0, 266.0
57.721953536, -397.0, -84.0, 428.0
57.726902528, -283.0, -107.0, 502.0
57.73185152, -223.0, -115.0, 517.0
57.736800512, -187.0, -111.0, 490.0
57.741749504, -188.0, -106.0, 432.0
57.746698496, -212.0, -76.0, 363.0
57.751647488, -233.0, -48.0, 298.0
57.75659648, -243.0, -24.0, 279.0
57.761545472, -261.0, -4.0, 278.0
57.766494464, -319.0, 5.0, 280.0
57.771443456, -394.0, 9.0, 291.0
57.776392576, -466.0, 11.0, 329.0
57.781341568, -506.0, 9.0, 390.0
57.78629056, -556.0, 5.0, 446.0
57.791239552, -582.0, 4.0, 475.0
57.796188544, -644.0, 9.0, 462.0
57.801137536, -752.0, 11.0, 432.0
57.806086528, -877.0, 13.0, 410.0
57.81103552, -1061.0, 23.0, 365.0
57.815984512, -1343.0, 51.0, 302.0
57.820933504, -1700.0, 55.0, 166.0
57.825882496, -1937.0, -22.0, 20.0
57.830831488, -1902.0, -150.0, -32.0
57.835780608, -1598.0, -264.0, 73.0
57.8407296, -1228.0, -333.0, 233.0
57.845678592, -986.0, -355.0, 371.0
57.850627584, -882.0, -310.0, 387.0
57.855576516, -809.0, -261.0, 375.0
57.860523904, -796.0, -213.0, 358.0
57.865471232, -794.0, -153.0, 344.0
57.87041856, -787.0, -111.0, 365.0
57.87536576, -808.0, -73.0, 378.0
57.880313088, -868.0, -50.0, 364.0
57.885260416, -937.0, -30.0, 344.0
57.890207744, -993.0, -29.0, 334.0
57.895155072, -1029.0, -27.0, 328.0
57.9001024, -1053.0, -26.0, 325.0
57.9050496, -1087.0, -39.0, 308.0
57.909996928, -1084.0, -48.0, 307.0
57.914944256, -1077.0, -57.0, 322.0
57.919891584, -1056.0, -79.0, 326.0
57.924838912, -1022.0, -91.0, 328.0
57.92978624, -996.0, -92.0, 331.0
57.93473344, -981.0, -84.0, 341.0
57.939680768, -958.0, -71.0, 333.0
57.944628096, -946.0, -59.0, 321.0
57.949575424, -924.0, -49.0, 286.0
57.954522752, -903.0, -32.0, 274.0
57.95947008, -888.0, -23.0, 273.0
57.96441728, -881.0, -18.0, 280.0
57.969364608, -876.0, -23.0, 268.0
57.974311936, -870.0, -23.0, 259.0
57.979259264, -868.0, -27.0, 249.0
57.984206592, -875.0, -33.0, 246.0
57.98915392, -882.0, -31.0, 253.0
57.99410112, -890.0, -28.0, 253.0
57.999048448, -921.0, -25.0, 244.0
58.003995776, -953.0, -28.0, 238.0
58.008943104, -972.0, -34.0, 219.0
58.013890432, -986.0, -39.0, 218.0
58.01883776, -987.0, -45.0, 191.0
58.02378496, -990.0, -54.0, 184.0
58.028732288, -982.0, -60.0, 188.0
58.033679544, -965.0, -69.0, 191.0
58.038625152, -952.0, -82.0, 207.0
58.043570816, -923.0, -77.0, 200.0
58.048516352, -905.0, -80.0, 175.0
58.053462016, -902.0, -71.0, 165.0
58.058407552, -896.0, -57.0, 118.0
58.063353216, -880.0, -48.0, 62.0
58.06829888, -841.0, -35.0, 42.0
58.073244416, -817.0, -23.0, 21.0
58.07819008, -796.0, -8.0, 79.0
58.083135616, -765.0, -14.0, 81.0
58.08808128, -744.0, -12.0, 70.0
58.093026944, -705.0, -21.0, 71.0
58.09797248, -655.0, -26.0, 79.0
58.102918144, -628.0, -31.0, 93.0
58.10786368, -617.0, -26.0, 96.0
58.112809344, -589.0, -21.0, 89.0
58.11775488, -554.0, -18.0, 65.0
58.122700544, -513.0, -17.0, 36.0
58.127646208, -479.0, -9.0, 23.0
58.132591744, -419.0, -3.0, 39.0
58.137537408, -345.0, 2.0, 60.0
58.142482944, -278.0, 5.0, 70.0
58.147428608, -242.0, 7.0, 44.0
58.152374272, -232.0, 8.0, -5.0
58.157319808, -236.0, 11.0, -59.0
58.162265472, -242.0, 10.0, -94.0
58.167211008, -248.0, 10.0, -98.0
58.172156672, -257.0, 10.0, -55.0
58.177102336, -253.0, 10.0, 1.0
58.182047872, -247.0, 10.0, 67.0
58.186993536, -232.0, 7.0, 170.0
58.191939072, -207.0, -2.0, 263.0
58.196884736, -193.0, -11.0, 263.0
58.2018304, -180.0, -33.0, 173.0
58.206775936, -139.0, -51.0, 32.0
58.211721572, -59.0, -64.0, -47.0
58.216667264, 77.0, -67.0, 7.0
58.221612928, 242.0, -60.0, 193.0
58.226558464, 372.0, -59.0, 402.0
58.231504128, 368.0, -53.0, 440.0
58.236449664, 241.0, -4.0, 307.0
58.241395328, 108.0, 0.0, 342.0
58.246340992, -37.0, 3.0, 303.0
58.251286528, -235.0, -10.0, -22.0
58.256232192, -448.0, -43.0, -390.0
58.261177728, -532.0, -58.0, -640.0
58.266123392, -459.0, -58.0, -578.0
58.271068928, -276.0, -30.0, -273.0
58.276014592, -127.0, -9.0, 78.0
58.280960256, -53.0, -9.0, 387.0
58.285905792, -52.0, 6.0, 572.0
58.290851456, -106.0, 3.0, 535.0
58.295796992, -113.0, -30.0, 411.0
58.300742656, -120.0, -85.0, 187.0
58.30568832, -137.0, -109.0, 18.0
58.310633856, -175.0, -85.0, -88.0
58.31557952, -228.0, -26.0, -162.0
58.320525056, -287.0, 26.0, -209.0
58.32547072, -372.0, 50.0, -239.0
58.330416384, -465.0, 56.0, -244.0
58.33536192, -591.0, 46.0, -170.0
58.340307584, -799.0, 17.0, -47.0
58.34525312, -1134.0, 2.0, 85.0
58.350198784, -1620.0, 0.0, 91.0
58.355144448, -2167.0, 16.0, -91.0
58.360089984, -2466.0, -13.0, -417.0
58.365035648, -2351.0, -113.0, -561.0
58.369981184, -1953.0, -185.0, -405.0
58.374926848, -1466.0, -184.0, -170.0
58.379872384, -1038.0, -145.0, -27.0
58.384818048, -762.0, -108.0, -25.0
58.389763584, -615.0, -94.0, -135.0
58.394710016, -577.0, -100.0, -182.0
58.399656448, -624.0, -110.0, -104.0
58.40460288, -733.0, -123.0, 24.0
58.40954944, -893.0, -125.0, 84.0
58.414495872, -1056.0, -105.0, 46.0
58.419442304, -1212.0, -77.0, -34.0
58.424388736, -1324.0, -58.0, -136.0
58.429335296, -1428.0, -46.0, -207.0
58.434281728, -1473.0, -61.0, -273.0
58.43922816, -1476.0, -113.0, -403.0
58.444174592, -1484.0, -165.0, -472.0
58.449121024, -1474.0, -205.0, -461.0
58.454067584, -1454.0, -221.0, -417.0
58.459014016, -1455.0, -217.0, -353.0
58.463960448, -1483.0, -211.0, -301.0
58.46890688, -1517.0, -232.0, -301.0
58.473853312, -1570.0, -268.0, -274.0
58.478799872, -1629.0, -304.0, -213.0
58.483746304, -1683.0, -306.0, -154.0
58.488692736, -1715.0, -266.0, -105.0
58.493639168, -1749.0, -219.0, -141.0
58.498585728, -1754.0, -156.0, -215.0
58.50353216, -1714.0, -112.0, -253.0
58.508478592, -1657.0, -80.0, -269.0
58.513425024, -1620.0, -40.0, -294.0
58.518371456, -1613.0, -16.0, -357.0
58.523318016, -1614.0, -4.0, -384.0
58.528264448, -1630.0, 9.0, -385.0
58.53321088, -1700.0, 25.0, -403.0
58.538157312, -1781.0, 48.0, -458.0
58.543103744, -1931.0, 63.0, -478.0
58.548050304, -2111.0, 47.0, -515.0
58.552996736, -2322.0, 12.0, -604.0
58.557943168, -2520.0, -51.0, -671.0
58.5628896, -2665.0, -123.0, -688.0
58.567836124, -2732.0, -188.0, -683.0
58.572782592, -2693.0, -235.0, -660.0
58.577729024, -2638.0, -254.0, -594.0
58.582675456, -2631.0, -262.0, -612.0
58.587622016, -2659.0, -266.0, -690.0
58.592568448, -2678.0, -269.0, -782.0
58.59751488, -2654.0, -250.0, -823.0
58.602461312, -2624.0, -241.0, -764.0
58.607407744, -2607.0, -247.0, -731.0
58.612354304, -2565.0, -290.0, -741.0
58.617300736, -2494.0, -364.0, -785.0
58.622247168, -2387.0, -432.0, -837.0
58.6271936, -2273.0, -459.0, -798.0
58.63214016, -2191.0, -450.0, -744.0
58.637086592, -2097.0, -418.0, -699.0
58.642033024, -1997.0, -381.0, -642.0
58.646979456, -1909.0, -356.0, -558.0
58.651925888, -1859.0, -311.0, -474.0
58.656872448, -1844.0, -279.0, -462.0
58.66181888, -1864.0, -245.0, -485.0
58.666765312, -1878.0, -234.0, -526.0
58.671711744, -1873.0, -221.0, -541.0
58.676658176, -1820.0, -201.0, -560.0
58.681604736, -1749.0, -202.0, -536.0
58.686551168, -1670.0, -199.0, -458.0
58.6914976, -1603.0, -194.0, -379.0
58.696444032, -1556.0, -189.0, -340.0
58.701390592, -1535.0, -185.0, -294.0
58.706337024, -1524.0, -188.0, -287.0
58.711283456, -1516.0, -190.0, -291.0
58.716229888, -1512.0, -188.0, -287.0
58.72117632, -1505.0, -186.0, -291.0
58.72612288, -1471.0, -183.0, -254.0
58.731069312, -1433.0, -169.0, -215.0
58.736015744, -1391.0, -141.0, -210.0
58.740962176, -1375.0, -115.0, -208.0
58.745908654, -1363.0, -91.0, -218.0
58.7508576, -1358.0, -63.0, -231.0
58.755806592, -1370.0, -45.0, -271.0
58.760755584, -1347.0, -44.0, -278.0
58.765704576, -1298.0, -58.0, -244.0
58.770653568, -1252.0, -65.0, -191.0
58.77560256, -1243.0, -73.0, -127.0
58.780551552, -1246.0, -75.0, -103.0
58.785500672, -1279.0, -69.0, -102.0
58.790449664, -1320.0, -63.0, -120.0
58.795398656, -1380.0, -55.0, -146.0
58.800347648, -1427.0, -36.0, -158.0
58.80529664, -1454.0, -17.0, -153.0
58.810245632, -1476.0, 6.0, -154.0
58.815194624, -1504.0, 10.0, -175.0
58.820143616, -1496.0, 5.0, -197.0
58.825092608, -1461.0, -2.0, -175.0
58.8300416, -1423.0, -17.0, -133.0
58.834990592, -1396.0, -44.0, -100.0
58.839939584, -1397.0, -66.0, -98.0
58.844888704, -1422.0, -103.0, -108.0
58.849837696, -1447.0, -116.0, -85.0
58.854786688, -1491.0, -130.0, -69.0
58.85973568, -1539.0, -149.0, -100.0
58.864684672, -1584.0, -173.0, -108.0
58.869633664, -1615.0, -177.0, -97.0
58.874582656, -1621.0, -182.0, -99.0
58.879531648, -1626.0, -183.0, -104.0
58.88448064, -1623.0, -172.0, -108.0
58.889429632, -1618.0, -146.0, -114.0
58.894378624, -1594.0, -128.0, -138.0
58.899327616, -1558.0, -123.0, -176.0
58.904276608, -1517.0, -117.0, -126.0
58.909225728, -1505.0, -103.0, -143.0
58.91417472, -1498.0, -96.0, -159.0
58.919123712, -1494.0, -84.0, -131.0
58.924072732, -1512.0, -59.0, -136.0
58.929019136, -1512.0, -44.0, -76.0
58.933965568, -1508.0, -44.0, -20.0
58.938912, -1508.0, -64.0, 30.0
58.94385856, -1526.0, -82.0, 15.0
58.948804992, -1583.0, -90.0, -7.0
58.953751424, -1640.0, -96.0, -20.0
58.958697856, -1676.0, -82.0, -125.0
58.963644288, -1625.0, -57.0, -236.0
58.968590848, -1522.0, -37.0, -310.0
58.97353728, -1425.0, -16.0, -364.0
58.978483712, -1373.0, -9.0, -273.0
58.983430144, -1322.0, -7.0, -165.0
58.988376704, -1284.0, -4.0, -113.0
58.993323136, -1308.0, -1.0, -74.0
58.998269568, -1308.0, 2.0, -8.0
59.003216, -1273.0, -2.0, 110.0
59.008162432, -1239.0, -18.0, 212.0
59.013108992, -1207.0, -37.0, 238.0
59.018055424, -1170.0, -40.0, 248.0
59.023001856, -1124.0, -43.0, 236.0
59.027948288, -1074.0, -47.0, 217.0
59.03289472, -1004.0, -56.0, 161.0
59.03784128, -948.0, -52.0, 86.0
59.042787712, -878.0, -38.0, -22.0
59.047734144, -793.0, -19.0, -153.0
59.052680576, -718.0, -6.0, -286.0
59.057627136, -612.0, -11.0, -384.0
59.062573568, -495.0, -25.0, -426.0
59.06752, -352.0, -46.0, -430.0
59.072466432, -246.0, -79.0, -441.0
59.077412864, -113.0, -98.0, -453.0
59.082359424, -4.0, -109.0, -514.0
59.087305856, 88.0, -111.0, -621.0
59.092252288, 203.0, -104.0, -727.0
59.09719872, 344.0, -83.0, -715.0
59.102145268, 508.0, -49.0, -603.0
59.107095168, 679.0, -15.0, -488.0
59.112045056, 828.0, 10.0, -407.0
59.116994816, 952.0, 10.0, -354.0
59.121944704, 1027.0, 10.0, -346.0
59.126894592, 1104.0, 11.0, -365.0
59.13184448, 1203.0, 17.0, -382.0
59.13679424, 1307.0, 27.0, -347.0
59.141744128, 1384.0, 24.0, -272.0
59.146694016, 1335.0, 15.0, -188.0
59.151643776, 1129.0, -4.0, -108.0
59.156593664, 850.0, -33.0, -111.0
59.161543552, 569.0, -65.0, -101.0
59.166493312, 374.0, -108.0, -136.0
59.1714432, 271.0, -136.0, -190.0
59.176393088, 243.0, -164.0, -173.0
59.181342976, 246.0, -168.0, -120.0
59.186292736, 263.0, -179.0, -86.0
59.191242624, 254.0, -197.0, -40.0
59.196192512, 227.0, -204.0, 10.0
59.201142272, 145.0, -195.0, 59.0
59.20609216, 62.0, -148.0, 93.0
59.211042048, -20.0, -77.0, 65.0
59.215991808, -100.0, 0.0, 23.0
59.220941696, -169.0, 65.0, -33.0
59.225891584, -247.0, 131.0, -79.0
59.230841472, -335.0, 182.0, -53.0
59.235791232, -428.0, 156.0, -86.0
59.24074112, -472.0, 195.0, -39.0
59.245691008, -472.0, 214.0, -77.0
59.250640768, -560.0, 207.0, -38.0
59.255590656, -673.0, 215.0, -96.0
59.260540544, -740.0, 241.0, -138.0
59.265490432, -750.0, 262.0, -119.0
59.270440192, -697.0, 247.0, -60.0
59.27539008, -622.0, 200.0, -22.0
59.280339874, -567.0, 134.0, -28.0
59.285288832, -525.0, 84.0, -66.0
59.290237824, -498.0, 45.0, -110.0
59.295186816, -470.0, 16.0, -134.0
59.300135808, -425.0, -2.0, -126.0
59.3050848, -391.0, -29.0, -105.0
59.310033792, -382.0, -42.0, -78.0
59.314982784, -387.0, -48.0, -59.0
59.319931904, -409.0, -49.0, -30.0
59.324880896, -463.0, -42.0, 32.0
59.329829888, -523.0, -14.0, 170.0
59.33477888, -624.0, 13.0, 360.0
59.339727872, -776.0, 42.0, 560.0
59.344676864, -981.0, 67.0, 735.0
59.349625856, -1238.0, 109.0, 818.0
59.354574848, -1545.0, 145.0, 827.0
59.35952384, -1843.0, 197.0, 809.0
59.364472832, -2139.0, 235.0, 778.0
59.369421824, -2453.0, 196.0, 644.0
59.374370816, -2627.0, 28.0, 320.0
59.379319808, -2599.0, -174.0, -13.0
59.384268928, -2193.0, -316.0, -7.0
59.38921792, -1634.0, -334.0, 52.0
59.394166912, -1180.0, -280.0, 104.0
59.399115904, -896.0, -234.0, 33.0
59.404064896, -843.0, -175.0, -58.0
59.409013888, -1015.0, -121.0, -35.0
59.41396288, -924.0, -125.0, -15.0
59.418911872, -792.0, -108.0, 69.0
59.423860864, -746.0, -104.0, 130.0
59.428809856, -957.0, -130.0, 193.0
59.433758848, -1302.0, -166.0, 340.0
59.43870784, -1844.0, -116.0, 611.0
59.44365696, -2627.0, -117.0, 699.0
59.448605952, -3550.0, -173.0, 698.0
59.453554944, -3734.0, -299.0, 781.0
59.458503948, -3061.0, -433.0, 1146.0
59.463453824, -2189.0, -502.0, 1396.0
59.468403712, -1719.0, -485.0, 1108.0
59.473353472, -1514.0, -404.0, 645.0
59.47830336, -1341.0, -282.0, 364.0
59.483253248, -1149.0, -212.0, 200.0
59.488203136, -948.0, -119.0, -21.0
59.493152896, -796.0, -34.0, -187.0
59.498102784, -752.0, 8.0, -199.0
59.503052672, -732.0, 14.0, -27.0
59.508002432, -701.0, 7.0, 184.0
59.51295232, -693.0, -17.0, 340.0
59.517902208, -676.0, -50.0, 397.0
59.522851968, -607.0, -91.0, 438.0
59.527801856, -515.0, -115.0, 454.0
59.532751744, -435.0, -140.0, 437.0
59.537701632, -364.0, -161.0, 375.0
59.542651392, -306.0, -158.0, 290.0
59.54760128, -268.0, -145.0, 224.0
59.552551168, -250.0, -116.0, 192.0
59.557500928, -237.0, -103.0, 169.0
59.562450816, -222.0, -90.0, 170.0
59.567400704, -214.0, -63.0, 204.0
59.572350592, -227.0, -52.0, 237.0
59.577300352, -247.0, -53.0, 246.0
59.58225024, -303.0, -55.0, 219.0
59.587200128, -369.0, -64.0, 174.0
59.592149888, -394.0, -75.0, 157.0
59.597099776, -430.0, -81.0, 176.0
59.602049664, -453.0, -94.0, 228.0
59.606999424, -489.0, -98.0, 275.0
59.611949312, -570.0, -74.0, 335.0
59.6168992, -700.0, -40.0, 384.0
59.621849088, -870.0, 8.0, 421.0
59.626798848, -1099.0, 81.0, 480.0
59.631748736, -1467.0, 200.0, 505.0
59.63669856, -1935.0, 252.0, 408.0
59.641647616, -2309.0, 102.0, 141.0
59.646596608, -2383.0, -142.0, -127.0
59.6515456, -2089.0, -282.0, 15.0
59.656494592, -1673.0, -351.0, 304.0
59.661443584, -1290.0, -336.0, 468.0
59.666392576, -1021.0, -279.0, 477.0
59.671341568, -889.0, -225.0, 400.0
59.676290688, -865.0, -181.0, 293.0
59.68123968, -858.0, -138.0, 292.0
59.686188672, -874.0, -106.0, 342.0
59.691137664, -899.0, -84.0, 382.0
59.696086656, -946.0, -69.0, 378.0
59.701035648, -973.0, -60.0, 336.0
59.70598464, -1024.0, -55.0, 261.0
59.710933632, -1078.0, -67.0, 253.0
59.715882624, -1018.0, -68.0, 306.0
59.720831616, -968.0, -66.0, 324.0
59.725780608, -946.0, -63.0, 300.0
59.7307296, -935.0, -64.0, 266.0
59.735678592, -946.0, -57.0, 250.0
59.740627712, -955.0, -50.0, 244.0
59.745576704, -950.0, -52.0, 237.0
59.750525696, -952.0, -52.0, 235.0
59.755474688, -940.0, -50.0, 224.0
59.76042368, -927.0, -46.0, 214.0
59.765372672, -906.0, -43.0, 177.0
59.770321664, -886.0, -44.0, 164.0
59.775270656, -874.0, -46.0, 171.0
59.780219648, -863.0, -45.0, 190.0
59.78516864, -861.0, -46.0, 187.0
59.790117632, -879.0, -48.0, 167.0
59.795066624, -887.0, -51.0, 141.0
59.800015744, -891.0, -51.0, 122.0
59.804964736, -888.0, -56.0, 108.0
59.809913728, -888.0, -56.0, 102.0
59.814862634, -887.0, -58.0, 106.0
59.819811584, -886.0, -68.0, 107.0
59.824760576, -884.0, -83.0, 122.0
59.829709568, -885.0, -97.0, 126.0
59.83465856, -886.0, -111.0, 123.0
59.839607552, -896.0, -113.0, 133.0
59.844556544, -919.0, -119.0, 96.0
59.849505536, -922.0, -121.0, 78.0
59.854454656, -931.0, -119.0, 67.0
59.859403648, -930.0, -120.0, 63.0
59.86435264, -903.0, -108.0, 174.0
59.869301632, -871.0, -94.0, 130.0
59.874250624, -788.0, -76.0, 75.0
59.879199616, -756.0, -63.0, 15.0
59.884148608, -701.0, -44.0, -3.0
59.8890976, -621.0, -31.0, -8.0
59.894046592, -553.0, -17.0, -33.0
59.898995584, -492.0, -4.0, -42.0
59.903944576, -446.0, 7.0, -59.0
59.908893568, -390.0, 11.0, -53.0
59.913842688, -373.0, 20.0, -68.0
59.91879168, -369.0, 30.0, -54.0
59.923740672, -367.0, 46.0, -14.0
59.928689664, -371.0, 60.0, 37.0
59.933638656, -384.0, 64.0, 91.0
59.938587648, -437.0, 74.0, 120.0
59.94353664, -504.0, 79.0, 78.0
59.948485632, -573.0, 84.0, 33.0
59.953434624, -598.0, 79.0, 7.0
59.958383616, -542.0, 62.0, 16.0
59.963332608, -465.0, 42.0, 71.0
59.9682816, -357.0, 18.0, 134.0
59.97323072, -262.0, 10.0, 175.0
59.978179712, -205.0, 12.0, 154.0
59.983128704, -140.0, 43.0, 76.0
59.988077696, -49.0, 89.0, -11.0
59.993026718, 76.0, 124.0, -70.0
59.997974784, 215.0, 143.0, -84.0
60.00292288, 295.0, 138.0, -94.0
60.007871104, 354.0, 67.0, -59.0
60.0128192, 300.0, 35.0, 108.0
60.017767424, 156.0, 42.0, 1.0
60.02271552, -14.0, 19.0, -347.0
60.027663744, -104.0, -10.0, -574.0
60.03261184, -46.0, -50.0, -542.0
60.037560064, 77.0, -66.0, -254.0
60.04250816, 216.0, -98.0, 112.0
60.047456384, 352.0, -137.0, 469.0
60.05240448, 437.0, -164.0, 699.0
60.057352576, 436.0, -145.0, 724.0
60.0623008, 353.0, -127.0, 537.0
60.067248896, 235.0, -125.0, 184.0
60.07219712, 156.0, -120.0, -144.0
60.077145216, 118.0, -107.0, -292.0
60.08209344, 114.0, -82.0, -267.0
60.087041536, 111.0, -64.0, -198.0
60.09198976, 66.0, -78.0, -163.0
60.096937856, -8.0, -99.0, -129.0
60.10188608, -113.0, -96.0, -89.0
60.106834176, -230.0, -81.0, 1.0
60.111782272, -410.0, -44.0, 77.0
60.116730496, -666.0, 2.0, 121.0
60.121678592, -1099.0, 79.0, 110.0
60.126626816, -1766.0, 216.0, 97.0
60.131574912, -2817.0, 300.0, 68.0
60.136523136, -3476.0, 10.0, -600.0
60.141471232, -3175.0, -330.0, -1208.0
60.146419456, -2340.0, -425.0, -515.0
60.151367552, -1411.0, -357.0, 268.0
60.156315776, -740.0, -267.0, 581.0
60.161263872, -374.0, -207.0, 559.0
60.166211968, -252.0, -136.0, 387.0
60.171160274, -312.0, -87.0, 92.0
60.176108416, -545.0, -50.0, -69.0
60.181056512, -865.0, -71.0, -123.0
60.186004736, -1240.0, -113.0, -67.0
60.190952832, -1593.0, -152.0, -80.0
60.195901056, -1837.0, -197.0, -250.0
60.200849152, -1896.0, -218.0, -418.0
60.205797376, -1796.0, -228.0, -392.0
60.210745472, -1615.0, -228.0, -280.0
60.215693696, -1478.0, -211.0, -256.0
60.220641792, -1369.0, -185.0, -323.0
60.225590016, -1305.0, -139.0, -307.0
60.230538112, -1302.0, -97.0, -231.0
60.235486208, -1344.0, -48.0, -172.0
60.240434432, -1437.0, -36.0, -140.0
60.245382528, -1556.0, -48.0, -94.0
60.250330752, -1692.0, -64.0, -76.0
60.255278848, -1780.0, -80.0, -94.0
60.260227072, -1837.0, -95.0, -102.0
60.265175168, -1842.0, -112.0, -104.0
60.270123392, -1793.0, -152.0, -97.0
60.275071488, -1745.0, -211.0, -101.0
60.280019712, -1684.0, -264.0, -122.0
60.284967808, -1627.0, -324.0, -163.0
60.289916032, -1600.0, -354.0, -178.0
60.294864128, -1604.0, -338.0, -129.0
60.299812224, -1651.0, -309.0, -123.0
60.304760448, -1750.0, -264.0, -213.0
60.309708544, -1842.0, -221.0, -369.0
60.314656768, -1917.0, -179.0, -487.0
60.319604864, -1989.0, -125.0, -546.0
60.324553088, -2075.0, -102.0, -615.0
60.329501184, -2165.0, -82.0, -714.0
60.334449408, -2244.0, -76.0, -725.0
60.339397504, -2325.0, -91.0, -627.0
60.344345728, -2418.0, -126.0, -574.0
60.34929384, -2500.0, -195.0, -563.0
60.354242816, -2584.0, -249.0, -563.0
60.359191808, -2619.0, -306.0, -559.0
60.3641408, -2673.0, -306.0, -591.0
60.369089792, -2726.0, -282.0, -721.0
60.374038784, -2754.0, -235.0, -786.0
60.378987776, -2743.0, -177.0, -785.0
60.383936768, -2676.0, -128.0, -771.0
60.388885888, -2585.0, -109.0, -737.0
60.39383488, -2498.0, -109.0, -694.0
60.398783872, -2428.0, -118.0, -671.0
60.403732864, -2363.0, -156.0, -675.0
60.408681856, -2286.0, -201.0, -670.0
60.413630848, -2228.0, -235.0, -611.0
60.41857984, -2159.0, -246.0, -535.0
60.423528832, -2095.0, -249.0, -473.0
60.428477824, -2031.0, -243.0, -409.0
60.433426816, -1994.0, -228.0, -341.0
60.438375808, -1988.0, -198.0, -330.0
60.4433248, -1991.0, -165.0, -372.0
60.44827392, -1993.0, -118.0, -356.0
60.453222912, -1987.0, -104.0, -302.0
60.458171904, -1956.0, -96.0, -274.0
60.463120896, -1910.0, -83.0, -278.0
60.468069888, -1839.0, -88.0, -292.0
60.47301888, -1739.0, -101.0, -287.0
60.477967872, -1627.0, -113.0, -253.0
60.482916864, -1531.0, -128.0, -199.0
60.487865856, -1467.0, -152.0, -170.0
60.492814848, -1407.0, -172.0, -169.0
60.49776384, -1364.0, -184.0, -166.0
60.502712832, -1317.0, -183.0, -151.0
60.507661952, -1292.0, -173.0, -111.0
60.512610944, -1294.0, -146.0, -85.0
60.517559936, -1341.0, -120.0, -72.0
60.522508928, -1400.0, -106.0, -77.0
60.527457934, -1457.0, -89.0, -92.0
60.532404352, -1491.0, -72.0, -94.0
60.537350784, -1509.0, -60.0, -110.0
60.542297216, -1512.0, -48.0, -147.0
60.547243776, -1512.0, -52.0, -170.0
60.552190208, -1506.0, -73.0, -181.0
60.55713664, -1479.0, -89.0, -168.0
60.562083072, -1448.0, -92.0, -150.0
60.567029504, -1414.0, -83.0, -164.0
60.571976064, -1385.0, -83.0, -161.0
60.576922496, -1367.0, -79.0, -134.0
60.581868928, -1361.0, -75.0, -108.0
60.58681536, -1368.0, -56.0, -98.0
60.59176192, -1379.0, -47.0, -121.0
60.596708352, -1378.0, -47.0, -119.0
60.601654784, -1366.0, -66.0, -80.0
60.606601216, -1367.0, -99.0, -45.0
60.611547648, -1379.0, -123.0, -29.0
60.616494208, -1407.0, -150.0, -91.0
60.62144064, -1442.0, -182.0, -125.0
60.626387072, -1451.0, -193.0, -110.0
60.631333504, -1461.0, -192.0, -91.0
60.636279936, -1493.0, -179.0, -128.0
60.641226496, -1511.0, -159.0, -169.0
60.646172928, -1517.0, -125.0, -186.0
60.65111936, -1510.0, -128.0, -164.0
60.656065792, -1497.0, -123.0, -90.0
60.661012352, -1451.0, -115.0, -42.0
60.665958784, -1434.0, -113.0, -16.0
60.670905216, -1424.0, -114.0, -23.0
60.675851648, -1438.0, -114.0, -16.0
60.68079808, -1487.0, -111.0, -21.0
60.68574464, -1511.0, -111.0, -89.0
60.690691072, -1521.0, -115.0, -116.0
60.695637504, -1543.0, -110.0, -35.0
60.700583936, -1521.0, -116.0, 10.0
60.70553047, -1516.0, -108.0, -2.0
60.710481152, -1539.0, -90.0, -2.0
60.715431808, -1584.0, -62.0, -15.0
60.720382592, -1632.0, -7.0, -44.0
60.725333248, -1685.0, 15.0, -93.0
60.730283904, -1705.0, 24.0, -104.0
60.735234688, -1652.0, 26.0, -114.0
60.740185344, -1562.0, 21.0, -63.0
60.745136, -1470.0, 17.0, -20.0
60.750086784, -1388.0, 19.0, -3.0
60.75503744, -1287.0, 22.0, -7.0
60.759988096, -1229.0, 42.0, -8.0
60.76493888, -1198.0, 58.0, 15.0
60.769889536, -1207.0, 71.0, 50.0
60.774840192, -1199.0, 86.0, 105.0
60.779790976, -1151.0, 73.0, 148.0
60.784741632, -1119.0, 50.0, 145.0
60.789692288, -1108.0, 18.0, 73.0
60.794642944, -1081.0, 4.0, -69.0
60.799593728, -1011.0, -5.0, -214.0
60.804544384, -894.0, -21.0, -286.0
60.80949504, -730.0, -38.0, -303.0
60.814445824, -543.0, -54.0, -281.0
60.81939648, -375.0, -76.0, -205.0
60.824347136, -248.0, -108.0, -109.0
60.82929792, -140.0, -145.0, -74.0
60.834248576, -117.0, -187.0, -100.0
60.839199232, -117.0, -195.0, -171.0
60.844150016, -116.0, -185.0, -248.0
60.849100672, -65.0, -154.0, -294.0
60.854051328, 6.0, -108.0, -296.0
60.859002112, 111.0, -54.0, -280.0
60.863952768, 215.0, 1.0, -294.0
60.868903424, 299.0, 34.0, -330.0
60.873854208, 386.0, 61.0, -345.0
60.878804864, 443.0, 65.0, -392.0
60.883755568, 482.0, 56.0, -446.0
60.888706176, 524.0, 56.0, -449.0
60.893656832, 593.0, 56.0, -396.0
60.898607616, 631.0, 57.0, -376.0
60.903558272, 638.0, 53.0, -376.0
60.908508928, 607.0, 42.0, -415.0
60.913459712, 539.0, 35.0, -467.0
60.918410368, 491.0, 6.0, -490.0
60.923361024, 486.0, -30.0, -482.0
60.928311808, 491.0, -89.0, -454.0
60.933262464, 521.0, -133.0, -401.0
60.93821312, 546.0, -177.0, -358.0
60.943163904, 541.0, -196.0, -264.0
60.94811456, 504.0, -194.0, -174.0
60.953065216, 463.0, -173.0, -85.0
60.958016, 411.0, -142.0, -4.0
60.962966656, 343.0, -119.0, 47.0
60.967917312, 270.0, -93.0, 130.0
60.972868096, 198.0, -41.0, 191.0
60.977818752, 118.0, 3.0, 201.0
60.982769408, 26.0, 42.0, 166.0
60.987720192, -54.0, 64.0, 64.0
60.992670848, -134.0, 67.0, -16.0
60.997621504, -169.0, 69.0, -39.0
61.002572288, -154.0, 93.0, 26.0
61.007522944, -138.0, 113.0, 88.0
61.0124736, -145.0, 131.0, 151.0
61.017424256, -199.0, 136.0, 202.0
61.02237504, -257.0, 158.0, 131.0
61.027325696, -421.0, 144.0, 58.0
61.032276352, -551.0, 124.0, -40.0
61.037227136, -657.0, 116.0, -101.0
61.042177792, -691.0, 103.0, -91.0
61.047128448, -650.0, 77.0, -73.0
61.052079232, -590.0, 56.0, -95.0
61.057029888, -519.0, 32.0, -142.0
61.061980688, -494.0, 19.0, -182.0
61.066929664, -506.0, 9.0, -198.0
61.071878656, -559.0, 16.0, -184.0
61.076827648, -625.0, 30.0, -131.0
61.08177664, -704.0, 55.0, -22.0
61.086725632, -763.0, 72.0, 139.0
61.091674624, -831.0, 90.0, 296.0
61.096623744, -923.0, 112.0, 454.0
61.101572736, -1042.0, 120.0, 518.0
61.106521728, -1185.0, 125.0, 495.0
61.11147072, -1336.0, 123.0, 403.0
61.116419712, -1451.0, 101.0, 333.0
61.121368704, -1547.0, 60.0, 317.0
61.126317696, -1661.0, 26.0, 351.0
61.131266688, -1756.0, -19.0, 396.0
61.13621568, -1811.0, -69.0, 390.0
61.141164672, -1801.0, -129.0, 404.0
61.146113664, -1707.0, -190.0, 416.0
61.151062656, -1526.0, -225.0, 386.0
61.156011776, -1314.0, -237.0, 322.0
61.160960768, -1094.0, -236.0, 254.0
61.16590976, -909.0, -231.0, 232.0
61.170858752, -750.0, -202.0, 219.0
61.175807744, -743.0, -159.0, 177.0
61.180756736, -737.0, -112.0, 114.0
61.185705728, -842.0, -78.0, 198.0
61.19065472, -972.0, -52.0, 262.0
61.195603712, -1329.0, -3.0, 409.0
61.200552704, -2140.0, 63.0, 535.0
61.205501696, -3478.0, 114.0, 565.0
61.210450688, -4676.0, 68.0, 512.0
61.215399808, -4361.0, -124.0, 900.0
61.2203488, -2838.0, -276.0, 1801.0
61.225297792, -1688.0, -298.0, 2037.0
61.230246784, -1396.0, -260.0, 1390.0
61.235195776, -1416.0, -231.0, 902.0
61.240144788, -1345.0, -181.0, 697.0
61.24509632, -1149.0, -115.0, 494.0
61.250047872, -956.0, -48.0, 156.0
61.254999424, -842.0, 0.0, -126.0
61.259950976, -805.0, 21.0, -223.0
61.264902528, -805.0, 21.0, -154.0
61.26985408, -762.0, 17.0, -20.0
61.274805632, -669.0, 14.0, 64.0
61.279757184, -528.0, 5.0, 179.0
61.284708736, -386.0, -12.0, 325.0
61.289660288, -273.0, -20.0, 435.0
61.294611712, -243.0, -14.0, 465.0
61.299563264, -239.0, -5.0, 400.0
61.304514816, -240.0, 10.0, 324.0
61.309466368, -228.0, 23.0, 241.0
61.31441792, -205.0, 39.0, 202.0
61.319369472, -179.0, 58.0, 187.0
61.324321024, -154.0, 69.0, 200.0
61.329272576, -160.0, 86.0, 229.0
61.334224128, -176.0, 92.0, 267.0
61.33917568, -200.0, 82.0, 313.0
61.344127232, -223.0, 58.0, 362.0
61.349078784, -247.0, 36.0, 409.0
61.354030336, -287.0, 13.0, 443.0
61.358981888, -324.0, -2.0, 463.0
61.36393344, -376.0, -24.0, 474.0
61.368884992, -421.0, -31.0, 486.0
61.373836544, -495.0, -38.0, 471.0
61.378788096, -646.0, -30.0, 436.0
61.383739648, -887.0, -7.0, 406.0
61.388691072, -1265.0, 37.0, 447.0
61.393642624, -1905.0, 135.0, 425.0
61.398594176, -2762.0, 123.0, 86.0
61.403545728, -3031.0, -119.0, -315.0
61.40849728, -2490.0, -374.0, -167.0
61.413448832, -1635.0, -470.0, 406.0
61.41840042, -964.0, -455.0, 688.0
61.423351936, -763.0, -408.0, 512.0
61.428303488, -720.0, -336.0, 402.0
61.43325504, -728.0, -243.0, 375.0
61.438206592, -768.0, -174.0, 402.0
61.443158144, -831.0, -107.0, 408.0
61.448109696, -911.0, -63.0, 372.0
61.453061248, -957.0, -38.0, 328.0
61.4580128, -983.0, -22.0, 296.0
61.462964352, -1003.0, -19.0, 277.0
61.467915904, -1027.0, -6.0, 298.0
61.472867328, -1008.0, -5.0, 327.0
61.47781888, -986.0, 0.0, 333.0
61.482770432, -959.0, -3.0, 329.0
61.487721984, -957.0, -7.0, 308.0
61.492673536, -959.0, -9.0, 289.0
61.497625088, -948.0, -6.0, 302.0
61.50257664, -920.0, -8.0, 302.0
61.507528192, -886.0, -10.0, 286.0
61.512479744, -855.0, -9.0, 283.0
61.517431296, -823.0, -11.0, 273.0
61.522382848, -800.0, -12.0, 261.0
61.5273344, -784.0, -14.0, 253.0
61.532285952, -770.0, -17.0, 257.0
61.537237504, -767.0, -12.0, 255.0
61.542189056, -787.0, -15.0, 240.0
61.547140608, -803.0, -10.0, 199.0
61.55209216, -822.0, -15.0, 152.0
61.557043712, -839.0, -17.0, 139.0
61.561995264, -859.0, -16.0, 143.0
61.566946816, -877.0, -14.0, 160.0
61.57189824, -904.0, -13.0, 164.0
61.576849792, -953.0, -14.0, 165.0
61.581801344, -994.0, -18.0, 161.0
61.586752896, -1035.0, -30.0, 179.0
61.591704448, -1066.0, -40.0, 181.0
61.596656058, -1101.0, -54.0, 176.0
61.601605888, -1105.0, -73.0, 177.0
61.606555776, -1112.0, -97.0, 145.0
61.611505536, -1099.0, -111.0, 149.0
61.616455424, -1076.0, -115.0, 165.0
61.621405312, -1022.0, -120.0, 191.0
61.6263552, -1001.0, -120.0, 180.0
61.63130496, -960.0, -123.0, 151.0
61.636254848, -898.0, -120.0, 181.0
61.641204736, -864.0, -112.0, 125.0
61.646154496, -811.0, -111.0, 75.0
61.651104384, -763.0, -108.0, 81.0
61.656054272, -718.0, -100.0, 62.0
61.661004032, -691.0, -82.0, 68.0
61.66595392, -648.0, -73.0, 40.0
61.670903808, -618.0, -58.0, 17.0
61.675853696, -609.0, -51.0, -4.0
61.680803456, -591.0, -48.0, -18.0
61.685753344, -561.0, -50.0, -17.0
61.690703232, -536.0, -55.0, -8.0
61.695652992, -507.0, -64.0, -1.0
61.70060288, -495.0, -60.0, 17.0
61.705552768, -493.0, -52.0, 44.0
61.710502656, -489.0, -47.0, 60.0
61.715452416, -445.0, -53.0, 39.0
61.720402304, -373.0, -72.0, -6.0
61.725352192, -282.0, -103.0, -36.0
61.730301952, -205.0, -122.0, -24.0
61.73525184, -118.0, -124.0, 23.0
61.740201728, -45.0, -129.0, 101.0
61.745151616, 17.0, -124.0, 155.0
61.750101376, 61.0, -122.0, 203.0
61.755051264, 99.0, -137.0, 207.0
61.760001152, 112.0, -170.0, 166.0
61.764950912, 108.0, -182.0, 77.0
61.7699008, 111.0, -178.0, -7.0
61.774850676, 146.0, -148.0, -15.0
61.779800576, 229.0, -119.0, 76.0
61.784750464, 281.0, -74.0, 188.0
61.789700224, 305.0, 43.0, 274.0
61.794650112, 328.0, 174.0, 434.0
61.7996, 301.0, 241.0, 584.0
61.804549888, 124.0, 220.0, 383.0
61.809499648, -146.0, 144.0, 4.0
61.814449536, -369.0, 127.0, -261.0
61.819399424, -428.0, 170.0, -330.0
61.824349184, -316.0, 246.0, -131.0
61.829299072, -125.0, 310.0, 182.0
61.83424896, 56.0, 334.0, 427.0
61.83919872, 198.0, 300.0, 507.0
61.844148608, 234.0, 238.0, 457.0
61.849098496, 154.0, 154.0, 279.0
61.854048384, 22.0, 69.0, 25.0
61.858998144, -92.0, 10.0, -266.0
61.863948032, -151.0, -12.0, -474.0
61.86889792, -157.0, -7.0, -501.0
61.87384768, -127.0, 5.0, -398.0
61.878797568, -117.0, 15.0, -223.0
61.883747456, -147.0, 46.0, -50.0
61.888697216, -263.0, 102.0, 86.0
61.893647104, -450.0, 148.0, 131.0
61.898596992, -686.0, 189.0, 99.0
61.90354688, -973.0, 179.0, 48.0
61.90849664, -1365.0, 113.0, 55.0
61.913446528, -1882.0, -11.0, 152.0
61.918396416, -2546.0, -111.0, 101.0
61.923346176, -2958.0, -116.0, -297.0
61.928296064, -2722.0, -119.0, -556.0
61.933245952, -2147.0, -129.0, -296.0
61.93819584, -1490.0, -114.0, 119.0
61.9431456, -960.0, -76.0, 219.0
61.948095488, -618.0, -13.0, 55.0
61.953045278, -480.0, 41.0, -139.0
61.957993344, -522.0, 68.0, -236.0
61.96294144, -703.0, 68.0, -216.0
61.967889664, -951.0, 50.0, -185.0
61.97283776, -1156.0, 3.0, -226.0
61.977785984, -1303.0, -63.0, -339.0
61.98273408, -1368.0, -120.0, -385.0
61.987682304, -1318.0, -179.0, -305.0
61.9926304, -1251.0, -231.0, -222.0
61.997578624, -1218.0, -255.0, -164.0
62.00252672, -1214.0, -269.0, -112.0
62.007474944, -1277.0, -245.0, -49.0
62.01242304, -1407.0, -203.0, 8.0
62.017371136, -1551.0, -123.0, 20.0
62.02231936, -1729.0, -27.0, 0.0
62.027267456, -1890.0, 42.0, -77.0
62.03221568, -1972.0, 79.0, -136.0
62.037163776, -1951.0, 87.0, -141.0
62.042112, -1853.0, 90.0, -121.0
62.047060096, -1723.0, 98.0, -115.0
62.05200832, -1625.0, 113.0, -122.0
62.056956416, -1586.0, 122.0, -153.0
62.06190464, -1570.0, 134.0, -203.0
62.066852736, -1574.0, 164.0, -222.0
62.071800832, -1574.0, 181.0, -190.0
62.076749056, -1589.0, 181.0, -169.0
62.081697152, -1635.0, 166.0, -147.0
62.086645376, -1734.0, 134.0, -159.0
62.091593472, -1852.0, 76.0, -237.0
62.096541696, -2006.0, 20.0, -327.0
62.101489792, -2146.0, -25.0, -421.0
62.106438016, -2274.0, -74.0, -462.0
62.111386112, -2432.0, -113.0, -508.0
62.116334336, -2576.0, -137.0, -600.0
62.121282432, -2695.0, -173.0, -683.0
62.126230528, -2721.0, -217.0, -721.0
62.131178824, -2694.0, -264.0, -678.0
62.136127872, -2640.0, -334.0, -658.0
62.141076864, -2618.0, -383.0, -672.0
62.146025856, -2599.0, -402.0, -690.0
62.150974848, -2569.0, -405.0, -731.0
62.15592384, -2549.0, -378.0, -697.0
62.160872832, -2516.0, -333.0, -643.0
62.165821824, -2496.0, -273.0, -642.0
62.170770944, -2487.0, -215.0, -655.0
62.175719936, -2445.0, -150.0, -706.0
62.180668928, -2386.0, -109.0, -711.0
62.18561792, -2353.0, -94.0, -723.0
62.190566912, -2323.0, -99.0, -715.0
62.195515904, -2320.0, -113.0, -644.0
62.200464896, -2289.0, -144.0, -621.0
62.205413888, -2226.0, -166.0, -611.0
62.21036288, -2114.0, -150.0, -562.0
62.215311872, -2014.0, -126.0, -508.0
62.220260864, -1941.0, -105.0, -473.0
62.225209856, -1886.0, -74.0, -448.0
62.230158976, -1850.0, -37.0, -414.0
62.235107968, -1799.0, -2.0, -382.0
62.24005696, -1747.0, 15.0, -364.0
62.245005952, -1697.0, 18.0, -315.0
62.249954944, -1689.0, 13.0, -286.0
62.254903936, -1704.0, -18.0, -306.0
62.259852928, -1734.0, -69.0, -359.0
62.26480192, -1749.0, -110.0, -414.0
62.269750912, -1737.0, -121.0, -437.0
62.274699904, -1698.0, -139.0, -451.0
62.279648896, -1631.0, -137.0, -456.0
62.284597888, -1545.0, -142.0, -422.0
62.289547008, -1475.0, -134.0, -347.0
62.294496, -1395.0, -120.0, -250.0
62.299444992, -1344.0, -108.0, -203.0
62.304393984, -1311.0, -78.0, -173.0
62.309342918, -1303.0, -41.0, -142.0
62.314290304, -1313.0, -7.0, -121.0
62.319237632, -1333.0, 6.0, -121.0
62.32418496, -1360.0, 9.0, -135.0
62.32913216, -1378.0, 5.0, -149.0
62.334079488, -1386.0, -4.0, -161.0
62.339026816, -1385.0, -1.0, -161.0
62.343974144, -1357.0, 0.0, -134.0
62.348921472, -1320.0, 2.0, -148.0
62.3538688, -1301.0, 4.0, -176.0
62.358816, -1294.0, 8.0, -163.0
62.363763328, -1299.0, 9.0, -139.0
62.368710656, -1325.0, 6.0, -146.0
62.373657984, -1373.0, -2.0, -170.0
62.378605312, -1394.0, -9.0, -167.0
62.38355264, -1426.0, -6.0, -146.0
62.38849984, -1457.0, -9.0, -163.0
62.393447168, -1502.0, -12.0, -188.0
62.398394496, -1525.0, -7.0, -197.0
62.403341824, -1540.0, -4.0, -177.0
62.408289152, -1553.0, -7.0, -111.0
62.41323648, -1556.0, 4.0, -41.0
62.41818368, -1565.0, 5.0, -17.0
62.423131008, -1603.0, 13.0, -7.0
62.428078336, -1620.0, 26.0, 7.0
62.433025664, -1625.0, 30.0, -5.0
62.437972992, -1619.0, 17.0, -24.0
62.44292032, -1588.0, 20.0, -56.0
62.44786752, -1537.0, 12.0, -98.0
62.452814848, -1511.0, -9.0, -82.0
62.457762176, -1499.0, -37.0, -89.0
62.462709504, -1480.0, -58.0, -75.0
62.467656832, -1477.0, -78.0, -53.0
62.47260416, -1484.0, -101.0, -71.0
62.47755136, -1508.0, -111.0, -115.0
62.482498688, -1522.0, -122.0, -154.0
62.487445946, -1547.0, -141.0, -115.0
62.492395776, -1552.0, -161.0, -109.0
62.497345664, -1558.0, -152.0, -72.0
62.502295424, -1576.0, -146.0, -12.0
62.507245312, -1591.0, -146.0, 63.0
62.5121952, -1571.0, -153.0, 93.0
62.517145088, -1608.0, -122.0, 6.0
62.522094848, -1617.0, -81.0, -63.0
62.527044736, -1595.0, -33.0, 5.0
62.531994624, -1562.0, -1.0, 51.0
62.536944384, -1542.0, 21.0, -1.0
62.541894272, -1470.0, 54.0, -21.0
62.54684416, -1347.0, 92.0, -9.0
62.551794048, -1213.0, 104.0, -6.0
62.556743808, -1084.0, 83.0, 6.0
62.561693696, -980.0, 59.0, 3.0
62.566643584, -888.0, 40.0, -2.0
62.571593344, -794.0, 20.0, 13.0
62.576543232, -754.0, 2.0, 36.0
62.58149312, -725.0, -12.0, 14.0
62.58644288, -714.0, -25.0, -62.0
62.591392768, -705.0, -31.0, -181.0
62.596342656, -642.0, -35.0, -244.0
62.601292544, -558.0, -48.0, -281.0
62.606242304, -458.0, -67.0, -284.0
62.611192192, -329.0, -101.0, -281.0
62.61614208, -211.0, -116.0, -326.0
62.62109184, -84.0, -125.0, -377.0
62.626041728, 36.0, -122.0, -423.0
62.630991616, 175.0, -116.0, -443.0
62.635941504, 309.0, -96.0, -454.0
62.640891264, 449.0, -53.0, -460.0
62.645841152, 580.0, -4.0, -449.0
62.65079104, 730.0, 30.0, -385.0
62.6557408, 859.0, 51.0, -307.0
62.660690688, 958.0, 42.0, -252.0
62.665640578, 1016.0, 32.0, -235.0
62.670589568, 1083.0, 20.0, -262.0
62.67553856, 1135.0, 17.0, -339.0
62.680487552, 1211.0, 24.0, -350.0
62.685436544, 1208.0, 48.0, -241.0
62.690385536, 1107.0, 52.0, -170.0
62.695334528, 902.0, 23.0, -140.0
62.70028352, 623.0, -6.0, -205.0
62.70523264, 404.0, -44.0, -304.0
62.710181632, 270.0, -78.0, -397.0
62.715130624, 219.0, -71.0, -430.0
62.720079616, 224.0, -52.0, -346.0
62.725028608, 239.0, -38.0, -170.0
62.7299776, 277.0, -33.0, 15.0
62.734926592, 271.0, -9.0, 175.0
62.739875584, 225.0, 17.0, 223.0
62.744824576, 133.0, 47.0, 130.0
62.749773568, 37.0, 72.0, 54.0
62.75472256, -33.0, 109.0, 14.0
62.759671552, -92.0, 126.0, 2.0
62.764620544, -180.0, 145.0, -18.0
62.769569664, -323.0, 168.0, -10.0
62.774518656, -410.0, 97.0, -39.0
62.779467648, -422.0, 78.0, -43.0
62.78441664, -477.0, 72.0, -99.0
62.789365632, -510.0, 35.0, -18.0
62.794314624, -496.0, 13.0, 18.0
62.799263616, -561.0, -3.0, 13.0
62.804212608, -607.0, -30.0, -39.0
62.8091616, -637.0, -39.0, -98.0
62.814110592, -690.0, -27.0, -109.0
62.819059584, -696.0, -28.0, -90.0
62.824008576, -660.0, -23.0, -40.0
62.828957696, -609.0, -32.0, -1.0
62.833906688, -570.0, -42.0, 30.0
62.83885568, -540.0, -44.0, 68.0
62.843804652, -501.0, -52.0, 31.0
62.848751104, -458.0, -55.0, -35.0
62.853697536, -396.0, -55.0, -125.0
62.858643968, -349.0, -50.0, -265.0
62.863590528, -310.0, -59.0, -421.0
62.86853696, -281.0, -47.0, -482.0
62.873483392, -255.0, -16.0, -420.0
62.878429824, -251.0, 13.0, -166.0
62.883376256, -305.0, 46.0, 178.0
62.888322816, -448.0, 82.0, 485.0
62.893269248, -681.0, 115.0, 639.0
62.89821568, -1003.0, 142.0, 672.0
62.903162112, -1367.0, 174.0, 647.0
62.908108672, -1761.0, 206.0, 653.0
62.913055104, -2206.0, 256.0, 723.0
62.918001536, -2669.0, 322.0, 699.0
62.922947968, -3140.0, 249.0, 401.0
62.9278944, -3288.0, -48.0, -66.0
62.93284096, -2823.0, -189.0, -3.0
62.937787392, -1815.0, -257.0, 283.0
62.942733824, -1093.0, -211.0, 521.0
62.947680256, -865.0, -126.0, 326.0
62.952626688, -804.0, -117.0, 70.0
62.957573248, -790.0, -156.0, -22.0
62.96251968, -895.0, -157.0, 63.0
62.967466112, -951.0, -148.0, 269.0
62.972412544, -1222.0, -157.0, 460.0
62.977359104, -1812.0, -178.0, 665.0
62.982305536, -2969.0, -185.0, 703.0
62.987251968, -4217.0, -220.0, 671.0
62.9921984, -4456.0, -204.0, 947.0
62.997144832, -3291.0, -201.0, 1548.0
63.002091392, -2035.0, -192.0, 1688.0
63.007037824, -1643.0, -115.0, 1099.0
63.011984256, -1542.0, -97.0, 544.0
63.016930688, -1356.0, -93.0, 268.0
63.021877188, -1099.0, -89.0, 17.0
63.026822016, -913.0, -75.0, -226.0
63.031766784, -771.0, -70.0, -345.0
63.036711552, -721.0, -82.0, -281.0
63.04165632, -683.0, -67.0, 38.0
63.046601088, -627.0, -40.0, 146.0
63.051545856, -598.0, -16.0, 180.0
63.056490624, -503.0, 0.0, 231.0
63.061435392, -379.0, 7.0, 291.0
63.06638016, -253.0, 14.0, 375.0
63.071324928, -179.0, 23.0, 355.0
63.076269696, -126.0, 29.0, 269.0
63.081214464, -123.0, 50.0, 164.0
63.086159232, -112.0, 57.0, 102.0
63.091104, -76.0, 60.0, 108.0
63.09604864, -51.0, 63.0, 155.0
63.100993408, -49.0, 65.0, 212.0
63.105938176, -78.0, 60.0, 255.0
63.110882944, -118.0, 60.0, 292.0
63.115827712, -176.0, 55.0, 311.0
63.12077248, -225.0, 41.0, 322.0
63.125717248, -256.0, 35.0, 371.0
63.130662016, -283.0, 43.0, 441.0
63.135606784, -327.0, 43.0, 509.0
63.140551552, -393.0, 41.0, 563.0
63.14549632, -480.0, 49.0, 635.0
63.150441088, -605.0, 79.0, 709.0
63.155385856, -855.0, 125.0, 734.0
63.160330624, -1311.0, 200.0, 671.0
63.165275392, -2125.0, 308.0, 549.0
63.17022016, -2935.0, 234.0, 326.0
63.175164928, -3087.0, -165.0, -228.0
63.180109696, -2631.0, -503.0, -248.0
63.185054464, -1676.0, -610.0, 250.0
63.189999232, -919.0, -549.0, 645.0
63.194944, -610.0, -463.0, 592.0
63.199888662, -567.0, -381.0, 411.0
63.204832512, -610.0, -313.0, 341.0
63.209776384, -656.0, -236.0, 384.0
63.214720384, -723.0, -168.0, 411.0
63.219664256, -787.0, -98.0, 397.0
63.224608128, -869.0, -45.0, 378.0
63.229552128, -922.0, -7.0, 397.0
63.234496, -985.0, 11.0, 415.0
63.239439872, -1023.0, 11.0, 462.0
63.244383872, -1001.0, 10.0, 510.0
63.249327744, -978.0, 11.0, 524.0
63.254271616, -964.0, 9.0, 515.0
63.259215616, -953.0, 0.0, 500.0
63.264159488, -944.0, -13.0, 478.0
63.269103488, -939.0, -32.0, 431.0
63.27404736, -924.0, -47.0, 384.0
63.278991232, -904.0, -55.0, 328.0
63.283935232, -882.0, -62.0, 295.0
63.288879104, -846.0, -62.0, 272.0
63.293822976, -806.0, -54.0, 276.0
63.298766976, -777.0, -46.0, 279.0
63.303710848, -770.0, -33.0, 285.0
63.30865472, -763.0, -25.0, 297.0
63.31359872, -766.0, -12.0, 289.0
63.318542592, -777.0, -4.0, 292.0
63.323486464, -801.0, -6.0, 288.0
63.328430464, -834.0, -11.0, 268.0
63.333374336, -874.0, -23.0, 256.0
63.338318208, -901.0, -37.0, 244.0
63.343262208, -933.0, -43.0, 240.0
63.34820608, -960.0, -54.0, 239.0
63.353149952, -986.0, -56.0, 247.0
63.358093952, -1002.0, -61.0, 263.0
63.363037824, -1038.0, -58.0, 275.0
63.367981824, -1058.0, -54.0, 264.0
63.372925696, -1060.0, -47.0, 267.0
63.377869664, -1065.0, -35.0, 270.0
63.382814464, -1005.0, -25.0, 282.0
63.387759232, -934.0, -22.0, 280.0
63.392704, -848.0, -11.0, 294.0
63.397648768, -794.0, 6.0, 301.0
63.402593536, -771.0, 13.0, 262.0
63.407538304, -762.0, 17.0, 210.0
63.412483072, -761.0, 24.0, 159.0
63.41742784, -732.0, 36.0, 130.0
63.422372608, -684.0, 35.0, 111.0
63.427317376, -622.0, 38.0, 85.0
63.432262144, -576.0, 31.0, 64.0
63.437206912, -527.0, 24.0, 36.0
63.44215168, -495.0, 20.0, 13.0
63.44709632, -465.0, 18.0, 3.0
63.452041088, -438.0, 14.0, -1.0
63.456985856, -411.0, 8.0, 7.0
63.461930624, -391.0, 0.0, 16.0
63.466875392, -388.0, -22.0, 9.0
63.47182016, -380.0, -46.0, -11.0
63.476764928, -339.0, -61.0, -39.0
63.481709696, -276.0, -90.0, -38.0
63.486654464, -209.0, -105.0, -10.0
63.491599232, -127.0, -110.0, 36.0
63.496544, -49.0, -116.0, 105.0
63.501488768, 6.0, -119.0, 190.0
63.506433536, 40.0, -123.0, 267.0
63.511378304, 44.0, -131.0, 303.0
63.516323072, 20.0, -132.0, 270.0
63.52126784, -1.0, -131.0, 207.0
63.526212608, -16.0, -111.0, 143.0
63.531157376, -4.0, -77.0, 134.0
63.536102144, 25.0, -52.0, 132.0
63.541046912, 39.0, -47.0, 107.0
63.54599168, 35.0, -62.0, 71.0
63.550936448, 14.0, -96.0, 103.0
63.555881132, -47.0, -122.0, 208.0
63.560825856, -174.0, -168.0, 238.0
63.565770624, -283.0, -209.0, 225.0
63.570715392, -414.0, -70.0, 79.0
63.57566016, -515.0, 147.0, -64.0
63.580604928, -465.0, 164.0, -401.0
63.585549696, -346.0, 51.0, -636.0
63.590494464, -304.0, -9.0, -405.0
63.595439232, -312.0, -25.0, 44.0
63.600384, -318.0, 1.0, 413.0
63.605328768, -294.0, 28.0, 550.0
63.610273536, -239.0, 46.0, 503.0
63.615218304, -188.0, 18.0, 248.0
63.620163072, -138.0, 7.0, -85.0
63.62510784, -113.0, 14.0, -293.0
63.630052608, -37.0, 26.0, -345.0
63.634997248, 54.0, 40.0, -274.0
63.639942016, 137.0, 60.0, -228.0
63.644886784, 154.0, 77.0, -156.0
63.649831552, 112.0, 91.0, -23.0
63.65477632, 36.0, 93.0, 99.0
63.659721088, -61.0, 89.0, 217.0
63.664665856, -228.0, 113.0, 388.0
63.669610624, -463.0, 165.0, 499.0
63.674555392, -771.0, 233.0, 506.0
63.67950016, -1166.0, 282.0, 399.0
63.684444928, -1655.0, 328.0, 208.0
63.689389696, -2197.0, 280.0, -67.0
63.694334464, -2572.0, 37.0, -449.0
63.699279232, -2611.0, -241.0, -733.0
63.704224, -2341.0, -365.0, -725.0
63.709168768, -1849.0, -361.0, -476.0
63.714113536, -1353.0, -369.0, -184.0
63.719058304, -974.0, -381.0, -73.0
63.724003072, -754.0, -404.0, -149.0
63.72894784, -761.0, -442.0, -212.0
63.733892626, -870.0, -473.0, -123.0
63.738839936, -1007.0, -509.0, -75.0
63.743787264, -1163.0, -539.0, 15.0
63.748734592, -1323.0, -538.0, -38.0
63.75368192, -1455.0, -500.0, -96.0
63.75862912, -1521.0, -427.0, -145.0
63.763576448, -1589.0, -311.0, -194.0
63.768523776, -1673.0, -210.0, -204.0
63.773471104, -1749.0, -111.0, -194.0
63.778418432, -1754.0, -47.0, -179.0
63.78336576, -1702.0, 0.0, -183.0
63.78831296, -1607.0, 11.0, -218.0
63.793260288, -1513.0, 16.0, -227.0
63.798207616, -1415.0, 14.0, -237.0
63.803154944, -1341.0, -1.0, -273.0
63.808102272, -1289.0, -39.0, -344.0
63.8130496, -1253.0, -70.0, -365.0
63.8179968, -1248.0, -74.0, -369.0
63.822944128, -1305.0, -49.0, -329.0
63.827891456, -1424.0, -17.0, -246.0
63.832838784, -1556.0, -7.0, -217.0
63.837786112, -1690.0, -20.0, -248.0
63.84273344, -1767.0, -42.0, -260.0
63.84768064, -1782.0, -77.0, -257.0
63.852627968, -1774.0, -102.0, -226.0
63.857575296, -1779.0, -106.0, -213.0
63.862522624, -1832.0, -97.0, -271.0
63.867469952, -1932.0, -89.0, -336.0
63.87241728, -2024.0, -91.0, -398.0
63.87736448, -2140.0, -82.0, -461.0
63.882311808, -2264.0, -88.0, -469.0
63.887259136, -2421.0, -113.0, -501.0
63.892206464, -2528.0, -137.0, -638.0
63.897153792, -2560.0, -182.0, -747.0
63.90210112, -2499.0, -209.0, -757.0
63.90704832, -2403.0, -224.0, -706.0
63.911995668, -2358.0, -232.0, -670.0
63.91694208, -2391.0, -244.0, -700.0
63.921888512, -2478.0, -284.0, -773.0
63.926834944, -2572.0, -312.0, -793.0
63.931781504, -2623.0, -338.0, -756.0
63.936727936, -2634.0, -360.0, -695.0
63.941674368, -2620.0, -376.0, -628.0
63.9466208, -2573.0, -385.0, -637.0
63.95156736, -2481.0, -402.0, -686.0
63.956513792, -2342.0, -399.0, -666.0
63.961460224, -2208.0, -384.0, -613.0
63.966406656, -2113.0, -342.0, -599.0
63.971353088, -2057.0, -278.0, -599.0
63.976299648, -2017.0, -238.0, -613.0
63.98124608, -1980.0, -201.0, -627.0
63.986192512, -1922.0, -158.0, -615.0
63.991138944, -1857.0, -126.0, -592.0
63.996085376, -1770.0, -111.0, -555.0
64.001031936, -1704.0, -101.0, -506.0
64.005978368, -1656.0, -69.0, -431.0
64.0109248, -1675.0, -39.0, -345.0
64.015871232, -1738.0, -18.0, -329.0
64.020817792, -1783.0, -4.0, -374.0
64.025764224, -1799.0, -7.0, -408.0
64.030710656, -1769.0, -25.0, -393.0
64.035657088, -1709.0, -45.0, -379.0
64.04060352, -1628.0, -78.0, -380.0
64.04555008, -1550.0, -108.0, -356.0
64.050496512, -1493.0, -117.0, -319.0
64.055442944, -1439.0, -128.0, -294.0
64.060389376, -1400.0, -133.0, -278.0
64.065335936, -1389.0, -130.0, -248.0
64.070282368, -1385.0, -137.0, -234.0
64.0752288, -1380.0, -142.0, -237.0
64.080175232, -1359.0, -140.0, -247.0
64.085121664, -1327.0, -133.0, -256.0
64.090068224, -1294.0, -130.0, -249.0
64.095014656, -1256.0, -131.0, -224.0
64.099961088, -1243.0, -124.0, -186.0
64.10490752, -1244.0, -113.0, -171.0
64.10985408, -1286.0, -102.0, -148.0
64.114800512, -1369.0, -96.0, -144.0
64.119746944, -1444.0, -90.0, -167.0
64.124693376, -1499.0, -97.0, -198.0
64.129639808, -1507.0, -100.0, -206.0
64.134586368, -1490.0, -93.0, -205.0
64.1395328, -1451.0, -84.0, -191.0
64.144479232, -1405.0, -84.0, -142.0
64.149425664, -1387.0, -92.0, -128.0
64.154372224, -1385.0, -84.0, -149.0
64.159318656, -1387.0, -69.0, -163.0
64.164265088, -1393.0, -53.0, -129.0
64.16921152, -1418.0, -35.0, -103.0
64.174157952, -1438.0, -25.0, -90.0
64.179104512, -1450.0, -23.0, -81.0
64.184050944, -1471.0, -13.0, -57.0
64.188997376, -1492.0, -1.0, -53.0
64.193943808, -1497.0, -3.0, -94.0
64.19889024, -1479.0, -8.0, -134.0
64.2038368, -1458.0, -16.0, -148.0
64.208783232, -1450.0, -13.0, -127.0
64.213729664, -1446.0, -18.0, -123.0
64.218676096, -1440.0, -21.0, -125.0
64.223622656, -1423.0, -47.0, -94.0
64.228569088, -1436.0, -73.0, -104.0
64.23351552, -1433.0, -108.0, -92.0
64.238461952, -1445.0, -123.0, -67.0
64.243408384, -1491.0, -161.0, -39.0
64.248354944, -1535.0, -178.0, 12.0
64.253301376, -1574.0, -179.0, 58.0
64.258247808, -1565.0, -188.0, -41.0
64.26319424, -1520.0, -176.0, -104.0
64.268140754, -1516.0, -139.0, -205.0
64.273087232, -1536.0, -126.0, -249.0
64.278033664, -1531.0, -132.0, -214.0
64.282980096, -1523.0, -127.0, -167.0
64.287926656, -1537.0, -94.0, -195.0
64.292873088, -1574.0, -52.0, -165.0
64.29781952, -1599.0, -34.0, -62.0
64.302765952, -1591.0, -34.0, 26.0
64.307712384, -1553.0, -29.0, 58.0
64.312658944, -1514.0, -23.0, 55.0
64.317605376, -1451.0, -17.0, 70.0
64.322551808, -1377.0, -2.0, 105.0
64.32749824, -1305.0, 17.0, 68.0
64.3324448, -1238.0, 31.0, -1.0
64.337391232, -1159.0, 44.0, -71.0
64.342337664, -1066.0, 36.0, -109.0
64.347284096, -979.0, 21.0, -130.0
64.352230528, -894.0, -3.0, -150.0
64.357177088, -813.0, -43.0, -176.0
64.36212352, -738.0, -72.0, -202.0
64.367069952, -641.0, -89.0, -220.0
64.372016384, -531.0, -94.0, -203.0
64.376962816, -435.0, -103.0, -148.0
64.381909376, -334.0, -110.0, -100.0
64.386855808, -265.0, -116.0, -78.0
64.39180224, -224.0, -127.0, -89.0
64.396748672, -181.0, -144.0, -121.0
64.401695232, -123.0, -158.0, -166.0
64.406641664, -55.0, -141.0, -194.0
64.411588096, 20.0, -106.0, -224.0
64.416534528, 116.0, -48.0, -272.0
64.42148096, 233.0, 17.0, -318.0
64.42642752, 377.0, 60.0, -328.0
64.431373952, 526.0, 96.0, -293.0
64.436320384, 666.0, 126.0, -216.0
64.441266816, 776.0, 146.0, -154.0
64.446213284, 858.0, 166.0, -146.0
64.451160576, 880.0, 178.0, -202.0
64.456107904, 904.0, 169.0, -233.0
64.461055232, 930.0, 148.0, -203.0
64.466002432, 942.0, 114.0, -171.0
64.47094976, 916.0, 58.0, -166.0
64.475897088, 829.0, 1.0, -133.0
64.480844416, 694.0, -41.0, -138.0
64.485791744, 535.0, -87.0, -187.0
64.490739072, 393.0, -116.0, -276.0
64.495686272, 272.0, -164.0, -342.0
64.5006336, 216.0, -186.0, -357.0
64.505580928, 186.0, -171.0, -370.0
64.510528256, 192.0, -164.0, -297.0
64.515475584, 196.0, -130.0, -196.0
64.520422912, 178.0, -113.0, -125.0
64.525370112, 156.0, -108.0, -55.0
64.53031744, 136.0, -101.0, 3.0
64.535264768, 93.0, -70.0, -10.0
64.540212096, 31.0, -51.0, -36.0
64.545159424, -30.0, -27.0, -39.0
64.550106752, -94.0, -4.0, -27.0
64.555053952, -163.0, 13.0, -13.0
64.56000128, -232.0, 24.0, -17.0
64.564948608, -315.0, 24.0, -14.0
64.569895936, -455.0, 21.0, -31.0
64.574843264, -417.0, 37.0, -77.0
64.579790592, -415.0, 25.0, -43.0
64.584737792, -445.0, 25.0, 6.0
64.58968512, -448.0, 30.0, 6.0
64.594632448, -461.0, 42.0, 9.0
64.599579776, -479.0, 40.0, 7.0
64.604527104, -481.0, 26.0, 17.0
64.609474432, -469.0, 15.0, 20.0
64.614421632, -458.0, -1.0, -18.0
64.61936896, -456.0, -29.0, -88.0
64.624316306, -461.0, -51.0, -151.0
64.629266176, -470.0, -65.0, -180.0
64.634216064, -483.0, -63.0, -111.0
64.639165824, -496.0, -48.0, 12.0
64.644115712, -542.0, -21.0, 180.0
64.6490656, -620.0, 3.0, 363.0
64.654015488, -719.0, 10.0, 520.0
64.658965248, -836.0, 10.0, 589.0
64.663915136, -1010.0, 13.0, 573.0
64.668865024, -1240.0, 17.0, 501.0
64.673814784, -1562.0, 28.0, 414.0
64.678764672, -1996.0, 54.0, 328.0
64.68371456, -2519.0, 92.0, 200.0
64.688664448, -2948.0, 60.0, -110.0
64.693614208, -3034.0, -53.0, -426.0
64.698564096, -2714.0, -135.0, -400.0
64.703513984, -2124.0, -179.0, -70.0
64.708463744, -1560.0, -203.0, 125.0
64.713413632, -1314.0, -184.0, 191.0
64.71836352, -1285.0, -129.0, 93.0
64.72331328, -1276.0, -115.0, 68.0
64.728263168, -1221.0, -118.0, 90.0
64.733213056, -1167.0, -120.0, 340.0
64.738162944, -1124.0, -122.0, 414.0
64.743112704, -1296.0, -155.0, 367.0
64.748062592, -1547.0, -179.0, 411.0
64.75301248, -1831.0, -206.0, 432.0
64.75796224, -2126.0, -192.0, 491.0
64.762912128, -2239.0, -206.0, 529.0
64.767862016, -2182.0, -229.0, 547.0
64.772811904, -1985.0, -239.0, 570.0
64.777761664, -1789.0, -236.0, 565.0
64.782711552, -1595.0, -230.0, 531.0
64.78766144, -1453.0, -177.0, 483.0
64.7926112, -1308.0, -105.0, 405.0
64.797561088, -1176.0, -43.0, 315.0
64.802510938, -1054.0, 13.0, 256.0
64.807459968, -973.0, 63.0, 192.0
64.81240896, -893.0, 114.0, 125.0
64.817357952, -840.0, 132.0, 91.0
64.822306944, -803.0, 143.0, 94.0
64.827255936, -761.0, 139.0, 119.0
64.832204928, -715.0, 129.0, 165.0
64.83715392, -674.0, 123.0, 205.0
64.84210304, -636.0, 118.0, 225.0
64.847052032, -606.0, 113.0, 241.0
64.852001024, -549.0, 110.0, 275.0
64.856950016, -503.0, 101.0, 293.0
64.861899008, -486.0, 89.0, 295.0
64.866848, -466.0, 81.0, 304.0
64.871796992, -452.0, 66.0, 308.0
64.876745984, -449.0, 58.0, 309.0
64.881694976, -451.0, 51.0, 294.0
64.886643968, -453.0, 38.0, 272.0
64.89159296, -466.0, 24.0, 257.0
64.896541952, -485.0, 10.0, 260.0
64.901490944, -500.0, -10.0, 274.0
64.906440064, -531.0, -34.0, 285.0
64.911389056, -577.0, -45.0, 316.0
64.916338048, -626.0, -56.0, 347.0
64.92128704, -701.0, -62.0, 380.0
64.926236032, -782.0, -66.0, 403.0
64.931185024, -892.0, -71.0, 428.0
64.936134016, -1019.0, -60.0, 438.0
64.941083008, -1212.0, -48.0, 432.0
64.946032, -1465.0, -38.0, 414.0
64.950980992, -1704.0, -77.0, 345.0
64.955929984, -1867.0, -163.0, 250.0
64.960878976, -1858.0, -254.0, 162.0
64.965828096, -1672.0, -320.0, 223.0
64.970777088, -1414.0, -343.0, 331.0
64.97572608, -1150.0, -316.0, 444.0
64.980675012, -991.0, -273.0, 455.0
64.985623168, -934.0, -235.0, 412.0
64.990571264, -923.0, -193.0, 373.0
64.995519488, -948.0, -142.0, 346.0
65.000467584, -966.0, -114.0, 334.0
65.005415808, -982.0, -94.0, 327.0
65.010363904, -1008.0, -76.0, 318.0
65.015312128, -990.0, -58.0, 292.0
65.020260224, -990.0, -57.0, 279.0
65.025208448, -988.0, -65.0, 266.0
65.030156544, -972.0, -76.0, 264.0
65.035104768, -959.0, -76.0, 279.0
65.040052864, -953.0, -80.0, 299.0
65.04500096, -952.0, -80.0, 290.0
65.049949184, -951.0, -76.0, 266.0
65.05489728, -955.0, -71.0, 258.0
65.059845504, -948.0, -69.0, 256.0
65.0647936, -926.0, -67.0, 257.0
65.069741824, -915.0, -59.0, 250.0
65.07468992, -897.0, -52.0, 242.0
65.079638144, -886.0, -48.0, 229.0
65.08458624, -875.0, -36.0, 202.0
65.089534464, -853.0, -23.0, 161.0
65.09448256, -825.0, -13.0, 133.0
65.099430656, -808.0, -3.0, 132.0
65.10437888, -801.0, 7.0, 134.0
65.109326976, -796.0, 11.0, 133.0
65.1142752, -800.0, 13.0, 135.0
65.119223296, -805.0, 15.0, 137.0
65.12417152, -810.0, 13.0, 140.0
65.129119616, -812.0, 10.0, 149.0
65.13406784, -822.0, 8.0, 164.0
65.139015936, -840.0, 5.0, 164.0
65.14396416, -868.0, 4.0, 159.0
65.148912256, -880.0, 1.0, 152.0
65.153860352, -888.0, -2.0, 151.0
65.158808568, -888.0, -10.0, 165.0
65.163756672, -886.0, -12.0, 184.0
65.168704768, -880.0, -11.0, 209.0
65.173652992, -865.0, -13.0, 212.0
65.178601088, -830.0, -17.0, 194.0
65.183549312, -801.0, -19.0, 164.0
65.188497408, -768.0, -17.0, 124.0
65.193445632, -731.0, -11.0, 102.0
65.198393728, -678.0, -14.0, 66.0
65.203341952, -622.0, -18.0, 39.0
65.208290048, -583.0, -18.0, 20.0
65.213238272, -542.0, -24.0, 5.0
65.218186368, -505.0, -21.0, -10.0
65.223134464, -485.0, -18.0, -12.0
65.228082688, -446.0, -22.0, -15.0
65.233030784, -399.0, -21.0, -11.0
65.237979008, -379.0, -21.0, -4.0
65.242927104, -355.0, -21.0, 7.0
65.247875328, -334.0, -12.0, 7.0
65.252823424, -321.0, -8.0, 5.0
65.257771648, -316.0, -1.0, -2.0
65.262719744, -311.0, -1.0, -19.0
65.267667968, -303.0, -3.0, -65.0
65.272616064, -287.0, -12.0, -108.0
65.277564288, -264.0, -20.0, -150.0
65.282512384, -243.0, -34.0, -147.0
65.28746048, -200.0, -55.0, -93.0
65.292408704, -134.0, -71.0, 9.0
65.2973568, -103.0, -66.0, 150.0
65.302305024, -93.0, -45.0, 295.0
65.30725312, -118.0, -6.0, 424.0
65.312201344, -162.0, 28.0, 500.0
65.31714944, -204.0, 58.0, 520.0
65.322097664, -236.0, 70.0, 495.0
65.32704576, -274.0, 84.0, 375.0
65.331993984, -323.0, 72.0, 182.0
65.336942134, -359.0, 37.0, -25.0
65.341890176, -350.0, -10.0, -129.0
65.346838272, -352.0, -105.0, -140.0
65.351786496, -423.0, -134.0, -56.0
65.356734592, -564.0, -112.0, -163.0
65.361682816, -659.0, -146.0, -400.0
65.366630912, -663.0, -208.0, -521.0
65.371579136, -589.0, -240.0, -397.0
65.376527232, -492.0, -235.0, -106.0
65.381475456, -414.0, -178.0, 218.0
65.386423552, -358.0, -101.0, 462.0
65.391371776, -321.0, -38.0, 418.0
65.396319872, -307.0, -2.0, 90.0
65.401267968, -271.0, -2.0, -200.0
65.406216192, -243.0, -18.0, -344.0
65.411164288, -220.0, -24.0, -359.0
65.416112512, -190.0, -18.0, -323.0
65.421060608, -124.0, 4.0, -245.0
65.426008832, -70.0, 25.0, -144.0
65.430956928, -42.0, 44.0, -43.0
65.435905152, -78.0, 43.0, 25.0
65.440853248, -169.0, 31.0, 91.0
65.445801472, -305.0, 28.0, 130.0
65.450749568, -478.0, 35.0, 156.0
65.455697792, -637.0, 74.0, 199.0
65.460645888, -797.0, 137.0, 227.0
65.465593984, -989.0, 223.0, 182.0
65.470542208, -1186.0, 278.0, 58.0
65.475490304, -1370.0, 307.0, -169.0
65.480438528, -1497.0, 265.0, -380.0
65.485386624, -1506.0, 193.0, -458.0
65.490334848, -1429.0, 84.0, -441.0
65.495282944, -1324.0, -6.0, -383.0
65.500231168, -1213.0, -77.0, -287.0
65.505179264, -1088.0, -144.0, -202.0
65.510127488, -979.0, -210.0, -73.0
65.5150757, -923.0, -239.0, 49.0
65.52002304, -952.0, -279.0, 105.0
65.524970368, -1020.0, -317.0, 99.0
65.529917696, -1139.0, -319.0, 77.0
65.534864896, -1287.0, -284.0, 54.0
65.539812224, -1447.0, -235.0, 6.0
65.544759552, -1576.0, -186.0, -85.0
65.54970688, -1651.0, -130.0, -257.0
65.554654208, -1665.0, -113.0, -392.0
65.559601536, -1608.0, -112.0, -412.0
65.564548736, -1534.0, -116.0, -351.0
65.569496064, -1509.0, -126.0, -283.0
65.574443392, -1510.0, -139.0, -242.0
65.57939072, -1520.0, -167.0, -182.0
65.584338048, -1574.0, -205.0, -107.0
65.589285376, -1653.0, -239.0, -60.0
65.594232576, -1734.0, -291.0, -72.0
65.599179904, -1778.0, -322.0, -113.0
65.604127232, -1805.0, -318.0, -152.0
65.60907456, -1829.0, -293.0, -142.0
65.614021888, -1877.0, -277.0, -171.0
65.618969216, -1905.0, -255.0, -234.0
65.623916416, -1913.0, -240.0, -294.0
65.628863744, -1888.0, -221.0, -326.0
65.633811072, -1837.0, -174.0, -308.0
65.6387584, -1785.0, -112.0, -252.0
65.643705728, -1765.0, -71.0, -201.0
65.648653056, -1771.0, -35.0, -239.0
65.653600256, -1804.0, -15.0, -336.0
65.658547584, -1860.0, -7.0, -433.0
65.663494912, -1925.0, 9.0, -501.0
65.66844224, -1993.0, 14.0, -568.0
65.673389568, -2081.0, 18.0, -611.0
65.678336896, -2187.0, 12.0, -664.0
65.683284096, -2295.0, -5.0, -709.0
65.688231424, -2377.0, -54.0, -724.0
65.693178738, -2428.0, -102.0, -653.0
65.698125184, -2478.0, -129.0, -629.0
65.703071616, -2495.0, -167.0, -695.0
65.708018048, -2508.0, -189.0, -736.0
65.712964608, -2554.0, -193.0, -714.0
65.71791104, -2609.0, -194.0, -741.0
65.722857472, -2646.0, -191.0, -806.0
65.727803904, -2629.0, -186.0, -856.0
65.732750464, -2543.0, -175.0, -870.0
65.737696896, -2427.0, -194.0, -879.0
65.742643328, -2287.0, -228.0, -846.0
65.74758976, -2195.0, -259.0, -760.0
65.752536192, -2111.0, -291.0, -649.0
65.757482752, -2047.0, -305.0, -569.0
65.762429184, -2004.0, -293.0, -541.0
65.767375616, -1982.0, -259.0, -551.0
65.772322048, -1958.0, -223.0, -538.0
65.77726848, -1946.0, -168.0, -498.0
65.78221504, -1928.0, -116.0, -495.0
65.787161472, -1900.0, -77.0, -509.0
65.792107904, -1870.0, -52.0, -500.0
65.797054336, -1806.0, -38.0, -467.0
65.802000896, -1746.0, -30.0, -412.0
65.806947328, -1679.0, -24.0, -372.0
65.81189376, -1616.0, -26.0, -301.0
65.816840192, -1562.0, -24.0, -238.0
65.821786624, -1530.0, -23.0, -227.0
65.826733184, -1513.0, -30.0, -229.0
65.831679616, -1501.0, -45.0, -229.0
65.836626048, -1470.0, -53.0, -246.0
65.84157248, -1435.0, -67.0, -253.0
65.84651904, -1401.0, -79.0, -233.0
65.851465472, -1386.0, -93.0, -225.0
65.856411904, -1376.0, -90.0, -225.0
65.861358336, -1374.0, -84.0, -233.0
65.866304768, -1371.0, -75.0, -229.0
65.871251294, -1362.0, -67.0, -232.0
65.876199424, -1331.0, -67.0, -217.0
65.88114752, -1312.0, -62.0, -156.0
65.886095744, -1317.0, -56.0, -105.0
65.89104384, -1355.0, -56.0, -94.0
65.895992064, -1390.0, -53.0, -116.0
65.90094016, -1428.0, -50.0, -157.0
65.905888384, -1444.0, -53.0, -165.0
65.91083648, -1450.0, -44.0, -154.0
65.915784704, -1456.0, -37.0, -153.0
65.9207328, -1455.0, -32.0, -176.0
65.925681024, -1422.0, -35.0, -167.0
65.93062912, -1386.0, -42.0, -111.0
65.935577216, -1360.0, -45.0, -92.0
65.94052544, -1346.0, -53.0, -76.0
65.945473536, -1357.0, -54.0, -72.0
65.95042176, -1389.0, -61.0, -72.0
65.955369856, -1431.0, -55.0, -69.0
65.96031808, -1474.0, -49.0, -64.0
65.965266176, -1508.0, -45.0, -58.0
65.9702144, -1519.0, -33.0, -63.0
65.975162496, -1519.0, -16.0, -60.0
65.98011072, -1513.0, -12.0, -33.0
65.985058816, -1509.0, -14.0, -1.0
65.990006912, -1526.0, -14.0, -3.0
65.994955136, -1524.0, -32.0, -36.0
65.999903232, -1532.0, -28.0, -82.0
66.004851456, -1521.0, -28.0, -108.0
66.009799552, -1513.0, -32.0, -120.0
66.014747776, -1507.0, -25.0, -99.0
66.019695872, -1480.0, -13.0, -89.0
66.024644096, -1458.0, -8.0, -96.0
66.029592192, -1423.0, -15.0, -119.0
66.034540416, -1398.0, -16.0, -169.0
66.039488512, -1442.0, -13.0, -106.0
66.044436608, -1505.0, -8.0, -21.0
66.049384844, -1526.0, 1.0, 61.0
66.054332928, -1550.0, 7.0, 136.0
66.059281024, -1580.0, 9.0, 176.0
66.064229248, -1646.0, 4.0, 150.0
66.069177344, -1738.0, -10.0, 83.0
66.074125568, -1781.0, -32.0, -43.0
66.079073664, -1789.0, -52.0, -152.0
66.084021888, -1727.0, -59.0, -198.0
66.088969984, -1595.0, -60.0, -173.0
66.093918208, -1467.0, -66.0, -114.0
66.098866304, -1325.0, -64.0, -35.0
66.103814528, -1235.0, -53.0, 30.0
66.108762624, -1223.0, -46.0, 70.0
66.11371072, -1247.0, -37.0, 84.0
66.118658944, -1247.0, -28.0, 84.0
66.12360704, -1242.0, -14.0, 30.0
66.128555264, -1212.0, -4.0, -64.0
66.13350336, -1140.0, 7.0, -190.0
66.138451584, -1016.0, 19.0, -248.0
66.14339968, -857.0, 46.0, -204.0
66.148347904, -687.0, 60.0, -100.0
66.153296, -548.0, 65.0, -13.0
66.158244224, -480.0, 65.0, 18.0
66.16319232, -460.0, 50.0, -12.0
66.168140544, -475.0, 31.0, -76.0
66.17308864, -464.0, 8.0, -112.0
66.178036736, -441.0, -11.0, -116.0
66.18298496, -369.0, -10.0, -153.0
66.187933056, -262.0, 1.0, -188.0
66.19288128, -137.0, 14.0, -203.0
66.197829376, 6.0, 22.0, -242.0
66.2027776, 154.0, 46.0, -318.0
66.207725696, 265.0, 79.0, -435.0
66.21267392, 371.0, 113.0, -519.0
66.217622016, 458.0, 138.0, -555.0
66.22257024, 551.0, 155.0, -545.0
66.22751841, 649.0, 148.0, -527.0
66.232468352, 724.0, 125.0, -506.0
66.23741824, 764.0, 104.0, -487.0
66.242368, 785.0, 76.0, -468.0
66.247317888, 818.0, 53.0, -433.0
66.252267776, 867.0, 22.0, -371.0
66.257217664, 919.0, 3.0, -288.0
66.262167424, 947.0, -19.0, -195.0
66.267117312, 893.0, -51.0, -76.0
66.2720672, 755.0, -65.0, -10.0
66.27701696, 575.0, -89.0, -5.0
66.281966848, 438.0, -110.0, -77.0
66.286916736, 342.0, -139.0, -170.0
66.291866496, 286.0, -172.0, -208.0
66.296816384, 263.0, -211.0, -169.0
66.301766272, 254.0, -232.0, -61.0
66.30671616, 241.0, -215.0, 89.0
66.31166592, 225.0, -141.0, 234.0
66.316615808, 162.0, -83.0, 259.0
66.321565696, 71.0, -32.0, 175.0
66.326515456, 0.0, -1.0, 77.0
66.331465344, -92.0, 7.0, 8.0
66.336415232, -211.0, 20.0, -10.0
66.34136512, -163.0, 21.0, 9.0
66.34631488, -205.0, 45.0, 40.0
66.351264768, -265.0, 57.0, 93.0
66.356214656, -326.0, 44.0, 100.0
66.361164416, -407.0, 31.0, 86.0
66.366114304, -484.0, 25.0, 66.0
66.371064192, -542.0, 30.0, 47.0
66.37601408, -601.0, 40.0, 13.0
66.38096384, -619.0, 58.0, -16.0
66.385913728, -624.0, 72.0, -48.0
66.390863616, -615.0, 104.0, -93.0
66.395813376, -579.0, 114.0, -153.0
66.400763264, -546.0, 120.0, -219.0
66.405713032, -504.0, 123.0, -287.0
66.410664576, -474.0, 118.0, -333.0
66.415616128, -439.0, 93.0, -360.0
66.42056768, -398.0, 55.0, -371.0
66.425519232, -386.0, 43.0, -364.0
66.430470784, -372.0, 40.0, -298.0
66.435422336, -366.0, 44.0, -137.0
66.440373888, -389.0, 55.0, 113.0
66.44532544, -460.0, 84.0, 378.0
66.450276992, -581.0, 111.0, 511.0
66.455228544, -777.0, 121.0, 506.0
66.460179968, -991.0, 128.0, 432.0
66.46513152, -1209.0, 151.0, 406.0
66.470083072, -1468.0, 188.0, 488.0
66.475034624, -1788.0, 223.0, 625.0
66.479986176, -2184.0, 237.0, 761.0
66.484937728, -2599.0, 150.0, 715.0
66.48988928, -2803.0, -70.0, 487.0
66.494840832, -2641.0, -292.0, 285.0
66.499792384, -2128.0, -397.0, 245.0
66.504743936, -1594.0, -387.0, 284.0
66.509695488, -1278.0, -352.0, 114.0
66.51464704, -1199.0, -323.0, -155.0
66.519598592, -1146.0, -271.0, -183.0
66.524550144, -1041.0, -228.0, -80.0
66.529501696, -971.0, -197.0, 28.0
66.534453248, -1009.0, -144.0, 186.0
66.5394048, -1150.0, -101.0, 387.0
66.544356352, -1450.0, -57.0, 585.0
66.549307776, -1912.0, -26.0, 825.0
66.554259328, -2520.0, 5.0, 1060.0
66.55921088, -3049.0, -14.0, 1151.0
66.564162432, -3116.0, -61.0, 1229.0
66.569113984, -2782.0, -64.0, 1283.0
66.574065536, -2342.0, -49.0, 1042.0
66.579017088, -2021.0, -33.0, 618.0
66.583968654, -1712.0, -58.0, 323.0
66.588915968, -1377.0, -90.0, 21.0
66.593863296, -1027.0, -101.0, -197.0
66.598810624, -777.0, -98.0, -389.0
66.603757824, -685.0, -99.0, -351.0
66.608705152, -662.0, -76.0, -165.0
66.61365248, -604.0, -71.0, 58.0
66.618599808, -542.0, -48.0, 281.0
66.623547136, -516.0, -18.0, 425.0
66.628494464, -484.0, -1.0, 506.0
66.633441664, -432.0, 0.0, 541.0
66.638388992, -395.0, -5.0, 510.0
66.64333632, -388.0, -18.0, 393.0
66.648283648, -395.0, -28.0, 249.0
66.653230976, -390.0, -36.0, 155.0
66.658178304, -382.0, -39.0, 136.0
66.663125504, -355.0, -39.0, 157.0
66.668072832, -350.0, -47.0, 181.0
66.67302016, -366.0, -57.0, 224.0
66.677967488, -377.0, -64.0, 249.0
66.682914816, -392.0, -72.0, 261.0
66.687862144, -417.0, -70.0, 295.0
66.692809344, -449.0, -76.0, 334.0
66.697756672, -478.0, -65.0, 382.0
66.702704, -526.0, -63.0, 404.0
66.707651328, -618.0, -50.0, 430.0
66.712598656, -733.0, -38.0, 470.0
66.717545984, -886.0, -8.0, 501.0
66.722493184, -1125.0, 27.0, 507.0
66.727440512, -1517.0, 93.0, 452.0
66.73238784, -1902.0, 88.0, 313.0
66.737335168, -2036.0, -14.0, 264.0
66.742282496, -1844.0, -167.0, 413.0
66.747229824, -1546.0, -284.0, 399.0
66.752177024, -1220.0, -373.0, 282.0
66.757124352, -937.0, -370.0, 376.0
66.762071688, -789.0, -323.0, 433.0
66.767017344, -750.0, -286.0, 412.0
66.771963008, -745.0, -252.0, 390.0
66.776908544, -764.0, -236.0, 374.0
66.781854208, -794.0, -214.0, 371.0
66.786799744, -813.0, -187.0, 365.0
66.791745408, -812.0, -163.0, 363.0
66.796691072, -833.0, -127.0, 430.0
66.801636608, -894.0, -117.0, 405.0
66.806582272, -923.0, -111.0, 430.0
66.811527808, -969.0, -105.0, 432.0
66.816473472, -997.0, -105.0, 452.0
66.821419136, -998.0, -108.0, 478.0
66.826364672, -994.0, -112.0, 475.0
66.831310336, -990.0, -114.0, 451.0
66.836255872, -991.0, -116.0, 434.0
66.841201536, -987.0, -117.0, 425.0
66.846147072, -977.0, -114.0, 392.0
66.851092736, -966.0, -107.0, 343.0
66.8560384, -947.0, -95.0, 299.0
66.860983936, -902.0, -87.0, 262.0
66.8659296, -867.0, -78.0, 263.0
66.870875136, -811.0, -63.0, 314.0
66.8758208, -787.0, -40.0, 342.0
66.880766464, -775.0, -28.0, 321.0
66.885712, -770.0, -20.0, 263.0
66.890657664, -771.0, -19.0, 229.0
66.8956032, -777.0, -10.0, 220.0
66.900548864, -792.0, -6.0, 222.0
66.905494528, -816.0, -2.0, 198.0
66.910440064, -857.0, -9.0, 180.0
66.915385728, -884.0, -19.0, 154.0
66.920331264, -896.0, -26.0, 150.0
66.925276928, -899.0, -38.0, 158.0
66.930222592, -900.0, -48.0, 171.0
66.935168128, -902.0, -68.0, 209.0
66.940113716, -917.0, -85.0, 227.0
66.945060992, -906.0, -98.0, 201.0
66.95000832, -891.0, -101.0, 225.0
66.954955648, -878.0, -98.0, 233.0
66.959902848, -851.0, -99.0, 240.0
66.964850176, -815.0, -100.0, 224.0
66.969797504, -783.0, -86.0, 203.0
66.974744832, -756.0, -72.0, 161.0
66.97969216, -723.0, -63.0, 136.0
66.984639488, -693.0, -59.0, 123.0
66.989586688, -649.0, -56.0, 86.0
66.994534016, -620.0, -56.0, 41.0
66.999481344, -594.0, -53.0, 7.0
67.004428672, -545.0, -51.0, -4.0
67.009376, -498.0, -43.0, 5.0
67.014323328, -465.0, -33.0, 20.0
67.019270528, -415.0, -20.0, 28.0
67.024217856, -384.0, -4.0, 21.0
67.029165184, -350.0, 14.0, 3.0
67.034112512, -299.0, 17.0, -7.0
67.03905984, -258.0, 20.0, -14.0
67.044007168, -233.0, 29.0, 3.0
67.048954368, -195.0, 47.0, 11.0
67.053901696, -159.0, 62.0, 11.0
67.058849024, -118.0, 62.0, -5.0
67.063796352, -84.0, 61.0, -15.0
67.06874368, -39.0, 47.0, -28.0
67.073691008, -5.0, 29.0, -3.0
67.078638208, 7.0, 17.0, 19.0
67.083585536, 0.0, 6.0, 53.0
67.088532864, -23.0, -3.0, 87.0
67.093480192, -63.0, 1.0, 151.0
67.09842752, -116.0, 7.0, 231.0
67.103374848, -182.0, -24.0, 268.0
67.108322048, -250.0, -85.0, 261.0
67.113269376, -340.0, -148.0, 221.0
67.118216748, -413.0, -198.0, 169.0
67.123162368, -436.0, -207.0, 183.0
67.128108032, -390.0, -205.0, 236.0
67.133053568, -316.0, -192.0, 261.0
67.137999232, -255.0, -198.0, 256.0
67.142944768, -255.0, -191.0, 207.0
67.147890432, -325.0, -154.0, 121.0
67.152836096, -439.0, -146.0, 104.0
67.157781632, -561.0, -219.0, -91.0
67.162727296, -714.0, -235.0, -480.0
67.167672832, -778.0, -172.0, -660.0
67.172618496, -701.0, -60.0, -564.0
67.17756416, -500.0, 54.0, -305.0
67.182509696, -322.0, 161.0, 62.0
67.18745536, -250.0, 259.0, 334.0
67.192400896, -283.0, 357.0, 334.0
67.19734656, -322.0, 390.0, 178.0
67.202292096, -328.0, 375.0, 17.0
67.20723776, -317.0, 325.0, -88.0
67.212183424, -319.0, 300.0, -122.0
67.21712896, -338.0, 301.0, -158.0
67.222074624, -340.0, 306.0, -220.0
67.22702016, -326.0, 307.0, -249.0
67.231965824, -313.0, 298.0, -215.0
67.236911488, -327.0, 282.0, -94.0
67.241857024, -396.0, 263.0, 87.0
67.246802688, -522.0, 249.0, 196.0
67.251748224, -769.0, 252.0, 229.0
67.256693888, -1121.0, 252.0, 200.0
67.261639552, -1540.0, 226.0, 100.0
67.266585088, -1925.0, 142.0, -121.0
67.271530752, -2156.0, 37.0, -412.0
67.276476288, -2132.0, -64.0, -634.0
67.281421952, -1888.0, -115.0, -658.0
67.286367616, -1523.0, -124.0, -506.0
67.291313152, -1162.0, -133.0, -331.0
67.296258776, -929.0, -161.0, -186.0
67.301208704, -807.0, -200.0, -95.0
67.306158592, -800.0, -240.0, -123.0
67.311108352, -890.0, -303.0, -166.0
67.31605824, -1033.0, -366.0, -168.0
67.321008128, -1185.0, -396.0, -154.0
67.325958016, -1335.0, -423.0, -148.0
67.330907776, -1505.0, -411.0, -96.0
67.335857664, -1674.0, -372.0, -39.0
67.340807552, -1787.0, -327.0, -88.0
67.345757312, -1835.0, -289.0, -195.0
67.3507072, -1814.0, -278.0, -261.0
67.355657088, -1754.0, -282.0, -312.0
67.360606848, -1658.0, -292.0, -415.0
67.365556736, -1572.0, -317.0, -476.0
67.370506624, -1509.0, -355.0, -481.0
67.375456512, -1467.0, -369.0, -473.0
67.380406272, -1468.0, -373.0, -456.0
67.38535616, -1533.0, -354.0, -402.0
67.390306048, -1649.0, -290.0, -326.0
67.395255808, -1795.0, -214.0, -223.0
67.400205696, -1935.0, -137.0, -166.0
67.405155584, -2044.0, -74.0, -119.0
67.410105472, -2102.0, -20.0, -120.0
67.415055232, -2073.0, 24.0, -170.0
67.42000512, -2004.0, 79.0, -226.0
67.424955008, -1939.0, 134.0, -281.0
67.429904768, -1871.0, 189.0, -330.0
67.434854656, -1844.0, 234.0, -348.0
67.439804544, -1887.0, 248.0, -420.0
67.444754304, -1962.0, 250.0, -514.0
67.449704192, -2035.0, 233.0, -613.0
67.45465408, -2110.0, 183.0, -649.0
67.459603968, -2167.0, 117.0, -609.0
67.464553728, -2204.0, 41.0, -583.0
67.469503616, -2232.0, -33.0, -553.0
67.474453392, -2254.0, -109.0, -504.0
67.479401472, -2334.0, -165.0, -505.0
67.484349568, -2419.0, -217.0, -560.0
67.489297792, -2492.0, -255.0, -591.0
67.494245888, -2545.0, -299.0, -633.0
67.499194112, -2566.0, -322.0, -732.0
67.504142208, -2543.0, -348.0, -782.0
67.509090432, -2471.0, -379.0, -783.0
67.514038528, -2366.0, -408.0, -753.0
67.518986752, -2262.0, -450.0, -722.0
67.523934848, -2181.0, -481.0, -709.0
67.528883072, -2105.0, -486.0, -725.0
67.533831168, -2036.0, -476.0, -696.0
67.538779264, -1979.0, -430.0, -646.0
67.543727488, -1929.0, -374.0, -594.0
67.548675584, -1899.0, -307.0, -541.0
67.553623808, -1890.0, -243.0, -503.0
67.558571904, -1901.0, -183.0, -478.0
67.563520128, -1942.0, -116.0, -446.0
67.568468224, -1979.0, -58.0, -411.0
67.573416448, -1974.0, -7.0, -381.0
67.578364544, -1921.0, 11.0, -345.0
67.583312768, -1839.0, 22.0, -265.0
67.588260864, -1769.0, 29.0, -209.0
67.59320896, -1735.0, 37.0, -197.0
67.598157184, -1690.0, 43.0, -222.0
67.60310528, -1629.0, 41.0, -261.0
67.608053504, -1554.0, 27.0, -310.0
67.6130016, -1490.0, 12.0, -322.0
67.617949824, -1417.0, 0.0, -274.0
67.62289792, -1379.0, -27.0, -219.0
67.627846144, -1375.0, -51.0, -173.0
67.63279424, -1390.0, -69.0, -181.0
67.637742464, -1434.0, -79.0, -218.0
67.64269056, -1452.0, -88.0, -259.0
67.647638656, -1444.0, -93.0, -266.0
67.652586938, -1420.0, -94.0, -231.0
67.657534208, -1398.0, -94.0, -183.0
67.662481536, -1399.0, -93.0, -158.0
67.667428864, -1426.0, -77.0, -187.0
67.672376064, -1451.0, -68.0, -230.0
67.677323392, -1453.0, -60.0, -232.0
67.68227072, -1424.0, -55.0, -201.0
67.687218048, -1385.0, -49.0, -145.0
67.692165376, -1345.0, -37.0, -108.0
67.697112704, -1317.0, -13.0, -94.0
67.702059904, -1314.0, 4.0, -96.0
67.707007232, -1331.0, 5.0, -119.0
67.71195456, -1359.0, 8.0, -149.0
67.716901888, -1377.0, -1.0, -167.0
67.721849216, -1375.0, -17.0, -146.0
67.726796544, -1355.0, -33.0, -137.0
67.731743744, -1325.0, -42.0, -149.0
67.736691072, -1337.0, -39.0, -182.0
67.7416384, -1369.0, -32.0, -174.0
67.746585728, -1384.0, -38.0, -176.0
67.751533056, -1419.0, -50.0, -212.0
67.756480384, -1444.0, -44.0, -211.0
67.761427584, -1457.0, -39.0, -221.0
67.766374912, -1452.0, -31.0, -175.0
67.77132224, -1458.0, -39.0, -192.0
67.776269568, -1460.0, -27.0, -189.0
67.781216896, -1422.0, -13.0, -132.0
67.786164224, -1391.0, -3.0, -13.0
67.791111424, -1375.0, 2.0, 82.0
67.796058752, -1386.0, 5.0, 109.0
67.80100608, -1429.0, 6.0, 107.0
67.805953408, -1495.0, 1.0, 74.0
67.810900736, -1521.0, -16.0, 66.0
67.815848064, -1566.0, -23.0, 90.0
67.820795264, -1614.0, -26.0, 85.0
67.825742592, -1651.0, -14.0, 41.0
67.830689976, -1690.0, -28.0, -30.0
67.835636352, -1707.0, -28.0, -40.0
67.840582784, -1707.0, -28.0, -16.0
67.845529216, -1694.0, -36.0, 11.0
67.850475776, -1647.0, -50.0, 19.0
67.855422208, -1617.0, -67.0, -9.0
67.86036864, -1612.0, -66.0, -42.0
67.865315072, -1584.0, -60.0, -91.0
67.870261632, -1521.0, -52.0, -105.0
67.875208064, -1442.0, -39.0, -126.0
67.880154496, -1360.0, -30.0, -110.0
67.885100928, -1284.0, -33.0, -86.0
67.89004736, -1216.0, -41.0, -11.0
67.89499392, -1121.0, -47.0, 78.0
67.899940352, -1060.0, -44.0, 123.0
67.904886784, -1045.0, -35.0, 112.0
67.909833216, -1054.0, -13.0, 60.0
67.914779648, -1037.0, 0.0, -6.0
67.919726208, -993.0, 7.0, -27.0
67.92467264, -910.0, 8.0, -24.0
67.929619072, -813.0, 10.0, 13.0
67.934565504, -730.0, 11.0, 15.0
67.939512064, -650.0, 10.0, 2.0
67.944458496, -585.0, 13.0, -23.0
67.949404928, -529.0, 14.0, -36.0
67.95435136, -474.0, 12.0, -30.0
67.959297792, -395.0, 1.0, -27.0
67.964244352, -303.0, -26.0, -42.0
67.969190784, -245.0, -36.0, -109.0
67.974137216, -207.0, -18.0, -253.0
67.979083648, -131.0, 8.0, -406.0
67.984030208, -18.0, 31.0, -481.0
67.98897664, 145.0, 80.0, -486.0
67.993923072, 334.0, 122.0, -472.0
67.998869504, 507.0, 161.0, -441.0
68.003815936, 633.0, 193.0, -409.0
68.008762532, 715.0, 188.0, -377.0
68.013709824, 739.0, 164.0, -388.0
68.018657152, 736.0, 145.0, -415.0
68.02360448, 742.0, 149.0, -405.0
68.02855168, 759.0, 142.0, -372.0
68.033499008, 765.0, 140.0, -337.0
68.038446336, 757.0, 131.0, -318.0
68.043393664, 750.0, 116.0, -286.0
68.048340992, 739.0, 101.0, -271.0
68.05328832, 679.0, 68.0, -200.0
68.05823552, 613.0, 13.0, -176.0
68.063182848, 534.0, -42.0, -162.0
68.068130176, 459.0, -101.0, -144.0
68.073077504, 394.0, -147.0, -122.0
68.078024832, 355.0, -183.0, -75.0
68.08297216, 326.0, -206.0, -16.0
68.08791936, 292.0, -213.0, 57.0
68.092866688, 255.0, -197.0, 121.0
68.097814016, 205.0, -154.0, 146.0
68.102761344, 100.0, -106.0, 128.0
68.107708672, -17.0, -69.0, 54.0
68.112656, -168.0, -66.0, -45.0
68.1176032, -326.0, -65.0, -133.0
68.122550528, -328.0, -65.0, -104.0
68.127497856, -258.0, -25.0, -86.0
68.132445184, -249.0, -50.0, 84.0
68.137392512, -273.0, -71.0, 103.0
68.14233984, -382.0, -90.0, 19.0
68.14728704, -483.0, -75.0, -48.0
68.152234368, -555.0, -32.0, -89.0
68.157181696, -617.0, 13.0, -119.0
68.162129024, -624.0, 63.0, -88.0
68.167076352, -605.0, 99.0, -59.0
68.17202368, -578.0, 94.0, 8.0
68.17697088, -535.0, 107.0, 22.0
68.181918208, -500.0, 119.0, 23.0
68.186865554, -456.0, 130.0, -10.0
68.191813632, -386.0, 143.0, -55.0
68.196761728, -302.0, 152.0, -84.0
68.201709952, -238.0, 161.0, -92.0
68.206658048, -227.0, 141.0, -136.0
68.211606272, -239.0, 123.0, -183.0
68.216554368, -220.0, 86.0, -314.0
68.221502592, -181.0, 45.0, -432.0
68.226450688, -138.0, 33.0, -489.0
68.231398912, -125.0, 27.0, -428.0
68.236347008, -168.0, 44.0, -196.0
68.241295232, -283.0, 80.0, 177.0
68.246243328, -499.0, 115.0, 573.0
68.251191552, -836.0, 126.0, 825.0
68.256139648, -1259.0, 140.0, 896.0
68.261087744, -1649.0, 184.0, 905.0
68.266035968, -1934.0, 253.0, 987.0
68.270984064, -2161.0, 346.0, 1117.0
68.275932288, -2465.0, 363.0, 1115.0
68.280880384, -2752.0, 97.0, 736.0
68.285828608, -2874.0, -245.0, 268.0
68.290776704, -2527.0, -429.0, -60.0
68.295724928, -1784.0, -398.0, -44.0
68.300673024, -1237.0, -312.0, -74.0
68.305621248, -993.0, -264.0, -84.0
68.310569344, -1018.0, -248.0, 20.0
68.315517568, -938.0, -318.0, 120.0
68.320465664, -1105.0, -292.0, 501.0
68.32541376, -1711.0, -291.0, 557.0
68.330361984, -2653.0, -283.0, 650.0
68.33531008, -3969.0, -297.0, 734.0
68.340258304, -4820.0, -280.0, 1113.0
68.3452064, -4124.0, -319.0, 1659.0
68.350154624, -2750.0, -389.0, 2048.0
68.35510272, -1857.0, -402.0, 1829.0
68.360050944, -1622.0, -360.0, 1157.0
68.36499913, -1598.0, -271.0, 476.0
68.36994816, -1423.0, -181.0, 27.0
68.374897152, -1029.0, -87.0, -532.0
68.379846144, -759.0, 38.0, -504.0
68.384795136, -710.0, 144.0, -397.0
68.389744128, -742.0, 127.0, -242.0
68.39469312, -602.0, 92.0, 73.0
68.399642112, -516.0, 71.0, 243.0
68.404591232, -513.0, 62.0, 344.0
68.409540224, -497.0, 50.0, 407.0
68.414489216, -432.0, 30.0, 441.0
68.419438208, -362.0, 19.0, 390.0
68.4243872, -279.0, 10.0, 269.0
68.429336192, -219.0, 10.0, 150.0
68.434285184, -131.0, 17.0, 59.0
68.439234176, -41.0, 38.0, 19.0
68.444183168, 22.0, 61.0, 1.0
68.44913216, 78.0, 88.0, 21.0
68.454081152, 118.0, 106.0, 41.0
68.459030144, 127.0, 121.0, 75.0
68.463979264, 115.0, 134.0, 109.0
68.468928256, 100.0, 135.0, 119.0
68.473877248, 61.0, 121.0, 117.0
68.47882624, 21.0, 83.0, 125.0
68.483775232, -16.0, 33.0, 162.0
68.488724224, -74.0, -2.0, 229.0
68.493673216, -127.0, -48.0, 304.0
68.498622208, -206.0, -81.0, 407.0
68.5035712, -300.0, -89.0, 490.0
68.508520192, -470.0, -76.0, 554.0
68.513469184, -767.0, -29.0, 614.0
68.518418176, -1538.0, 169.0, 832.0
68.523367296, -3802.0, 605.0, 1114.0
68.528316288, -5715.0, -193.0, -572.0
68.53326528, -4778.0, -876.0, -2129.0
68.538214272, -2210.0, -965.0, 63.0
68.543163224, -382.0, -792.0, 1620.0
68.548109696, 122.0, -553.0, 1205.0
68.553056128, -220.0, -389.0, 219.0
68.55800256, -593.0, -268.0, -80.0
68.56294912, -722.0, -192.0, 112.0
68.567895552, -786.0, -144.0, 227.0
68.572841984, -897.0, -89.0, 253.0
68.577788416, -1049.0, -67.0, 167.0
68.582734848, -1135.0, -70.0, 177.0
68.587681408, -1128.0, -60.0, 231.0
68.59262784, -1114.0, -44.0, 349.0
68.597574272, -1026.0, -28.0, 382.0
68.602520704, -1001.0, -18.0, 417.0
68.607467264, -1007.0, -26.0, 498.0
68.612413696, -1125.0, -32.0, 407.0
68.617360128, -1198.0, -51.0, 381.0
68.62230656, -1119.0, -80.0, 389.0
68.627252992, -1008.0, -104.0, 348.0
68.632199552, -935.0, -106.0, 310.0
68.637145984, -893.0, -84.0, 289.0
68.642092416, -892.0, -62.0, 254.0
68.647038848, -893.0, -51.0, 229.0
68.65198528, -889.0, -47.0, 196.0
68.65693184, -878.0, -46.0, 188.0
68.661878272, -854.0, -28.0, 216.0
68.666824704, -793.0, -29.0, 208.0
68.671771136, -772.0, -27.0, 135.0
68.676717696, -756.0, -24.0, 64.0
68.681664128, -751.0, -14.0, 30.0
68.68661056, -744.0, -2.0, 53.0
68.691556992, -750.0, 7.0, 69.0
68.696503424, -760.0, 7.0, 80.0
68.701449984, -774.0, 1.0, 75.0
68.706396416, -813.0, -2.0, 75.0
68.711342848, -830.0, -8.0, 41.0
68.71628928, -845.0, -11.0, 82.0
68.72123576, -858.0, -29.0, 137.0
68.72618304, -873.0, -49.0, 164.0
68.731130368, -891.0, -66.0, 193.0
68.736077696, -915.0, -81.0, 205.0
68.741024896, -940.0, -88.0, 200.0
68.745972224, -935.0, -98.0, 198.0
68.750919552, -906.0, -97.0, 208.0
68.75586688, -883.0, -91.0, 206.0
68.760814208, -835.0, -76.0, 174.0
68.765761536, -781.0, -64.0, 135.0
68.770708736, -742.0, -51.0, 108.0
68.775656064, -667.0, -42.0, 83.0
68.780603392, -606.0, -46.0, 27.0
68.78555072, -561.0, -47.0, -5.0
68.790498048, -539.0, -45.0, -21.0
68.795445376, -521.0, -38.0, -41.0
68.800392576, -531.0, -18.0, -68.0
68.805339904, -536.0, 1.0, -94.0
68.810287232, -541.0, 14.0, -120.0
68.81523456, -523.0, 20.0, -143.0
68.820181888, -502.0, 30.0, -163.0
68.825129216, -491.0, 39.0, -193.0
68.830076416, -478.0, 45.0, -220.0
68.835023744, -448.0, 42.0, -234.0
68.839971072, -400.0, 28.0, -243.0
68.8449184, -357.0, 6.0, -236.0
68.849865728, -306.0, -33.0, -225.0
68.854813056, -292.0, -60.0, -191.0
68.859760256, -282.0, -91.0, -132.0
68.864707584, -289.0, -105.0, -79.0
68.869654912, -285.0, -110.0, -30.0
68.87460224, -284.0, -114.0, 10.0
68.879549568, -308.0, -109.0, 63.0
68.884496896, -348.0, -99.0, 135.0
68.889444096, -391.0, -95.0, 209.0
68.894391424, -438.0, -100.0, 256.0
68.899338782, -493.0, -111.0, 284.0
68.904285184, -537.0, -123.0, 316.0
68.909231616, -591.0, -155.0, 337.0
68.914178048, -619.0, -188.0, 361.0
68.919124608, -643.0, -228.0, 389.0
68.92407104, -660.0, -242.0, 389.0
68.929017472, -656.0, -241.0, 360.0
68.933963904, -629.0, -223.0, 275.0
68.938910464, -613.0, -140.0, 92.0
68.943856896, -584.0, -36.0, -81.0
68.948803328, -552.0, 21.0, -67.0
68.95374976, -532.0, 0.0, -248.0
68.958696192, -567.0, -27.0, -559.0
68.963642752, -630.0, 16.0, -732.0
68.968589184, -660.0, 127.0, -792.0
68.973535616, -553.0, 254.0, -592.0
68.978482048, -334.0, 364.0, -11.0
68.98342848, -99.0, 442.0, 538.0
68.98837504, 43.0, 455.0, 603.0
68.993321472, 92.0, 441.0, 407.0
68.998267904, 41.0, 409.0, 276.0
69.003214336, -12.0, 319.0, 175.0
69.008160896, -53.0, 177.0, 14.0
69.013107328, -74.0, 45.0, -123.0
69.01805376, -80.0, -9.0, -203.0
69.023000192, -59.0, -22.0, -262.0
69.027946624, -32.0, -35.0, -315.0
69.032893184, -43.0, -42.0, -316.0
69.037839616, -94.0, -56.0, -247.0
69.042786048, -194.0, -92.0, -159.0
69.04773248, -327.0, -117.0, -72.0
69.05267904, -488.0, -162.0, 4.0
69.057625472, -682.0, -195.0, 74.0
69.062571904, -928.0, -202.0, 67.0
69.067518336, -1223.0, -185.0, -67.0
69.072464768, -1532.0, -130.0, -233.0
69.077411338, -1802.0, -45.0, -334.0
69.082358656, -1967.0, 34.0, -381.0
69.087305984, -1977.0, 67.0, -434.0
69.092253312, -1819.0, 32.0, -439.0
69.097200512, -1561.0, -14.0, -281.0
69.10214784, -1302.0, -66.0, 5.0
69.107095168, -1113.0, -94.0, 246.0
69.112042496, -1027.0, -107.0, 283.0
69.116989824, -1040.0, -108.0, 180.0
69.121937152, -1081.0, -92.0, 26.0
69.126884352, -1093.0, -59.0, -54.0
69.13183168, -1080.0, -36.0, -49.0
69.136779008, -1107.0, -13.0, -91.0
69.141726336, -1165.0, 3.0, -181.0
69.146673664, -1271.0, -4.0, -176.0
69.151620992, -1436.0, -41.0, -103.0
69.156568192, -1622.0, -76.0, -51.0
69.16151552, -1832.0, -107.0, -79.0
69.166462848, -1971.0, -111.0, -152.0
69.171410176, -2003.0, -113.0, -230.0
69.176357504, -1969.0, -112.0, -270.0
69.181304832, -1856.0, -120.0, -291.0
69.186252032, -1741.0, -165.0, -298.0
69.19119936, -1669.0, -219.0, -298.0
69.196146688, -1683.0, -249.0, -352.0
69.201094016, -1743.0, -277.0, -457.0
69.206041344, -1780.0, -279.0, -586.0
69.210988672, -1779.0, -262.0, -698.0
69.215935872, -1728.0, -234.0, -703.0
69.2208832, -1644.0, -199.0, -618.0
69.225830528, -1588.0, -133.0, -529.0
69.230777856, -1565.0, -80.0, -453.0
69.235725184, -1577.0, -36.0, -376.0
69.240672512, -1627.0, 9.0, -320.0
69.245619712, -1729.0, 42.0, -304.0
69.25056704, -1843.0, 60.0, -344.0
69.25551436, -1980.0, 64.0, -408.0
69.260462464, -2125.0, 55.0, -436.0
69.26541056, -2276.0, 23.0, -481.0
69.270358784, -2435.0, -7.0, -561.0
69.27530688, -2546.0, -74.0, -647.0
69.280255104, -2614.0, -125.0, -704.0
69.2852032, -2609.0, -148.0, -776.0
69.290151424, -2539.0, -150.0, -875.0
69.29509952, -2442.0, -136.0, -948.0
69.300047744, -2337.0, -115.0, -953.0
69.30499584, -2255.0, -103.0, -927.0
69.309944064, -2222.0, -93.0, -895.0
69.31489216, -2201.0, -87.0, -881.0
69.319840384, -2199.0, -96.0, -887.0
69.32478848, -2204.0, -111.0, -887.0
69.329736576, -2226.0, -134.0, -873.0
69.3346848, -2235.0, -161.0, -841.0
69.339632896, -2233.0, -183.0, -775.0
69.34458112, -2241.0, -189.0, -738.0
69.349529216, -2238.0, -198.0, -751.0
69.35447744, -2195.0, -210.0, -770.0
69.359425536, -2116.0, -221.0, -741.0
69.36437376, -2042.0, -232.0, -643.0
69.369321856, -1992.0, -239.0, -544.0
69.37427008, -1957.0, -247.0, -500.0
69.379218176, -1923.0, -253.0, -480.0
69.3841664, -1890.0, -246.0, -476.0
69.389114496, -1844.0, -231.0, -474.0
69.394062592, -1792.0, -198.0, -470.0
69.399010816, -1741.0, -135.0, -448.0
69.403958912, -1677.0, -92.0, -418.0
69.408907136, -1616.0, -48.0, -391.0
69.413855232, -1562.0, -20.0, -362.0
69.418803456, -1513.0, -13.0, -306.0
69.423751552, -1472.0, -8.0, -263.0
69.428699776, -1433.0, -12.0, -236.0
69.433647936, -1392.0, -24.0, -225.0
69.43859776, -1375.0, -34.0, -217.0
69.443547648, -1353.0, -44.0, -203.0
69.448497408, -1335.0, -62.0, -199.0
69.453447296, -1316.0, -87.0, -203.0
69.458397184, -1304.0, -97.0, -192.0
69.463347072, -1296.0, -103.0, -190.0
69.468296832, -1290.0, -102.0, -185.0
69.47324672, -1272.0, -101.0, -181.0
69.478196608, -1268.0, -88.0, -206.0
69.483146368, -1269.0, -72.0, -211.0
69.488096256, -1279.0, -55.0, -206.0
69.493046144, -1292.0, -49.0, -220.0
69.497995904, -1308.0, -37.0, -227.0
69.502945792, -1318.0, -28.0, -199.0
69.50789568, -1326.0, -22.0, -148.0
69.512845568, -1349.0, -11.0, -117.0
69.517795328, -1375.0, -12.0, -121.0
69.522745216, -1385.0, -22.0, -140.0
69.527695104, -1396.0, -29.0, -132.0
69.532644864, -1420.0, -31.0, -108.0
69.537594752, -1433.0, -38.0, -115.0
69.54254464, -1434.0, -53.0, -129.0
69.547494528, -1404.0, -55.0, -141.0
69.552444288, -1366.0, -51.0, -94.0
69.557394176, -1318.0, -48.0, -14.0
69.562344064, -1307.0, -48.0, 0.0
69.567293824, -1315.0, -48.0, -50.0
69.572243712, -1324.0, -42.0, -93.0
69.5771936, -1320.0, -42.0, -75.0
69.582143488, -1332.0, -34.0, -41.0
69.587093248, -1356.0, -30.0, -31.0
69.592043136, -1394.0, -29.0, -21.0
69.596993024, -1428.0, -25.0, 0.0
69.601942784, -1442.0, -33.0, 0.0
69.606892672, -1445.0, -32.0, 17.0
69.611842558, -1426.0, -39.0, -3.0
69.616790656, -1452.0, -40.0, 22.0
69.621738752, -1494.0, -45.0, 28.0
69.626686976, -1500.0, -45.0, 14.0
69.631635072, -1494.0, -53.0, 8.0
69.636583296, -1479.0, -60.0, 4.0
69.641531392, -1464.0, -83.0, -38.0
69.646479616, -1456.0, -103.0, -94.0
69.651427712, -1446.0, -83.0, -104.0
69.656375936, -1440.0, -54.0, -80.0
69.661324032, -1453.0, -48.0, 5.0
69.666272256, -1471.0, -57.0, -3.0
69.671220352, -1515.0, -59.0, -31.0
69.676168448, -1553.0, -58.0, -29.0
69.681116672, -1551.0, -70.0, -14.0
69.686064768, -1561.0, -75.0, -12.0
69.691012992, -1536.0, -83.0, -10.0
69.695961088, -1510.0, -90.0, -32.0
69.700909312, -1471.0, -91.0, -42.0
69.705857408, -1421.0, -94.0, -25.0
69.710805632, -1355.0, -101.0, -10.0
69.715753728, -1281.0, -100.0, -23.0
69.720701952, -1239.0, -89.0, -97.0
69.725650048, -1238.0, -80.0, -158.0
69.730598144, -1221.0, -85.0, -146.0
69.735546368, -1163.0, -86.0, -115.0
69.740494464, -1097.0, -84.0, -72.0
69.745442688, -1017.0, -89.0, -9.0
69.750390784, -954.0, -88.0, 16.0
69.755339008, -885.0, -86.0, 17.0
69.760287104, -817.0, -75.0, 11.0
69.765235328, -757.0, -68.0, 17.0
69.770183424, -709.0, -55.0, 21.0
69.775131648, -681.0, -47.0, 29.0
69.780079744, -642.0, -47.0, 8.0
69.78502784, -617.0, -49.0, -50.0
69.789976104, -564.0, -42.0, -120.0
69.794925056, -492.0, -23.0, -182.0
69.799874048, -396.0, -4.0, -210.0
69.80482304, -260.0, 12.0, -228.0
69.809772032, -147.0, 29.0, -250.0
69.814721024, -27.0, 53.0, -293.0
69.819670016, 67.0, 92.0, -340.0
69.824619008, 166.0, 131.0, -386.0
69.829568128, 266.0, 175.0, -385.0
69.83451712, 376.0, 186.0, -374.0
69.839466112, 470.0, 191.0, -377.0
69.844415104, 531.0, 181.0, -367.0
69.849364096, 600.0, 179.0, -338.0
69.854313088, 646.0, 185.0, -306.0
69.85926208, 697.0, 189.0, -310.0
69.864211072, 748.0, 187.0, -314.0
69.869160064, 806.0, 184.0, -286.0
69.874109056, 878.0, 189.0, -191.0
69.879058048, 929.0, 185.0, -60.0
69.88400704, 936.0, 156.0, 36.0
69.88895616, 898.0, 107.0, 71.0
69.893905152, 858.0, 43.0, 1.0
69.898854144, 775.0, -26.0, -57.0
69.903803136, 671.0, -113.0, -119.0
69.908752128, 551.0, -178.0, -171.0
69.91370112, 471.0, -201.0, -211.0
69.918650112, 385.0, -144.0, -192.0
69.923599104, 306.0, -76.0, -163.0
69.928548096, 240.0, -47.0, -156.0
69.933497088, 196.0, -39.0, -206.0
69.93844608, 148.0, -57.0, -201.0
69.943395072, 95.0, -90.0, -151.0
69.948344192, 32.0, -99.0, -62.0
69.953293184, -18.0, -104.0, 26.0
69.958242176, -105.0, -86.0, 181.0
69.963191168, -203.0, -44.0, 311.0
69.968140198, -399.0, 5.0, 218.0
69.973090048, -606.0, 26.0, 107.0
69.978039936, -777.0, 30.0, -9.0
69.982989696, -889.0, 49.0, -67.0
69.987939584, -898.0, 69.0, -115.0
69.992889472, -880.0, 83.0, -164.0
69.99783936, -823.0, 90.0, -192.0
70.00278912, -763.0, 61.0, -224.0
70.007739008, -735.0, 42.0, -242.0
70.012688896, -707.0, 19.0, -247.0
70.017638656, -682.0, 20.0, -226.0
70.022588544, -619.0, 40.0, -182.0
70.027538432, -517.0, 56.0, -107.0
70.032488192, -395.0, 63.0, 2.0
70.03743808, -262.0, 58.0, 69.0
70.042387968, -175.0, 33.0, 46.0
70.047337856, -132.0, 4.0, -118.0
70.052287616, -146.0, -52.0, -376.0
70.057237504, -177.0, -107.0, -561.0
70.062187392, -196.0, -120.0, -590.0
70.067137152, -209.0, -113.0, -412.0
70.07208704, -244.0, -88.0, -53.0
70.077036928, -361.0, -45.0, 298.0
70.081986816, -552.0, -15.0, 492.0
70.086936576, -825.0, -7.0, 452.0
70.091886464, -1090.0, -17.0, 300.0
70.096836352, -1336.0, -22.0, 200.0
70.101786112, -1540.0, -31.0, 227.0
70.106736, -1762.0, -32.0, 353.0
70.111685888, -2083.0, -37.0, 400.0
70.116635648, -2511.0, -55.0, 302.0
70.121585536, -2940.0, -142.0, 22.0
70.126535424, -3080.0, -342.0, -355.0
70.131485312, -2813.0, -266.0, -281.0
70.136435072, -2528.0, -191.0, 97.0
70.14138496, -2158.0, -199.0, 127.0
70.14633481, -1827.0, -178.0, 440.0
70.15128384, -1509.0, -121.0, 558.0
70.156232832, -1338.0, -121.0, 315.0
70.161181824, -1184.0, -136.0, 98.0
70.166130816, -1422.0, -168.0, 78.0
70.171079808, -1651.0, -187.0, 345.0
70.1760288, -1979.0, -230.0, 639.0
70.180977792, -2338.0, -291.0, 539.0
70.185926912, -2985.0, -369.0, 106.0
70.190875904, -3270.0, -320.0, 119.0
70.195824896, -2651.0, -350.0, 168.0
70.200773888, -1860.0, -355.0, 192.0
70.20572288, -1415.0, -310.0, 161.0
70.210671872, -1280.0, -226.0, 187.0
70.215620864, -1244.0, -189.0, 30.0
70.220569856, -1280.0, -112.0, 482.0
70.225518848, -1582.0, -36.0, 333.0
70.23046784, -1585.0, -33.0, 165.0
70.235416832, -1417.0, -2.0, 231.0
70.240365824, -1151.0, 21.0, 229.0
70.245314816, -1029.0, 43.0, 183.0
70.250263936, -993.0, 62.0, 172.0
70.255212928, -987.0, 62.0, 166.0
70.26016192, -932.0, 45.0, 156.0
70.265110912, -884.0, 49.0, 144.0
70.270059904, -846.0, 64.0, 154.0
70.275008896, -774.0, 64.0, 180.0
70.279957888, -714.0, 62.0, 220.0
70.28490688, -648.0, 55.0, 247.0
70.289855872, -618.0, 48.0, 258.0
70.294804864, -582.0, 35.0, 280.0
70.299753856, -526.0, 17.0, 325.0
70.304702848, -485.0, 15.0, 396.0
70.309651968, -448.0, 21.0, 438.0
70.31460096, -400.0, 34.0, 443.0
70.319549952, -381.0, 26.0, 413.0
70.324498884, -379.0, 17.0, 372.0
70.329447936, -373.0, 13.0, 324.0
70.334396928, -370.0, 8.0, 278.0
70.33934592, -375.0, 7.0, 251.0
70.344294912, -382.0, 4.0, 240.0
70.349243904, -386.0, 7.0, 231.0
70.354192896, -394.0, 11.0, 225.0
70.359141888, -408.0, 9.0, 217.0
70.364091008, -426.0, 6.0, 226.0
70.36904, -440.0, -9.0, 243.0
70.373988992, -447.0, -16.0, 259.0
70.378937984, -462.0, -23.0, 292.0
70.383886976, -489.0, -28.0, 344.0
70.388835968, -506.0, -52.0, 375.0
70.39378496, -550.0, -78.0, 379.0
70.398733952, -599.0, -112.0, 358.0
70.403682944, -634.0, -150.0, 364.0
70.408631936, -700.0, -189.0, 423.0
70.413580928, -761.0, -224.0, 498.0
70.41852992, -861.0, -247.0, 495.0
70.42347904, -975.0, -272.0, 421.0
70.428428032, -1076.0, -302.0, 348.0
70.433377024, -1115.0, -312.0, 329.0
70.438326016, -1107.0, -310.0, 347.0
70.443275008, -1096.0, -292.0, 370.0
70.448224, -1062.0, -272.0, 398.0
70.453172992, -1043.0, -259.0, 367.0
70.458121984, -1041.0, -243.0, 324.0
70.463070976, -1068.0, -235.0, 270.0
70.468019968, -1078.0, -222.0, 260.0
70.47296896, -1067.0, -217.0, 234.0
70.477917952, -1026.0, -207.0, 156.0
70.482867072, -985.0, -199.0, 148.0
70.487816064, -999.0, -188.0, 131.0
70.492765056, -1016.0, -176.0, 122.0
70.497714048, -1062.0, -169.0, 95.0
70.502662968, -1155.0, -134.0, -1.0
70.50761024, -1221.0, -104.0, -84.0
70.512557568, -1241.0, -44.0, -117.0
70.517504896, -1224.0, 1.0, -158.0
70.522452096, -1216.0, 0.0, -152.0
70.527399424, -1237.0, -17.0, -105.0
70.532346752, -1267.0, -9.0, 0.0
70.53729408, -1347.0, -40.0, 102.0
70.542241408, -1447.0, -78.0, 194.0
70.547188736, -1528.0, -115.0, 170.0
70.552135936, -1543.0, -189.0, 67.0
70.557083264, -1510.0, -313.0, 14.0
70.562030592, -1466.0, -474.0, -24.0
70.56697792, -1444.0, -645.0, -81.0
70.571925248, -1456.0, -768.0, -202.0
70.576872576, -1510.0, -893.0, -381.0
70.581819776, -1593.0, -959.0, -569.0
70.586767104, -1680.0, -967.0, -715.0
70.591714432, -1700.0, -902.0, -763.0
70.59666176, -1631.0, -746.0, -728.0
70.601609088, -1465.0, -601.0, -563.0
70.606556416, -1261.0, -511.0, -388.0
70.611503616, -1117.0, -397.0, -261.0
70.616450944, -934.0, -561.0, -135.0
70.621398272, -863.0, -459.0, 20.0
70.6263456, -760.0, -385.0, 65.0
70.631292928, -678.0, -356.0, 76.0
70.636240256, -619.0, -324.0, 86.0
70.641187456, -588.0, -319.0, 96.0
70.646134784, -552.0, -306.0, 116.0
70.651082112, -531.0, -300.0, 134.0
70.65602944, -517.0, -296.0, 164.0
70.660976768, -513.0, -276.0, 203.0
70.665924096, -521.0, -261.0, 230.0
70.670871296, -526.0, -237.0, 252.0
70.675818624, -550.0, -222.0, 264.0
70.680765996, -569.0, -200.0, 275.0
70.68571584, -603.0, -180.0, 289.0
70.690665728, -624.0, -159.0, 290.0
70.695615488, -650.0, -133.0, 284.0
70.700565376, -691.0, -133.0, 276.0
70.705515264, -706.0, -125.0, 252.0
70.710465152, -718.0, -117.0, 221.0
70.715414912, -732.0, -112.0, 174.0
70.7203648, -722.0, -102.0, 127.0
70.725314688, -711.0, -77.0, 90.0
70.730264448, -696.0, -53.0, 56.0
70.735214336, -671.0, -29.0, 30.0
70.740164224, -630.0, -2.0, 24.0
70.745114112, -608.0, 15.0, 14.0
70.750063872, -576.0, 32.0, 10.0
70.75501376, -545.0, 50.0, 17.0
70.759963648, -521.0, 64.0, 32.0
70.764913408, -504.0, 72.0, 36.0
70.769863296, -501.0, 80.0, 47.0
70.774813184, -510.0, 80.0, 63.0
70.779762944, -524.0, 85.0, 85.0
70.784712832, -555.0, 94.0, 102.0
70.78966272, -609.0, 99.0, 123.0
70.794612608, -664.0, 100.0, 154.0
70.799562368, -750.0, 93.0, 195.0
70.804512256, -851.0, 95.0, 235.0
70.809462144, -968.0, 87.0, 253.0
70.814411904, -1101.0, 92.0, 267.0
70.819361792, -1268.0, 102.0, 265.0
70.82431168, -1459.0, 101.0, 255.0
70.829261568, -1638.0, 75.0, 212.0
70.834211328, -1757.0, 3.0, 135.0
70.839161216, -1757.0, -110.0, 66.0
70.844111104, -1661.0, -226.0, 50.0
70.849060864, -1510.0, -304.0, 98.0
70.854010752, -1341.0, -333.0, 135.0
70.858960628, -1221.0, -304.0, 150.0
70.863909632, -1135.0, -248.0, 157.0
70.868858624, -1125.0, -192.0, 135.0
70.873807616, -1188.0, -115.0, 127.0
70.878756608, -1269.0, -53.0, 141.0
70.8837056, -1370.0, 2.0, 219.0
70.888654592, -1470.0, 29.0, 275.0
70.893603584, -1540.0, 64.0, 345.0
70.898552704, -1600.0, 110.0, 394.0
70.903501696, -1631.0, 140.0, 424.0
70.908450688, -1667.0, 167.0, 451.0
70.91339968, -1668.0, 172.0, 454.0
70.918348672, -1628.0, 138.0, 445.0
70.923297664, -1593.0, 94.0, 437.0
70.928246656, -1521.0, 52.0, 466.0
70.933195648, -1496.0, 42.0, 495.0
70.93814464, -1469.0, 37.0, 527.0
70.943093632, -1454.0, 34.0, 572.0
70.948042624, -1442.0, 34.0, 606.0
70.952991616, -1419.0, 38.0, 627.0
70.957940608, -1360.0, 37.0, 631.0
70.962889728, -1295.0, 39.0, 621.0
70.96783872, -1229.0, 30.0, 584.0
70.972787712, -1161.0, 20.0, 528.0
70.977736704, -1105.0, 19.0, 452.0
70.982685696, -1067.0, 11.0, 354.0
70.987634688, -1046.0, 10.0, 284.0
70.99258368, -1027.0, 8.0, 226.0
70.997532672, -970.0, 14.0, 230.0
71.002481664, -923.0, 19.0, 198.0
71.007430656, -896.0, 21.0, 171.0
71.012379648, -878.0, 23.0, 179.0
71.01732864, -830.0, 41.0, 207.0
71.02227776, -789.0, 56.0, 232.0
71.027226752, -762.0, 70.0, 248.0
71.032175744, -742.0, 93.0, 259.0
71.037124702, -712.0, 103.0, 263.0
71.042075392, -689.0, 111.0, 265.0
71.047026048, -667.0, 114.0, 268.0
71.051976832, -648.0, 115.0, 266.0
71.056927488, -645.0, 111.0, 271.0
71.061878144, -656.0, 104.0, 276.0
71.066828928, -674.0, 82.0, 285.0
71.071779584, -693.0, 60.0, 293.0
71.07673024, -707.0, 35.0, 303.0
71.081681024, -742.0, 15.0, 301.0
71.08663168, -766.0, -4.0, 314.0
71.091582336, -794.0, -22.0, 319.0
71.09653312, -837.0, -42.0, 319.0
71.101483776, -883.0, -70.0, 319.0
71.106434432, -913.0, -89.0, 307.0
71.111385216, -949.0, -100.0, 288.0
71.116335872, -969.0, -105.0, 263.0
71.121286528, -988.0, -106.0, 248.0
71.126237184, -1007.0, -103.0, 228.0
71.131187968, -1023.0, -82.0, 210.0
71.136138624, -1037.0, -56.0, 193.0
71.14108928, -1043.0, -19.0, 155.0
71.146040064, -1039.0, 8.0, 129.0
71.15099072, -1021.0, 24.0, 106.0
71.155941376, -1014.0, 46.0, 87.0
71.16089216, -1001.0, 60.0, 94.0
71.165842816, -991.0, 73.0, 119.0
71.170793472, -986.0, 89.0, 154.0
71.175744256, -991.0, 93.0, 195.0
71.180694912, -1005.0, 101.0, 224.0
71.185645568, -1020.0, 109.0, 251.0
71.190596352, -1039.0, 115.0, 275.0
71.195547008, -1060.0, 114.0, 305.0
71.200497664, -1077.0, 113.0, 322.0
71.205448448, -1088.0, 105.0, 331.0
71.210399104, -1095.0, 89.0, 326.0
71.215349806, -1097.0, 75.0, 316.0
71.220301312, -1088.0, 61.0, 316.0
71.225252864, -1085.0, 58.0, 309.0
71.230204416, -1082.0, 51.0, 303.0
71.235155968, -1085.0, 49.0, 297.0
71.24010752, -1071.0, 40.0, 289.0
71.245059072, -1047.0, 45.0, 284.0
71.250010624, -1032.0, 54.0, 262.0
71.254962176, -1012.0, 52.0, 254.0
71.259913728, -1003.0, 61.0, 232.0
71.26486528, -993.0, 70.0, 210.0
71.269816832, -985.0, 77.0, 166.0
71.274768256, -985.0, 74.0, 146.0
71.279719808, -964.0, 61.0, 145.0
71.28467136, -931.0, 45.0, 153.0
71.289622912, -914.0, 37.0, 140.0
71.294574464, -913.0, 37.0, 117.0
71.299526016, -911.0, 35.0, 102.0
71.304477568, -906.0, 34.0, 76.0
71.30942912, -891.0, 29.0, 75.0
71.314380672, -887.0, 24.0, 83.0
71.319332224, -895.0, 18.0, 102.0
71.324283776, -914.0, 16.0, 121.0
71.329235328, -919.0, 14.0, 128.0
71.33418688, -904.0, 15.0, 140.0
71.339138432, -891.0, 21.0, 157.0
71.344089984, -890.0, 34.0, 191.0
71.349041536, -894.0, 51.0, 227.0
71.353993088, -904.0, 66.0, 246.0
71.35894464, -920.0, 94.0, 252.0
71.363896192, -935.0, 114.0, 248.0
71.368847744, -946.0, 129.0, 234.0
71.373799168, -953.0, 147.0, 220.0
71.37875072, -953.0, 165.0, 200.0
71.383702272, -947.0, 184.0, 180.0
71.388653824, -928.0, 197.0, 161.0
71.393605454, -902.0, 200.0, 158.0
71.398554496, -890.0, 202.0, 159.0
71.403503488, -887.0, 211.0, 168.0
71.40845248, -887.0, 215.0, 167.0
71.413401472, -893.0, 221.0, 161.0
71.418350464, -912.0, 229.0, 173.0
71.423299456, -935.0, 226.0, 178.0
71.428248448, -967.0, 217.0, 184.0
71.433197568, -991.0, 204.0, 195.0
71.43814656, -1004.0, 189.0, 203.0
71.443095552, -1029.0, 165.0, 204.0
71.448044544, -1050.0, 144.0, 203.0
71.452993536, -1056.0, 127.0, 202.0
71.457942528, -1071.0, 111.0, 191.0
71.46289152, -1063.0, 82.0, 193.0
71.467840512, -1049.0, 62.0, 206.0
71.472789504, -1038.0, 42.0, 212.0
71.477738496, -1038.0, 27.0, 218.0
71.482687488, -1041.0, 10.0, 225.0
71.48763648, -1041.0, 0.0, 217.0
71.4925856, -1047.0, -28.0, 207.0
71.497534592, -1046.0, -44.0, 194.0
71.502483584, -1053.0, -65.0, 182.0
71.507432576, -1058.0, -92.0, 169.0
71.512381568, -1052.0, -109.0, 169.0
71.51733056, -1038.0, -114.0, 173.0
71.522279552, -1028.0, -116.0, 173.0
71.527228544, -1028.0, -119.0, 172.0
71.532177536, -1025.0, -122.0, 172.0
71.537126528, -1025.0, -120.0, 165.0
71.54207552, -1019.0, -117.0, 162.0
71.547024512, -1022.0, -113.0, 153.0
71.551973632, -1012.0, -109.0, 162.0
71.556922624, -1007.0, -104.0, 160.0
71.561871616, -1000.0, -88.0, 165.0
71.566820608, -994.0, -63.0, 170.0
71.571769544, -993.0, -48.0, 170.0
71.576719488, -993.0, -34.0, 172.0
71.581669376, -995.0, -9.0, 174.0
71.586619136, -995.0, 3.0, 184.0
71.591569024, -995.0, 12.0, 187.0
71.596518912, -996.0, 18.0, 184.0
71.6014688, -998.0, 24.0, 184.0
71.60641856, -1001.0, 33.0, 177.0
71.611368448, -1006.0, 47.0, 174.0
71.616318336, -1007.0, 55.0, 172.0
71.621268096, -1009.0, 63.0, 173.0
71.626217984, -1009.0, 78.0, 177.0
71.631167872, -1013.0, 92.0, 176.0
71.636117632, -1021.0, 98.0, 181.0
71.64106752, -1030.0, 104.0, 179.0
71.646017408, -1039.0, 108.0, 172.0
71.650967296, -1041.0, 104.0, 156.0
71.655917056, -1044.0, 91.0, 155.0
71.660866944, -1046.0, 82.0, 153.0
71.665816832, -1045.0, 69.0, 155.0
71.670766592, -1047.0, 62.0, 162.0
71.67571648, -1043.0, 52.0, 155.0
71.680666368, -1040.0, 41.0, 167.0
71.685616256, -1035.0, 29.0, 167.0
71.690566016, -1032.0, 25.0, 172.0
71.695515904, -1032.0, 25.0, 170.0
71.700465792, -1030.0, 24.0, 181.0
71.705415552, -1041.0, 28.0, 186.0
71.71036544, -1056.0, 31.0, 182.0
71.715315328, -1065.0, 23.0, 144.0
71.720265088, -1056.0, 16.0, 126.0
71.725214976, -1039.0, 11.0, 129.0
71.730164864, -1016.0, 11.0, 139.0
71.735114752, -1001.0, 12.0, 149.0
71.740064512, -996.0, 13.0, 147.0
71.7450144, -994.0, 13.0, 148.0
71.749964156, -995.0, 11.0, 145.0
71.754910592, -994.0, 3.0, 143.0
71.759857024, -993.0, -5.0, 137.0
71.764803456, -995.0, -16.0, 137.0
71.769750016, -995.0, -26.0, 128.0
71.774696448, -996.0, -31.0, 122.0
71.77964288, -995.0, -33.0, 126.0
71.784589312, -995.0, -32.0, 130.0
71.789535744, -995.0, -24.0, 144.0
71.794482304, -997.0, -17.0, 151.0
71.799428736, -1000.0, -10.0, 153.0
71.804375168, -1005.0, -6.0, 148.0
71.8093216, -1007.0, 0.0, 151.0
71.81426816, -1006.0, 1.0, 159.0
71.819214592, -1004.0, 3.0, 166.0
71.824161024, -1003.0, 3.0, 171.0
71.829107456, -997.0, 2.0, 185.0
71.834053888, -996.0, 2.0, 194.0
71.839000448, -996.0, 1.0, 196.0
71.84394688, -994.0, -3.0, 197.0
71.848893312, -993.0, -4.0, 198.0
71.853839744, -994.0, -13.0, 199.0
71.858786176, -993.0, -16.0, 200.0
71.863732736, -994.0, -24.0, 204.0
71.868679168, -994.0, -30.0, 207.0
71.8736256, -996.0, -38.0, 199.0
71.878572032, -998.0, -43.0, 194.0
71.883518464, -999.0, -43.0, 186.0
71.888465024, -1004.0, -48.0, 173.0
71.893411456, -1008.0, -49.0, 165.0
71.898357888, -1006.0, -48.0, 152.0
71.90330432, -1006.0, -43.0, 154.0
71.90825088, -1002.0, -43.0, 160.0
71.913197312, -1001.0, -33.0, 169.0
71.918143744, -999.0, -30.0, 177.0
71.923090176, -996.0, -30.0, 182.0
71.928036682, -994.0, -23.0, 191.0
71.932984832, -991.0, -29.0, 201.0
71.937932928, -992.0, -22.0, 218.0
71.942881152, -991.0, -19.0, 227.0
71.947829248, -993.0, -17.0, 231.0
71.952777472, -994.0, -16.0, 231.0
71.957725568, -997.0, -14.0, 228.0
71.962673792, -997.0, -11.0, 228.0
71.967621888, -997.0, -8.0, 223.0
71.972570112, -997.0, -9.0, 220.0
71.977518208, -994.0, -10.0, 224.0
71.982466432, -987.0, -14.0, 227.0
71.987414528, -971.0, -21.0, 227.0
71.992362624, -955.0, -25.0, 225.0
71.997310848, -946.0, -29.0, 228.0
72.002258944, -937.0, -33.0, 235.0
72.007207168, -936.0, -36.0, 237.0
72.012155264, -935.0, -40.0, 240.0
72.017103488, -938.0, -43.0, 241.0
72.022051584, -941.0, -44.0, 245.0
72.026999808, -947.0, -45.0, 245.0
72.031947904, -951.0, -43.0, 245.0
72.036896128, -959.0, -45.0, 239.0
72.041844224, -964.0, -48.0, 228.0
72.04679232, -968.0, -47.0, 225.0
72.051740544, -974.0, -42.0, 219.0
72.05668864, -977.0, -41.0, 216.0
72.061636864, -971.0, -40.0, 213.0
72.06658496, -977.0, -40.0, 208.0
72.071533184, -969.0, -42.0, 208.0
72.07648128, -968.0, -39.0, 204.0
72.081429504, -964.0, -44.0, 211.0
72.0863776, -958.0, -49.0, 221.0
72.091325824, -955.0, -54.0, 229.0
72.09627392, -957.0, -56.0, 232.0
72.101222016, -955.0, -60.0, 230.0
72.106170232, -961.0, -69.0, 223.0
72.111116672, -965.0, -79.0, 232.0
72.116063104, -965.0, -92.0, 228.0
72.121009536, -965.0, -97.0, 235.0
72.125956096, -973.0, -103.0, 235.0
72.130902528, -973.0, -106.0, 240.0
72.13584896, -975.0, -106.0, 249.0
72.140795392, -984.0, -106.0, 247.0
72.145741952, -990.0, -105.0, 264.0
72.150688384, -997.0, -106.0, 267.0
72.155634816, -999.0, -106.0, 263.0
72.160581248, -996.0, -108.0, 255.0
72.16552768, -991.0, -110.0, 248.0
72.17047424, -982.0, -107.0, 248.0
72.175420672, -962.0, -102.0, 253.0
72.180367104, -958.0, -102.0, 259.0
72.185313536, -970.0, -93.0, 258.0
72.190259968, -985.0, -87.0, 269.0
72.195206528, -996.0, -84.0, 277.0
72.20015296, -1019.0, -89.0, 289.0
72.205099392, -1037.0, -83.0, 293.0
72.210045824, -1037.0, -90.0, 307.0
72.214992384, -1026.0, -82.0, 315.0
72.219938816, -1018.0, -76.0, 321.0
72.224885248, -1010.0, -69.0, 321.0
72.22983168, -999.0, -62.0, 323.0
72.234778112, -996.0, -58.0, 328.0
72.239724672, -993.0, -59.0, 330.0
72.244671104, -992.0, -61.0, 328.0
72.249617536, -991.0, -64.0, 321.0
72.254563968, -993.0, -70.0, 312.0
72.2595104, -994.0, -72.0, 308.0
72.26445696, -992.0, -79.0, 306.0
72.269403392, -991.0, -87.0, 303.0
72.274349824, -986.0, -93.0, 295.0
72.279296256, -986.0, -99.0, 288.0
72.284242778, -966.0, -110.0, 284.0
72.28918848, -955.0, -109.0, 286.0
72.294134144, -946.0, -112.0, 282.0
72.29907968, -936.0, -113.0, 280.0
72.304025344, -930.0, -112.0, 278.0
72.30897088, -922.0, -114.0, 268.0
72.313916544, -915.0, -114.0, 261.0
72.318862208, -907.0, -120.0, 255.0
72.323807744, -909.0, -119.0, 253.0
72.328753408, -907.0, -119.0, 249.0
72.333698944, -904.0, -120.0, 250.0
72.338644608, -904.0, -123.0, 251.0
72.343590144, -908.0, -123.0, 250.0
72.348535808, -916.0, -122.0, 248.0
72.353481472, -918.0, -121.0, 253.0
72.358427008, -925.0, -121.0, 253.0
72.363372672, -928.0, -118.0, 258.0
72.368318208, -943.0, -118.0, 260.0
72.373263872, -948.0, -115.0, 259.0
72.378209536, -946.0, -116.0, 260.0
72.383155072, -947.0, -115.0, 261.0
72.388100736, -950.0, -113.0, 259.0
72.393046272, -945.0, -114.0, 264.0
72.397991936, -941.0, -111.0, 265.0
72.4029376, -946.0, -109.0, 262.0
72.407883136, -951.0, -105.0, 270.0
72.4128288, -963.0, -97.0, 270.0
72.417774336, -955.0, -98.0, 282.0
72.42272, -968.0, -86.0, 290.0
72.427665536, -981.0, -84.0, 295.0
72.4326112, -985.0, -80.0, 298.0
72.437556864, -1001.0, -79.0, 292.0
72.4425024, -995.0, -81.0, 301.0
72.447448064, -998.0, -83.0, 294.0
72.4523936, -998.0, -89.0, 294.0
72.457339264, -995.0, -91.0, 292.0
72.46228478, -996.0, -92.0, 289.0
72.467229568, -1002.0, -94.0, 274.0
72.472174336, -1000.0, -98.0, 263.0
72.477119104, -994.0, -100.0, 262.0
72.482063872, -986.0, -102.0, 263.0
72.48700864, -984.0, -98.0, 253.0
72.491953408, -963.0, -101.0, 258.0
72.496898176, -942.0, -104.0, 265.0
72.501842944, -938.0, -99.0, 262.0
72.506787712, -944.0, -102.0, 259.0
72.51173248, -950.0, -101.0, 256.0
72.516677248, -955.0, -100.0, 254.0
72.521622016, -958.0, -102.0, 257.0
72.526566784, -959.0, -103.0, 259.0
72.531511552, -960.0, -107.0, 258.0
72.53645632, -959.0, -108.0, 258.0
72.54140096, -966.0, -109.0, 253.0
72.546345728, -975.0, -110.0, 250.0
72.551290496, -985.0, -112.0, 247.0
72.556235264, -988.0, -112.0, 243.0
72.561180032, -990.0, -112.0, 243.0
72.5661248, -993.0, -110.0, 247.0
72.571069568, -995.0, -108.0, 256.0
72.576014336, -999.0, -107.0, 263.0
72.580959104, -1010.0, -99.0, 269.0
72.585903872, -1031.0, -94.0, 303.0
72.59084864, -1066.0, -88.0, 333.0
72.595793408, -1090.0, -78.0, 336.0
72.600738176, -1091.0, -62.0, 315.0
72.605682944, -1079.0, -43.0, 275.0
72.610627712, -1075.0, -27.0, 255.0
72.61557248, -1066.0, -2.0, 246.0
72.620517248, -1049.0, 14.0, 251.0
72.625462016, -1046.0, 24.0, 266.0
72.630406784, -1051.0, 32.0, 298.0
72.635351552, -1060.0, 30.0, 319.0
72.640296264, -1080.0, 35.0, 332.0
72.645241984, -1083.0, 38.0, 358.0
72.650187648, -1075.0, 35.0, 370.0
72.655133184, -1079.0, 38.0, 373.0
72.660078848, -1078.0, 33.0, 372.0
72.665024384, -1091.0, 31.0, 366.0
72.669970048, -1094.0, 19.0, 349.0
72.674915712, -1103.0, 17.0, 333.0
72.679861248, -1115.0, 11.0, 325.0
72.684806912, -1124.0, 6.0, 311.0
72.689752448, -1131.0, -5.0, 301.0
72.694698112, -1135.0, -13.0, 282.0
72.699643776, -1127.0, -19.0, 261.0
72.704589312, -1118.0, -30.0, 248.0
72.709534976, -1098.0, -39.0, 237.0
72.714480512, -1065.0, -45.0, 227.0
72.719426176, -1040.0, -52.0, 213.0
72.724371712, -1022.0, -58.0, 201.0
72.729317376, -1000.0, -63.0, 190.0
72.73426304, -995.0, -67.0, 182.0
72.739208576, -991.0, -68.0, 165.0
72.74415424, -983.0, -69.0, 157.0
72.749099776, -968.0, -68.0, 149.0
72.75404544, -955.0, -74.0, 148.0
72.758991104, -950.0, -81.0, 151.0
72.76393664, -944.0, -80.0, 157.0
72.768882304, -943.0, -83.0, 168.0
72.77382784, -942.0, -82.0, 181.0
72.778773504, -939.0, -86.0, 187.0
72.783719168, -943.0, -93.0, 186.0
72.788664704, -947.0, -97.0, 188.0
72.793610368, -954.0, -100.0, 191.0
72.798555904, -957.0, -104.0, 194.0
72.803501568, -955.0, -105.0, 199.0
72.808447232, -956.0, -105.0, 199.0
72.813392768, -959.0, -108.0, 204.0
72.818338286, -967.0, -106.0, 199.0
72.823284736, -973.0, -103.0, 203.0
72.828231168, -972.0, -104.0, 194.0
72.8331776, -975.0, -98.0, 190.0
72.83812416, -971.0, -91.0, 184.0
72.843070592, -973.0, -84.0, 179.0
72.848017024, -974.0, -77.0, 171.0
72.852963456, -978.0, -65.0, 168.0
72.857910016, -981.0, -58.0, 163.0
72.862856448, -987.0, -50.0, 164.0
72.86780288, -991.0, -41.0, 166.0
72.872749312, -993.0, -34.0, 165.0
72.877695744, -993.0, -17.0, 166.0
72.882642304, -992.0, -8.0, 179.0
72.887588736, -991.0, 1.0, 180.0
72.892535168, -987.0, 4.0, 184.0
72.8974816, -975.0, 7.0, 184.0
72.902428032, -963.0, 6.0, 188.0
72.907374592, -948.0, 6.0, 190.0
72.912321024, -936.0, 7.0, 182.0
72.917267456, -920.0, 8.0, 175.0
72.922213888, -902.0, 9.0, 171.0
72.927160448, -895.0, 8.0, 161.0
72.93210688, -893.0, 11.0, 155.0
72.937053312, -889.0, 12.0, 144.0
72.941999744, -886.0, 11.0, 140.0
72.946946176, -885.0, 13.0, 134.0
72.951892736, -883.0, 14.0, 130.0
72.956839168, -880.0, 15.0, 125.0
72.9617856, -881.0, 16.0, 121.0
72.966732032, -883.0, 19.0, 124.0
72.971678464, -889.0, 25.0, 128.0
72.976625024, -894.0, 28.0, 131.0
72.981571456, -906.0, 34.0, 137.0
72.986517888, -914.0, 43.0, 145.0
72.99146432, -929.0, 48.0, 150.0
72.996410826, -943.0, 57.0, 156.0
73.001356544, -951.0, 63.0, 157.0
73.006302208, -962.0, 74.0, 160.0
73.011247744, -971.0, 87.0, 136.0
73.016193408, -984.0, 96.0, 145.0
73.021138944, -998.0, 98.0, 165.0
73.026084608, -1021.0, 94.0, 202.0
73.031030272, -1030.0, 85.0, 221.0
73.035975808, -1044.0, 94.0, 181.0
73.040921472, -1048.0, 105.0, 127.0
73.045867008, -1056.0, 116.0, 97.0
73.050812672, -1059.0, 120.0, 98.0
73.055758208, -1063.0, 118.0, 112.0
73.060703872, -1088.0, 111.0, 130.0
73.065649536, -1117.0, 93.0, 151.0
73.070595072, -1125.0, 78.0, 186.0
73.075540736, -1129.0, 66.0, 214.0
73.080486272, -1130.0, 59.0, 227.0
73.085431936, -1125.0, 56.0, 247.0
73.0903776, -1120.0, 54.0, 260.0
73.095323136, -1115.0, 50.0, 275.0
73.1002688, -1109.0, 44.0, 278.0
73.105214336, -1097.0, 39.0, 274.0
73.11016, -1094.0, 33.0, 270.0
73.115105664, -1090.0, 23.0, 263.0
73.1200512, -1088.0, 21.0, 257.0
73.124996864, -1082.0, 19.0, 252.0
73.1299424, -1080.0, 19.0, 250.0
73.134888064, -1070.0, 13.0, 247.0
73.1398336, -1055.0, 13.0, 243.0
73.144779264, -1033.0, 13.0, 246.0
73.149724928, -1006.0, 10.0, 252.0
73.154670464, -992.0, 10.0, 259.0
73.159616128, -972.0, 9.0, 265.0
73.164561664, -949.0, 3.0, 269.0
73.169507328, -934.0, 5.0, 281.0
73.174452828, -908.0, -1.0, 276.0
73.179398528, -890.0, -10.0, 274.0
73.184344192, -885.0, -10.0, 279.0
73.189289728, -876.0, -7.0, 274.0
73.194235392, -865.0, -5.0, 268.0
73.199180928, -859.0, -4.0, 263.0
73.204126592, -853.0, 0.0, 259.0
73.209072256, -855.0, 3.0, 257.0
73.214017792, -860.0, 7.0, 250.0
73.218963456, -865.0, 11.0, 244.0
73.223908992, -874.0, 15.0, 231.0
73.228854656, -883.0, 21.0, 213.0
73.233800192, -890.0, 27.0, 201.0
73.238745856, -894.0, 35.0, 201.0
73.24369152, -905.0, 42.0, 211.0
73.248637056, -914.0, 54.0, 225.0
73.25358272, -928.0, 56.0, 236.0
73.258528256, -939.0, 60.0, 245.0
73.26347392, -945.0, 62.0, 246.0
73.268419584, -958.0, 66.0, 245.0
73.27336512, -971.0, 66.0, 247.0
73.278310784, -969.0, 72.0, 253.0
73.28325632, -984.0, 76.0, 257.0
73.288201984, -990.0, 81.0, 261.0
73.293147648, -995.0, 88.0, 263.0
73.298093184, -1005.0, 90.0, 266.0
73.303038848, -1008.0, 99.0, 269.0
73.307984384, -1010.0, 102.0, 277.0
73.312930048, -1015.0, 100.0, 276.0
73.317875712, -1020.0, 96.0, 274.0
73.322821248, -1026.0, 90.0, 274.0
73.327766912, -1024.0, 86.0, 275.0
73.332712448, -1018.0, 75.0, 281.0
73.337658112, -1014.0, 68.0, 291.0
73.342603648, -1016.0, 65.0, 295.0
73.347549312, -1010.0, 60.0, 307.0
73.35249484, -1011.0, 55.0, 311.0
73.357442176, -1009.0, 46.0, 317.0
73.362389504, -1001.0, 43.0, 325.0
73.367336832, -1000.0, 39.0, 331.0
73.372284032, -995.0, 36.0, 331.0
73.37723136, -992.0, 35.0, 326.0
73.382178688, -983.0, 34.0, 310.0
73.387126016, -973.0, 35.0, 303.0
73.392073344, -963.0, 34.0, 296.0
73.397020672, -956.0, 38.0, 281.0
73.401967872, -952.0, 42.0, 278.0
73.4069152, -951.0, 50.0, 281.0
73.411862528, -954.0, 54.0, 278.0
73.416809856, -954.0, 62.0, 275.0
73.421757184, -957.0, 70.0, 268.0
73.426704512, -963.0, 88.0, 265.0
73.431651712, -967.0, 110.0, 262.0
73.43659904, -962.0, 122.0, 260.0
73.441546368, -954.0, 127.0, 249.0
73.446493696, -954.0, 140.0, 235.0
73.451441024, -948.0, 153.0, 246.0
73.456388352, -953.0, 158.0, 264.0
73.461335552, -959.0, 153.0, 294.0
73.46628288, -969.0, 150.0, 279.0
73.471230208, -962.0, 149.0, 235.0
73.476177536, -958.0, 148.0, 182.0
73.481124864, -955.0, 137.0, 179.0
73.486072192, -969.0, 125.0, 204.0
73.491019392, -993.0, 104.0, 216.0
73.49596672, -1021.0, 72.0, 230.0
73.500914048, -1045.0, 46.0, 259.0
73.505861376, -1052.0, 27.0, 300.0
73.510808704, -1059.0, 16.0, 322.0
73.515756032, -1056.0, -1.0, 346.0
73.520703232, -1041.0, -19.0, 378.0
73.52565056, -1018.0, -43.0, 406.0
73.530597872, -1000.0, -58.0, 441.0
73.535545984, -988.0, -75.0, 471.0
73.54049408, -975.0, -87.0, 480.0
73.545442304, -961.0, -99.0, 473.0
73.5503904, -957.0, -97.0, 464.0
73.555338624, -963.0, -88.0, 456.0
73.56028672, -979.0, -68.0, 453.0
73.565234944, -989.0, -42.0, 458.0
73.57018304, -994.0, -21.0, 465.0
73.575131264, -996.0, 5.0, 463.0
73.58007936, -993.0, 21.0, 462.0
73.585027584, -991.0, 39.0, 428.0
73.58997568, -991.0, 55.0, 384.0
73.594923904, -993.0, 59.0, 310.0
73.599872, -994.0, 66.0, 245.0
73.604820096, -993.0, 71.0, 191.0
73.60976832, -992.0, 83.0, 143.0
73.614716416, -991.0, 90.0, 105.0
73.61966464, -990.0, 94.0, 72.0
73.624612736, -983.0, 87.0, 45.0
73.62956096, -961.0, 75.0, 26.0
73.634509056, -941.0, 61.0, 17.0
73.63945728, -916.0, 53.0, 31.0
73.644405376, -894.0, 46.0, 63.0
73.6493536, -889.0, 33.0, 100.0
73.654301696, -888.0, 22.0, 127.0
73.65924992, -890.0, 13.0, 146.0
73.664198016, -896.0, 6.0, 171.0
73.669146112, -906.0, -9.0, 193.0
73.674094336, -928.0, -27.0, 223.0
73.679042432, -950.0, -43.0, 233.0
73.683990656, -975.0, -49.0, 240.0
73.688938752, -990.0, -53.0, 247.0
73.693886976, -993.0, -53.0, 250.0
73.698835072, -997.0, -54.0, 243.0
73.703783296, -999.0, -54.0, 241.0
73.708731448, -1000.0, -51.0, 243.0
73.71367872, -996.0, -51.0, 239.0
73.718626048, -995.0, -45.0, 242.0
73.723573376, -993.0, -43.0, 243.0
73.728520576, -989.0, -36.0, 243.0
73.733467904, -983.0, -33.0, 248.0
73.738415232, -977.0, -27.0, 248.0
73.74336256, -980.0, -24.0, 248.0
73.748309888, -972.0, -26.0, 253.0
73.753257216, -970.0, -26.0, 251.0
73.758204416, -972.0, -25.0, 247.0
73.763151744, -972.0, -23.0, 243.0
73.768099072, -973.0, -29.0, 237.0
73.7730464, -976.0, -24.0, 222.0
73.777993728, -972.0, -26.0, 204.0
73.782941056, -967.0, -20.0, 200.0
73.787888256, -963.0, -19.0, 204.0
73.792835584, -965.0, -22.0, 205.0
73.797782912, -968.0, -22.0, 212.0
73.80273024, -981.0, -20.0, 216.0
73.807677568, -988.0, -22.0, 222.0
73.812624896, -991.0, -26.0, 222.0
73.817572096, -993.0, -32.0, 221.0
73.822519424, -993.0, -41.0, 220.0
73.827466752, -993.0, -46.0, 223.0
73.83241408, -991.0, -51.0, 227.0
73.837361408, -991.0, -66.0, 234.0
73.842308736, -986.0, -76.0, 233.0
73.847255936, -983.0, -94.0, 224.0
73.852203264, -978.0, -105.0, 220.0
73.857150592, -970.0, -109.0, 222.0
73.86209792, -960.0, -111.0, 227.0
73.867045248, -954.0, -112.0, 227.0
73.871992576, -952.0, -115.0, 229.0
73.876939776, -950.0, -117.0, 203.0
73.881887104, -941.0, -120.0, 218.0
73.886834486, -937.0, -125.0, 236.0
73.891782528, -932.0, -130.0, 223.0
73.896730624, -917.0, -136.0, 213.0
73.901678848, -888.0, -129.0, 223.0
73.906626944, -883.0, -115.0, 246.0
73.911575168, -886.0, -109.0, 244.0
73.916523264, -890.0, -105.0, 215.0
73.921471488, -886.0, -103.0, 183.0
73.926419584, -886.0, -103.0, 173.0
73.931367808, -888.0, -107.0, 183.0
73.936315904, -896.0, -105.0, 182.0
73.941264128, -900.0, -108.0, 187.0
73.946212224, -898.0, -108.0, 199.0
73.951160448, -903.0, -110.0, 210.0
73.956108544, -910.0, -107.0, 217.0
73.96105664, -929.0, -102.0, 218.0
73.966004864, -942.0, -92.0, 212.0
73.97095296, -948.0, -85.0, 214.0
73.975901184, -962.0, -66.0, 197.0
73.98084928, -976.0, -56.0, 192.0
73.985797504, -987.0, -53.0, 203.0
73.9907456, -993.0, -43.0, 207.0
73.995693824, -995.0, -33.0, 213.0
74.00064192, -998.0, -21.0, 212.0
74.005590144, -1000.0, -14.0, 214.0
74.01053824, -999.0, -9.0, 207.0
74.015486464, -997.0, -1.0, 203.0
74.02043456, -996.0, -4.0, 213.0
74.025382656, -994.0, -4.0, 207.0
74.03033088, -987.0, -5.0, 208.0
74.035278976, -981.0, -10.0, 205.0
74.0402272, -977.0, -11.0, 206.0
74.045175296, -971.0, -15.0, 205.0
74.05012352, -964.0, -18.0, 215.0
74.055071616, -954.0, -21.0, 217.0
74.06001984, -953.0, -17.0, 231.0
74.064968062, -957.0, -15.0, 244.0
74.069915392, -969.0, -10.0, 249.0
74.07486272, -972.0, -6.0, 260.0
74.079810048, -983.0, -2.0, 268.0
74.084757248, -990.0, 1.0, 285.0
74.089704576, -995.0, 3.0, 304.0
74.094651904, -999.0, 9.0, 306.0
74.099599232, -1014.0, 9.0, 312.0
74.10454656, -1032.0, 10.0, 317.0
74.109493888, -1049.0, 12.0, 321.0
74.114441088, -1062.0, 15.0, 318.0
74.119388416, -1077.0, 16.0, 314.0
74.124335744, -1096.0, 16.0, 308.0
74.129283072, -1107.0, 15.0, 308.0
74.1342304, -1110.0, 13.0, 308.0
74.139177728, -1113.0, 9.0, 310.0
74.144124928, -1115.0, 8.0, 300.0
74.149072256, -1116.0, 9.0, 290.0
74.154019584, -1114.0, 5.0, 284.0
74.158966912, -1108.0, 3.0, 280.0
74.16391424, -1090.0, 2.0, 276.0
74.168861568, -1069.0, -1.0, 278.0
74.173808768, -1052.0, 0.0, 278.0
74.178756096, -1037.0, 1.0, 280.0
74.183703424, -1026.0, 3.0, 276.0
74.188650752, -1020.0, 4.0, 274.0
74.19359808, -1025.0, 10.0, 276.0
74.198545408, -1032.0, 11.0, 275.0
74.203492608, -1047.0, 13.0, 273.0
74.208439936, -1054.0, 16.0, 273.0
74.213387264, -1056.0, 19.0, 268.0
74.218334592, -1058.0, 24.0, 255.0
74.22328192, -1054.0, 29.0, 249.0
74.228229248, -1050.0, 37.0, 242.0
74.233176448, -1039.0, 44.0, 234.0
74.238123776, -1024.0, 44.0, 231.0
74.2430711, -1009.0, 45.0, 233.0
74.248017536, -999.0, 42.0, 242.0
74.252963968, -995.0, 35.0, 244.0
74.2579104, -992.0, 34.0, 242.0
74.26285696, -991.0, 26.0, 241.0
74.267803392, -990.0, 21.0, 237.0
74.272749824, -991.0, 17.0, 225.0
74.277696256, -993.0, 13.0, 224.0
74.282642816, -994.0, 9.0, 218.0
74.287589248, -997.0, 1.0, 213.0
74.29253568, -1000.0, -8.0, 207.0
74.297482112, -1000.0, -14.0, 206.0
74.302428544, -1003.0, -24.0, 208.0
74.307375104, -1005.0, -21.0, 207.0
74.312321536, -1012.0, -15.0, 208.0
74.317267968, -1027.0, -17.0, 200.0
74.3222144, -1032.0, -21.0, 182.0
74.327160832, -1008.0, -28.0, 163.0
74.332107392, -987.0, -23.0, 174.0
74.337053824, -955.0, -11.0, 187.0
74.342000256, -929.0, -6.0, 188.0
74.346946688, -911.0, -3.0, 188.0
74.351893248, -897.0, -1.0, 178.0
74.35683968, -892.0, -5.0, 174.0
74.361786112, -890.0, -8.0, 176.0
74.366732544, -888.0, -18.0, 171.0
74.371678976, -886.0, -27.0, 159.0
74.376625536, -885.0, -32.0, 158.0
74.381571968, -884.0, -38.0, 160.0
74.3865184, -884.0, -36.0, 177.0
74.391464832, -884.0, -35.0, 196.0
74.396411392, -886.0, -28.0, 204.0
74.401357824, -890.0, -20.0, 214.0
74.406304256, -900.0, -9.0, 219.0
74.411250688, -923.0, 2.0, 227.0
74.41619712, -941.0, 7.0, 228.0
74.421143656, -956.0, 10.0, 228.0
74.426091008, -975.0, 11.0, 230.0
74.431038336, -989.0, 13.0, 228.0
74.435985664, -995.0, 15.0, 225.0
74.440932864, -1000.0, 13.0, 222.0
74.445880192, -1011.0, 12.0, 221.0
74.45082752, -1019.0, 13.0, 218.0
74.455774848, -1031.0, 12.0, 222.0
74.460722176, -1042.0, 15.0, 226.0
74.465669504, -1053.0, 18.0, 232.0
74.470616704, -1058.0, 16.0, 236.0
74.475564032, -1063.0, 14.0, 240.0
74.48051136, -1065.0, 13.0, 242.0
74.485458688, -1068.0, 6.0, 239.0
74.490406016, -1070.0, 4.0, 234.0
74.495353344, -1079.0, 2.0, 213.0
74.500300544, -1082.0, -1.0, 196.0
74.505247872, -1088.0, -4.0, 181.0
74.5101952, -1089.0, -4.0, 170.0
74.515142528, -1083.0, -5.0, 177.0
74.520089856, -1073.0, -9.0, 181.0
74.525037184, -1067.0, -3.0, 193.0
74.529984384, -1060.0, -4.0, 200.0
74.534931712, -1054.0, 2.0, 208.0
74.53987904, -1047.0, 2.0, 214.0
74.544826368, -1040.0, 8.0, 218.0
74.549773696, -1033.0, 6.0, 223.0
74.554721024, -1034.0, 9.0, 226.0
74.559668224, -1035.0, 8.0, 225.0
74.564615552, -1032.0, 9.0, 227.0
74.56956288, -1028.0, 8.0, 224.0
74.574510208, -1014.0, 8.0, 225.0
74.579457536, -1003.0, 8.0, 231.0
74.584404864, -992.0, 7.0, 237.0
74.589352064, -967.0, 1.0, 240.0
74.594299392, -938.0, 0.0, 251.0
74.599246678, -900.0, 2.0, 259.0
74.604194048, -883.0, 4.0, 259.0
74.609141376, -879.0, 9.0, 269.0
74.614088704, -886.0, 11.0, 272.0
74.619036032, -905.0, 14.0, 268.0
74.623983232, -946.0, 10.0, 264.0
74.62893056, -979.0, 8.0, 263.0
74.633877888, -996.0, 2.0, 254.0
74.638825216, -1015.0, -3.0, 250.0
74.643772544, -1032.0, -9.0, 243.0
74.648719872, -1040.0, -7.0, 240.0
74.653667072, -1042.0, -10.0, 235.0
74.6586144, -1038.0, -9.0, 235.0
74.663561728, -1030.0, -10.0, 234.0
74.668509056, -1021.0, -15.0, 235.0
74.673456384, -1015.0, -14.0, 234.0
74.678403712, -1007.0, -15.0, 234.0
74.683350912, -1002.0, -15.0, 226.0
74.68829824, -1002.0, -10.0, 224.0
74.693245568, -999.0, -6.0, 216.0
74.698192896, -1000.0, -5.0, 212.0
74.703140224, -1005.0, -5.0, 201.0
74.708087552, -1008.0, -2.0, 190.0
74.713034752, -1007.0, -1.0, 186.0
74.71798208, -1003.0, -1.0, 175.0
74.722929408, -998.0, -5.0, 177.0
74.727876736, -992.0, -7.0, 191.0
74.732824064, -980.0, -10.0, 193.0
74.737771392, -967.0, -11.0, 204.0
74.742718592, -962.0, -15.0, 226.0
74.74766592, -964.0, -12.0, 239.0
74.752613248, -971.0, -15.0, 257.0
74.757560576, -983.0, -21.0, 256.0
74.762507904, -997.0, -19.0, 257.0
74.767455232, -1004.0, -24.0, 246.0
74.772402432, -1003.0, -18.0, 230.0
74.777349726, -996.0, -14.0, 214.0
74.782292864, -991.0, -10.0, 212.0
74.787235968, -983.0, -5.0, 219.0
74.792178944, -986.0, -4.0, 227.0
74.797122048, -990.0, -5.0, 225.0
74.802065152, -994.0, -11.0, 226.0
74.807008256, -996.0, -15.0, 232.0
74.811951232, -997.0, -23.0, 227.0
74.816894336, -997.0, -27.0, 229.0
74.82183744, -994.0, -28.0, 224.0
74.826780544, -992.0, -26.0, 222.0
74.83172352, -989.0, -25.0, 225.0
74.836666624, -986.0, -24.0, 223.0
74.841609728, -982.0, -21.0, 227.0
74.846552704, -980.0, -18.0, 232.0
74.851495808, -983.0, -18.0, 233.0
74.856438912, -986.0, -16.0, 236.0
74.861382016, -992.0, -16.0, 236.0
74.866324992, -995.0, -11.0, 238.0
74.871268096, -1000.0, -12.0, 238.0
74.8762112, -1007.0, -9.0, 229.0
74.881154304, -1010.0, -8.0, 233.0
74.88609728, -1011.0, -2.0, 233.0
74.891040384, -1012.0, -1.0, 239.0
74.895983488, -1006.0, 2.0, 245.0
74.900926464, -1000.0, 2.0, 253.0
74.905869568, -993.0, 5.0, 257.0
74.910812672, -982.0, 7.0, 260.0
74.915755776, -971.0, 10.0, 261.0
74.920698752, -966.0, 10.0, 260.0
74.925641856, -965.0, 10.0, 262.0
74.93058496, -969.0, 13.0, 267.0
74.935527936, -979.0, 15.0, 259.0
74.94047104, -991.0, 20.0, 258.0
74.945414144, -997.0, 20.0, 250.0
74.950357248, -1006.0, 22.0, 241.0
74.955300206, -1012.0, 19.0, 228.0
74.96024832, -1017.0, 18.0, 220.0
74.965196416, -1008.0, 13.0, 205.0
74.97014464, -1000.0, 13.0, 204.0
74.975092736, -999.0, 7.0, 217.0
74.98004096, -996.0, -3.0, 236.0
74.984989056, -996.0, -10.0, 248.0
74.98993728, -998.0, -19.0, 258.0
74.994885376, -999.0, -26.0, 265.0
74.9998336, -1002.0, -27.0, 263.0
75.004781696, -1001.0, -31.0, 266.0
75.00972992, -1006.0, -33.0, 264.0
75.014678016, -1007.0, -35.0, 263.0
75.019626112, -1007.0, -28.0, 267.0
75.024574336, -1000.0, -23.0, 270.0
75.029522432, -995.0, -11.0, 275.0
75.034470656, -988.0, -4.0, 281.0
75.039418752, -984.0, 5.0, 280.0
75.044366976, -976.0, 7.0, 287.0
75.049315072, -977.0, 11.0, 275.0
75.054263296, -976.0, 8.0, 273.0
75.059211392, -987.0, 10.0, 266.0
75.064159616, -992.0, 10.0, 259.0
75.069107712, -995.0, 9.0, 250.0
75.074055808, -997.0, 10.0, 246.0
75.079004032, -995.0, 10.0, 241.0
75.083952128, -996.0, 11.0, 233.0
75.088900352, -996.0, 12.0, 231.0
75.093848448, -992.0, 14.0, 238.0
75.098796672, -986.0, 13.0, 244.0
75.103744768, -980.0, 11.0, 247.0
75.108692992, -979.0, 9.0, 246.0
75.113641088, -979.0, 11.0, 247.0
75.118589312, -981.0, 8.0, 243.0
75.123537408, -984.0, 8.0, 249.0
75.128485504, -986.0, 5.0, 251.0
75.13343376, -982.0, 5.0, 252.0
75.138381824, -983.0, 3.0, 254.0
75.14332992, -979.0, 7.0, 251.0
75.148278144, -975.0, 7.0, 250.0
75.15322624, -970.0, 3.0, 248.0
75.158174464, -953.0, 3.0, 254.0
75.16312256, -933.0, 4.0, 259.0
75.168070784, -930.0, 4.0, 259.0
75.17301888, -933.0, 4.0, 256.0
75.177967104, -938.0, 7.0, 253.0
75.1829152, -932.0, 8.0, 240.0
75.187863424, -938.0, 10.0, 230.0
75.19281152, -946.0, 8.0, 224.0
75.197759616, -957.0, 5.0, 207.0
75.20270784, -958.0, 3.0, 164.0
75.207655936, -942.0, 5.0, 145.0
75.21260416, -912.0, 9.0, 156.0
75.217552256, -891.0, 6.0, 194.0
75.22250048, -887.0, 3.0, 239.0
75.227448576, -887.0, -11.0, 267.0
75.2323968, -892.0, -22.0, 300.0
75.237344896, -905.0, -31.0, 329.0
75.24229312, -920.0, -44.0, 353.0
75.247241216, -922.0, -58.0, 381.0
75.25218944, -915.0, -68.0, 392.0
75.257137536, -903.0, -70.0, 397.0
75.262085632, -912.0, -74.0, 394.0
75.267033856, -905.0, -75.0, 382.0
75.271981952, -897.0, -66.0, 373.0
75.276930176, -931.0, -58.0, 333.0
75.281878272, -948.0, -52.0, 312.0
75.286826496, -976.0, -46.0, 275.0
75.291774592, -990.0, -37.0, 258.0
75.296722816, -999.0, -30.0, 242.0
75.301670912, -1008.0, -26.0, 231.0
75.306619136, -1021.0, -21.0, 226.0
75.311567326, -1026.0, -12.0, 238.0
75.316516352, -1025.0, -9.0, 251.0
75.321465344, -1028.0, -3.0, 259.0
75.326414336, -1025.0, -2.0, 270.0
75.331363328, -1021.0, -3.0, 285.0
75.33631232, -1014.0, -3.0, 284.0
75.341261312, -1005.0, -7.0, 296.0
75.346210304, -1003.0, -5.0, 300.0
75.351159424, -1000.0, -6.0, 299.0
75.356108416, -998.0, -14.0, 298.0
75.361057408, -996.0, -17.0, 292.0
75.3660064, -995.0, -21.0, 290.0
75.370955392, -993.0, -25.0, 287.0
75.375904384, -994.0, -24.0, 291.0
75.380853376, -994.0, -31.0, 288.0
75.385802368, -994.0, -29.0, 291.0
75.39075136, -994.0, -33.0, 285.0
75.395700352, -995.0, -37.0, 278.0
75.400649344, -994.0, -42.0, 284.0
75.405598336, -994.0, -45.0, 289.0
75.410547456, -992.0, -47.0, 299.0
75.415496448, -990.0, -46.0, 312.0
75.42044544, -985.0, -48.0, 323.0
75.425394432, -983.0, -51.0, 323.0
75.430343424, -977.0, -52.0, 330.0
75.435292416, -969.0, -53.0, 326.0
75.440241408, -968.0, -50.0, 324.0
75.4451904, -970.0, -49.0, 322.0
75.450139392, -972.0, -47.0, 326.0
75.455088384, -974.0, -45.0, 323.0
75.460037376, -977.0, -45.0, 320.0
75.464986368, -974.0, -45.0, 310.0
75.469935488, -968.0, -44.0, 304.0
75.47488448, -963.0, -45.0, 308.0
75.479833472, -954.0, -49.0, 306.0
75.484782464, -947.0, -52.0, 311.0
75.48973142, -940.0, -49.0, 309.0
75.494679552, -938.0, -52.0, 315.0
75.499627648, -927.0, -50.0, 314.0
75.504575872, -927.0, -51.0, 316.0
75.509523968, -923.0, -49.0, 318.0
75.514472192, -930.0, -48.0, 320.0
75.519420288, -932.0, -47.0, 318.0
75.524368512, -935.0, -43.0, 320.0
75.529316608, -940.0, -40.0, 319.0
75.534264832, -943.0, -39.0, 321.0
75.539212928, -946.0, -35.0, 323.0
75.544161152, -952.0, -39.0, 324.0
75.549109248, -951.0, -37.0, 322.0
75.554057344, -949.0, -40.0, 324.0
75.559005568, -949.0, -42.0, 319.0
75.563953664, -948.0, -45.0, 321.0
75.568901888, -946.0, -46.0, 325.0
75.573849984, -946.0, -47.0, 323.0
75.578798208, -943.0, -50.0, 323.0
75.583746304, -943.0, -54.0, 320.0
75.588694528, -943.0, -55.0, 310.0
75.593642624, -940.0, -62.0, 310.0
75.598590848, -943.0, -70.0, 308.0
75.603538944, -946.0, -82.0, 312.0
75.60848704, -949.0, -83.0, 319.0
75.613435264, -948.0, -86.0, 320.0
75.61838336, -950.0, -87.0, 343.0
75.623331584, -957.0, -96.0, 358.0
75.62827968, -970.0, -103.0, 334.0
75.633227904, -965.0, -106.0, 308.0
75.638176, -950.0, -103.0, 309.0
75.643124224, -936.0, -88.0, 332.0
75.64807232, -932.0, -75.0, 366.0
75.653020544, -938.0, -69.0, 359.0
75.65796864, -947.0, -69.0, 332.0
75.662916736, -951.0, -75.0, 320.0
75.667864976, -957.0, -81.0, 313.0
75.672810624, -970.0, -89.0, 308.0
75.677756288, -981.0, -99.0, 291.0
75.682701824, -981.0, -101.0, 282.0
75.687647488, -977.0, -99.0, 284.0
75.692593024, -967.0, -97.0, 296.0
75.697538688, -961.0, -90.0, 305.0
75.702484352, -963.0, -82.0, 314.0
75.707429888, -964.0, -77.0, 316.0
75.712375552, -965.0, -68.0, 323.0
75.717321088, -973.0, -58.0, 323.0
75.722266752, -979.0, -56.0, 315.0
75.727212288, -985.0, -50.0, 307.0
75.732157952, -989.0, -47.0, 301.0
75.737103616, -988.0, -46.0, 288.0
75.742049152, -986.0, -45.0, 284.0
75.746994816, -983.0, -39.0, 283.0
75.751940352, -978.0, -41.0, 282.0
75.756886016, -972.0, -37.0, 288.0
75.76183168, -961.0, -41.0, 292.0
75.766777216, -958.0, -44.0, 295.0
75.77172288, -959.0, -50.0, 299.0
75.776668416, -958.0, -53.0, 297.0
75.78161408, -957.0, -60.0, 292.0
75.786559744, -958.0, -66.0, 291.0
75.79150528, -951.0, -76.0, 293.0
75.796450944, -947.0, -79.0, 292.0
75.80139648, -943.0, -89.0, 290.0
75.806342144, -940.0, -95.0, 289.0
75.811287808, -942.0, -99.0, 286.0
75.816233344, -946.0, -104.0, 280.0
75.821179008, -948.0, -107.0, 271.0
75.826124544, -945.0, -109.0, 274.0
75.831070208, -945.0, -110.0, 267.0
75.836015744, -946.0, -115.0, 268.0
75.840961408, -946.0, -117.0, 269.0
75.845906994, -947.0, -116.0, 265.0
75.850851712, -944.0, -121.0, 273.0
75.85579648, -947.0, -117.0, 266.0
75.860741248, -945.0, -114.0, 269.0
75.865686016, -944.0, -112.0, 276.0
75.870630784, -946.0, -112.0, 283.0
75.875575552, -946.0, -110.0, 284.0
75.88052032, -947.0, -109.0, 290.0
75.885465088, -948.0, -105.0, 297.0
75.890409856, -951.0, -103.0, 302.0
75.895354624, -953.0, -104.0, 306.0
75.900299392, -956.0, -103.0, 310.0
75.90524416, -959.0, -102.0, 301.0
75.910188928, -962.0, -97.0, 297.0
75.915133696, -962.0, -96.0, 299.0
75.920078464, -963.0, -93.0, 299.0
75.925023104, -964.0, -97.0, 291.0
75.929967872, -965.0, -94.0, 290.0
75.93491264, -966.0, -94.0, 282.0
75.939857408, -962.0, -95.0, 281.0
75.944802176, -962.0, -90.0, 284.0
75.949746944, -971.0, -81.0, 292.0
75.954691712, -974.0, -74.0, 303.0
75.95963648, -986.0, -66.0, 310.0
75.964581248, -991.0, -63.0, 312.0
75.969526016, -994.0, -66.0, 315.0
75.974470784, -999.0, -64.0, 315.0
75.979415552, -1003.0, -64.0, 313.0
75.98436032, -1008.0, -69.0, 318.0
75.989305088, -1013.0, -76.0, 316.0
75.994249856, -1016.0, -87.0, 309.0
75.999194624, -1012.0, -98.0, 300.0
76.004139392, -1008.0, -104.0, 289.0
76.00908416, -999.0, -108.0, 280.0
76.014028928, -996.0, -111.0, 275.0
76.018973696, -993.0, -114.0, 271.0
76.023918478, -988.0, -115.0, 267.0
76.028863232, -985.0, -116.0, 270.0
76.033808, -982.0, -116.0, 260.0
76.038752768, -982.0, -119.0, 261.0
76.043697536, -983.0, -119.0, 259.0
76.048642304, -983.0, -115.0, 263.0
76.053587072, -986.0, -112.0, 264.0
76.05853184, -988.0, -108.0, 272.0
76.063476608, -994.0, -108.0, 281.0
76.068421376, -1000.0, -104.0, 266.0
76.073366144, -1006.0, -103.0, 241.0
76.078310912, -995.0, -100.0, 218.0
76.08325568, -978.0, -98.0, 212.0
76.088200448, -945.0, -94.0, 240.0
76.093145216, -930.0, -85.0, 268.0
76.098089984, -934.0, -73.0, 289.0
76.103034624, -948.0, -69.0, 293.0
76.107979392, -962.0, -70.0, 293.0
76.11292416, -972.0, -68.0, 291.0
76.117868928, -980.0, -66.0, 290.0
76.122813696, -975.0, -70.0, 292.0
76.127758464, -973.0, -68.0, 297.0
76.132703232, -977.0, -64.0, 309.0
76.137648, -977.0, -61.0, 311.0
76.142592768, -980.0, -54.0, 303.0
76.147537536, -980.0, -54.0, 303.0
76.152482304, -976.0, -59.0, 303.0
76.157427072, -978.0, -55.0, 307.0
76.16237184, -981.0, -55.0, 311.0
76.167316608, -985.0, -56.0, 315.0
76.172261376, -986.0, -56.0, 321.0
76.177206144, -982.0, -53.0, 321.0
76.182150912, -975.0, -57.0, 323.0
76.18709568, -971.0, -55.0, 337.0
76.192040448, -971.0, -49.0, 335.0
76.196985216, -970.0, -48.0, 333.0
76.201929972, -970.0, -46.0, 332.0
76.206878976, -971.0, -45.0, 319.0
76.211827968, -965.0, -43.0, 306.0
76.21677696, -964.0, -42.0, 295.0
76.221725952, -962.0, -42.0, 284.0
76.226674944, -963.0, -41.0, 273.0
76.231623936, -964.0, -36.0, 270.0
76.236573056, -959.0, -35.0, 265.0
76.241522048, -957.0, -37.0, 266.0
76.24647104, -951.0, -36.0, 265.0
76.251420032, -950.0, -40.0, 261.0
76.256369024, -952.0, -45.0, 266.0
76.261318016, -953.0, -49.0, 256.0
76.266267008, -953.0, -55.0, 261.0
76.271216, -956.0, -60.0, 260.0
76.276164992, -958.0, -69.0, 261.0
76.281113984, -961.0, -78.0, 256.0
76.286062976, -969.0, -84.0, 254.0
76.291011968, -977.0, -89.0, 252.0
76.295961088, -982.0, -91.0, 252.0
76.30091008, -983.0, -93.0, 256.0
76.305859072, -982.0, -93.0, 259.0
76.310808064, -983.0, -96.0, 262.0
76.315757056, -980.0, -99.0, 277.0
76.320706048, -983.0, -96.0, 285.0
76.32565504, -983.0, -95.0, 304.0
76.330604032, -983.0, -93.0, 311.0
76.335553024, -988.0, -89.0, 314.0
76.340502016, -990.0, -87.0, 325.0
76.345451008, -993.0, -84.0, 333.0
76.3504, -995.0, -79.0, 335.0
76.35534912, -996.0, -76.0, 345.0
76.360298112, -998.0, -66.0, 357.0
76.365247104, -1001.0, -61.0, 361.0
76.370196096, -998.0, -55.0, 365.0
76.375145088, -997.0, -51.0, 367.0
76.38009407, -995.0, -49.0, 372.0
76.385043072, -991.0, -46.0, 371.0
76.389992064, -991.0, -41.0, 376.0
76.394941056, -987.0, -37.0, 376.0
76.399890048, -986.0, -35.0, 381.0
76.40483904, -982.0, -27.0, 380.0
76.409788032, -987.0, -27.0, 380.0
76.414737024, -989.0, -27.0, 371.0
76.419686144, -988.0, -28.0, 359.0
76.424635136, -987.0, -35.0, 356.0
76.429584128, -988.0, -38.0, 342.0
76.43453312, -987.0, -42.0, 322.0
76.439482112, -984.0, -40.0, 320.0
76.444431104, -980.0, -37.0, 313.0
76.449380096, -968.0, -39.0, 312.0
76.454329088, -957.0, -39.0, 324.0
76.45927808, -948.0, -43.0, 320.0
76.464227072, -948.0, -42.0, 323.0
76.469176064, -944.0, -36.0, 334.0
76.474125056, -944.0, -32.0, 340.0
76.479074176, -944.0, -28.0, 359.0
76.484023168, -936.0, -24.0, 374.0
76.48897216, -936.0, -16.0, 378.0
76.493921152, -938.0, -19.0, 397.0
76.498870144, -954.0, -22.0, 405.0
76.503819136, -984.0, -19.0, 401.0
76.508768128, -989.0, -13.0, 375.0
76.51371712, -973.0, 4.0, 327.0
76.518666112, -933.0, 9.0, 306.0
76.523615104, -895.0, 8.0, 307.0
76.528564096, -882.0, 4.0, 328.0
76.533513088, -878.0, -2.0, 352.0
76.538462208, -882.0, -15.0, 364.0
76.5434112, -890.0, -20.0, 365.0
76.548360192, -897.0, -22.0, 364.0
76.553309184, -907.0, -17.0, 363.0
76.558258154, -906.0, -15.0, 369.0
76.563206272, -904.0, -19.0, 372.0
76.568154368, -898.0, -13.0, 381.0
76.573102592, -895.0, -14.0, 381.0
76.578050688, -895.0, -15.0, 386.0
76.582998912, -895.0, -15.0, 391.0
76.587947008, -902.0, -12.0, 389.0
76.592895232, -910.0, -7.0, 385.0
76.597843328, -910.0, -5.0, 377.0
76.602791552, -904.0, -2.0, 370.0
76.607739648, -898.0, -2.0, 353.0
76.612687872, -892.0, -5.0, 350.0
76.617635968, -887.0, -8.0, 336.0
76.622584064, -883.0, -13.0, 331.0
76.627532288, -885.0, -12.0, 332.0
76.632480384, -887.0, -17.0, 339.0
76.637428608, -891.0, -19.0, 344.0
76.642376704, -898.0, -23.0, 347.0
76.647324928, -906.0, -26.0, 351.0
76.652273024, -907.0, -25.0, 357.0
76.657221248, -907.0, -25.0, 358.0
76.662169344, -910.0, -22.0, 355.0
76.667117568, -906.0, -15.0, 361.0
76.672065664, -911.0, -7.0, 369.0
76.67701376, -913.0, 1.0, 386.0
76.681961984, -920.0, 7.0, 402.0
76.68691008, -925.0, 9.0, 417.0
76.691858304, -929.0, 10.0, 421.0
76.6968064, -931.0, 12.0, 425.0
76.701754624, -934.0, 14.0, 416.0
76.70670272, -934.0, 14.0, 401.0
76.711650944, -936.0, 15.0, 388.0
76.71659904, -932.0, 15.0, 382.0
76.721547264, -929.0, 15.0, 381.0
76.72649536, -933.0, 15.0, 375.0
76.731443456, -943.0, 15.0, 382.0
76.73639171, -952.0, 11.0, 378.0
76.741339008, -961.0, 10.0, 369.0
76.746286336, -969.0, 8.0, 358.0
76.751233664, -977.0, 8.0, 351.0
76.756180864, -978.0, 7.0, 345.0
76.761128192, -980.0, 9.0, 330.0
76.76607552, -976.0, 9.0, 320.0
76.771022848, -976.0, 8.0, 313.0
76.775970176, -972.0, 7.0, 310.0
76.780917504, -965.0, 5.0, 317.0
76.785864704, -961.0, 4.0, 325.0
76.790812032, -962.0, 4.0, 333.0
76.79575936, -959.0, 5.0, 344.0
76.800706688, -956.0, -1.0, 361.0
76.805654016, -956.0, -4.0, 368.0
76.810601344, -957.0, -2.0, 369.0
76.815548544, -962.0, -3.0, 373.0
76.820495872, -972.0, 0.0, 368.0
76.8254432, -973.0, 3.0, 364.0
76.830390528, -980.0, 6.0, 361.0
76.835337856, -981.0, 10.0, 354.0
76.840285184, -984.0, 13.0, 347.0
76.845232384, -986.0, 15.0, 347.0
76.850179712, -987.0, 18.0, 348.0
76.85512704, -989.0, 21.0, 353.0
76.860074368, -990.0, 26.0, 346.0
76.865021696, -987.0, 25.0, 343.0
76.869969024, -983.0, 31.0, 337.0
76.874916224, -976.0, 27.0, 332.0
76.879863552, -965.0, 27.0, 335.0
76.88481088, -963.0, 23.0, 337.0
76.889758208, -957.0, 21.0, 343.0
76.894705536, -954.0, 21.0, 343.0
76.899652864, -954.0, 21.0, 343.0
76.904600064, -957.0, 25.0, 344.0
76.909547392, -955.0, 29.0, 349.0
76.914494748, -966.0, 31.0, 356.0
76.919442816, -978.0, 41.0, 341.0
76.924390912, -989.0, 40.0, 367.0
76.929339136, -1000.0, 36.0, 357.0
76.934287232, -1019.0, 33.0, 313.0
76.939235456, -1019.0, 33.0, 277.0
76.944183552, -997.0, 46.0, 271.0
76.949131776, -978.0, 59.0, 306.0
76.954079872, -960.0, 64.0, 333.0
76.959028096, -952.0, 61.0, 340.0
76.963976192, -951.0, 52.0, 338.0
76.968924416, -949.0, 41.0, 345.0
76.973872512, -952.0, 30.0, 340.0
76.978820736, -954.0, 21.0, 338.0
76.983768832, -953.0, 18.0, 336.0
76.988716928, -948.0, 17.0, 332.0
76.993665152, -947.0, 16.0, 340.0
76.998613248, -947.0, 18.0, 344.0
77.003561472, -948.0, 18.0, 353.0
77.008509568, -950.0, 23.0, 350.0
77.013457792, -954.0, 30.0, 347.0
77.018405888, -958.0, 40.0, 339.0
77.023354112, -964.0, 45.0, 338.0
77.028302208, -972.0, 51.0, 338.0
77.033250432, -980.0, 60.0, 332.0
77.038198528, -981.0, 62.0, 322.0
77.043146752, -975.0, 69.0, 319.0
77.048094848, -967.0, 68.0, 314.0
77.053042944, -956.0, 70.0, 314.0
77.057991168, -946.0, 68.0, 322.0
77.062939264, -933.0, 70.0, 333.0
77.067887488, -926.0, 65.0, 345.0
77.072835584, -925.0, 65.0, 358.0
77.077783808, -932.0, 62.0, 366.0
77.082731904, -941.0, 56.0, 375.0
77.087680128, -951.0, 54.0, 373.0
77.092628324, -970.0, 51.0, 367.0
77.097577344, -984.0, 48.0, 339.0
77.102526336, -991.0, 48.0, 313.0
77.107475328, -991.0, 44.0, 297.0
77.11242432, -991.0, 39.0, 282.0
77.117373312, -991.0, 30.0, 278.0
77.122322304, -990.0, 22.0, 277.0
77.127271296, -985.0, 17.0, 270.0
77.132220416, -973.0, 12.0, 270.0
77.137169408, -962.0, 7.0, 275.0
77.1421184, -952.0, 0.0, 284.0
77.147067392, -948.0, -11.0, 300.0
77.152016384, -949.0, -21.0, 309.0
77.156965376, -951.0, -31.0, 318.0
77.161914368, -954.0, -37.0, 313.0
77.16686336, -956.0, -48.0, 324.0
77.171812352, -962.0, -53.0, 328.0
77.176761344, -960.0, -55.0, 328.0
77.181710336, -961.0, -60.0, 326.0
77.186659328, -968.0, -66.0, 329.0
77.191608448, -974.0, -67.0, 329.0
77.19655744, -979.0, -69.0, 323.0
77.201506432, -984.0, -72.0, 318.0
77.206455424, -986.0, -70.0, 318.0
77.211404416, -986.0, -75.0, 305.0
77.216353408, -985.0, -79.0, 292.0
77.2213024, -987.0, -70.0, 277.0
77.226251392, -987.0, -74.0, 269.0
77.231200384, -988.0, -69.0, 259.0
77.236149376, -986.0, -63.0, 252.0
77.241098368, -987.0, -60.0, 253.0
77.24604736, -986.0, -57.0, 255.0
77.25099648, -987.0, -51.0, 257.0
77.255945472, -989.0, -49.0, 260.0
77.260894464, -988.0, -46.0, 262.0
77.265843456, -990.0, -53.0, 266.0
77.270792418, -985.0, -54.0, 268.0
77.27573888, -984.0, -57.0, 281.0
77.280685312, -983.0, -65.0, 295.0
77.285631744, -986.0, -68.0, 307.0
77.290578304, -992.0, -81.0, 309.0
77.295524736, -994.0, -87.0, 312.0
77.300471168, -999.0, -98.0, 314.0
77.3054176, -1008.0, -105.0, 313.0
77.310364032, -1013.0, -110.0, 309.0
77.315310592, -1022.0, -112.0, 310.0
77.320257024, -1021.0, -114.0, 309.0
77.325203456, -1024.0, -115.0, 307.0
77.330149888, -1021.0, -117.0, 303.0
77.335096448, -1016.0, -117.0, 290.0
77.34004288, -1008.0, -116.0, 280.0
77.344989312, -1002.0, -112.0, 274.0
77.349935744, -996.0, -108.0, 269.0
77.354882176, -992.0, -105.0, 277.0
77.359828736, -992.0, -101.0, 280.0
77.364775168, -992.0, -101.0, 263.0
77.3697216, -983.0, -101.0, 255.0
77.374668032, -963.0, -96.0, 249.0
77.379614464, -950.0, -88.0, 256.0
77.384561024, -939.0, -76.0, 268.0
77.389507456, -933.0, -68.0, 277.0
77.394453888, -941.0, -65.0, 279.0
77.39940032, -946.0, -76.0, 270.0
77.40434688, -948.0, -92.0, 270.0
77.409293312, -955.0, -101.0, 268.0
77.414239744, -961.0, -109.0, 260.0
77.419186176, -961.0, -114.0, 250.0
77.424132608, -958.0, -118.0, 246.0
77.429079168, -948.0, -122.0, 255.0
77.4340256, -940.0, -121.0, 258.0
77.438972032, -941.0, -119.0, 264.0
77.443918464, -941.0, -117.0, 266.0
77.448864954, -943.0, -115.0, 268.0
77.45381056, -941.0, -110.0, 268.0
77.458756224, -943.0, -107.0, 268.0
77.46370176, -941.0, -105.0, 270.0
77.468647424, -934.0, -105.0, 273.0
77.47359296, -938.0, -107.0, 280.0
77.478538624, -938.0, -106.0, 287.0
77.483484288, -942.0, -106.0, 288.0
77.488429824, -948.0, -108.0, 291.0
77.493375488, -955.0, -110.0, 296.0
77.498321024, -963.0, -109.0, 287.0
77.503266688, -981.0, -110.0, 287.0
77.508212224, -989.0, -112.0, 279.0
77.513157888, -992.0, -113.0, 281.0
77.518103552, -995.0, -114.0, 281.0
77.523049088, -995.0, -110.0, 286.0
77.527994752, -996.0, -109.0, 285.0
77.532940288, -996.0, -107.0, 294.0
77.537885952, -994.0, -107.0, 301.0
77.542831616, -992.0, -106.0, 303.0
77.547777152, -992.0, -102.0, 311.0
77.552722816, -991.0, -98.0, 315.0
77.557668352, -988.0, -93.0, 313.0
77.562614016, -985.0, -84.0, 307.0
77.56755968, -978.0, -82.0, 304.0
77.572505216, -967.0, -89.0, 297.0
77.57745088, -956.0, -92.0, 293.0
77.582396416, -948.0, -97.0, 292.0
77.58734208, -946.0, -104.0, 289.0
77.592287616, -942.0, -109.0, 283.0
77.59723328, -939.0, -110.0, 276.0
77.602178944, -938.0, -113.0, 278.0
77.60712448, -937.0, -115.0, 277.0
77.612070144, -938.0, -119.0, 280.0
77.61701568, -942.0, -126.0, 286.0
77.621961344, -945.0, -133.0, 291.0
77.626906956, -950.0, -143.0, 289.0
77.63185344, -955.0, -152.0, 288.0
77.636799872, -955.0, -157.0, 290.0
77.641746304, -957.0, -156.0, 287.0
77.646692864, -950.0, -162.0, 299.0
77.651639296, -951.0, -159.0, 291.0
77.656585728, -950.0, -169.0, 290.0
77.66153216, -949.0, -170.0, 281.0
77.66647872, -951.0, -170.0, 280.0
77.671425152, -952.0, -165.0, 281.0
77.676371584, -954.0, -162.0, 277.0
77.681318016, -957.0, -158.0, 274.0
77.686264448, -969.0, -153.0, 267.0
77.691211008, -973.0, -143.0, 263.0
77.69615744, -980.0, -135.0, 263.0
77.701103872, -976.0, -126.0, 259.0
77.706050304, -979.0, -121.0, 258.0
77.710996736, -979.0, -116.0, 256.0
77.715943296, -981.0, -115.0, 258.0
77.720889728, -979.0, -115.0, 259.0
77.72583616, -983.0, -111.0, 263.0
77.730782592, -984.0, -110.0, 267.0
77.735729152, -984.0, -110.0, 268.0
77.740675584, -983.0, -111.0, 270.0
77.745622016, -984.0, -111.0, 272.0
77.750568448, -986.0, -110.0, 277.0
77.75551488, -979.0, -109.0, 296.0
77.76046144, -971.0, -109.0, 297.0
77.765407872, -977.0, -109.0, 298.0
77.770354304, -957.0, -107.0, 309.0
77.775300736, -948.0, -106.0, 314.0
77.780247168, -943.0, -104.0, 319.0
77.785193728, -948.0, -97.0, 324.0
77.79014016, -953.0, -95.0, 333.0
77.795086592, -965.0, -82.0, 332.0
77.800033024, -978.0, -77.0, 338.0
77.804979496, -992.0, -71.0, 322.0
77.80992512, -999.0, -81.0, 302.0
77.814870784, -992.0, -86.0, 263.0
77.81981632, -972.0, -93.0, 247.0
77.824761984, -941.0, -93.0, 241.0
77.82970752, -919.0, -93.0, 242.0
77.834653184, -916.0, -89.0, 249.0
77.839598848, -930.0, -91.0, 249.0
77.844544384, -943.0, -91.0, 249.0
77.849490048, -949.0, -98.0, 242.0
77.854435584, -954.0, -97.0, 241.0
77.859381248, -965.0, -102.0, 242.0
77.864326784, -972.0, -104.0, 249.0
77.869272448, -982.0, -103.0, 255.0
77.874218112, -990.0, -99.0, 255.0
77.879163648, -997.0, -98.0, 258.0
77.884109312, -1005.0, -98.0, 257.0
77.889054848, -1014.0, -93.0, 258.0
77.894000512, -1021.0, -89.0, 260.0
77.898946176, -1021.0, -83.0, 269.0
77.903891712, -1030.0, -78.0, 280.0
77.908837376, -1025.0, -79.0, 285.0
77.913782912, -1012.0, -65.0, 292.0
77.918728576, -1008.0, -63.0, 301.0
77.92367424, -999.0, -62.0, 307.0
77.928619776, -995.0, -56.0, 314.0
77.93356544, -993.0, -52.0, 309.0
77.938510976, -994.0, -53.0, 304.0
77.94345664, -996.0, -49.0, 299.0
77.948402176, -999.0, -49.0, 297.0
77.95334784, -1003.0, -50.0, 286.0
77.958293504, -1001.0, -46.0, 283.0
77.96323904, -1000.0, -41.0, 275.0
77.968184704, -997.0, -43.0, 276.0
77.97313024, -997.0, -39.0, 278.0
77.978075904, -994.0, -42.0, 284.0
77.983021498, -991.0, -43.0, 299.0
77.987967104, -993.0, -34.0, 331.0
77.992912768, -982.0, -41.0, 343.0
77.997858304, -984.0, -41.0, 355.0
78.002803968, -979.0, -49.0, 352.0
78.007749504, -975.0, -47.0, 343.0
78.012695168, -970.0, -48.0, 334.0
78.017640832, -967.0, -48.0, 332.0
78.022586368, -966.0, -47.0, 330.0
78.027532032, -964.0, -45.0, 330.0
78.032477568, -960.0, -46.0, 333.0
78.037423232, -954.0, -44.0, 339.0
78.042368768, -950.0, -47.0, 353.0
78.047314432, -949.0, -45.0, 361.0
78.052260096, -950.0, -44.0, 359.0
78.057205632, -951.0, -45.0, 353.0
78.062151296, -956.0, -44.0, 352.0
78.067096832, -958.0, -44.0, 340.0
78.072042496, -963.0, -41.0, 332.0
78.07698816, -971.0, -40.0, 323.0
78.081933696, -975.0, -40.0, 314.0
78.08687936, -973.0, -36.0, 311.0
78.091824896, -977.0, -30.0, 308.0
78.09677056, -976.0, -24.0, 302.0
78.101716224, -972.0, -14.0, 303.0
78.10666176, -968.0, -9.0, 302.0
78.111607424, -960.0, -9.0, 305.0
78.11655296, -954.0, -10.0, 313.0
78.121498624, -954.0, -9.0, 310.0
78.126444288, -967.0, -5.0, 297.0
78.131389824, -948.0, -9.0, 311.0
78.136335488, -938.0, -11.0, 318.0
78.141281024, -929.0, -13.0, 309.0
78.146226688, -933.0, -16.0, 301.0
78.151172224, -921.0, -34.0, 300.0
78.156117888, -912.0, -43.0, 292.0
78.16106351, -905.0, -50.0, 280.0
78.166009216, -896.0, -60.0, 275.0
78.17095488, -890.0, -66.0, 270.0
78.175900416, -888.0, -73.0, 263.0
78.18084608, -887.0, -75.0, 258.0
78.185791616, -885.0, -79.0, 256.0
78.19073728, -884.0, -77.0, 251.0
78.195682944, -882.0, -67.0, 254.0
78.20062848, -874.0, -62.0, 248.0
78.205574144, -874.0, -53.0, 243.0
78.21051968, -864.0, -49.0, 237.0
78.215465344, -865.0, -44.0, 241.0
78.22041088, -866.0, -39.0, 250.0
78.225356544, -871.0, -29.0, 266.0
78.230302208, -875.0, -18.0, 275.0
78.235247744, -877.0, -10.0, 314.0
78.240193408, -891.0, -4.0, 354.0
78.245138944, -921.0, 3.0, 362.0
78.250084608, -932.0, 8.0, 329.0
78.255030272, -922.0, 14.0, 305.0
78.259975808, -895.0, 20.0, 312.0
78.264921472, -888.0, 27.0, 330.0
78.269867008, -887.0, 28.0, 333.0
78.274812672, -890.0, 25.0, 330.0
78.279758336, -897.0, 28.0, 324.0
78.284703872, -908.0, 23.0, 316.0
78.289649536, -924.0, 19.0, 328.0
78.294595072, -932.0, 15.0, 336.0
78.299540736, -928.0, 16.0, 359.0
78.3044864, -922.0, 14.0, 371.0
78.309431936, -917.0, 13.0, 389.0
78.3143776, -916.0, 13.0, 402.0
78.319323136, -919.0, 12.0, 407.0
78.3242688, -920.0, 13.0, 409.0
78.329214336, -929.0, 13.0, 403.0
78.33416, -946.0, 15.0, 392.0
78.339105522, -965.0, 15.0, 380.0
78.3440512, -983.0, 15.0, 365.0
78.348996864, -992.0, 12.0, 351.0
78.3539424, -993.0, 12.0, 333.0
78.358888064, -994.0, 10.0, 327.0
78.3638336, -994.0, 9.0, 315.0
78.368779264, -994.0, 6.0, 313.0
78.373724928, -994.0, 7.0, 314.0
78.378670464, -993.0, 7.0, 319.0
78.383616128, -990.0, 8.0, 334.0
78.388561664, -990.0, 11.0, 346.0
78.393507328, -989.0, 15.0, 356.0
78.398452864, -989.0, 20.0, 369.0
78.403398528, -991.0, 27.0, 375.0
78.408344192, -993.0, 33.0, 387.0
78.413289728, -993.0, 37.0, 397.0
78.418235392, -995.0, 45.0, 406.0
78.423180928, -995.0, 47.0, 423.0
78.428126592, -996.0, 50.0, 439.0
78.433072256, -996.0, 49.0, 450.0
78.438017792, -994.0, 47.0, 452.0
78.442963456, -992.0, 48.0, 454.0
78.447908992, -989.0, 42.0, 449.0
78.452854656, -982.0, 41.0, 448.0
78.45780032, -976.0, 37.0, 441.0
78.462745856, -967.0, 35.0, 432.0
78.46769152, -962.0, 31.0, 437.0
78.472637056, -956.0, 27.0, 434.0
78.47758272, -951.0, 22.0, 429.0
78.482528384, -950.0, 21.0, 420.0
78.48747392, -950.0, 21.0, 425.0
78.492419584, -950.0, 18.0, 422.0
78.49736512, -948.0, 15.0, 425.0
78.502310784, -950.0, 14.0, 426.0
78.50725632, -951.0, 11.0, 426.0
78.512201984, -950.0, 12.0, 421.0
78.517147534, -953.0, 11.0, 425.0
78.522095616, -957.0, 13.0, 431.0
78.527043712, -951.0, 12.0, 436.0
78.531991936, -955.0, 15.0, 442.0
78.536940032, -961.0, 15.0, 437.0
78.541888256, -966.0, 17.0, 440.0
78.546836352, -980.0, 21.0, 441.0
78.551784576, -983.0, 23.0, 442.0
78.556732672, -991.0, 24.0, 438.0
78.561680896, -990.0, 30.0, 438.0
78.566628992, -992.0, 27.0, 436.0
78.571577216, -990.0, 33.0, 440.0
78.576525312, -991.0, 33.0, 434.0
78.581473408, -988.0, 33.0, 427.0
78.586421632, -988.0, 39.0, 417.0
78.591369728, -987.0, 38.0, 411.0
78.596317952, -984.0, 39.0, 404.0
78.601266048, -980.0, 36.0, 398.0
78.606214272, -974.0, 35.0, 393.0
78.611162368, -962.0, 34.0, 386.0
78.616110592, -958.0, 35.0, 376.0
78.621058688, -948.0, 39.0, 367.0
78.626006912, -945.0, 40.0, 354.0
78.630955008, -946.0, 51.0, 340.0
78.635903232, -943.0, 56.0, 330.0
78.640851328, -942.0, 61.0, 316.0
78.645799424, -938.0, 65.0, 304.0
78.650747648, -932.0, 69.0, 297.0
78.655695744, -922.0, 71.0, 299.0
78.660643968, -917.0, 73.0, 312.0
78.665592064, -917.0, 77.0, 325.0
78.670540288, -918.0, 80.0, 338.0
78.675488384, -932.0, 71.0, 374.0
78.680436608, -954.0, 64.0, 378.0
78.685384704, -976.0, 64.0, 352.0
78.690332928, -973.0, 67.0, 317.0
78.695281094, -935.0, 65.0, 325.0
78.700226816, -903.0, 65.0, 368.0
78.70517248, -896.0, 73.0, 405.0
78.710118016, -914.0, 72.0, 417.0
78.71506368, -932.0, 67.0, 416.0
78.720009216, -934.0, 59.0, 405.0
78.72495488, -939.0, 47.0, 387.0
78.729900544, -936.0, 36.0, 373.0
78.73484608, -934.0, 23.0, 362.0
78.739791744, -934.0, 15.0, 361.0
78.74473728, -925.0, 13.0, 363.0
78.749682944, -911.0, 12.0, 363.0
78.75462848, -898.0, 10.0, 358.0
78.759574144, -892.0, 13.0, 351.0
78.764519808, -889.0, 16.0, 341.0
78.769465344, -888.0, 21.0, 338.0
78.774411008, -890.0, 24.0, 335.0
78.779356544, -895.0, 28.0, 332.0
78.784302208, -910.0, 40.0, 328.0
78.789247872, -917.0, 45.0, 317.0
78.794193408, -917.0, 49.0, 309.0
78.799139072, -915.0, 52.0, 311.0
78.804084608, -911.0, 54.0, 317.0
78.809030272, -910.0, 58.0, 318.0
78.813975936, -919.0, 59.0, 321.0
78.818921472, -924.0, 66.0, 322.0
78.823867136, -937.0, 69.0, 314.0
78.828812672, -943.0, 76.0, 309.0
78.833758336, -950.0, 88.0, 304.0
78.838704, -955.0, 89.0, 293.0
78.843649536, -961.0, 100.0, 290.0
78.8485952, -968.0, 107.0, 289.0
78.853540736, -974.0, 112.0, 292.0
78.8584864, -980.0, 116.0, 300.0
78.863431936, -981.0, 116.0, 300.0
78.8683776, -987.0, 119.0, 306.0
78.873323112, -992.0, 115.0, 308.0
78.8782688, -998.0, 108.0, 302.0
78.883214464, -1004.0, 100.0, 300.0
78.88816, -1008.0, 86.0, 302.0
78.893105664, -1020.0, 70.0, 303.0
78.8980512, -1032.0, 61.0, 305.0
78.902996864, -1034.0, 55.0, 309.0
78.907942528, -1038.0, 51.0, 314.0
78.912888064, -1037.0, 42.0, 321.0
78.917833728, -1032.0, 41.0, 326.0
78.922779264, -1028.0, 34.0, 331.0
78.927724928, -1024.0, 29.0, 340.0
78.932670464, -1016.0, 22.0, 350.0
78.937616128, -1009.0, 21.0, 352.0
78.942561792, -1004.0, 18.0, 357.0
78.947507328, -1005.0, 16.0, 353.0
78.952452992, -1004.0, 15.0, 349.0
78.957398528, -1005.0, 14.0, 339.0
78.962344192, -1003.0, 14.0, 331.0
78.967289856, -1001.0, 15.0, 337.0
78.972235392, -998.0, 16.0, 335.0
78.977181056, -996.0, 17.0, 336.0
78.982126592, -994.0, 22.0, 341.0
78.987072256, -996.0, 23.0, 338.0
78.99201792, -995.0, 26.0, 335.0
78.996963456, -995.0, 29.0, 332.0
79.00190912, -994.0, 30.0, 332.0
79.006854656, -990.0, 31.0, 331.0
79.01180032, -982.0, 35.0, 334.0
79.016745984, -970.0, 32.0, 340.0
79.02169152, -960.0, 37.0, 351.0
79.026637184, -956.0, 41.0, 363.0
79.03158272, -952.0, 43.0, 361.0
79.036528384, -949.0, 47.0, 360.0
79.04147392, -946.0, 49.0, 360.0
79.046419584, -945.0, 53.0, 366.0
79.051365124, -949.0, 54.0, 359.0
79.056309888, -958.0, 51.0, 338.0
79.061254656, -959.0, 50.0, 333.0
79.066199424, -954.0, 47.0, 314.0
79.071144192, -956.0, 44.0, 295.0
79.07608896, -976.0, 45.0, 285.0
79.081033728, -987.0, 43.0, 293.0
79.085978496, -987.0, 40.0, 303.0
79.090923264, -979.0, 35.0, 307.0
79.095868032, -964.0, 32.0, 317.0
79.1008128, -957.0, 33.0, 329.0
79.105757568, -956.0, 37.0, 330.0
79.110702336, -954.0, 26.0, 347.0
79.115647104, -954.0, 28.0, 333.0
79.120591872, -960.0, 27.0, 326.0
79.12553664, -959.0, 24.0, 323.0
79.13048128, -954.0, 26.0, 312.0
79.135426048, -934.0, 33.0, 296.0
79.140370816, -900.0, 34.0, 282.0
79.145315584, -887.0, 35.0, 280.0
79.150260352, -885.0, 40.0, 287.0
79.15520512, -889.0, 44.0, 298.0
79.160149888, -912.0, 48.0, 299.0
79.165094656, -944.0, 42.0, 293.0
79.170039424, -961.0, 39.0, 288.0
79.174984192, -971.0, 39.0, 285.0
79.17992896, -978.0, 36.0, 290.0
79.184873728, -983.0, 37.0, 296.0
79.189818496, -982.0, 36.0, 307.0
79.194763264, -978.0, 34.0, 313.0
79.199708032, -972.0, 28.0, 323.0
79.2046528, -969.0, 26.0, 338.0
79.209597568, -965.0, 23.0, 355.0
79.214542336, -965.0, 21.0, 362.0
79.219487104, -969.0, 18.0, 372.0
79.224431872, -979.0, 20.0, 377.0
79.229376608, -985.0, 19.0, 372.0
79.234318848, -987.0, 20.0, 367.0
79.239261056, -991.0, 21.0, 348.0
79.244203264, -990.0, 23.0, 335.0
79.249145472, -986.0, 25.0, 330.0
79.25408768, -982.0, 27.0, 322.0
79.259029888, -966.0, 28.0, 319.0
79.263972224, -950.0, 25.0, 322.0
79.268914432, -950.0, 31.0, 322.0
79.27385664, -944.0, 33.0, 317.0
79.278798848, -946.0, 31.0, 319.0
79.283741056, -947.0, 41.0, 313.0
79.288683264, -952.0, 41.0, 312.0
79.293625472, -954.0, 41.0, 307.0
79.29856768, -953.0, 39.0, 306.0
79.303509888, -960.0, 40.0, 307.0
79.308452096, -967.0, 39.0, 308.0
79.313394432, -973.0, 46.0, 315.0
79.31833664, -978.0, 45.0, 316.0
79.323278848, -980.0, 49.0, 321.0
79.328221056, -980.0, 48.0, 317.0
79.333163264, -979.0, 50.0, 313.0
79.338105472, -969.0, 47.0, 322.0
79.34304768, -967.0, 47.0, 322.0
79.347989888, -965.0, 44.0, 324.0
79.352932096, -965.0, 41.0, 322.0
79.357874304, -966.0, 41.0, 318.0
79.36281664, -964.0, 38.0, 320.0
79.367758848, -986.0, 40.0, 311.0
79.372701056, -969.0, 35.0, 326.0
79.377643264, -959.0, 26.0, 335.0
79.382585472, -965.0, 23.0, 328.0
79.38752768, -967.0, 21.0, 324.0
79.392469888, -981.0, 19.0, 310.0
79.397412096, -983.0, 18.0, 301.0
79.402354304, -968.0, 15.0, 307.0
79.407296554, -971.0, 16.0, 298.0
79.412239616, -989.0, 16.0, 277.0
79.41718272, -986.0, 14.0, 277.0
79.422125696, -978.0, 13.0, 286.0
79.4270688, -980.0, 12.0, 279.0
79.432011904, -984.0, 10.0, 290.0
79.436955008, -988.0, 8.0, 287.0
79.441897984, -989.0, 7.0, 284.0
79.446841088, -994.0, 9.0, 281.0
79.451784192, -990.0, 10.0, 294.0
79.456727296, -986.0, 11.0, 298.0
79.461670272, -984.0, 14.0, 296.0
79.466613376, -982.0, 15.0, 303.0
79.47155648, -985.0, 17.0, 296.0
79.476499456, -981.0, 15.0, 309.0
79.48144256, -979.0, 17.0, 312.0
79.486385664, -971.0, 15.0, 318.0
79.491328768, -956.0, 15.0, 318.0
79.496271744, -955.0, 15.0, 321.0
79.501214848, -954.0, 14.0, 315.0
79.506157952, -950.0, 12.0, 316.0
79.511100928, -953.0, 12.0, 308.0
79.516044032, -967.0, 11.0, 298.0
79.520987136, -980.0, 11.0, 279.0
79.52593024, -963.0, 10.0, 292.0
79.530873216, -956.0, 12.0, 293.0
79.53581632, -984.0, 16.0, 273.0
79.540759424, -984.0, 17.0, 288.0
79.545702528, -990.0, 19.0, 272.0
79.550645504, -994.0, 25.0, 272.0
79.555588608, -996.0, 23.0, 277.0
79.560531712, -998.0, 18.0, 279.0
79.565474688, -993.0, 15.0, 283.0
79.570417792, -991.0, 17.0, 275.0
79.575360896, -975.0, 17.0, 259.0
79.580304, -957.0, 19.0, 249.0
79.585247022, -944.0, 20.0, 238.0
79.59019264, -914.0, 18.0, 233.0
79.595138304, -895.0, 15.0, 226.0
79.60008384, -906.0, 15.0, 225.0
79.605029504, -927.0, 9.0, 235.0
79.60997504, -939.0, -1.0, 248.0
79.614920704, -938.0, -7.0, 258.0
79.619866368, -944.0, -9.0, 262.0
79.624811904, -950.0, -8.0, 281.0
79.629757568, -966.0, -6.0, 308.0
79.634703104, -984.0, 0.0, 334.0
79.639648768, -993.0, 8.0, 355.0
79.644594304, -996.0, 10.0, 369.0
79.649539968, -997.0, 14.0, 375.0
79.654485632, -996.0, 16.0, 372.0
79.659431168, -995.0, 20.0, 350.0
79.664376832, -997.0, 20.0, 329.0
79.669322368, -997.0, 21.0, 299.0
79.674268032, -996.0, 21.0, 276.0
79.679213696, -996.0, 20.0, 257.0
79.684159232, -994.0, 19.0, 254.0
79.689104896, -994.0, 15.0, 249.0
79.694050432, -991.0, 14.0, 252.0
79.698996096, -984.0, 12.0, 255.0
79.70394176, -969.0, 10.0, 262.0
79.708887296, -963.0, 11.0, 270.0
79.71383296, -963.0, 11.0, 286.0
79.718778496, -972.0, 13.0, 295.0
79.72372416, -985.0, 14.0, 299.0
79.728669696, -994.0, 13.0, 293.0
79.73361536, -999.0, 12.0, 283.0
79.738561024, -1004.0, 11.0, 280.0
79.74350656, -1011.0, 8.0, 280.0
79.748452224, -1010.0, 7.0, 286.0
79.75339776, -1016.0, 5.0, 281.0
79.758343424, -1013.0, 4.0, 276.0
79.763289028, -1004.0, 3.0, 272.0
79.768233856, -999.0, -5.0, 260.0
79.773178624, -992.0, -4.0, 264.0
79.778123392, -989.0, -8.0, 269.0
79.78306816, -977.0, -11.0, 266.0
79.788012928, -969.0, -10.0, 257.0
79.792957696, -962.0, -10.0, 255.0
79.797902464, -960.0, -10.0, 254.0
79.802847232, -980.0, -11.0, 259.0
79.807792, -992.0, -7.0, 270.0
79.812736768, -997.0, -11.0, 288.0
79.817681536, -999.0, -13.0, 297.0
79.822626304, -998.0, -15.0, 297.0
79.827571072, -994.0, -14.0, 302.0
79.83251584, -992.0, -17.0, 298.0
79.837460608, -985.0, -19.0, 303.0
79.842405248, -976.0, -22.0, 307.0
79.847350016, -971.0, -17.0, 311.0
79.852294784, -964.0, -16.0, 316.0
79.857239552, -961.0, -15.0, 312.0
79.86218432, -967.0, -13.0, 313.0
79.867129088, -967.0, -11.0, 300.0
79.872073856, -965.0, -16.0, 278.0
79.877018624, -964.0, -12.0, 273.0
79.881963392, -963.0, -13.0, 264.0
79.88690816, -962.0, -11.0, 266.0
79.891852928, -957.0, -5.0, 268.0
79.896797696, -957.0, -1.0, 268.0
79.901742464, -955.0, 2.0, 274.0
79.906687232, -956.0, 1.0, 283.0
79.911632, -952.0, 4.0, 292.0
79.916576768, -951.0, 0.0, 307.0
79.921521536, -953.0, 3.0, 319.0
79.926466304, -952.0, 0.0, 324.0
79.931411072, -957.0, -1.0, 326.0
79.93635584, -958.0, -1.0, 327.0
79.941300512, -959.0, -6.0, 330.0
79.946244352, -966.0, -5.0, 324.0
79.951188224, -969.0, -11.0, 323.0
79.956132224, -970.0, -16.0, 315.0
79.961076096, -966.0, -22.0, 313.0
79.966019968, -961.0, -23.0, 312.0
79.970963968, -959.0, -24.0, 319.0
79.97590784, -951.0, -24.0, 326.0
79.980851712, -950.0, -24.0, 327.0
79.985795712, -951.0, -17.0, 334.0
79.990739584, -953.0, -6.0, 323.0
79.995683456, -959.0, -7.0, 337.0
80.000627456, -967.0, -3.0, 323.0
80.005571328, -963.0, -5.0, 318.0
80.010515328, -953.0, 0.0, 315.0
80.0154592, -944.0, 10.0, 320.0
80.020403072, -939.0, 16.0, 329.0
80.025347072, -937.0, 26.0, 322.0
80.030290944, -938.0, 38.0, 305.0
80.035234816, -930.0, 44.0, 292.0
80.040178816, -927.0, 44.0, 291.0
80.045122688, -928.0, 33.0, 281.0
80.05006656, -929.0, 20.0, 268.0
80.05501056, -923.0, 13.0, 257.0
80.059954432, -905.0, 11.0, 256.0
80.064898304, -898.0, 11.0, 258.0
80.069842304, -896.0, 12.0, 266.0
80.074786176, -895.0, 14.0, 270.0
80.079730048, -895.0, 17.0, 275.0
80.084674048, -893.0, 19.0, 288.0
80.08961792, -889.0, 25.0, 290.0
80.094561792, -889.0, 25.0, 295.0
80.099505792, -889.0, 26.0, 300.0
80.104449664, -890.0, 21.0, 300.0
80.109393664, -890.0, 16.0, 303.0
80.114337536, -889.0, 12.0, 293.0
80.119281514, -891.0, 7.0, 284.0
80.124226304, -892.0, 2.0, 277.0
80.129171072, -892.0, -9.0, 281.0
80.13411584, -891.0, -21.0, 285.0
80.139060608, -890.0, -33.0, 285.0
80.144005376, -890.0, -46.0, 283.0
80.148950144, -889.0, -50.0, 283.0
80.153894912, -895.0, -55.0, 285.0
80.15883968, -900.0, -57.0, 293.0
80.163784448, -908.0, -58.0, 293.0
80.168729216, -919.0, -56.0, 301.0
80.173673984, -925.0, -55.0, 315.0
80.178618752, -935.0, -54.0, 334.0
80.18356352, -940.0, -48.0, 366.0
80.18850816, -948.0, -44.0, 382.0
80.193452928, -959.0, -33.0, 401.0
80.198397696, -976.0, -20.0, 410.0
80.203342464, -989.0, -13.0, 418.0
80.208287232, -999.0, -11.0, 429.0
80.213232, -1012.0, -6.0, 433.0
80.218176768, -1021.0, -5.0, 435.0
80.223121536, -1031.0, -7.0, 434.0
80.228066304, -1027.0, -10.0, 428.0
80.233011072, -1021.0, -12.0, 429.0
80.23795584, -1016.0, -17.0, 433.0
80.242900608, -1017.0, -17.0, 433.0
80.247845376, -1018.0, -17.0, 432.0
80.252790144, -1022.0, -21.0, 436.0
80.257734912, -1026.0, -20.0, 434.0
80.26267968, -1028.0, -24.0, 434.0
80.267624448, -1029.0, -27.0, 428.0
80.272569216, -1023.0, -33.0, 432.0
80.277513984, -1025.0, -37.0, 431.0
80.282458752, -1017.0, -40.0, 425.0
80.28740352, -1012.0, -44.0, 423.0
80.292348288, -1003.0, -46.0, 418.0
80.297292982, -996.0, -47.0, 410.0
80.30223936, -995.0, -45.0, 399.0
80.307185792, -984.0, -52.0, 393.0
80.312132224, -956.0, -52.0, 387.0
80.317078784, -940.0, -52.0, 376.0
80.322025216, -926.0, -51.0, 362.0
80.326971648, -901.0, -52.0, 354.0
80.33191808, -887.0, -53.0, 350.0
80.33686464, -881.0, -52.0, 342.0
80.341811072, -872.0, -49.0, 343.0
80.346757504, -865.0, -43.0, 354.0
80.351703936, -860.0, -40.0, 358.0
80.356650368, -853.0, -31.0, 358.0
80.361596928, -847.0, -26.0, 354.0
80.36654336, -849.0, -21.0, 359.0
80.371489792, -858.0, -15.0, 365.0
80.376436224, -870.0, -18.0, 374.0
80.381382656, -874.0, -13.0, 382.0
80.386329216, -875.0, -15.0, 386.0
80.391275648, -878.0, -15.0, 390.0
80.39622208, -882.0, -14.0, 390.0
80.401168512, -884.0, -17.0, 395.0
80.406115072, -885.0, -16.0, 399.0
80.411061504, -890.0, -13.0, 399.0
80.416007936, -895.0, -17.0, 404.0
80.420954368, -896.0, -22.0, 400.0
80.4259008, -906.0, -22.0, 400.0
80.43084736, -910.0, -22.0, 405.0
80.435793792, -921.0, -23.0, 414.0
80.440740224, -937.0, -20.0, 420.0
80.445686656, -945.0, -24.0, 440.0
80.450633088, -964.0, -31.0, 435.0
80.455579648, -981.0, -36.0, 412.0
80.46052608, -987.0, -29.0, 390.0
80.465472512, -980.0, -32.0, 376.0
80.470418944, -962.0, -25.0, 376.0
80.475365532, -953.0, -13.0, 391.0
80.4803136, -955.0, -4.0, 403.0
80.485261696, -976.0, 7.0, 410.0
80.49020992, -989.0, 4.0, 413.0
80.495158016, -993.0, -4.0, 403.0
80.50010624, -994.0, -12.0, 394.0
80.505054336, -993.0, -23.0, 390.0
80.51000256, -989.0, -35.0, 386.0
80.514950656, -981.0, -38.0, 382.0
80.51989888, -970.0, -39.0, 381.0
80.524846976, -961.0, -35.0, 378.0
80.5297952, -954.0, -30.0, 378.0
80.534743296, -953.0, -20.0, 380.0
80.539691392, -949.0, -10.0, 379.0
80.544639616, -948.0, -5.0, 384.0
80.549587712, -951.0, 0.0, 387.0
80.554535936, -954.0, 0.0, 391.0
80.559484032, -959.0, 3.0, 396.0
80.564432256, -963.0, 3.0, 406.0
80.569380352, -970.0, 5.0, 415.0
80.574328576, -977.0, 5.0, 430.0
80.579276672, -984.0, -3.0, 439.0
80.584224896, -984.0, -8.0, 439.0
80.589172992, -989.0, -19.0, 436.0
80.594121088, -993.0, -32.0, 430.0
80.599069312, -994.0, -43.0, 410.0
80.604017408, -993.0, -54.0, 400.0
80.608965632, -989.0, -73.0, 391.0
80.613913728, -980.0, -91.0, 384.0
80.618861952, -963.0, -98.0, 382.0
80.623810048, -950.0, -106.0, 381.0
80.628758272, -936.0, -108.0, 385.0
80.633706368, -924.0, -113.0, 384.0
80.638654592, -921.0, -116.0, 379.0
80.643602688, -926.0, -120.0, 375.0
80.648550784, -942.0, -125.0, 360.0
80.653499082, -948.0, -128.0, 343.0
80.658446464, -958.0, -135.0, 333.0
80.663393792, -966.0, -138.0, 326.0
80.66834112, -977.0, -138.0, 322.0
80.67328832, -982.0, -133.0, 319.0
80.678235648, -986.0, -125.0, 312.0
80.683182976, -980.0, -119.0, 314.0
80.688130304, -968.0, -114.0, 319.0
80.693077632, -950.0, -110.0, 329.0
80.69802496, -926.0, -96.0, 333.0
80.70297216, -901.0, -78.0, 344.0
80.707919488, -887.0, -59.0, 355.0
80.712866816, -883.0, -43.0, 355.0
80.717814144, -886.0, -25.0, 353.0
80.722761472, -889.0, -14.0, 356.0
80.7277088, -900.0, 0.0, 362.0
80.732656, -922.0, 7.0, 371.0
80.737603328, -941.0, 10.0, 369.0
80.742550656, -945.0, 11.0, 371.0
80.747497984, -946.0, 11.0, 381.0
80.752445312, -944.0, 11.0, 392.0
80.75739264, -940.0, 9.0, 400.0
80.76233984, -939.0, 7.0, 407.0
80.767287168, -934.0, 4.0, 412.0
80.772234496, -931.0, 3.0, 423.0
80.777181824, -935.0, -7.0, 434.0
80.782129152, -946.0, -11.0, 423.0
80.78707648, -959.0, -16.0, 412.0
80.79202368, -977.0, -22.0, 406.0
80.796971008, -990.0, -32.0, 399.0
80.801918336, -997.0, -44.0, 394.0
80.806865664, -1008.0, -55.0, 392.0
80.811812992, -1025.0, -69.0, 385.0
80.81676032, -1033.0, -90.0, 382.0
80.82170752, -1041.0, -104.0, 368.0
80.826654848, -1042.0, -112.0, 356.0
80.83160212, -1032.0, -118.0, 343.0
80.83654528, -1011.0, -127.0, 331.0
80.841488384, -1000.0, -131.0, 311.0
80.84643136, -994.0, -130.0, 297.0
80.851374464, -995.0, -130.0, 279.0
80.856317568, -994.0, -123.0, 267.0
80.861260672, -993.0, -115.0, 261.0
80.866203648, -991.0, -110.0, 260.0
80.871146752, -987.0, -98.0, 265.0
80.876089856, -979.0, -73.0, 273.0
80.88103296, -976.0, -53.0, 289.0
80.885975936, -973.0, -31.0, 294.0
80.89091904, -969.0, -12.0, 327.0
80.895862144, -972.0, -3.0, 353.0
80.90080512, -981.0, 9.0, 360.0
80.905748224, -977.0, 9.0, 338.0
80.910691328, -961.0, 14.0, 308.0
80.915634432, -941.0, 18.0, 287.0
80.920577408, -926.0, 26.0, 270.0
80.925520512, -920.0, 36.0, 261.0
80.930463616, -925.0, 45.0, 263.0
80.93540672, -936.0, 49.0, 269.0
80.940349696, -945.0, 46.0, 288.0
80.9452928, -954.0, 32.0, 307.0
80.950235904, -960.0, 22.0, 311.0
80.95517888, -963.0, 16.0, 325.0
80.960121984, -965.0, 11.0, 334.0
80.965065088, -966.0, 8.0, 346.0
80.970008192, -974.0, 1.0, 354.0
80.974951168, -980.0, -6.0, 353.0
80.979894272, -981.0, -12.0, 345.0
80.984837376, -982.0, -17.0, 336.0
80.989780352, -984.0, -23.0, 331.0
80.994723456, -985.0, -23.0, 324.0
80.99966656, -989.0, -32.0, 316.0
81.004609664, -990.0, -28.0, 302.0
81.0095526, -991.0, -24.0, 288.0
81.014497408, -990.0, -32.0, 281.0
81.019442176, -973.0, -30.0, 267.0
81.024386944, -956.0, -28.0, 264.0
81.029331712, -945.0, -31.0, 262.0
81.03427648, -941.0, -24.0, 260.0
81.039221248, -937.0, -25.0, 260.0
81.044166016, -935.0, -17.0, 261.0
81.049110784, -937.0, -14.0, 258.0
81.054055552, -939.0, -9.0, 257.0
81.05900032, -944.0, 1.0, 259.0
81.063945088, -944.0, 6.0, 262.0
81.068889856, -943.0, 7.0, 266.0
81.073834624, -943.0, 9.0, 265.0
81.078779392, -943.0, 11.0, 269.0
81.083724032, -944.0, 10.0, 273.0
81.0886688, -943.0, 12.0, 274.0
81.093613568, -946.0, 13.0, 279.0
81.098558336, -946.0, 13.0, 284.0
81.103503104, -945.0, 14.0, 275.0
81.108447872, -943.0, 16.0, 276.0
81.11339264, -943.0, 17.0, 280.0
81.118337408, -936.0, 20.0, 281.0
81.123282176, -936.0, 20.0, 286.0
81.128226944, -938.0, 24.0, 283.0
81.133171712, -939.0, 31.0, 276.0
81.13811648, -940.0, 34.0, 277.0
81.143061248, -943.0, 41.0, 275.0
81.148006016, -943.0, 45.0, 271.0
81.152950784, -941.0, 44.0, 265.0
81.157895552, -942.0, 45.0, 257.0
81.16284032, -943.0, 43.0, 249.0
81.167785088, -937.0, 45.0, 244.0
81.172729856, -936.0, 43.0, 238.0
81.177674624, -923.0, 43.0, 236.0
81.182619392, -911.0, 42.0, 236.0
81.187564078, -903.0, 38.0, 232.0
81.192507136, -900.0, 36.0, 223.0
81.19745024, -902.0, 38.0, 232.0
81.202393216, -905.0, 39.0, 224.0
81.20733632, -911.0, 41.0, 222.0
81.212279424, -917.0, 41.0, 221.0
81.217222528, -934.0, 42.0, 211.0
81.222165504, -946.0, 41.0, 204.0
81.227108608, -956.0, 42.0, 199.0
81.232051712, -969.0, 49.0, 199.0
81.236994816, -978.0, 49.0, 198.0
81.241937792, -982.0, 54.0, 206.0
81.246880896, -984.0, 62.0, 217.0
81.251824, -981.0, 70.0, 232.0
81.256766976, -980.0, 76.0, 246.0
81.26171008, -982.0, 88.0, 255.0
81.266653184, -985.0, 98.0, 266.0
81.271596288, -989.0, 107.0, 272.0
81.276539264, -992.0, 106.0, 268.0
81.281482368, -993.0, 107.0, 269.0
81.286425472, -994.0, 111.0, 268.0
81.291368448, -995.0, 112.0, 265.0
81.296311552, -998.0, 112.0, 271.0
81.301254656, -1005.0, 109.0, 273.0
81.30619776, -1012.0, 104.0, 272.0
81.311140736, -1021.0, 100.0, 273.0
81.31608384, -1028.0, 93.0, 273.0
81.321026944, -1042.0, 91.0, 278.0
81.325970048, -1045.0, 95.0, 286.0
81.330913024, -1051.0, 98.0, 272.0
81.335856128, -1043.0, 84.0, 299.0
81.340799232, -1042.0, 73.0, 314.0
81.345742208, -1048.0, 65.0, 313.0
81.350685312, -1033.0, 64.0, 293.0
81.355628416, -1016.0, 74.0, 280.0
81.36057152, -996.0, 93.0, 291.0
81.365514552, -990.0, 103.0, 297.0
81.370458368, -983.0, 101.0, 295.0
81.37540224, -976.0, 93.0, 282.0
81.38034624, -976.0, 82.0, 265.0
81.385290112, -986.0, 71.0, 254.0
81.390233984, -993.0, 62.0, 248.0
81.395177984, -994.0, 54.0, 239.0
81.400121856, -994.0, 51.0, 233.0
81.405065728, -994.0, 49.0, 241.0
81.410009728, -993.0, 49.0, 254.0
81.4149536, -992.0, 51.0, 271.0
81.419897472, -990.0, 58.0, 291.0
81.424841472, -989.0, 68.0, 310.0
81.429785344, -990.0, 88.0, 316.0
81.434729216, -988.0, 104.0, 316.0
81.439673216, -985.0, 116.0, 324.0
81.444617088, -977.0, 120.0, 322.0
81.449561088, -971.0, 125.0, 324.0
81.45450496, -967.0, 125.0, 325.0
81.459448832, -961.0, 125.0, 314.0
81.464392832, -954.0, 128.0, 315.0
81.469336704, -948.0, 127.0, 311.0
81.474280576, -947.0, 129.0, 312.0
81.479224576, -948.0, 129.0, 307.0
81.484168448, -948.0, 130.0, 304.0
81.48911232, -948.0, 130.0, 301.0
81.49405632, -952.0, 128.0, 305.0
81.499000192, -959.0, 131.0, 301.0
81.503944064, -969.0, 128.0, 287.0
81.508888064, -983.0, 127.0, 267.0
81.513831936, -989.0, 126.0, 252.0
81.518775808, -993.0, 123.0, 240.0
81.523719808, -994.0, 125.0, 236.0
81.52866368, -995.0, 125.0, 239.0
81.533607552, -995.0, 124.0, 243.0
81.538551552, -997.0, 123.0, 247.0
81.543495538, -997.0, 123.0, 250.0
81.54844032, -996.0, 118.0, 247.0
81.553385088, -994.0, 117.0, 253.0
81.558329856, -990.0, 114.0, 256.0
81.563274624, -982.0, 115.0, 270.0
81.568219392, -970.0, 113.0, 269.0
81.57316416, -968.0, 110.0, 271.0
81.578108928, -969.0, 112.0, 263.0
81.583053696, -977.0, 115.0, 254.0
81.587998464, -980.0, 119.0, 252.0
81.592943232, -984.0, 122.0, 252.0
81.597888, -989.0, 121.0, 251.0
81.602832768, -992.0, 122.0, 253.0
81.607777536, -997.0, 122.0, 252.0
81.612722176, -1013.0, 120.0, 251.0
81.617666944, -1041.0, 120.0, 255.0
81.622611712, -1070.0, 117.0, 256.0
81.62755648, -1108.0, 115.0, 256.0
81.632501248, -1121.0, 110.0, 257.0
81.637446016, -1130.0, 105.0, 257.0
81.642390784, -1129.0, 99.0, 263.0
81.647335552, -1124.0, 97.0, 265.0
81.65228032, -1117.0, 97.0, 270.0
81.657225088, -1101.0, 93.0, 280.0
81.662169856, -1069.0, 90.0, 286.0
81.667114624, -1054.0, 90.0, 291.0
81.672059392, -1043.0, 92.0, 288.0
81.67700416, -1033.0, 88.0, 278.0
81.681948928, -1014.0, 85.0, 263.0
81.686893696, -1000.0, 86.0, 257.0
81.691838464, -994.0, 80.0, 250.0
81.696783232, -986.0, 79.0, 245.0
81.701728, -975.0, 73.0, 242.0
81.706672768, -968.0, 66.0, 242.0
81.711617536, -961.0, 66.0, 245.0
81.716562304, -953.0, 65.0, 250.0
81.721507006, -944.0, 62.0, 249.0
81.726450816, -934.0, 60.0, 258.0
81.731394688, -920.0, 62.0, 262.0
81.736338688, -910.0, 65.0, 271.0
81.74128256, -909.0, 70.0, 279.0
81.746226432, -911.0, 76.0, 286.0
81.751170432, -920.0, 76.0, 290.0
81.756114304, -933.0, 80.0, 294.0
81.761058176, -941.0, 80.0, 295.0
81.766002176, -949.0, 78.0, 296.0
81.770946048, -973.0, 82.0, 300.0
81.77588992, -989.0, 78.0, 310.0
81.78083392, -1031.0, 75.0, 293.0
81.785777792, -1143.0, 66.0, 227.0
81.790721792, -1196.0, 59.0, 172.0
81.795665664, -1193.0, 55.0, 136.0
81.800609536, -1160.0, 72.0, 129.0
81.805553536, -1072.0, 107.0, 142.0
81.810497408, -937.0, 168.0, -18.0
81.81544128, -904.0, 156.0, -112.0
81.82038528, -951.0, 109.0, 18.0
81.825329152, -960.0, 70.0, 225.0
81.830273024, -897.0, 42.0, 406.0
81.835217024, -840.0, 20.0, 488.0
81.840160896, -817.0, 10.0, 495.0
81.845104768, -807.0, 5.0, 497.0
81.850048768, -832.0, 10.0, 491.0
81.85499264, -880.0, 12.0, 474.0
81.859936512, -897.0, 19.0, 465.0
81.864880512, -900.0, 21.0, 451.0
81.869824384, -935.0, 33.0, 419.0
81.874768256, -936.0, 50.0, 403.0
81.879712256, -947.0, 56.0, 378.0
81.884656128, -952.0, 70.0, 355.0
81.889600128, -965.0, 69.0, 313.0
81.894544, -980.0, 91.0, 283.0
81.899488008, -980.0, 86.0, 260.0
81.904436096, -985.0, 89.0, 257.0
81.909384192, -987.0, 92.0, 257.0
81.914332416, -989.0, 87.0, 252.0
81.919280512, -996.0, 78.0, 254.0
81.924228736, -988.0, 73.0, 253.0
81.929176832, -990.0, 78.0, 252.0
81.934125056, -993.0, 85.0, 249.0
81.939073152, -1029.0, 77.0, 239.0
81.944021376, -959.0, 55.0, 259.0
81.948969472, -929.0, 71.0, 265.0
81.953917696, -938.0, 74.0, 255.0
81.958865792, -936.0, 73.0, 252.0
81.963813888, -962.0, 64.0, 248.0
81.968762112, -982.0, 55.0, 241.0
81.973710208, -982.0, 39.0, 245.0
81.978658432, -975.0, 27.0, 250.0
81.983606528, -966.0, 20.0, 248.0
81.988554752, -960.0, 14.0, 244.0
81.993502848, -948.0, 13.0, 245.0
81.998451072, -922.0, 14.0, 246.0
82.003399168, -903.0, 12.0, 246.0
82.008347392, -893.0, 13.0, 244.0
82.013295488, -888.0, 14.0, 240.0
82.018243584, -887.0, 18.0, 235.0
82.023191808, -886.0, 23.0, 235.0
82.028139904, -890.0, 26.0, 232.0
82.033088128, -892.0, 25.0, 232.0
82.038036224, -917.0, 11.0, 228.0
82.042984448, -907.0, 41.0, 259.0
82.047932544, -920.0, 34.0, 250.0
82.052880768, -937.0, 28.0, 250.0
82.057828864, -951.0, 25.0, 246.0
82.062777088, -959.0, 22.0, 248.0
82.067725184, -964.0, 18.0, 247.0
82.07267328, -963.0, 20.0, 249.0
82.077621552, -939.0, 16.0, 248.0
82.082568832, -931.0, 14.0, 239.0
82.08751616, -927.0, 10.0, 234.0
82.092463488, -930.0, 9.0, 234.0
82.097410688, -946.0, 5.0, 219.0
82.102358016, -968.0, -2.0, 213.0
82.107305344, -934.0, -7.0, 237.0
82.112252672, -920.0, -16.0, 247.0
82.1172, -914.0, -22.0, 252.0
82.122147328, -928.0, -33.0, 250.0
82.127094528, -914.0, -31.0, 270.0
82.132041856, -920.0, -44.0, 260.0
82.136989184, -931.0, -51.0, 269.0
82.141936512, -921.0, -48.0, 280.0
82.14688384, -909.0, -52.0, 288.0
82.151831168, -925.0, -57.0, 290.0
82.156778368, -927.0, -48.0, 318.0
82.161725696, -926.0, -49.0, 337.0
82.166673024, -939.0, -45.0, 343.0
82.171620352, -950.0, -43.0, 348.0
82.17656768, -967.0, -32.0, 352.0
82.181515008, -976.0, -25.0, 341.0
82.186462208, -974.0, -30.0, 342.0
82.191409536, -974.0, -23.0, 340.0
82.196356864, -976.0, -49.0, 331.0
82.201304192, -992.0, -36.0, 320.0
82.20625152, -977.0, -16.0, 364.0
82.211198848, -961.0, -24.0, 364.0
82.216146048, -951.0, -32.0, 352.0
82.221093376, -953.0, -33.0, 339.0
82.226040704, -980.0, -24.0, 339.0
82.230988032, -997.0, -22.0, 342.0
82.23593536, -998.0, -3.0, 377.0
82.240882688, -1050.0, 10.0, 350.0
82.245829888, -1095.0, 5.0, 319.0
82.250777216, -1094.0, -2.0, 313.0
82.25572459, -1053.0, -6.0, 335.0
82.260670976, -1004.0, -2.0, 378.0
82.265617408, -984.0, 2.0, 426.0
82.27056384, -976.0, 4.0, 469.0
82.2755104, -984.0, 3.0, 483.0
82.280456832, -994.0, 1.0, 482.0
82.285403264, -1000.0, -3.0, 489.0
82.290349696, -1005.0, -11.0, 484.0
82.295296256, -1011.0, -23.0, 477.0
82.300242688, -1018.0, -26.0, 468.0
82.30518912, -1021.0, -31.0, 463.0
82.310135552, -1016.0, -34.0, 459.0
82.315081984, -1005.0, -36.0, 449.0
82.320028544, -999.0, -33.0, 441.0
82.324974976, -995.0, -32.0, 426.0
82.329921408, -991.0, -29.0, 422.0
82.33486784, -987.0, -26.0, 414.0
82.339814272, -980.0, -29.0, 417.0
82.344760832, -968.0, -32.0, 411.0
82.349707264, -960.0, -34.0, 409.0
82.354653696, -960.0, -31.0, 408.0
82.359600128, -959.0, -29.0, 405.0
82.364546688, -956.0, -26.0, 397.0
82.36949312, -949.0, -24.0, 392.0
82.374439552, -942.0, -21.0, 386.0
82.379385984, -929.0, -17.0, 388.0
82.384332416, -915.0, -14.0, 392.0
82.389278976, -902.0, -15.0, 389.0
82.394225408, -894.0, -14.0, 386.0
82.39917184, -889.0, -18.0, 382.0
82.404118272, -888.0, -18.0, 382.0
82.409064832, -886.0, -21.0, 377.0
82.414011264, -886.0, -24.0, 377.0
82.418957696, -887.0, -26.0, 377.0
82.423904128, -893.0, -30.0, 374.0
82.42885056, -898.0, -31.0, 370.0
82.433797146, -914.0, -36.0, 365.0
82.438741888, -926.0, -40.0, 355.0
82.443686656, -939.0, -53.0, 339.0
82.448631424, -942.0, -48.0, 325.0
82.453576192, -941.0, -52.0, 314.0
82.45852096, -942.0, -52.0, 311.0
82.463465728, -941.0, -50.0, 309.0
82.468410496, -945.0, -47.0, 311.0
82.473355264, -948.0, -44.0, 309.0
82.478300032, -956.0, -39.0, 305.0
82.4832448, -962.0, -29.0, 304.0
82.488189568, -969.0, -29.0, 308.0
82.493134336, -969.0, -26.0, 307.0
82.498079104, -959.0, -21.0, 315.0
82.503023872, -954.0, -18.0, 326.0
82.507968512, -945.0, -12.0, 335.0
82.51291328, -938.0, -8.0, 343.0
82.517858048, -933.0, 3.0, 346.0
82.522802816, -924.0, 5.0, 339.0
82.527747584, -915.0, 9.0, 342.0
82.532692352, -906.0, 12.0, 333.0
82.53763712, -904.0, 15.0, 325.0
82.542581888, -905.0, 18.0, 318.0
82.547526656, -908.0, 21.0, 311.0
82.552471424, -911.0, 20.0, 311.0
82.557416192, -918.0, 26.0, 308.0
82.56236096, -923.0, 23.0, 310.0
82.567305728, -926.0, 22.0, 311.0
82.572250496, -931.0, 21.0, 316.0
82.577195264, -938.0, 18.0, 322.0
82.582140032, -939.0, 16.0, 324.0
82.5870848, -944.0, 14.0, 333.0
82.592029568, -946.0, 11.0, 344.0
82.596974336, -951.0, 12.0, 357.0
82.601919104, -962.0, 10.0, 368.0
82.606863872, -977.0, 11.0, 369.0
82.61180862, -987.0, 9.0, 368.0
82.616754304, -992.0, 9.0, 367.0
82.621699968, -995.0, 11.0, 364.0
82.626645504, -998.0, 10.0, 358.0
82.631591168, -1000.0, 10.0, 353.0
82.636536704, -1001.0, 8.0, 352.0
82.641482368, -1004.0, 8.0, 341.0
82.646428032, -1005.0, 6.0, 335.0
82.651373568, -1005.0, 4.0, 333.0
82.656319232, -1003.0, 3.0, 339.0
82.661264768, -1003.0, 1.0, 339.0
82.666210432, -1002.0, 0.0, 351.0
82.671156096, -1005.0, -3.0, 363.0
82.676101632, -1008.0, 0.0, 374.0
82.681047296, -1005.0, 2.0, 386.0
82.685992832, -1001.0, -5.0, 395.0
82.690938496, -1006.0, -4.0, 399.0
82.695884032, -1008.0, -4.0, 402.0
82.700829696, -1001.0, -2.0, 392.0
82.70577536, -994.0, -2.0, 366.0
82.710720896, -976.0, 4.0, 328.0
82.71566656, -946.0, 9.0, 299.0
82.720612096, -937.0, 11.0, 300.0
82.72555776, -930.0, 9.0, 315.0
82.730503424, -935.0, 7.0, 326.0
82.73544896, -941.0, 2.0, 339.0
82.740394624, -950.0, -1.0, 345.0
82.74534016, -951.0, -4.0, 341.0
82.750285824, -946.0, 0.0, 338.0
82.755231488, -946.0, 5.0, 337.0
82.760177024, -936.0, 11.0, 330.0
82.765122688, -932.0, 11.0, 334.0
82.770068224, -926.0, 12.0, 333.0
82.775013888, -922.0, 14.0, 337.0
82.779959552, -933.0, 16.0, 340.0
82.784905088, -945.0, 20.0, 339.0
82.789850642, -951.0, 21.0, 336.0
82.794797056, -959.0, 27.0, 337.0
82.799743488, -968.0, 24.0, 327.0
82.80468992, -971.0, 22.0, 331.0
82.80963648, -973.0, 20.0, 326.0
82.814582912, -973.0, 19.0, 327.0
82.819529344, -973.0, 16.0, 325.0
82.824475776, -978.0, 14.0, 325.0
82.829422336, -976.0, 13.0, 331.0
82.834368768, -979.0, 10.0, 324.0
82.8393152, -979.0, 7.0, 327.0
82.844261632, -981.0, 8.0, 330.0
82.849208064, -979.0, 5.0, 333.0
82.854154624, -979.0, 7.0, 334.0
82.859101056, -979.0, 4.0, 331.0
82.864047488, -972.0, 6.0, 331.0
82.86899392, -968.0, 4.0, 337.0
82.873940352, -966.0, 9.0, 339.0
82.878886912, -962.0, 10.0, 340.0
82.883833344, -958.0, 10.0, 348.0
82.888779776, -958.0, 11.0, 357.0
82.893726208, -962.0, 12.0, 359.0
82.898672768, -962.0, 12.0, 363.0
82.9036192, -968.0, 12.0, 370.0
82.908565632, -969.0, 13.0, 362.0
82.913512064, -972.0, 12.0, 368.0
82.918458496, -976.0, 12.0, 360.0
82.923405056, -977.0, 11.0, 354.0
82.928351488, -978.0, 10.0, 351.0
82.93329792, -974.0, 10.0, 349.0
82.938244352, -965.0, 10.0, 353.0
82.943190784, -959.0, 10.0, 344.0
82.948137344, -953.0, 10.0, 341.0
82.953083776, -949.0, 10.0, 336.0
82.958030208, -948.0, 13.0, 337.0
82.96297664, -949.0, 10.0, 338.0
82.967923182, -949.0, 10.0, 342.0
82.972867968, -945.0, 12.0, 346.0
82.977812736, -954.0, 10.0, 351.0
82.982757504, -957.0, 10.0, 346.0
82.987702272, -960.0, 7.0, 347.0
82.99264704, -962.0, 7.0, 347.0
82.997591808, -969.0, 5.0, 345.0
83.002536576, -967.0, 5.0, 342.0
83.007481344, -967.0, 5.0, 337.0
83.012426112, -964.0, 1.0, 340.0
83.01737088, -965.0, 0.0, 339.0
83.022315648, -968.0, 3.0, 329.0
83.027260416, -970.0, 3.0, 331.0
83.032205184, -974.0, 4.0, 333.0
83.037149952, -971.0, 5.0, 338.0
83.042094592, -976.0, 10.0, 338.0
83.04703936, -974.0, 8.0, 342.0
83.051984128, -973.0, 11.0, 340.0
83.056928896, -969.0, 10.0, 342.0
83.061873664, -966.0, 14.0, 338.0
83.066818432, -959.0, 12.0, 339.0
83.0717632, -955.0, 13.0, 347.0
83.076707968, -950.0, 14.0, 345.0
83.081652736, -953.0, 12.0, 351.0
83.086597504, -952.0, 12.0, 354.0
83.091542272, -952.0, 12.0, 351.0
83.09648704, -951.0, 11.0, 336.0
83.101431808, -948.0, 12.0, 332.0
83.106376576, -947.0, 11.0, 330.0
83.111321344, -943.0, 12.0, 339.0
83.116266112, -946.0, 14.0, 350.0
83.12121088, -947.0, 15.0, 345.0
83.126155648, -951.0, 19.0, 341.0
83.131100416, -955.0, 17.0, 358.0
83.136045184, -967.0, 15.0, 364.0
83.140989952, -973.0, 9.0, 383.0
83.145934656, -982.0, 11.0, 377.0
83.150881024, -985.0, 12.0, 346.0
83.155827456, -969.0, 16.0, 294.0
83.160773888, -947.0, 16.0, 250.0
83.165720448, -916.0, 15.0, 243.0
83.17066688, -895.0, 11.0, 253.0
83.175613312, -894.0, 8.0, 278.0
83.180559744, -908.0, 6.0, 324.0
83.185506304, -939.0, 2.0, 363.0
83.190452736, -946.0, 4.0, 383.0
83.195399168, -946.0, 4.0, 385.0
83.2003456, -941.0, 7.0, 386.0
83.205292032, -931.0, 8.0, 393.0
83.210238592, -935.0, 10.0, 401.0
83.215185024, -936.0, 11.0, 398.0
83.220131456, -937.0, 12.0, 391.0
83.225077888, -937.0, 14.0, 383.0
83.23002432, -933.0, 15.0, 368.0
83.23497088, -931.0, 13.0, 350.0
83.239917312, -935.0, 11.0, 327.0
83.244863744, -938.0, 10.0, 302.0
83.249810176, -947.0, 9.0, 276.0
83.254756736, -951.0, 9.0, 254.0
83.259703168, -955.0, 8.0, 242.0
83.2646496, -955.0, 8.0, 237.0
83.269596032, -952.0, 9.0, 231.0
83.274542464, -948.0, 12.0, 241.0
83.279489024, -944.0, 11.0, 250.0
83.284435456, -943.0, 13.0, 262.0
83.289381888, -941.0, 11.0, 291.0
83.29432832, -937.0, 10.0, 326.0
83.299274752, -934.0, 10.0, 365.0
83.304221312, -931.0, 10.0, 391.0
83.309167744, -937.0, 10.0, 404.0
83.314114176, -939.0, 12.0, 416.0
83.319060608, -945.0, 8.0, 412.0
83.324007206, -944.0, 6.0, 408.0
83.328951936, -942.0, 8.0, 397.0
83.333896704, -940.0, 10.0, 398.0
83.338841472, -940.0, 11.0, 397.0
83.34378624, -950.0, 13.0, 398.0
83.348731008, -962.0, 16.0, 392.0
83.353675776, -974.0, 20.0, 387.0
83.358620544, -985.0, 21.0, 369.0
83.363565312, -987.0, 18.0, 351.0
83.36851008, -986.0, 18.0, 337.0
83.373454848, -989.0, 13.0, 322.0
83.378399616, -990.0, 13.0, 316.0
83.383344384, -990.0, 11.0, 298.0
83.388289152, -985.0, 10.0, 288.0
83.39323392, -980.0, 8.0, 283.0
83.39817856, -975.0, 9.0, 284.0
83.403123328, -972.0, 10.0, 292.0
83.408068096, -969.0, 8.0, 298.0
83.413012864, -964.0, 9.0, 301.0
83.417957632, -954.0, 12.0, 304.0
83.4229024, -952.0, 12.0, 313.0
83.427847168, -951.0, 13.0, 315.0
83.432791936, -952.0, 14.0, 326.0
83.437736704, -955.0, 14.0, 333.0
83.442681472, -959.0, 15.0, 336.0
83.44762624, -968.0, 15.0, 334.0
83.452571008, -969.0, 16.0, 334.0
83.457515776, -973.0, 15.0, 330.0
83.462460544, -973.0, 13.0, 323.0
83.467405312, -971.0, 10.0, 323.0
83.47235008, -977.0, 11.0, 322.0
83.477294848, -973.0, 11.0, 317.0
83.482239616, -973.0, 12.0, 322.0
83.487184384, -968.0, 12.0, 326.0
83.492129152, -969.0, 13.0, 332.0
83.49707392, -973.0, 13.0, 346.0
83.50201868, -974.0, 15.0, 350.0
83.506960896, -974.0, 16.0, 364.0
83.511903104, -967.0, 11.0, 362.0
83.516845312, -969.0, 9.0, 370.0
83.52178752, -966.0, 7.0, 367.0
83.526729728, -966.0, 0.0, 360.0
83.531671936, -963.0, -3.0, 354.0
83.536614272, -961.0, -6.0, 340.0
83.54155648, -957.0, -8.0, 329.0
83.546498688, -953.0, -11.0, 323.0
83.551440896, -950.0, -17.0, 328.0
83.556383104, -951.0, -17.0, 326.0
83.561325312, -950.0, -14.0, 344.0
83.56626752, -949.0, -17.0, 358.0
83.571209728, -949.0, -16.0, 354.0
83.576151936, -959.0, -12.0, 377.0
83.581094144, -972.0, -13.0, 384.0
83.58603648, -980.0, -19.0, 378.0
83.590978688, -975.0, -17.0, 363.0
83.595920896, -961.0, -7.0, 349.0
83.600863104, -952.0, 2.0, 363.0
83.605805312, -955.0, 12.0, 371.0
83.61074752, -957.0, 13.0, 353.0
83.615689728, -952.0, 14.0, 332.0
83.620631936, -949.0, 12.0, 319.0
83.625574144, -952.0, 11.0, 322.0
83.630516352, -955.0, 8.0, 329.0
83.635458688, -957.0, 3.0, 329.0
83.640400896, -951.0, -2.0, 327.0
83.645343104, -946.0, -3.0, 331.0
83.650285312, -940.0, -4.0, 339.0
83.65522752, -938.0, -7.0, 347.0
83.660169728, -941.0, -9.0, 352.0
83.665111936, -943.0, -9.0, 358.0
83.670054144, -948.0, -9.0, 363.0
83.674996352, -954.0, -6.0, 369.0
83.679938626, -958.0, -1.0, 376.0
83.684878336, -962.0, 4.0, 374.0
83.689817984, -974.0, 6.0, 366.0
83.694757632, -978.0, 7.0, 358.0
83.699697408, -975.0, 5.0, 354.0
83.704637056, -975.0, 5.0, 349.0
83.709576704, -976.0, 7.0, 353.0
83.714516352, -970.0, 6.0, 355.0
83.719456128, -967.0, 7.0, 356.0
83.724395776, -960.0, 8.0, 357.0
83.729335424, -955.0, 8.0, 360.0
83.734275072, -953.0, 10.0, 364.0
83.739214848, -952.0, 8.0, 360.0
83.744154496, -949.0, 7.0, 359.0
83.749094144, -952.0, 8.0, 343.0
83.754033792, -952.0, 6.0, 338.0
83.75897344, -952.0, 7.0, 336.0
83.763913216, -955.0, 6.0, 340.0
83.768852864, -956.0, 6.0, 346.0
83.773792512, -959.0, 11.0, 350.0
83.77873216, -964.0, 10.0, 358.0
83.783671936, -964.0, 14.0, 365.0
83.788611584, -964.0, 13.0, 358.0
83.793551232, -961.0, 15.0, 355.0
83.79849088, -959.0, 16.0, 349.0
83.803430656, -959.0, 15.0, 349.0
83.808370304, -961.0, 17.0, 346.0
83.813309952, -966.0, 16.0, 345.0
83.8182496, -966.0, 14.0, 352.0
83.823189248, -962.0, 12.0, 347.0
83.828129024, -961.0, 9.0, 345.0
83.833068672, -956.0, 6.0, 348.0
83.83800832, -952.0, 4.0, 343.0
83.842947968, -955.0, -2.0, 341.0
83.847887744, -953.0, -3.0, 337.0
83.852827392, -952.0, -3.0, 339.0
83.857767018, -956.0, -5.0, 339.0
83.862711808, -951.0, -5.0, 343.0
83.867656576, -950.0, -1.0, 345.0
83.872601344, -947.0, 2.0, 349.0
83.877546112, -943.0, 5.0, 354.0
83.88249088, -942.0, 6.0, 363.0
83.887435648, -943.0, 6.0, 364.0
83.892380416, -943.0, 5.0, 369.0
83.897325184, -948.0, 5.0, 368.0
83.902269952, -951.0, 7.0, 369.0
83.90721472, -951.0, 4.0, 368.0
83.912159488, -953.0, 6.0, 365.0
83.917104256, -957.0, 6.0, 365.0
83.922049024, -960.0, 10.0, 367.0
83.926993792, -959.0, 9.0, 363.0
83.931938432, -962.0, 11.0, 366.0
83.9368832, -959.0, 11.0, 365.0
83.941827968, -954.0, 10.0, 373.0
83.946772736, -954.0, 9.0, 375.0
83.951717504, -950.0, 8.0, 372.0
83.956662272, -953.0, 11.0, 368.0
83.96160704, -951.0, 12.0, 367.0
83.966551808, -950.0, 12.0, 366.0
83.971496576, -952.0, 13.0, 360.0
83.976441344, -957.0, 13.0, 363.0
83.981386112, -957.0, 13.0, 358.0
83.98633088, -960.0, 11.0, 358.0
83.991275648, -962.0, 12.0, 351.0
83.996220416, -954.0, 12.0, 348.0
84.001165184, -952.0, 10.0, 345.0
84.006109952, -947.0, 9.0, 350.0
84.01105472, -943.0, 11.0, 352.0
84.015999488, -940.0, 11.0, 365.0
84.020944256, -941.0, 13.0, 372.0
84.025889024, -948.0, 17.0, 374.0
84.030833792, -954.0, 18.0, 380.0
84.0357785, -967.0, 19.0, 366.0
84.040723328, -974.0, 15.0, 349.0
84.045668096, -970.0, 16.0, 340.0
84.050612864, -960.0, 18.0, 342.0
84.055557632, -947.0, 27.0, 358.0
84.0605024, -945.0, 28.0, 371.0
84.065447168, -944.0, 30.0, 375.0
84.070391936, -942.0, 25.0, 368.0
84.075336704, -944.0, 22.0, 367.0
84.080281472, -948.0, 17.0, 359.0
84.08522624, -955.0, 11.0, 344.0
84.090171008, -959.0, 8.0, 327.0
84.095115776, -957.0, 4.0, 312.0
84.100060544, -954.0, 2.0, 305.0
84.105005312, -948.0, 2.0, 309.0
84.10995008, -942.0, 5.0, 326.0
84.11489472, -939.0, 10.0, 340.0
84.119839488, -935.0, 13.0, 349.0
84.124784256, -934.0, 17.0, 358.0
84.129729024, -936.0, 20.0, 359.0
84.134673792, -940.0, 21.0, 364.0
84.13961856, -946.0, 25.0, 367.0
84.144563328, -949.0, 26.0, 375.0
84.149508096, -955.0, 26.0, 375.0
84.154452864, -962.0, 25.0, 378.0
84.159397632, -967.0, 26.0, 384.0
84.1643424, -973.0, 21.0, 384.0
84.169287168, -971.0, 20.0, 384.0
84.174231936, -980.0, 19.0, 379.0
84.179176704, -979.0, 18.0, 373.0
84.184121472, -981.0, 19.0, 365.0
84.18906624, -982.0, 17.0, 356.0
84.194011008, -982.0, 18.0, 347.0
84.198955776, -977.0, 18.0, 345.0
84.203900544, -975.0, 19.0, 335.0
84.208845312, -968.0, 21.0, 338.0
84.213789994, -966.0, 21.0, 343.0
84.218733824, -966.0, 26.0, 345.0
84.223677696, -960.0, 24.0, 346.0
84.228621696, -962.0, 29.0, 351.0
84.233565568, -958.0, 28.0, 348.0
84.23850944, -959.0, 33.0, 343.0
84.24345344, -959.0, 33.0, 341.0
84.248397312, -957.0, 29.0, 341.0
84.253341184, -956.0, 28.0, 332.0
84.258285184, -955.0, 29.0, 333.0
84.263229056, -956.0, 26.0, 329.0
84.268172928, -960.0, 26.0, 328.0
84.273116928, -961.0, 26.0, 321.0
84.2780608, -957.0, 22.0, 319.0
84.2830048, -958.0, 21.0, 316.0
84.287948672, -955.0, 20.0, 316.0
84.292892544, -956.0, 18.0, 325.0
84.297836544, -957.0, 16.0, 332.0
84.302780416, -962.0, 18.0, 340.0
84.307724288, -967.0, 19.0, 346.0
84.312668288, -968.0, 18.0, 353.0
84.31761216, -973.0, 17.0, 358.0
84.322556032, -972.0, 20.0, 357.0
84.327500032, -969.0, 18.0, 359.0
84.332443904, -971.0, 16.0, 362.0
84.337387776, -972.0, 15.0, 359.0
84.342331776, -973.0, 17.0, 353.0
84.347275648, -973.0, 17.0, 349.0
84.35221952, -976.0, 18.0, 346.0
84.35716352, -968.0, 16.0, 343.0
84.362107392, -969.0, 18.0, 341.0
84.367051264, -965.0, 20.0, 339.0
84.371995264, -968.0, 20.0, 342.0
84.376939136, -963.0, 19.0, 342.0
84.381883136, -961.0, 19.0, 346.0
84.386827008, -963.0, 23.0, 351.0
84.391770996, -963.0, 24.0, 352.0
84.39671488, -959.0, 28.0, 365.0
84.401658752, -967.0, 24.0, 367.0
84.406602752, -967.0, 26.0, 366.0
84.411546624, -968.0, 23.0, 369.0
84.416490496, -967.0, 22.0, 367.0
84.421434496, -963.0, 22.0, 357.0
84.426378368, -968.0, 23.0, 353.0
84.43132224, -967.0, 22.0, 346.0
84.43626624, -968.0, 23.0, 342.0
84.441210112, -964.0, 21.0, 339.0
84.446153984, -965.0, 23.0, 339.0
84.451097984, -961.0, 21.0, 345.0
84.456041856, -958.0, 21.0, 335.0
84.460985728, -954.0, 18.0, 340.0
84.465929728, -952.0, 18.0, 342.0
84.4708736, -948.0, 20.0, 356.0
84.475817472, -949.0, 22.0, 367.0
84.480761472, -953.0, 24.0, 376.0
84.485705344, -961.0, 28.0, 386.0
84.490649344, -977.0, 31.0, 387.0
84.495593216, -991.0, 28.0, 378.0
84.500537088, -995.0, 24.0, 351.0
84.505481088, -993.0, 21.0, 314.0
84.51042496, -973.0, 19.0, 293.0
84.515368832, -946.0, 16.0, 281.0
84.520312832, -926.0, 18.0, 281.0
84.525256704, -924.0, 18.0, 294.0
84.530200576, -938.0, 15.0, 308.0
84.535144576, -947.0, 11.0, 312.0
84.540088448, -956.0, 8.0, 310.0
84.54503232, -969.0, 5.0, 299.0
84.54997632, -972.0, 3.0, 301.0
84.554920192, -977.0, 5.0, 298.0
84.559864064, -977.0, 6.0, 301.0
84.564808064, -974.0, 11.0, 308.0
84.569751972, -968.0, 12.0, 315.0
84.57469504, -967.0, 20.0, 330.0
84.579638144, -971.0, 15.0, 332.0
84.58458112, -966.0, 17.0, 345.0
84.589524224, -965.0, 18.0, 350.0
84.594467328, -970.0, 20.0, 357.0
84.599410432, -975.0, 18.0, 362.0
84.604353408, -981.0, 16.0, 359.0
84.609296512, -982.0, 18.0, 354.0
84.614239616, -986.0, 18.0, 352.0
84.619182592, -986.0, 18.0, 346.0
84.624125696, -987.0, 18.0, 341.0
84.6290688, -988.0, 20.0, 333.0
84.634011904, -988.0, 24.0, 323.0
84.63895488, -987.0, 25.0, 319.0
84.643897984, -983.0, 30.0, 313.0
84.648841088, -986.0, 29.0, 306.0
84.653784064, -983.0, 30.0, 309.0
84.658727168, -982.0, 32.0, 308.0
84.663670272, -975.0, 27.0, 309.0
84.668613376, -977.0, 29.0, 306.0
84.673556352, -970.0, 25.0, 315.0
84.678499456, -969.0, 22.0, 313.0
84.68344256, -964.0, 20.0, 315.0
84.688385664, -964.0, 19.0, 321.0
84.69332864, -954.0, 15.0, 320.0
84.698271744, -953.0, 13.0, 316.0
84.703214848, -952.0, 11.0, 313.0
84.708157824, -949.0, 6.0, 320.0
84.713100928, -947.0, 3.0, 329.0
84.718044032, -950.0, 3.0, 333.0
84.722987136, -951.0, 0.0, 337.0
84.727930112, -946.0, 2.0, 349.0
84.732873216, -947.0, 3.0, 355.0
84.73781632, -951.0, 3.0, 346.0
84.742759296, -951.0, 3.0, 349.0
84.74770242, -956.0, 6.0, 348.0
84.752644608, -959.0, 5.0, 355.0
84.757586816, -959.0, 10.0, 351.0
84.762529024, -960.0, 11.0, 356.0
84.767471232, -958.0, 14.0, 358.0
84.77241344, -960.0, 16.0, 368.0
84.777355648, -958.0, 18.0, 368.0
84.782297984, -964.0, 19.0, 366.0
84.787240192, -969.0, 21.0, 365.0
84.7921824, -976.0, 21.0, 357.0
84.797124608, -982.0, 20.0, 350.0
84.802066816, -979.0, 19.0, 337.0
84.807009024, -980.0, 15.0, 331.0
84.811951232, -974.0, 13.0, 323.0
84.81689344, -970.0, 13.0, 324.0
84.821835648, -970.0, 12.0, 320.0
84.826777856, -970.0, 9.0, 312.0
84.831720192, -974.0, 9.0, 310.0
84.8366624, -973.0, 7.0, 305.0
84.841604608, -973.0, 8.0, 301.0
84.846546816, -965.0, 7.0, 306.0
84.851489024, -966.0, 9.0, 310.0
84.856431232, -960.0, 10.0, 316.0
84.86137344, -959.0, 12.0, 324.0
84.866315648, -962.0, 11.0, 331.0
84.871257856, -959.0, 10.0, 329.0
84.876200064, -959.0, 12.0, 324.0
84.881142272, -959.0, 7.0, 325.0
84.886084608, -958.0, 7.0, 324.0
84.891026816, -952.0, 4.0, 324.0
84.895969024, -953.0, 4.0, 322.0
84.900911232, -951.0, 7.0, 324.0
84.90585344, -948.0, 7.0, 325.0
84.910795648, -945.0, 5.0, 329.0
84.915737856, -942.0, 8.0, 333.0
84.920680064, -943.0, 10.0, 330.0
84.92562235, -940.0, 12.0, 343.0
84.930568832, -937.0, 12.0, 355.0
84.935515264, -941.0, 16.0, 348.0
84.940461696, -939.0, 20.0, 355.0
84.945408256, -947.0, 17.0, 346.0
84.950354688, -968.0, 13.0, 336.0
84.95530112, -978.0, 13.0, 319.0
84.960247552, -967.0, 14.0, 283.0
84.965194112, -948.0, 16.0, 256.0
84.970140544, -923.0, 17.0, 245.0
84.975086976, -896.0, 17.0, 244.0
84.980033408, -888.0, 15.0, 249.0
84.98497984, -892.0, 16.0, 257.0
84.9899264, -910.0, 14.0, 261.0
84.994872832, -937.0, 12.0, 263.0
84.999819264, -949.0, 11.0, 264.0
85.004765696, -952.0, 10.0, 269.0
85.009712128, -951.0, 7.0, 282.0
85.014658688, -948.0, 5.0, 301.0
85.01960512, -948.0, 5.0, 312.0
85.024551552, -945.0, 3.0, 318.0
85.029497984, -946.0, 4.0, 330.0
85.034444544, -945.0, 6.0, 340.0
85.039390976, -942.0, 10.0, 347.0
85.044337408, -944.0, 14.0, 359.0
85.04928384, -947.0, 16.0, 366.0
85.054230272, -950.0, 18.0, 375.0
85.059176832, -951.0, 17.0, 381.0
85.064123264, -956.0, 18.0, 383.0
85.069069696, -962.0, 20.0, 387.0
85.074016128, -964.0, 20.0, 390.0
85.07896256, -972.0, 21.0, 386.0
85.08390912, -970.0, 24.0, 387.0
85.088855552, -974.0, 23.0, 376.0
85.093801984, -977.0, 24.0, 365.0
85.098748416, -979.0, 21.0, 352.0
85.103694894, -980.0, 18.0, 339.0
85.10864128, -973.0, 16.0, 333.0
85.113587712, -967.0, 17.0, 336.0
85.118534144, -969.0, 15.0, 337.0
85.123480704, -968.0, 15.0, 342.0
85.128427136, -969.0, 14.0, 348.0
85.133373568, -965.0, 13.0, 347.0
85.13832, -967.0, 13.0, 352.0
85.143266432, -960.0, 13.0, 349.0
85.148212992, -961.0, 12.0, 350.0
85.153159424, -957.0, 10.0, 344.0
85.158105856, -955.0, 9.0, 335.0
85.163052288, -955.0, 7.0, 325.0
85.167998848, -952.0, 2.0, 323.0
85.17294528, -953.0, 2.0, 321.0
85.177891712, -953.0, 2.0, 312.0
85.182838144, -954.0, -2.0, 319.0
85.187784576, -956.0, -4.0, 318.0
85.192731136, -963.0, -8.0, 319.0
85.197677568, -964.0, -8.0, 324.0
85.202624, -963.0, -9.0, 333.0
85.207570432, -967.0, -8.0, 337.0
85.212516864, -968.0, -4.0, 342.0
85.217463424, -967.0, -3.0, 346.0
85.222409856, -965.0, 4.0, 349.0
85.227356288, -966.0, 9.0, 343.0
85.23230272, -968.0, 11.0, 340.0
85.23724928, -965.0, 12.0, 343.0
85.242195712, -968.0, 15.0, 341.0
85.247142144, -968.0, 16.0, 338.0
85.252088576, -968.0, 18.0, 331.0
85.257035008, -962.0, 18.0, 341.0
85.261981568, -960.0, 17.0, 345.0
85.266928, -957.0, 17.0, 352.0
85.271874432, -959.0, 18.0, 354.0
85.276820864, -956.0, 18.0, 353.0
85.281767424, -953.0, 19.0, 358.0
85.286712192, -955.0, 21.0, 342.0
85.29165696, -959.0, 23.0, 343.0
85.296601728, -964.0, 29.0, 342.0
85.301546496, -965.0, 32.0, 335.0
85.306491264, -968.0, 40.0, 333.0
85.311436032, -966.0, 42.0, 338.0
85.3163808, -963.0, 48.0, 345.0
85.321325568, -960.0, 48.0, 349.0
85.326270336, -961.0, 47.0, 361.0
85.331215104, -964.0, 50.0, 364.0
85.336159872, -966.0, 47.0, 360.0
85.34110464, -967.0, 43.0, 350.0
85.346049408, -966.0, 37.0, 344.0
85.350994176, -966.0, 32.0, 347.0
85.355938816, -966.0, 27.0, 354.0
85.360883584, -965.0, 24.0, 348.0
85.365828352, -960.0, 20.0, 348.0
85.37077312, -959.0, 20.0, 346.0
85.375717888, -950.0, 21.0, 350.0
85.380662656, -949.0, 20.0, 357.0
85.385607424, -948.0, 21.0, 369.0
85.390552192, -952.0, 26.0, 367.0
85.39549696, -959.0, 30.0, 374.0
85.400441728, -971.0, 27.0, 375.0
85.405386496, -984.0, 27.0, 356.0
85.410331264, -974.0, 22.0, 326.0
85.415276032, -951.0, 23.0, 312.0
85.4202208, -931.0, 34.0, 321.0
85.425165568, -920.0, 38.0, 348.0
85.430110336, -923.0, 41.0, 367.0
85.435055104, -933.0, 41.0, 360.0
85.439999872, -941.0, 32.0, 344.0
85.44494464, -944.0, 24.0, 337.0
85.449889408, -952.0, 17.0, 327.0
85.454834176, -959.0, 11.0, 321.0
85.459778898, -964.0, 7.0, 318.0
85.464722048, -960.0, 1.0, 315.0
85.469665152, -957.0, 1.0, 323.0
85.474608128, -954.0, 4.0, 333.0
85.479551232, -950.0, 7.0, 343.0
85.484494336, -949.0, 10.0, 351.0
85.48943744, -951.0, 14.0, 349.0
85.494380416, -952.0, 18.0, 351.0
85.49932352, -957.0, 21.0, 354.0
85.504266624, -964.0, 27.0, 349.0
85.509209728, -969.0, 30.0, 350.0
85.514152704, -974.0, 32.0, 353.0
85.519095808, -966.0, 34.0, 363.0
85.524038912, -962.0, 31.0, 368.0
85.528981888, -960.0, 26.0, 373.0
85.533924992, -959.0, 26.0, 375.0
85.538868096, -960.0, 25.0, 376.0
85.5438112, -958.0, 20.0, 378.0
85.548754176, -963.0, 20.0, 371.0
85.55369728, -966.0, 20.0, 374.0
85.558640384, -963.0, 18.0, 369.0
85.56358336, -961.0, 18.0, 365.0
85.568526464, -962.0, 20.0, 360.0
85.573469568, -960.0, 18.0, 349.0
85.578412672, -963.0, 18.0, 343.0
85.583355648, -964.0, 17.0, 345.0
85.588298752, -961.0, 18.0, 348.0
85.593241856, -959.0, 22.0, 346.0
85.59818496, -960.0, 22.0, 343.0
85.603127936, -957.0, 21.0, 344.0
85.60807104, -955.0, 22.0, 344.0
85.613014144, -950.0, 23.0, 337.0
85.61795712, -949.0, 22.0, 339.0
85.622900224, -947.0, 19.0, 341.0
85.627843328, -949.0, 17.0, 344.0
85.632786432, -949.0, 16.0, 345.0
85.637729372, -949.0, 17.0, 347.0
85.64267584, -948.0, 14.0, 343.0
85.647622272, -949.0, 14.0, 341.0
85.652568704, -952.0, 16.0, 338.0
85.657515264, -951.0, 12.0, 336.0
85.662461696, -952.0, 15.0, 343.0
85.667408128, -952.0, 14.0, 339.0
85.67235456, -952.0, 16.0, 345.0
85.677300992, -955.0, 18.0, 347.0
85.682247552, -953.0, 17.0, 354.0
85.687193984, -955.0, 23.0, 359.0
85.692140416, -963.0, 22.0, 358.0
85.697086848, -961.0, 23.0, 364.0
85.702033408, -963.0, 25.0, 363.0
85.70697984, -968.0, 24.0, 364.0
85.711926272, -971.0, 24.0, 365.0
85.716872704, -970.0, 23.0, 361.0
85.721819136, -971.0, 24.0, 356.0
85.726765696, -966.0, 23.0, 355.0
85.731712128, -970.0, 22.0, 355.0
85.73665856, -967.0, 23.0, 355.0
85.741604992, -971.0, 23.0, 354.0
85.746551424, -969.0, 25.0, 347.0
85.751497984, -967.0, 26.0, 340.0
85.756444416, -968.0, 25.0, 333.0
85.761390848, -963.0, 27.0, 326.0
85.76633728, -958.0, 28.0, 319.0
85.77128384, -954.0, 33.0, 318.0
85.776230272, -956.0, 33.0, 321.0
85.781176704, -955.0, 37.0, 320.0
85.786123136, -956.0, 40.0, 329.0
85.791069568, -957.0, 42.0, 332.0
85.796016128, -957.0, 38.0, 349.0
85.80096256, -961.0, 41.0, 359.0
85.805908992, -961.0, 40.0, 370.0
85.810855424, -966.0, 37.0, 383.0
85.815801906, -971.0, 36.0, 385.0
85.820748288, -966.0, 30.0, 395.0
85.82569472, -965.0, 29.0, 390.0
85.830641152, -964.0, 23.0, 390.0
85.835587712, -965.0, 16.0, 387.0
85.840534144, -961.0, 12.0, 389.0
85.845480576, -963.0, 13.0, 388.0
85.850427008, -957.0, 11.0, 389.0
85.85537344, -957.0, 11.0, 386.0
85.86032, -965.0, 13.0, 385.0
85.865266432, -983.0, 14.0, 375.0
85.870212864, -990.0, 14.0, 354.0
85.875159296, -987.0, 13.0, 320.0
85.880105856, -966.0, 13.0, 293.0
85.885052288, -938.0, 14.0, 287.0
85.88999872, -918.0, 16.0, 302.0
85.894945152, -917.0, 19.0, 323.0
85.899891584, -922.0, 20.0, 343.0
85.904838144, -938.0, 19.0, 339.0
85.909784576, -944.0, 17.0, 337.0
85.914731008, -952.0, 15.0, 333.0
85.91967744, -961.0, 12.0, 329.0
85.924623872, -971.0, 15.0, 327.0
85.929570432, -977.0, 15.0, 324.0
85.934516864, -977.0, 22.0, 331.0
85.939463296, -975.0, 22.0, 332.0
85.944409728, -968.0, 27.0, 336.0
85.949356288, -965.0, 28.0, 335.0
85.95430272, -959.0, 28.0, 336.0
85.959249152, -955.0, 32.0, 341.0
85.964195584, -953.0, 30.0, 344.0
85.969142016, -957.0, 31.0, 357.0
85.974088576, -960.0, 31.0, 359.0
85.979035008, -961.0, 27.0, 358.0
85.98398144, -963.0, 25.0, 363.0
85.988927872, -961.0, 23.0, 362.0
85.993874436, -962.0, 22.0, 363.0
85.998820864, -969.0, 28.0, 361.0
86.003767296, -966.0, 23.0, 355.0
86.008713728, -974.0, 22.0, 344.0
86.013660288, -976.0, 22.0, 331.0
86.01860672, -978.0, 21.0, 324.0
86.023553152, -979.0, 20.0, 320.0
86.028499584, -976.0, 16.0, 320.0
86.033446016, -976.0, 13.0, 318.0
86.038392576, -976.0, 11.0, 330.0
86.043339008, -972.0, 11.0, 326.0
86.04828544, -967.0, 11.0, 336.0
86.053231872, -968.0, 13.0, 340.0
86.058178432, -972.0, 15.0, 338.0
86.063124864, -972.0, 16.0, 327.0
86.068071296, -967.0, 16.0, 321.0
86.073017728, -965.0, 14.0, 311.0
86.07796416, -962.0, 13.0, 312.0
86.08291072, -959.0, 14.0, 316.0
86.087857152, -961.0, 14.0, 316.0
86.092803584, -961.0, 14.0, 325.0
86.097750016, -959.0, 14.0, 320.0
86.102696448, -959.0, 12.0, 325.0
86.107643008, -959.0, 12.0, 331.0
86.11258944, -955.0, 11.0, 340.0
86.117535872, -951.0, 12.0, 339.0
86.122482304, -949.0, 12.0, 349.0
86.127428864, -950.0, 11.0, 347.0
86.132375296, -950.0, 11.0, 345.0
86.137321728, -951.0, 10.0, 347.0
86.14226816, -954.0, 10.0, 354.0
86.147214592, -956.0, 10.0, 349.0
86.152161152, -959.0, 9.0, 353.0
86.157107584, -959.0, 6.0, 354.0
86.162054016, -959.0, 7.0, 344.0
86.167000448, -955.0, 6.0, 346.0
86.171946966, -954.0, 5.0, 348.0
86.176891776, -956.0, 1.0, 351.0
86.181836544, -955.0, 4.0, 348.0
86.186781312, -954.0, 10.0, 343.0
86.19172608, -956.0, 9.0, 335.0
86.196670848, -961.0, 12.0, 329.0
86.201615616, -965.0, 16.0, 319.0
86.206560384, -968.0, 21.0, 310.0
86.211505152, -969.0, 28.0, 312.0
86.21644992, -975.0, 33.0, 311.0
86.221394688, -977.0, 40.0, 322.0
86.226339456, -977.0, 43.0, 324.0
86.231284224, -980.0, 44.0, 333.0
86.236228992, -980.0, 42.0, 341.0
86.24117376, -980.0, 42.0, 339.0
86.2461184, -981.0, 41.0, 346.0
86.251063168, -984.0, 37.0, 349.0
86.256007936, -984.0, 35.0, 347.0
86.260952704, -984.0, 36.0, 346.0
86.265897472, -984.0, 36.0, 342.0
86.27084224, -983.0, 32.0, 342.0
86.275787008, -982.0, 34.0, 335.0
86.280731776, -979.0, 28.0, 333.0
86.285676544, -979.0, 25.0, 331.0
86.290621312, -978.0, 20.0, 329.0
86.29556608, -970.0, 16.0, 329.0
86.300510848, -969.0, 17.0, 331.0
86.305455616, -970.0, 19.0, 337.0
86.310400384, -970.0, 20.0, 353.0
86.315345152, -971.0, 20.0, 343.0
86.32028992, -964.0, 16.0, 356.0
86.325234688, -974.0, 12.0, 345.0
86.330179456, -985.0, 9.0, 339.0
86.335124224, -989.0, 7.0, 323.0
86.340068992, -984.0, 9.0, 298.0
86.34501376, -962.0, 13.0, 268.0
86.34995844, -933.0, 16.0, 250.0
86.354904832, -908.0, 18.0, 261.0
86.359851264, -896.0, 15.0, 280.0
86.364797696, -899.0, 16.0, 316.0
86.369744256, -922.0, 15.0, 340.0
86.374690688, -947.0, 16.0, 360.0
86.37963712, -961.0, 16.0, 359.0
86.384583552, -965.0, 16.0, 346.0
86.389530112, -963.0, 15.0, 344.0
86.394476544, -964.0, 14.0, 347.0
86.399422976, -961.0, 13.0, 349.0
86.404369408, -960.0, 13.0, 347.0
86.40931584, -957.0, 13.0, 337.0
86.4142624, -952.0, 12.0, 330.0
86.419208832, -952.0, 12.0, 332.0
86.424155264, -954.0, 13.0, 320.0
86.429101696, -952.0, 13.0, 308.0
86.434048128, -954.0, 14.0, 297.0
86.438994688, -955.0, 14.0, 291.0
86.44394112, -951.0, 14.0, 302.0
86.448887552, -948.0, 15.0, 302.0
86.453833984, -946.0, 17.0, 316.0
86.458780544, -941.0, 18.0, 321.0
86.463726976, -939.0, 20.0, 325.0
86.468673408, -940.0, 20.0, 324.0
86.47361984, -941.0, 22.0, 321.0
86.478566272, -943.0, 19.0, 316.0
86.483512832, -940.0, 18.0, 303.0
86.488459264, -940.0, 18.0, 295.0
86.493405696, -936.0, 15.0, 280.0
86.498352128, -937.0, 13.0, 270.0
86.50329856, -935.0, 11.0, 262.0
86.50824512, -935.0, 8.0, 259.0
86.513191552, -938.0, 5.0, 262.0
86.518137984, -940.0, 4.0, 275.0
86.523084416, -944.0, 1.0, 286.0
86.52803099, -947.0, 0.0, 295.0
86.532979072, -949.0, 3.0, 306.0
86.537927168, -950.0, 2.0, 305.0
86.542875392, -948.0, 4.0, 308.0
86.547823488, -950.0, 5.0, 311.0
86.552771712, -948.0, 5.0, 323.0
86.557719808, -948.0, 8.0, 324.0
86.562668032, -945.0, 10.0, 331.0
86.567616128, -946.0, 11.0, 338.0
86.572564352, -944.0, 10.0, 351.0
86.577512448, -946.0, 10.0, 359.0
86.582460672, -944.0, 11.0, 360.0
86.587408768, -946.0, 10.0, 368.0
86.592356864, -945.0, 11.0, 363.0
86.597305088, -944.0, 11.0, 364.0
86.602253184, -946.0, 12.0, 352.0
86.607201408, -948.0, 12.0, 347.0
86.612149504, -948.0, 15.0, 333.0
86.617097728, -948.0, 15.0, 329.0
86.622045824, -952.0, 17.0, 324.0
86.626994048, -958.0, 19.0, 324.0
86.631942144, -967.0, 18.0, 331.0
86.636890368, -972.0, 22.0, 331.0
86.641838464, -976.0, 21.0, 343.0
86.64678656, -975.0, 19.0, 348.0
86.651734784, -977.0, 17.0, 356.0
86.65668288, -975.0, 14.0, 362.0
86.661631104, -975.0, 13.0, 363.0
86.6665792, -965.0, 9.0, 363.0
86.671527424, -963.0, 8.0, 364.0
86.67647552, -958.0, 8.0, 375.0
86.681423744, -961.0, 7.0, 382.0
86.68637184, -968.0, 8.0, 381.0
86.691320064, -977.0, 11.0, 371.0
86.69626816, -979.0, 11.0, 368.0
86.701216256, -977.0, 12.0, 357.0
86.70616454, -971.0, 13.0, 341.0
86.711110144, -966.0, 12.0, 318.0
86.716055808, -968.0, 13.0, 320.0
86.721001344, -968.0, 12.0, 302.0
86.725947008, -967.0, 14.0, 297.0
86.730892544, -963.0, 13.0, 299.0
86.735838208, -960.0, 16.0, 301.0
86.740783872, -960.0, 14.0, 310.0
86.745729408, -959.0, 13.0, 318.0
86.750675072, -961.0, 12.0, 326.0
86.755620608, -959.0, 9.0, 338.0
86.760566272, -958.0, 9.0, 347.0
86.765511808, -963.0, 10.0, 366.0
86.770457472, -963.0, 10.0, 383.0
86.775403136, -965.0, 11.0, 388.0
86.780348672, -967.0, 10.0, 395.0
86.785294336, -978.0, 9.0, 397.0
86.790239872, -991.0, 9.0, 387.0
86.795185536, -994.0, 10.0, 355.0
86.8001312, -987.0, 13.0, 322.0
86.805076736, -962.0, 20.0, 308.0
86.8100224, -949.0, 30.0, 322.0
86.814967936, -952.0, 31.0, 339.0
86.8199136, -955.0, 31.0, 348.0
86.824859264, -959.0, 31.0, 338.0
86.8298048, -959.0, 24.0, 323.0
86.834750464, -957.0, 19.0, 319.0
86.839696, -953.0, 14.0, 312.0
86.844641664, -950.0, 10.0, 314.0
86.849587328, -948.0, 6.0, 322.0
86.854532864, -948.0, 7.0, 331.0
86.859478528, -948.0, 6.0, 350.0
86.864424064, -950.0, 5.0, 362.0
86.869369728, -953.0, 10.0, 359.0
86.874315264, -955.0, 11.0, 363.0
86.879260928, -957.0, 17.0, 364.0
86.884206558, -965.0, 19.0, 355.0
86.8891488, -968.0, 24.0, 354.0
86.894091008, -969.0, 24.0, 349.0
86.899033216, -966.0, 27.0, 349.0
86.903975424, -969.0, 26.0, 351.0
86.908917632, -967.0, 24.0, 357.0
86.91385984, -972.0, 22.0, 354.0
86.918802176, -973.0, 20.0, 350.0
86.923744384, -982.0, 17.0, 345.0
86.928686592, -980.0, 13.0, 347.0
86.9336288, -974.0, 12.0, 346.0
86.938571008, -974.0, 10.0, 350.0
86.943513216, -973.0, 9.0, 356.0
86.948455424, -973.0, 8.0, 359.0
86.953397632, -967.0, 6.0, 361.0
86.95833984, -965.0, 6.0, 361.0
86.963282048, -960.0, 9.0, 355.0
86.968224384, -950.0, 7.0, 354.0
86.973166592, -948.0, 9.0, 355.0
86.9781088, -950.0, 12.0, 358.0
86.983051008, -950.0, 14.0, 352.0
86.987993216, -952.0, 16.0, 347.0
86.992935424, -952.0, 17.0, 334.0
86.997877632, -953.0, 16.0, 328.0
87.00281984, -951.0, 18.0, 322.0
87.007762048, -948.0, 17.0, 325.0
87.012704256, -945.0, 17.0, 326.0
87.017646592, -947.0, 17.0, 325.0
87.0225888, -948.0, 14.0, 319.0
87.027531008, -951.0, 14.0, 322.0
87.032473216, -948.0, 13.0, 324.0
87.037415424, -948.0, 12.0, 326.0
87.042357632, -950.0, 11.0, 328.0
87.04729984, -946.0, 11.0, 342.0
87.052242048, -947.0, 7.0, 354.0
87.057184256, -950.0, 6.0, 355.0
87.062126494, -950.0, -3.0, 362.0
87.067069568, -944.0, -10.0, 364.0
87.072012672, -951.0, -15.0, 361.0
87.076955648, -955.0, -23.0, 354.0
87.081898752, -958.0, -31.0, 345.0
87.086841856, -964.0, -31.0, 339.0
87.09178496, -968.0, -39.0, 329.0
87.096727936, -966.0, -41.0, 323.0
87.10167104, -963.0, -44.0, 314.0
87.106614144, -965.0, -46.0, 315.0
87.111557248, -967.0, -47.0, 314.0
87.116500224, -970.0, -49.0, 311.0
87.121443328, -969.0, -46.0, 312.0
87.126386432, -968.0, -46.0, 308.0
87.131329408, -966.0, -44.0, 318.0
87.136272512, -956.0, -42.0, 324.0
87.141215616, -955.0, -38.0, 320.0
87.14615872, -953.0, -32.0, 322.0
87.151101696, -949.0, -28.0, 326.0
87.1560448, -944.0, -22.0, 337.0
87.160987904, -945.0, -14.0, 343.0
87.16593088, -946.0, -8.0, 340.0
87.170873984, -947.0, -7.0, 352.0
87.175817088, -951.0, -4.0, 347.0
87.180760192, -953.0, -1.0, 345.0
87.185703168, -959.0, -1.0, 341.0
87.190646272, -966.0, 0.0, 325.0
87.195589376, -973.0, 3.0, 319.0
87.20053248, -969.0, 4.0, 316.0
87.205475456, -973.0, 8.0, 318.0
87.21041856, -978.0, 8.0, 316.0
87.215361664, -981.0, 8.0, 316.0
87.22030464, -980.0, 10.0, 321.0
87.225247744, -976.0, 12.0, 326.0
87.230190848, -977.0, 16.0, 328.0
87.235133952, -982.0, 19.0, 327.0
87.240076962, -983.0, 26.0, 327.0
87.245021696, -988.0, 31.0, 334.0
87.249966464, -990.0, 31.0, 321.0
87.254911232, -994.0, 29.0, 300.0
87.259856, -990.0, 31.0, 276.0
87.264800768, -978.0, 38.0, 280.0
87.269745536, -964.0, 49.0, 303.0
87.274690304, -962.0, 52.0, 319.0
87.279635072, -977.0, 56.0, 323.0
87.28457984, -986.0, 58.0, 311.0
87.289524608, -991.0, 53.0, 295.0
87.294469376, -993.0, 44.0, 287.0
87.299414144, -994.0, 38.0, 290.0
87.304358912, -994.0, 21.0, 275.0
87.30930368, -994.0, 19.0, 278.0
87.31424832, -992.0, 14.0, 283.0
87.319193088, -989.0, 14.0, 286.0
87.324137856, -985.0, 14.0, 302.0
87.329082624, -982.0, 16.0, 319.0
87.334027392, -979.0, 21.0, 332.0
87.33897216, -983.0, 25.0, 337.0
87.343916928, -988.0, 31.0, 334.0
87.348861696, -994.0, 33.0, 335.0
87.353806464, -994.0, 37.0, 335.0
87.358751232, -994.0, 34.0, 340.0
87.363696, -994.0, 38.0, 337.0
87.368640768, -996.0, 46.0, 333.0
87.373585536, -996.0, 43.0, 339.0
87.378530304, -995.0, 45.0, 351.0
87.383475072, -997.0, 46.0, 356.0
87.38841984, -996.0, 47.0, 361.0
87.393364608, -998.0, 47.0, 347.0
87.398309376, -999.0, 48.0, 337.0
87.403254144, -997.0, 54.0, 331.0
87.408198912, -995.0, 52.0, 327.0
87.41314368, -997.0, 53.0, 329.0
87.41808844, -995.0, 56.0, 329.0
87.423028992, -993.0, 56.0, 329.0
87.427969536, -990.0, 53.0, 325.0
87.43291008, -987.0, 49.0, 321.0
87.437850624, -983.0, 48.0, 322.0
87.44279104, -980.0, 42.0, 319.0
87.447731584, -970.0, 35.0, 310.0
87.452672128, -961.0, 31.0, 312.0
87.457612672, -953.0, 26.0, 306.0
87.462553216, -948.0, 25.0, 305.0
87.46749376, -946.0, 19.0, 306.0
87.472434304, -943.0, 18.0, 313.0
87.47737472, -945.0, 17.0, 313.0
87.482315264, -956.0, 17.0, 302.0
87.487255808, -969.0, 17.0, 298.0
87.492196352, -975.0, 15.0, 302.0
87.497136896, -979.0, 15.0, 296.0
87.50207744, -987.0, 15.0, 295.0
87.507017984, -984.0, 13.0, 296.0
87.5119584, -981.0, 14.0, 303.0
87.516898944, -979.0, 12.0, 301.0
87.521839488, -982.0, 8.0, 302.0
87.526780032, -980.0, 3.0, 310.0
87.531720576, -975.0, -4.0, 310.0
87.53666112, -974.0, -17.0, 307.0
87.541601664, -970.0, -21.0, 306.0
87.54654208, -970.0, -31.0, 294.0
87.551482624, -967.0, -39.0, 296.0
87.556423168, -970.0, -45.0, 289.0
87.561363712, -966.0, -48.0, 285.0
87.566304256, -964.0, -54.0, 279.0
87.5712448, -962.0, -59.0, 269.0
87.576185344, -965.0, -63.0, 268.0
87.58112576, -971.0, -66.0, 266.0
87.586066304, -970.0, -68.0, 263.0
87.591006848, -971.0, -67.0, 259.0
87.595947366, -969.0, -66.0, 262.0
87.600888704, -966.0, -60.0, 269.0
87.605830016, -966.0, -58.0, 270.0
87.610771456, -967.0, -53.0, 273.0
87.615712768, -971.0, -52.0, 274.0
87.620654208, -970.0, -48.0, 280.0
87.62559552, -964.0, -48.0, 273.0
87.63053696, -964.0, -44.0, 276.0
87.635478272, -967.0, -43.0, 283.0
87.640419712, -967.0, -44.0, 285.0
87.645361024, -968.0, -43.0, 296.0
87.650302464, -965.0, -44.0, 309.0
87.655243776, -968.0, -41.0, 312.0
87.660185216, -966.0, -42.0, 316.0
87.665126528, -963.0, -37.0, 315.0
87.670067968, -961.0, -31.0, 319.0
87.67500928, -961.0, -23.0, 311.0
87.67995072, -964.0, -12.0, 297.0
87.684892032, -964.0, -3.0, 292.0
87.689833344, -965.0, 6.0, 289.0
87.694774784, -968.0, 13.0, 293.0
87.699716096, -966.0, 18.0, 297.0
87.704657536, -967.0, 20.0, 306.0
87.709598848, -966.0, 21.0, 314.0
87.714540288, -964.0, 20.0, 326.0
87.7194816, -966.0, 17.0, 324.0
87.72442304, -963.0, 10.0, 307.0
87.729364352, -958.0, 0.0, 275.0
87.734305792, -947.0, -11.0, 245.0
87.739247104, -927.0, -18.0, 229.0
87.744188544, -910.0, -34.0, 226.0
87.749129856, -907.0, -58.0, 236.0
87.754071296, -908.0, -86.0, 249.0
87.759012608, -916.0, -105.0, 267.0
87.76395392, -920.0, -106.0, 281.0
87.76889536, -923.0, -92.0, 301.0
87.773836762, -932.0, -74.0, 319.0
87.778778112, -949.0, -59.0, 328.0
87.783719424, -964.0, -44.0, 328.0
87.788660864, -981.0, -35.0, 333.0
87.793602176, -992.0, -38.0, 327.0
87.798543616, -995.0, -51.0, 322.0
87.803484928, -996.0, -81.0, 320.0
87.808426368, -997.0, -103.0, 314.0
87.81336768, -996.0, -110.0, 300.0
87.81830912, -996.0, -112.0, 292.0
87.823250432, -996.0, -113.0, 290.0
87.828191872, -995.0, -110.0, 286.0
87.833133184, -993.0, -105.0, 282.0
87.838074624, -994.0, -90.0, 282.0
87.843015936, -995.0, -59.0, 284.0
87.847957376, -995.0, -31.0, 280.0
87.852898688, -997.0, 3.0, 287.0
87.857840128, -999.0, 25.0, 283.0
87.86278144, -1002.0, 53.0, 282.0
87.86772288, -1009.0, 79.0, 276.0
87.872664192, -1012.0, 103.0, 280.0
87.877605632, -1018.0, 114.0, 271.0
87.882546944, -1015.0, 114.0, 263.0
87.887488256, -1008.0, 112.0, 255.0
87.892429696, -997.0, 107.0, 254.0
87.897371008, -983.0, 91.0, 254.0
87.902312448, -959.0, 70.0, 254.0
87.90725376, -946.0, 58.0, 256.0
87.9121952, -945.0, 40.0, 258.0
87.917136512, -948.0, 24.0, 258.0
87.922077952, -950.0, 12.0, 262.0
87.927019264, -962.0, 3.0, 266.0
87.931960704, -977.0, -8.0, 275.0
87.936902016, -988.0, -27.0, 283.0
87.941843456, -993.0, -37.0, 297.0
87.946784768, -994.0, -45.0, 310.0
87.951726184, -995.0, -53.0, 321.0
87.95666752, -994.0, -56.0, 333.0
87.961608832, -993.0, -57.0, 326.0
87.966550272, -992.0, -56.0, 322.0
87.971491584, -990.0, -52.0, 323.0
87.976433024, -984.0, -55.0, 322.0
87.981374336, -979.0, -51.0, 327.0
87.986315776, -968.0, -46.0, 330.0
87.991257088, -956.0, -46.0, 332.0
87.996198528, -951.0, -42.0, 342.0
88.00113984, -948.0, -39.0, 344.0
88.00608128, -945.0, -37.0, 345.0
88.011022592, -950.0, -39.0, 337.0
88.015964032, -951.0, -38.0, 336.0
88.020905344, -953.0, -33.0, 333.0
88.025846784, -953.0, -34.0, 338.0
88.030788096, -959.0, -31.0, 329.0
88.035729536, -960.0, -25.0, 330.0
88.040670848, -963.0, -21.0, 329.0
88.045612288, -968.0, -17.0, 320.0
88.0505536, -962.0, -12.0, 326.0
88.05549504, -962.0, -6.0, 308.0
88.060436352, -950.0, -2.0, 301.0
88.065377664, -947.0, 4.0, 282.0
88.070319104, -953.0, 6.0, 264.0
88.075260416, -959.0, 9.0, 255.0
88.080201856, -953.0, 12.0, 255.0
88.085143168, -951.0, 12.0, 249.0
88.090084608, -962.0, 12.0, 241.0
88.09502592, -952.0, 11.0, 244.0
88.09996736, -946.0, 10.0, 247.0
88.104908672, -943.0, 8.0, 252.0
88.109850112, -934.0, 7.0, 251.0
88.114791424, -931.0, 5.0, 251.0
88.119732864, -921.0, 2.0, 252.0
88.124674176, -911.0, -2.0, 248.0
88.129615606, -903.0, -5.0, 249.0
88.134557824, -895.0, -9.0, 246.0
88.139500032, -893.0, -12.0, 243.0
88.14444224, -890.0, -20.0, 249.0
88.149384448, -890.0, -21.0, 250.0
88.154326656, -894.0, -27.0, 250.0
88.159268992, -899.0, -37.0, 254.0
88.1642112, -906.0, -42.0, 249.0
88.169153408, -905.0, -44.0, 264.0
88.174095616, -917.0, -47.0, 284.0
88.179037824, -937.0, -52.0, 307.0
88.183980032, -938.0, -55.0, 323.0
88.18892224, -945.0, -58.0, 288.0
88.193864448, -947.0, -59.0, 255.0
88.198806656, -941.0, -57.0, 225.0
88.203748864, -934.0, -52.0, 216.0
88.2086912, -926.0, -54.0, 218.0
88.213633408, -934.0, -54.0, 234.0
88.218575616, -944.0, -53.0, 246.0
88.223517824, -957.0, -54.0, 259.0
88.228460032, -978.0, -54.0, 284.0
88.23340224, -989.0, -59.0, 307.0
88.238344448, -995.0, -60.0, 321.0
88.243286656, -996.0, -66.0, 356.0
88.248228864, -1000.0, -67.0, 381.0
88.253171072, -997.0, -73.0, 406.0
88.258113408, -996.0, -80.0, 427.0
88.263055616, -992.0, -88.0, 450.0
88.267997824, -990.0, -84.0, 458.0
88.272940032, -989.0, -84.0, 461.0
88.27788224, -987.0, -86.0, 455.0
88.282824448, -989.0, -83.0, 455.0
88.287766656, -989.0, -79.0, 449.0
88.292708864, -989.0, -73.0, 434.0
88.297651072, -988.0, -73.0, 422.0
88.30259328, -989.0, -71.0, 403.0
88.307535556, -990.0, -71.0, 387.0
88.312480384, -985.0, -70.0, 368.0
88.317425152, -981.0, -71.0, 354.0
88.32236992, -978.0, -73.0, 348.0
88.327314688, -975.0, -77.0, 350.0
88.332259456, -977.0, -72.0, 339.0
88.337204224, -980.0, -73.0, 334.0
88.342148992, -982.0, -70.0, 312.0
88.34709376, -980.0, -70.0, 289.0
88.352038528, -978.0, -66.0, 267.0
88.356983296, -966.0, -62.0, 255.0
88.361928064, -954.0, -57.0, 251.0
88.366872832, -940.0, -48.0, 253.0
88.3718176, -936.0, -45.0, 256.0
88.376762368, -932.0, -40.0, 260.0
88.381707136, -929.0, -36.0, 265.0
88.386651776, -935.0, -29.0, 268.0
88.391596544, -941.0, -25.0, 270.0
88.396541312, -946.0, -28.0, 272.0
88.40148608, -954.0, -28.0, 270.0
88.406430848, -964.0, -29.0, 273.0
88.411375616, -982.0, -25.0, 278.0
88.416320384, -995.0, -22.0, 274.0
88.421265152, -1003.0, -19.0, 269.0
88.42620992, -1012.0, -20.0, 262.0
88.431154688, -1010.0, -22.0, 256.0
88.436099456, -1000.0, -18.0, 253.0
88.441044224, -994.0, -15.0, 255.0
88.445988992, -990.0, -5.0, 268.0
88.45093376, -986.0, -1.0, 291.0
88.455878528, -989.0, 1.0, 311.0
88.460823296, -992.0, 3.0, 326.0
88.465768064, -994.0, 4.0, 344.0
88.470712832, -996.0, 2.0, 352.0
88.4756576, -995.0, 1.0, 361.0
88.480602368, -996.0, 3.0, 358.0
88.485547044, -997.0, 8.0, 358.0
88.490490112, -993.0, 9.0, 356.0
88.495433216, -992.0, 11.0, 345.0
88.500376192, -989.0, 14.0, 348.0
88.505319296, -976.0, 20.0, 341.0
88.5102624, -967.0, 18.0, 335.0
88.515205504, -955.0, 21.0, 333.0
88.52014848, -943.0, 22.0, 329.0
88.525091584, -928.0, 22.0, 321.0
88.530034688, -918.0, 22.0, 313.0
88.534977792, -918.0, 21.0, 305.0
88.539920768, -915.0, 19.0, 299.0
88.544863872, -915.0, 17.0, 294.0
88.549806976, -920.0, 14.0, 291.0
88.554749952, -920.0, 12.0, 292.0
88.559693056, -921.0, 12.0, 287.0
88.56463616, -923.0, 11.0, 291.0
88.569579264, -920.0, 9.0, 291.0
88.57452224, -922.0, 6.0, 302.0
88.579465344, -936.0, 1.0, 302.0
88.584408448, -943.0, -4.0, 304.0
88.589351424, -949.0, -9.0, 297.0
88.594294528, -954.0, -15.0, 290.0
88.599237632, -962.0, -22.0, 280.0
88.604180736, -965.0, -35.0, 273.0
88.609123712, -965.0, -41.0, 273.0
88.614066816, -961.0, -47.0, 269.0
88.61900992, -965.0, -52.0, 280.0
88.623953024, -965.0, -66.0, 290.0
88.628896, -977.0, -70.0, 284.0
88.633839104, -984.0, -80.0, 296.0
88.638782208, -993.0, -84.0, 297.0
88.643725184, -996.0, -89.0, 277.0
88.648668288, -995.0, -81.0, 261.0
88.653611392, -991.0, -65.0, 254.0
88.658554496, -987.0, -54.0, 258.0
88.663497518, -983.0, -42.0, 271.0
88.668440576, -980.0, -29.0, 278.0
88.67338368, -972.0, -21.0, 274.0
88.678326656, -972.0, -18.0, 268.0
88.68326976, -974.0, -21.0, 273.0
88.688212864, -985.0, -23.0, 264.0
88.693155968, -986.0, -31.0, 265.0
88.698098944, -986.0, -34.0, 262.0
88.703042048, -984.0, -32.0, 267.0
88.707985152, -975.0, -31.0, 265.0
88.712928128, -979.0, -16.0, 273.0
88.717871232, -974.0, -7.0, 272.0
88.722814336, -970.0, 2.0, 277.0
88.72775744, -973.0, 13.0, 286.0
88.732700416, -970.0, 18.0, 291.0
88.73764352, -965.0, 27.0, 301.0
88.742586624, -967.0, 35.0, 307.0
88.747529728, -968.0, 36.0, 307.0
88.752472704, -969.0, 43.0, 305.0
88.757415808, -969.0, 44.0, 312.0
88.762358912, -972.0, 44.0, 313.0
88.767301888, -969.0, 46.0, 313.0
88.772244992, -970.0, 43.0, 319.0
88.777188096, -970.0, 41.0, 319.0
88.7821312, -976.0, 37.0, 318.0
88.787074176, -975.0, 31.0, 314.0
88.79201728, -976.0, 28.0, 295.0
88.796960384, -977.0, 23.0, 291.0
88.80190336, -981.0, 25.0, 275.0
88.806846464, -981.0, 23.0, 267.0
88.811789568, -981.0, 19.0, 264.0
88.816732672, -977.0, 20.0, 265.0
88.821675648, -979.0, 15.0, 265.0
88.826618752, -979.0, 15.0, 271.0
88.831561856, -977.0, 12.0, 271.0
88.83650496, -982.0, 11.0, 269.0
88.841447976, -984.0, 10.0, 269.0
88.84639104, -982.0, 3.0, 270.0
88.851334144, -984.0, 1.0, 266.0
88.85627712, -980.0, -10.0, 269.0
88.861220224, -980.0, -13.0, 264.0
88.866163328, -978.0, -19.0, 261.0
88.871106432, -982.0, -21.0, 262.0
88.876049408, -983.0, -20.0, 262.0
88.880992512, -989.0, -19.0, 256.0
88.885935616, -991.0, -15.0, 253.0
88.890878592, -992.0, -14.0, 250.0
88.895821696, -992.0, -6.0, 249.0
88.9007648, -991.0, -6.0, 250.0
88.905707904, -989.0, -8.0, 250.0
88.91065088, -989.0, -6.0, 250.0
88.915593984, -989.0, -7.0, 254.0
88.920537088, -992.0, -8.0, 252.0
88.925480192, -992.0, -8.0, 249.0
88.930423168, -994.0, -10.0, 250.0
88.935366272, -994.0, -10.0, 252.0
88.940309376, -995.0, -15.0, 252.0
88.945252352, -995.0, -11.0, 255.0
88.950195456, -994.0, -14.0, 257.0
88.95513856, -996.0, -6.0, 259.0
88.960081664, -995.0, -3.0, 260.0
88.96502464, -996.0, -2.0, 258.0
88.969967744, -997.0, -5.0, 257.0
88.974910848, -997.0, 0.0, 259.0
88.979853824, -998.0, -3.0, 257.0
88.984796928, -996.0, -2.0, 256.0
88.989740032, -996.0, 0.0, 259.0
88.994683136, -995.0, 2.0, 258.0
88.999626112, -995.0, 4.0, 260.0
89.004569216, -994.0, 8.0, 261.0
89.00951232, -993.0, 9.0, 257.0
89.014455424, -993.0, 12.0, 258.0
89.019398434, -994.0, 14.0, 259.0
89.024343168, -995.0, 16.0, 258.0
89.029287936, -994.0, 16.0, 254.0
89.034232704, -992.0, 16.0, 255.0
89.039177472, -987.0, 17.0, 256.0
89.04412224, -986.0, 17.0, 256.0
89.049067008, -986.0, 17.0, 254.0
89.054011776, -988.0, 18.0, 253.0
89.058956544, -989.0, 16.0, 252.0
89.063901312, -988.0, 19.0, 249.0
89.06884608, -989.0, 18.0, 250.0
89.073790848, -988.0, 16.0, 249.0
89.078735616, -986.0, 19.0, 248.0
89.083680384, -985.0, 18.0, 255.0
89.088625152, -984.0, 18.0, 257.0
89.093569792, -989.0, 18.0, 260.0
89.09851456, -991.0, 18.0, 257.0
89.103459328, -992.0, 21.0, 256.0
89.108404096, -994.0, 20.0, 250.0
89.113348864, -999.0, 21.0, 242.0
89.118293632, -1001.0, 20.0, 228.0
89.1232384, -1001.0, 22.0, 215.0
89.128183168, -994.0, 19.0, 216.0
89.133127936, -982.0, 21.0, 234.0
89.138072704, -964.0, 21.0, 256.0
89.143017472, -964.0, 26.0, 281.0
89.14796224, -973.0, 24.0, 297.0
89.152907008, -983.0, 22.0, 295.0
89.157851776, -988.0, 16.0, 281.0
89.162796544, -990.0, 15.0, 268.0
89.167741312, -991.0, 14.0, 258.0
89.17268608, -992.0, 10.0, 251.0
89.177630848, -992.0, 9.0, 244.0
89.182575616, -990.0, 11.0, 241.0
89.187520384, -983.0, 11.0, 237.0
89.192465152, -979.0, 13.0, 240.0
89.197409912, -976.0, 12.0, 244.0
89.202353792, -972.0, 13.0, 250.0
89.207297664, -972.0, 15.0, 249.0
89.212241664, -977.0, 15.0, 244.0
89.217185536, -981.0, 16.0, 246.0
89.222129408, -983.0, 17.0, 245.0
89.227073408, -986.0, 16.0, 241.0
89.23201728, -987.0, 15.0, 245.0
89.236961152, -990.0, 17.0, 247.0
89.241905152, -990.0, 17.0, 251.0
89.246849024, -991.0, 14.0, 257.0
89.251792896, -993.0, 14.0, 262.0
89.256736896, -996.0, 14.0, 266.0
89.261680768, -997.0, 15.0, 270.0
89.266624768, -999.0, 15.0, 267.0
89.27156864, -999.0, 14.0, 272.0
89.276512512, -999.0, 17.0, 273.0
89.281456512, -999.0, 20.0, 276.0
89.286400384, -998.0, 26.0, 285.0
89.291344256, -996.0, 25.0, 294.0
89.296288256, -996.0, 28.0, 297.0
89.301232128, -996.0, 34.0, 303.0
89.306176, -995.0, 38.0, 309.0
89.31112, -992.0, 39.0, 313.0
89.316063872, -990.0, 38.0, 315.0
89.321007744, -986.0, 36.0, 312.0
89.325951744, -978.0, 30.0, 310.0
89.330895616, -975.0, 25.0, 307.0
89.335839488, -977.0, 25.0, 306.0
89.340783488, -977.0, 21.0, 312.0
89.34572736, -979.0, 18.0, 314.0
89.350671232, -980.0, 17.0, 312.0
89.355615232, -989.0, 14.0, 315.0
89.360559104, -992.0, 13.0, 315.0
89.365503104, -994.0, 13.0, 308.0
89.370446976, -996.0, 11.0, 304.0
89.375390914, -995.0, 12.0, 293.0
89.380337408, -995.0, 8.0, 277.0
89.38528384, -994.0, 13.0, 262.0
89.390230272, -994.0, 13.0, 256.0
89.395176832, -992.0, 14.0, 256.0
89.400123264, -992.0, 14.0, 254.0
89.405069696, -991.0, 13.0, 248.0
89.410016128, -987.0, 11.0, 249.0
89.41496256, -984.0, 10.0, 253.0
89.41990912, -987.0, 11.0, 258.0
89.424855552, -985.0, 10.0, 260.0
89.429801984, -974.0, 10.0, 273.0
89.434748416, -964.0, 11.0, 282.0
89.439694976, -964.0, 14.0, 285.0
89.444641408, -971.0, 15.0, 293.0
89.44958784, -962.0, 16.0, 297.0
89.454534272, -964.0, 20.0, 302.0
89.459480704, -972.0, 23.0, 299.0
89.464427264, -972.0, 31.0, 304.0
89.469373696, -967.0, 33.0, 310.0
89.474320128, -974.0, 36.0, 304.0
89.47926656, -979.0, 38.0, 302.0
89.484212992, -981.0, 45.0, 301.0
89.489159552, -980.0, 47.0, 302.0
89.494105984, -984.0, 46.0, 300.0
89.499052416, -980.0, 49.0, 306.0
89.503998848, -982.0, 49.0, 309.0
89.50894528, -983.0, 46.0, 315.0
89.51389184, -981.0, 42.0, 318.0
89.518838272, -981.0, 38.0, 319.0
89.523784704, -984.0, 37.0, 320.0
89.528731136, -984.0, 35.0, 323.0
89.533677696, -985.0, 32.0, 317.0
89.538624128, -987.0, 27.0, 312.0
89.54357056, -982.0, 27.0, 310.0
89.548516992, -988.0, 26.0, 294.0
89.553463438, -969.0, 27.0, 304.0
89.558408192, -956.0, 26.0, 311.0
89.56335296, -957.0, 28.0, 314.0
89.568297728, -950.0, 28.0, 302.0
89.573242496, -948.0, 25.0, 300.0
89.578187264, -955.0, 25.0, 282.0
89.583132032, -975.0, 25.0, 279.0
89.5880768, -988.0, 23.0, 276.0
89.593021568, -990.0, 23.0, 259.0
89.597966336, -982.0, 22.0, 243.0
89.602911104, -965.0, 25.0, 222.0
89.607855872, -947.0, 25.0, 221.0
89.61280064, -943.0, 24.0, 242.0
89.617745408, -946.0, 21.0, 264.0
89.622690176, -950.0, 19.0, 286.0
89.627634816, -965.0, 21.0, 294.0
89.632579584, -966.0, 17.0, 306.0
89.637524352, -972.0, 20.0, 314.0
89.64246912, -980.0, 23.0, 322.0
89.647413888, -982.0, 27.0, 329.0
89.652358656, -980.0, 28.0, 340.0
89.657303424, -977.0, 25.0, 342.0
89.662248192, -983.0, 25.0, 349.0
89.66719296, -983.0, 25.0, 343.0
89.672137728, -987.0, 25.0, 341.0
89.677082496, -985.0, 23.0, 335.0
89.682027264, -982.0, 22.0, 330.0
89.686972032, -981.0, 21.0, 324.0
89.6919168, -982.0, 21.0, 309.0
89.696861568, -985.0, 20.0, 292.0
89.701806336, -984.0, 21.0, 286.0
89.706751104, -983.0, 21.0, 278.0
89.711695872, -983.0, 20.0, 275.0
89.71664064, -981.0, 21.0, 276.0
89.721585408, -976.0, 21.0, 279.0
89.726530176, -984.0, 22.0, 268.0
89.731474912, -963.0, 19.0, 267.0
89.736417152, -961.0, 19.0, 268.0
89.74135936, -958.0, 20.0, 261.0
89.746301568, -959.0, 20.0, 261.0
89.751243776, -958.0, 20.0, 267.0
89.756185984, -954.0, 16.0, 275.0
89.761128192, -955.0, 18.0, 284.0
89.766070528, -952.0, 20.0, 294.0
89.771012736, -951.0, 20.0, 292.0
89.775954944, -955.0, 19.0, 292.0
89.780897152, -958.0, 20.0, 289.0
89.78583936, -960.0, 23.0, 280.0
89.790781568, -961.0, 20.0, 273.0
89.795723776, -958.0, 21.0, 267.0
89.800665984, -953.0, 20.0, 260.0
89.805608192, -954.0, 17.0, 260.0
89.8105504, -948.0, 17.0, 263.0
89.815492736, -947.0, 15.0, 269.0
89.820434944, -944.0, 13.0, 269.0
89.825377152, -945.0, 11.0, 271.0
89.83031936, -947.0, 12.0, 271.0
89.835261568, -949.0, 13.0, 273.0
89.840203776, -948.0, 14.0, 269.0
89.845145984, -950.0, 13.0, 267.0
89.850088192, -951.0, 13.0, 264.0
89.8550304, -951.0, 12.0, 257.0
89.859972608, -951.0, 12.0, 255.0
89.864914944, -948.0, 12.0, 257.0
89.869857152, -949.0, 13.0, 255.0
89.87479936, -949.0, 12.0, 254.0
89.879741568, -947.0, 14.0, 258.0
89.884683776, -954.0, 14.0, 265.0
89.889625984, -957.0, 14.0, 268.0
89.894568192, -964.0, 13.0, 281.0
89.8995104, -969.0, 15.0, 286.0
89.904452608, -973.0, 15.0, 291.0
89.909394858, -970.0, 16.0, 306.0
