1.785225618924E12, 0.0, 0.0, 0.0, 255.0, 0.0, 0.0, 0.0, 0.0, 0.0
1.785225619448E12, 0.0, 0.0, 0.0, 255.0, 0.0, 0.0, 0.0, 0.0, 0.0
1.785225619972E12, 0.0, 0.0, 0.0, 255.0, 0.0, 0.0, 0.0, 0.0, 0.0
1.785225620422E12, 0.0, 0.0, 0.0, 255.0, 0.0, 0.0, 0.0, 0.0, 0.0
1.785225620947E12, 0.0, 0.0, 0.0, 255.0, 0.0, 0.0, 0.0, 0.0, 0.0
1.785225621398E12, 0.0, 0.0, 0.0, 255.0, 0.0, 0.0, 0.0, 0.0, 0.0
1.785225621922E12, 0.0, 0.0, 0.0, 255.0, 0.0, 0.0, 0.0, 0.0, 0.0
1.785225622522E12, 0.0, 0.0, 0.0, 255.0, 0.0, 0.0, 0.0, 0.0, 0.0
1.785225622898E12, 0.0, 0.0, 0.0, 255.0, 0.0, 0.0, 0.0, 0.0, 0.0
1.785225623496E12, 0.0, 0.0, 0.0, 255.0, 0.0, 0.0, 0.0, 0.0, 0.0
1.785225623948E12, 0.0, 0.0, 0.0, 255.0, 0.0, 0.0, 0.0, 0.0, 0.0
1.785225624472E12, 0.0, 0.0, 0.0, 255.0, 0.0, 0.0, 0.0, 0.0, 0.0
1.785225624922E12, 0.0, 0.0, 0.0, 255.0, 0.0, 0.0, 0.0, 0.0, 0.0
1.785225625447E12, 0.0, 0.0, 0.0, 255.0, 0.0, 0.0, 0.0, 0.0, 0.0
1.785225625896E12, 0.0, 0.0, 0.0, 255.0, 0.0, 0.0, 0.0, 0.0, 0.0
1.785225626422E12, 0.0, 0.0, 0.0, 255.0, 0.0, 0.0, 0.0, 0.0, 0.0
1.785225627021E12, 0.0, 0.0, 0.0, 255.0, 0.0, 0.0, 0.0, 0.0, 0.0
1.785225627397E12, 0.0, 0.0, 0.0, 255.0, 0.0, 0.0, 0.0, 0.0, 0.0
1.785225627922E12, 0.0, 0.0, 0.0, 255.0, 0.0, 0.0, 0.0, 0.0, 0.0
1.785225628521E12, 0.0, 0.0, 0.0, 255.0, 0.0, 0.0, 0.0, 0.0, 0.0
1.785225628972E12, 0.0, 0.0, 0.0, 255.0, 0.0, 0.0, 0.0, 0.0, 0.0
1.785225629422E12, 0.0, 0.0, 0.0, 255.0, 0.0, 0.0, 0.0, 0.0, 0.0
1.785225629947E12, 0.0, 0.0, 0.0, 255.0, 0.0, 0.0, 0.0, 0.0, 0.0
1.785225630397E12, 0.0, 0.0, 0.0, 255.0, 0.0, 0.0, 0.0, 0.0, 0.0
1.785225630996E12, 0.0, 0.0, 0.0, 255.0, 0.0, 0.0, 0.0, 0.0, 0.0
1.785225631447E12, 0.0, 0.0, 0.0, 255.0, 0.0, 0.0, 0.0, 0.0, 0.0
1.785225631896E12, 0.0, 0.0, 0.0, 255.0, 0.0, 0.0, 0.0, 0.0, 0.0
1.785225632497E12, 0.0, 0.0, 0.0, 255.0, 0.0, 0.0, 0.0, 0.0, 0.0
1.785225632947E12, 0.0, 0.0, 0.0, 255.0, 0.0, 0.0, 0.0, 0.0, 0.0
1.785225633472E12, 0.0, 0.0, 0.0, 255.0, 0.0, 0.0, 0.0, 0.0, 0.0
1.785225633922E12, 0.0, 0.0, 0.0, 255.0, 0.0, 0.0, 0.0, 0.0, 0.0
1.785225634448E12, 0.0, 0.0, 0.0, 255.0, 0.0, 0.0, 0.0, 0.0, 0.0
1.785225634895E12, 0.0, 0.0, 0.0, 255.0, 0.0, 0.0, 0.0, 0.0, 0.0
1.785225635421E12, 0.0, 0.0, 0.0, 255.0, 0.0, 0.0, 0.0, 0.0, 0.0
1.785225635947E12, 0.0, 0.0, 0.0, 255.0, 0.0, 0.0, 0.0, 0.0, 0.0
1.785225636396E12, 0.0, 0.0, 0.0, 255.0, 0.0, 0.0, 0.0, 0.0, 0.0
1.78522563692E12, 0.0, 0.0, 0.0, 255.0, 0.0, 0.0, 0.0, 0.0, 0.0
1.785225637446E12, 0.0, 0.0, 0.0, 255.0, 0.0, 0.0, 0.0, 0.0, 0.0
1.785225637972E12, 0.0, 0.0, 0.0, 255.0, 0.0, 0.0, 0.0, 0.0, 0.0
1.785225638422E12, 0.0, 0.0, 0.0, 255.0, 0.0, 0.0, 0.0, 0.0, 0.0
1.785225638946E12, 0.0, 0.0, 0.0, 255.0, 0.0, 0.0, 0.0, 0.0, 0.0
1.785225639397E12, 0.0, 0.0, 0.0, 255.0, 0.0, 0.0, 0.0, 0.0, 0.0
1.785225639922E12, 0.0, 0.0, 0.0, 255.0, 0.0, 0.0, 0.0, 0.0, 0.0
1.785225640446E12, 0.0, 0.0, 0.0, 255.0, 0.0, 0.0, 0.0, 0.0, 0.0
1.785225640896E12, 0.0, 0.0, 0.0, 255.0, 0.0, 0.0, 0.0, 0.0, 0.0
1.785225641497E12, 0.0, 0.0, 0.0, 255.0, 0.0, 0.0, 0.0, 0.0, 0.0
1.785225641945E12, 0.0, 0.0, 0.0, 255.0, 0.0, 0.0, 0.0, 0.0, 0.0
1.785225642471E12, 0.0, 0.0, 0.0, 255.0, 0.0, 0.0, 0.0, 0.0, 0.0
1.785225642921E12, 0.0, 0.0, 0.0, 255.0, 0.0, 0.0, 0.0, 0.0, 0.0
1.785225643447E12, 0.0, 0.0, 0.0, 255.0, 0.0, 0.0, 0.0, 0.0, 0.0
1.785225643896E12, 0.0, 0.0, 0.0, 255.0, 0.0, 0.0, 0.0, 0.0, 0.0
1.785225644421E12, 0.0, 0.0, 0.0, 255.0, 0.0, 0.0, 0.0, 0.0, 0.0
1.785225644946E12, 0.0, 0.0, 0.0, 255.0, 0.0, 0.0, 0.0, 0.0, 0.0
1.785225645396E12, 0.0, 0.0, 0.0, 255.0, 0.0, 0.0, 0.0, 0.0, 0.0
1.78522564592E12, 0.0, 0.0, 0.0, 255.0, 0.0, 0.0, 0.0, 0.0, 0.0
1.785225646447E12, 0.0, 0.0, 0.0, 255.0, 0.0, 0.0, 0.0, 0.0, 0.0
1.785225646895E12, 0.0, 0.0, 0.0, 255.0, 0.0, 0.0, 0.0, 0.0, 0.0
1.78522564742E12, 0.0, 0.0, 0.0, 255.0, 0.0, 0.0, 0.0, 0.0, 0.0
1.785225647946E12, 0.0, 0.0, 0.0, 255.0, 0.0, 0.0, 0.0, 0.0, 0.0
1.785225648395E12, 0.0, 0.0, 0.0, 255.0, 0.0, 0.0, 0.0, 0.0, 0.0
1.785225648922E12, 0.0, 0.0, 0.0, 255.0, 0.0, 0.0, 0.0, 0.0, 0.0
1.785225649446E12, 0.0, 0.0, 0.0, 255.0, 0.0, 0.0, 0.0, 0.0, 0.0
1.785225649896E12, 0.0, 0.0, 0.0, 255.0, 0.0, 0.0, 0.0, 0.0, 0.0
1.785225650496E12, 0.0, 0.0, 0.0, 255.0, 0.0, 0.0, 0.0, 0.0, 0.0
1.78522565102E12, 0.0, 0.0, 0.0, 255.0, 0.0, 0.0, 0.0, 0.0, 0.0
1.785225651471E12, 0.0, 0.0, 0.0, 255.0, 0.0, 0.0, 0.0, 0.0, 0.0
1.78522565192E12, 0.0, 0.0, 0.0, 255.0, 0.0, 0.0, 0.0, 0.0, 0.0
1.785225652445E12, 0.0, 0.0, 0.0, 255.0, 0.0, 0.0, 0.0, 0.0, 0.0
1.785225652895E12, 0.0, 0.0, 0.0, 255.0, 0.0, 0.0, 0.0, 0.0, 0.0
1.785225653422E12, 0.0, 0.0, 0.0, 255.0, 0.0, 0.0, 0.0, 0.0, 0.0
1.785225653946E12, 0.0, 0.0, 0.0, 255.0, 0.0, 0.0, 0.0, 0.0, 0.0
1.785225654396E12, 0.0, 0.0, 0.0, 255.0, 0.0, 0.0, 0.0, 0.0, 0.0
1.785225654996E12, 0.0, 0.0, 0.0, 255.0, 0.0, 0.0, 0.0, 0.0, 0.0
1.785225655446E12, 0.0, 0.0, 0.0, 255.0, 0.0, 0.0, 0.0, 0.0, 0.0
1.78522565597E12, 0.0, 0.0, 0.0, 255.0, 0.0, 0.0, 0.0, 0.0, 0.0
1.78522565642E12, 0.0, 0.0, 0.0, 255.0, 0.0, 0.0, 0.0, 0.0, 0.0
1.785225656945E12, 0.0, 0.0, 0.0, 255.0, 0.0, 0.0, 0.0, 0.0, 0.0
1.785225657396E12, 0.0, 0.0, 0.0, 255.0, 0.0, 0.0, 0.0, 0.0, 0.0
1.78522565792E12, 0.0, 0.0, 0.0, 255.0, 0.0, 0.0, 0.0, 0.0, 0.0
1.785225658446E12, 0.31, 0.0, 0.0, 255.0, 0.0, 0.0, 0.0, 0.0, 0.0
1.785225658972E12, 0.8200000000000001, 0.0, 0.0, 255.0, 0.0, 0.0, 0.0, 0.0, 0.0
1.7852256595E12, 1.35, 2.862, 0.0, 255.0, 175.17000000000002, 174.72, 0.0, 0.0, 0.0
1.785225659945E12, 1.85, 2.862, 0.0, 255.0, 175.17000000000002, 174.72, 0.0, 0.0, 0.0
1.785225660545E12, 2.35, 2.862, 0.0, 255.0, 175.17000000000002, 174.72, 0.0, 0.0, 0.0
1.785225660996E12, 2.86, 2.862, 0.0, 255.0, 175.17000000000002, 174.72, 0.0, 0.0, 0.0
1.785225661445E12, 3.38, 3.737, 27.0, 255.0, 134.28, 145.58, 0.0, 0.0, 0.0
1.78522566197E12, 3.86, 3.737, 27.0, 255.0, 134.28, 145.58, 0.0, 0.0, 0.0
1.785225662496E12, 4.36, 3.737, 27.0, 255.0, 134.28, 145.58, 0.0, 0.0, 0.0
1.78522566302E12, 4.87, 3.737, 27.0, 255.0, 134.28, 145.58, 0.0, 0.0, 0.0
1.785225663471E12, 5.37, 3.737, 27.0, 255.0, 134.28, 145.58, 0.0, 0.0, 0.0
1.785225663995E12, 5.88, 3.8160000000000003, 27.0, 255.0, 131.52, 139.49, 0.0, 0.0, 0.0
1.785225664521E12, 6.390000000000001, 3.8160000000000003, 27.0, 255.0, 131.52, 139.49, 0.0, 0.0, 0.0
1.785225664971E12, 6.87, 3.8160000000000003, 27.0, 255.0, 131.52, 139.49, 0.0, 0.0, 0.0
1.785225665496E12, 7.4, 3.8160000000000003, 27.0, 255.0, 131.52, 139.49, 0.0, 0.0, 0.0
1.78522566602E12, 7.91, 3.924, 26.0, 255.0, 127.89, 135.71, 0.0, 0.0, 0.0
1.785225666545E12, 8.39, 3.924, 26.0, 255.0, 127.89, 135.71, 0.0, 0.0, 0.0
1.785225666995E12, 8.9, 3.924, 26.0, 255.0, 127.89, 135.71, 0.0, 0.0, 0.0
1.785225667521E12, 9.39, 3.924, 26.0, 255.0, 127.89, 135.71, 0.0, 0.0, 0.0
1.785225668121E12, 9.92, 3.924, 26.0, 255.0, 127.89, 135.71, 0.0, 0.0, 0.0
1.7852256685E12, 10.43, 3.8770000000000002, 26.0, 255.0, 129.43, 134.13, 0.0, 0.0, 0.0
1.785225669095E12, 10.92, 3.8770000000000002, 26.0, 255.0, 129.43, 134.13, 0.0, 0.0, 0.0
1.785225669545E12, 11.43, 3.8770000000000002, 26.0, 255.0, 129.43, 134.13, 0.0, 0.0, 0.0
1.785225670144E12, 11.94, 3.8770000000000002, 26.0, 255.0, 129.43, 134.13, 0.0, 0.0, 0.0
1.785225670521E12, 12.46, 3.8770000000000002, 26.0, 255.0, 129.43, 134.13, 0.0, 0.0, 0.0
1.785225671045E12, 12.96, 3.869, 27.0, 255.0, 129.69, 133.22, 0.0, 0.0, 0.0
1.785225671571E12, 13.44, 3.869, 27.0, 255.0, 129.69, 133.22, 0.0, 0.0, 0.0
1.78522567202E12, 13.950000000000001, 3.869, 27.0, 255.0, 129.69, 133.22, 0.0, 0.0, 0.0
1.785225672545E12, 14.46, 3.869, 27.0, 255.0, 129.69, 133.22, 0.0, 0.0, 0.0
1.785225673073E12, 14.96, 3.911, 27.0, 255.0, 128.31, 132.37, 0.0, 0.0, 0.0
1.785225673595E12, 15.450000000000001, 3.911, 27.0, 255.0, 128.31, 132.37, 0.0, 0.0, 0.0
1.785225674045E12, 15.950000000000001, 3.911, 27.0, 255.0, 128.31, 132.37, 0.0, 0.0, 0.0
1.78522567457E12, 16.47, 3.911, 27.0, 255.0, 128.31, 132.37, 0.0, 0.0, 0.0
1.785225675094E12, 16.990000000000002, 3.911, 27.0, 255.0, 128.31, 132.37, 0.0, 0.0, 0.0
1.785225675695E12, 17.48, 3.835, 26.0, 255.0, 130.86, 132.1, 0.0, 0.0, 0.0
1.78522567607E12, 17.98, 3.835, 26.0, 255.0, 130.86, 132.1, 0.0, 0.0, 0.0
1.78522567667E12, 18.46, 3.835, 26.0, 255.0, 130.86, 132.1, 0.0, 0.0, 0.0
1.78522567712E12, 18.990000000000002, 3.835, 26.0, 255.0, 130.86, 132.1, 0.0, 0.0, 0.0
1.78522567757E12, 19.5, 3.811, 26.0, 255.0, 131.67000000000002, 131.99, 0.0, 0.0, 0.0
1.785225678094E12, 19.98, 3.811, 26.0, 255.0, 131.67000000000002, 131.99, 0.0, 0.0, 0.0
1.785225678621E12, 20.5, 3.811, 26.0, 255.0, 131.67000000000002, 131.99, 0.0, 0.0, 0.0
1.785225679143E12, 20.98, 3.811, 26.0, 255.0, 131.67000000000002, 131.99, 0.0, 0.0, 0.0
1.785225679669E12, 21.52, 3.811, 26.0, 255.0, 131.67000000000002, 131.99, 0.0, 0.0, 0.0
1.785225680119E12, 22.01, 3.712, 26.0, 255.0, 135.17000000000002, 132.28, 0.0, 0.0, 0.0
1.785225680644E12, 22.51, 3.712, 26.0, 255.0, 135.17000000000002, 132.28, 0.0, 0.0, 0.0
1.785225681095E12, 23.02, 3.712, 26.0, 255.0, 135.17000000000002, 132.28, 0.0, 0.0, 0.0
1.78522568162E12, 23.52, 3.712, 26.0, 255.0, 135.17000000000002, 132.28, 0.0, 0.0, 0.0
1.785225682145E12, 24.03, 3.712, 26.0, 255.0, 135.17000000000002, 132.28, 0.0, 0.0, 0.0
1.785225682669E12, 24.53, 3.684, 25.0, 255.0, 136.21, 132.62, 0.0, 0.0, 0.0
1.78522568312E12, 25.03, 3.684, 25.0, 255.0, 136.21, 132.62, 0.0, 0.0, 0.0
1.785225683645E12, 25.52, 3.684, 25.0, 255.0, 136.21, 132.62, 0.0, 0.0, 0.0
1.785225684244E12, 26.060000000000002, 3.684, 25.0, 255.0, 136.21, 132.62, 0.0, 0.0, 0.0
1.785225684695E12, 26.560000000000002, 3.73, 25.0, 255.0, 134.54, 132.75, 0.0, 0.0, 0.0
1.785225685218E12, 27.05, 3.73, 25.0, 255.0, 134.54, 132.75, 0.0, 0.0, 0.0
1.78522568567E12, 27.54, 3.73, 25.0, 255.0, 134.54, 132.75, 0.0, 0.0, 0.0
1.785225686196E12, 28.05, 3.73, 25.0, 255.0, 134.54, 132.75, 0.0, 0.0, 0.0
1.78522568672E12, 28.580000000000002, 3.73, 25.0, 255.0, 134.54, 132.75, 0.0, 0.0, 0.0
1.785225687173E12, 29.07, 3.682, 25.0, 255.0, 136.26, 132.99, 0.0, 0.0, 0.0
1.785225687769E12, 29.580000000000002, 3.682, 25.0, 255.0, 136.26, 132.99, 0.0, 0.0, 0.0
1.785225688219E12, 30.07, 3.682, 25.0, 255.0, 136.26, 132.99, 0.0, 0.0, 0.0
1.785225688745E12, 30.580000000000002, 3.682, 25.0, 255.0, 136.26, 132.99, 0.0, 0.0, 0.0
1.785225689194E12, 31.11, 3.682, 25.0, 255.0, 136.26, 132.99, 0.0, 0.0, 0.0
1.785225689794E12, 31.6, 3.704, 26.0, 255.0, 135.46, 133.14000000000001, 0.0, 0.0, 0.0
1.785225690244E12, 32.1, 3.704, 26.0, 255.0, 135.46, 133.14000000000001, 0.0, 0.0, 0.0
1.785225690694E12, 32.59, 3.704, 26.0, 255.0, 135.46, 133.14000000000001, 0.0, 0.0, 0.0
1.785225691219E12, 33.12, 3.704, 26.0, 255.0, 135.46, 133.14000000000001, 0.0, 0.0, 0.0
1.785225691818E12, 33.63, 3.7110000000000003, 25.0, 255.0, 135.2, 133.25, 0.0, 0.0, 0.0
1.785225692194E12, 34.11, 3.7110000000000003, 25.0, 255.0, 135.2, 133.25, 0.0, 0.0, 0.0
1.785225692719E12, 34.6, 3.7110000000000003, 25.0, 255.0, 135.2, 133.25, 0.0, 0.0, 0.0
1.785225693244E12, 35.11, 3.7110000000000003, 25.0, 255.0, 135.2, 133.25, 0.0, 0.0, 0.0
1.785225693769E12, 35.63, 3.7110000000000003, 25.0, 255.0, 135.2, 133.25, 0.0, 0.0, 0.0
1.785225694223E12, 36.12, 3.692, 26.0, 255.0, 135.9, 133.39000000000001, 0.0, 0.0, 0.0
1.785225694744E12, 36.61, 3.692, 26.0, 255.0, 135.9, 133.39000000000001, 0.0, 0.0, 0.0
1.785225695269E12, 37.12, 3.692, 26.0, 255.0, 135.9, 133.39000000000001, 0.0, 0.0, 0.0
1.785225695793E12, 37.64, 3.692, 26.0, 255.0, 135.9, 133.39000000000001, 0.0, 0.0, 0.0
1.785225696319E12, 38.14, 3.692, 26.0, 255.0, 135.9, 133.39000000000001, 0.0, 0.0, 0.0
1.785225696769E12, 38.63, 3.684, 26.0, 255.0, 136.19, 133.53, 0.0, 0.0, 0.0
1.785225697219E12, 39.13, 3.684, 26.0, 255.0, 136.19, 133.53, 0.0, 0.0, 0.0
1.785225697745E12, 39.62, 3.684, 26.0, 255.0, 136.19, 133.53, 0.0, 0.0, 0.0
1.785225698343E12, 40.15, 3.684, 26.0, 255.0, 136.19, 133.53, 0.0, 0.0, 0.0
1.785225698793E12, 40.660000000000004, 3.6350000000000002, 26.0, 255.0, 138.05, 133.76, 0.0, 0.0, 0.0
1.785225699245E12, 41.160000000000004, 3.6350000000000002, 26.0, 255.0, 138.05, 133.76, 0.0, 0.0, 0.0
1.785225699769E12, 41.65, 3.6350000000000002, 26.0, 255.0, 138.05, 133.76, 0.0, 0.0, 0.0
1.785225700295E12, 42.14, 3.6350000000000002, 26.0, 255.0, 138.05, 133.76, 0.0, 0.0, 0.0
1.785225700893E12, 42.67, 3.6350000000000002, 26.0, 255.0, 138.05, 133.76, 0.0, 0.0, 0.0
1.785225701268E12, 43.18, 3.809, 26.0, 255.0, 131.75, 133.63, 0.0, 0.0, 0.0
1.785225701868E12, 43.67, 3.809, 26.0, 255.0, 131.75, 133.63, 0.0, 0.0, 0.0
1.78522570232E12, 44.17, 3.809, 26.0, 255.0, 131.75, 133.63, 0.0, 0.0, 0.0
1.785225702843E12, 44.68, 3.809, 26.0, 255.0, 131.75, 133.63, 0.0, 0.0, 0.0
1.785225703294E12, 45.2, 3.839, 26.0, 255.0, 130.73, 133.45, 0.0, 0.0, 0.0
1.785225703819E12, 45.69, 3.839, 26.0, 255.0, 130.73, 133.45, 0.0, 0.0, 0.0
1.785225704343E12, 46.19, 3.839, 26.0, 255.0, 130.73, 133.45, 0.0, 0.0, 0.0
1.785225704869E12, 46.69, 3.839, 26.0, 255.0, 130.73, 133.45, 0.0, 0.0, 0.0
1.785225705319E12, 47.21, 3.839, 26.0, 255.0, 130.73, 133.45, 0.0, 0.0, 0.0
1.785225705843E12, 47.7, 3.767, 26.0, 255.0, 133.22, 133.42000000000002, 0.0, 0.0, 0.0
1.785225706368E12, 48.21, 3.767, 26.0, 255.0, 133.22, 133.42000000000002, 0.0, 0.0, 0.0
1.785225706819E12, 48.69, 3.767, 26.0, 255.0, 133.22, 133.42000000000002, 0.0, 0.0, 0.0
1.785225707344E12, 49.21, 3.767, 26.0, 255.0, 133.22, 133.42000000000002, 0.0, 0.0, 0.0
1.785225707869E12, 49.730000000000004, 3.767, 26.0, 255.0, 133.22, 133.42000000000002, 0.0, 0.0, 0.0
1.78522570832E12, 50.21, 3.685, 26.0, 255.0, 136.15, 133.52, 0.0, 0.0, 0.0
1.785225708844E12, 50.730000000000004, 3.685, 26.0, 255.0, 136.15, 133.52, 0.0, 0.0, 0.0
1.785225709444E12, 51.21, 3.685, 26.0, 255.0, 136.15, 133.52, 0.0, 0.0, 0.0
1.785225709892E12, 51.74, 3.685, 26.0, 255.0, 136.15, 133.52, 0.0, 0.0, 0.0
1.785225710343E12, 52.24, 3.642, 26.0, 255.0, 137.78, 133.68, 0.0, 0.0, 0.0
1.785225710867E12, 52.74, 3.642, 26.0, 255.0, 137.78, 133.68, 0.0, 0.0, 0.0
1.785225711319E12, 53.24, 3.642, 26.0, 255.0, 137.78, 133.68, 0.0, 0.0, 0.0
1.785225711844E12, 53.76, 3.642, 26.0, 255.0, 137.78, 133.68, 0.0, 0.0, 0.0
1.785225712369E12, 54.26, 3.642, 26.0, 255.0, 137.78, 133.68, 0.0, 0.0, 0.0
1.785225712893E12, 54.77, 3.666, 26.0, 255.0, 136.85, 133.8, 0.0, 0.0, 0.0
1.785225713418E12, 55.27, 3.666, 26.0, 255.0, 136.85, 133.8, 0.0, 0.0, 0.0
1.785225713943E12, 55.76, 3.666, 26.0, 255.0, 136.85, 133.8, 0.0, 0.0, 0.0
1.785225714393E12, 56.28, 3.666, 26.0, 255.0, 136.85, 133.8, 0.0, 0.0, 0.0
1.785225714995E12, 56.78, 3.712, 26.0, 255.0, 135.18, 133.83, 0.0, 0.0, 0.0
1.785225715368E12, 57.28, 3.712, 26.0, 255.0, 135.18, 133.83, 0.0, 0.0, 0.0
1.785225715893E12, 57.77, 3.712, 26.0, 255.0, 135.18, 133.83, 0.0, 0.0, 0.0
1.78522571642E12, 58.27, 3.712, 26.0, 255.0, 135.18, 133.83, 0.0, 0.0, 0.0
1.785225717019E12, 58.800000000000004, 3.712, 26.0, 255.0, 135.18, 133.83, 0.0, 0.0, 0.0
1.785225717393E12, 59.300000000000004, 3.702, 26.0, 255.0, 135.52, 133.88, 0.0, 0.0, 0.0
1.785225717993E12, 59.78, 3.702, 26.0, 255.0, 135.52, 133.88, 0.0, 0.0, 0.0
1.785225718442E12, 60.28, 3.702, 26.0, 255.0, 135.52, 133.88, 0.0, 0.0, 0.0
1.785225718895E12, 60.81, 3.702, 26.0, 255.0, 135.52, 133.88, 0.0, 0.0, 0.0
1.785225719493E12, 61.31, 3.638, 26.0, 255.0, 137.93, 134.01, 0.0, 0.0, 0.0
1.785225719943E12, 61.82, 3.638, 26.0, 255.0, 137.93, 134.01, 0.0, 0.0, 0.0
1.785225720394E12, 62.32, 3.638, 26.0, 255.0, 137.93, 134.01, 0.0, 0.0, 0.0
1.785225720918E12, 62.800000000000004, 3.638, 26.0, 255.0, 137.93, 134.01, 0.0, 0.0, 0.0
1.785225721443E12, 63.32, 3.638, 26.0, 255.0, 137.93, 134.01, 0.0, 0.0, 0.0
1.785225722043E12, 63.82, 3.6710000000000003, 26.0, 255.0, 136.67000000000002, 134.09, 0.0, 0.0, 0.0
1.785225722418E12, 64.32000000000001, 3.6710000000000003, 26.0, 255.0, 136.67000000000002, 134.09, 0.0, 0.0, 0.0
1.785225723018E12, 64.82000000000001, 3.6710000000000003, 26.0, 255.0, 136.67000000000002, 134.09, 0.0, 0.0, 0.0
1.785225723468E12, 65.33, 3.6710000000000003, 26.0, 255.0, 136.67000000000002, 134.09, 0.0, 0.0, 0.0
1.785225723992E12, 65.84, 3.6710000000000003, 26.0, 255.0, 136.67000000000002, 134.09, 0.0, 0.0, 0.0
1.785225724444E12, 66.35, 3.789, 26.0, 255.0, 132.43, 134.02, 0.0, 0.0, 0.0
1.785225724968E12, 66.84, 3.789, 26.0, 255.0, 132.43, 134.02, 0.0, 0.0, 0.0
1.785225725492E12, 67.34, 3.789, 26.0, 255.0, 132.43, 134.02, 0.0, 0.0, 0.0
1.785225725942E12, 67.85, 3.789, 26.0, 255.0, 132.43, 134.02, 0.0, 0.0, 0.0
1.785225726546E12, 68.36, 3.914, 26.0, 255.0, 128.22, 133.8, 0.0, 0.0, 0.0
1.785225727142E12, 68.86, 3.914, 26.0, 255.0, 128.22, 133.8, 0.0, 0.0, 0.0
1.785225727442E12, 69.37, 3.914, 26.0, 255.0, 128.22, 133.8, 0.0, 0.0, 0.0
1.785225727968E12, 69.85000000000001, 3.914, 26.0, 255.0, 128.22, 133.8, 0.0, 0.0, 0.0
1.785225728492E12, 70.37, 3.914, 26.0, 255.0, 128.22, 133.8, 0.0, 0.0, 0.0
1.785225729092E12, 70.86, 3.744, 26.0, 255.0, 134.02, 133.79, 0.0, 0.0, 0.0
1.785225729468E12, 71.37, 3.744, 26.0, 255.0, 134.02, 133.79, 0.0, 0.0, 0.0
1.785225729993E12, 71.86, 3.744, 26.0, 255.0, 134.02, 133.79, 0.0, 0.0, 0.0
1.785225730517E12, 72.38, 3.744, 26.0, 255.0, 134.02, 133.79, 0.0, 0.0, 0.0
1.785225731043E12, 72.89, 3.682, 26.0, 255.0, 136.26, 133.85, 0.0, 0.0, 0.0
1.785225731568E12, 73.4, 3.682, 26.0, 255.0, 136.26, 133.85, 0.0, 0.0, 0.0
1.785225732018E12, 73.89, 3.682, 26.0, 255.0, 136.26, 133.85, 0.0, 0.0, 0.0
1.785225732542E12, 74.38, 3.682, 26.0, 255.0, 136.26, 133.85, 0.0, 0.0, 0.0
1.785225732992E12, 74.91, 3.682, 26.0, 255.0, 136.26, 133.85, 0.0, 0.0, 0.0
1.785225733518E12, 75.41, 3.714, 27.0, 255.0, 135.09, 133.88, 0.0, 0.0, 0.0
1.785225734042E12, 75.91, 3.714, 27.0, 255.0, 135.09, 133.88, 0.0, 0.0, 0.0
1.785225734492E12, 76.41, 3.714, 27.0, 255.0, 135.09, 133.88, 0.0, 0.0, 0.0
1.785225735018E12, 76.93, 3.714, 27.0, 255.0, 135.09, 133.88, 0.0, 0.0, 0.0
1.785225735616E12, 77.44, 3.709, 26.0, 255.0, 135.3, 133.91, 0.0, 0.0, 0.0
1.785225736068E12, 77.93, 3.709, 26.0, 255.0, 135.3, 133.91, 0.0, 0.0, 0.0
1.785225736519E12, 78.44, 3.709, 26.0, 255.0, 135.3, 133.91, 0.0, 0.0, 0.0
1.785225737043E12, 78.93, 3.709, 26.0, 255.0, 135.3, 133.91, 0.0, 0.0, 0.0
1.785225737641E12, 79.46000000000001, 3.709, 26.0, 255.0, 135.3, 133.91, 0.0, 0.0, 0.0
1.785225738092E12, 79.96000000000001, 3.626, 26.0, 255.0, 138.38, 134.02, 0.0, 0.0, 0.0
1.785225738543E12, 80.46000000000001, 3.626, 26.0, 255.0, 138.38, 134.02, 0.0, 0.0, 0.0
1.785225739143E12, 80.95, 3.626, 26.0, 255.0, 138.38, 134.02, 0.0, 0.0, 0.0
1.785225739592E12, 81.46000000000001, 3.626, 26.0, 255.0, 138.38, 134.02, 0.0, 0.0, 0.0
1.785225740192E12, 81.98, 3.626, 26.0, 255.0, 138.38, 134.02, 0.0, 0.0, 0.0
1.785225740568E12, 82.47, 3.674, 25.0, 255.0, 136.57, 134.08, 0.0, 0.0, 0.0
1.785225741092E12, 82.98, 3.674, 25.0, 255.0, 136.57, 134.08, 0.0, 0.0, 0.0
1.785225741617E12, 83.47, 3.674, 25.0, 255.0, 136.57, 134.08, 0.0, 0.0, 0.0
1.785225742217E12, 83.99, 3.674, 25.0, 255.0, 136.57, 134.08, 0.0, 0.0, 0.0
1.785225742593E12, 84.5, 3.6910000000000003, 25.0, 255.0, 135.95, 134.12, 0.0, 0.0, 0.0
1.785225743119E12, 85.0, 3.6910000000000003, 25.0, 255.0, 135.95, 134.12, 0.0, 0.0, 0.0
1.785225743643E12, 85.5, 3.6910000000000003, 25.0, 255.0, 135.95, 134.12, 0.0, 0.0, 0.0
1.785225744092E12, 86.0, 3.6910000000000003, 25.0, 255.0, 135.95, 134.12, 0.0, 0.0, 0.0
1.785225744692E12, 86.52, 3.6910000000000003, 25.0, 255.0, 135.95, 134.12, 0.0, 0.0, 0.0
1.785225745142E12, 87.02, 3.629, 25.0, 255.0, 138.25, 134.22, 0.0, 0.0, 0.0
1.785225745668E12, 87.51, 3.629, 25.0, 255.0, 138.25, 134.22, 0.0, 0.0, 0.0
1.785225746119E12, 88.01, 3.629, 25.0, 255.0, 138.25, 134.22, 0.0, 0.0, 0.0
1.785225746642E12, 88.52, 3.629, 25.0, 255.0, 138.25, 134.22, 0.0, 0.0, 0.0
1.785225747166E12, 89.04, 3.629, 25.0, 255.0, 138.25, 134.22, 0.0, 0.0, 0.0
1.785225747617E12, 89.54, 3.6830000000000003, 25.0, 255.0, 136.25, 134.26, 0.0, 0.0, 0.0
1.785225748141E12, 90.02, 3.6830000000000003, 25.0, 255.0, 136.25, 134.26, 0.0, 0.0, 0.0
1.785225748741E12, 90.52, 3.6830000000000003, 25.0, 255.0, 136.25, 134.26, 0.0, 0.0, 0.0
1.785225749268E12, 91.03, 3.6830000000000003, 25.0, 255.0, 136.25, 134.26, 0.0, 0.0, 0.0
1.785225749642E12, 91.54, 3.6830000000000003, 25.0, 255.0, 136.25, 134.26, 0.0, 0.0, 0.0
1.785225750167E12, 92.05, 3.65, 25.0, 255.0, 137.48, 134.33, 0.0, 0.0, 0.0
1.785225750692E12, 92.53, 3.65, 25.0, 255.0, 137.48, 134.33, 0.0, 0.0, 0.0
1.785225751217E12, 93.04, 3.65, 25.0, 255.0, 137.48, 134.33, 0.0, 0.0, 0.0
1.785225751667E12, 93.56, 3.65, 25.0, 255.0, 137.48, 134.33, 0.0, 0.0, 0.0
1.785225752267E12, 94.05, 3.728, 25.0, 255.0, 134.59, 134.32, 0.0, 0.0, 0.0
1.785225752643E12, 94.56, 3.728, 25.0, 255.0, 134.59, 134.32, 0.0, 0.0, 0.0
1.785225753167E12, 95.06, 3.728, 25.0, 255.0, 134.59, 134.32, 0.0, 0.0, 0.0
1.785225753692E12, 95.55, 3.728, 25.0, 255.0, 134.59, 134.32, 0.0, 0.0, 0.0
1.785225754216E12, 96.08, 3.728, 25.0, 255.0, 134.59, 134.32, 0.0, 0.0, 0.0
1.785225754666E12, 96.57000000000001, 3.71, 26.0, 255.0, 135.25, 134.34, 0.0, 0.0, 0.0
1.785225755191E12, 97.08, 3.71, 26.0, 255.0, 135.25, 134.34, 0.0, 0.0, 0.0
1.785225755791E12, 97.58, 3.71, 26.0, 255.0, 135.25, 134.34, 0.0, 0.0, 0.0
1.785225756242E12, 98.09, 3.71, 26.0, 255.0, 135.25, 134.34, 0.0, 0.0, 0.0
1.785225756767E12, 98.59, 3.71, 26.0, 255.0, 135.25, 134.34, 0.0, 0.0, 0.0
1.785225757217E12, 99.09, 3.75, 25.0, 255.0, 133.81, 134.31, 0.0, 0.0, 0.0
1.785225757816E12, 99.60000000000001, 3.75, 25.0, 255.0, 133.81, 134.31, 0.0, 0.0, 0.0
1.785225758191E12, 100.10000000000001, 3.75, 25.0, 255.0, 133.81, 134.31, 0.0, 0.0, 0.0
1.785225758716E12, 100.61, 3.75, 25.0, 255.0, 133.81, 134.31, 0.0, 0.0, 0.0
1.78522575939E12, 101.13, 3.708, 26.0, 255.0, 135.33, 134.33, 0.0, 0.0, 0.0
1.785225759841E12, 101.62, 3.708, 26.0, 255.0, 135.33, 134.33, 0.0, 0.0, 0.0
1.785225760216E12, 102.11, 3.708, 26.0, 255.0, 135.33, 134.33, 0.0, 0.0, 0.0
1.785225760743E12, 102.61, 3.708, 26.0, 255.0, 135.33, 134.33, 0.0, 0.0, 0.0
1.785225761266E12, 103.15, 3.708, 26.0, 255.0, 135.33, 134.33, 0.0, 0.0, 0.0
1.785225761791E12, 103.65, 3.793, 25.0, 255.0, 132.29, 134.27, 0.0, 0.0, 0.0
1.785225762241E12, 104.14, 3.793, 25.0, 255.0, 132.29, 134.27, 0.0, 0.0, 0.0
1.785225762766E12, 104.65, 3.793, 25.0, 255.0, 132.29, 134.27, 0.0, 0.0, 0.0
1.785225763291E12, 105.16, 3.793, 25.0, 255.0, 132.29, 134.27, 0.0, 0.0, 0.0
1.785225763816E12, 105.66, 3.755, 26.0, 255.0, 133.65, 134.24, 0.0, 0.0, 0.0
1.785225764342E12, 106.16, 3.755, 26.0, 255.0, 133.65, 134.24, 0.0, 0.0, 0.0
1.785225764793E12, 106.66, 3.755, 26.0, 255.0, 133.65, 134.24, 0.0, 0.0, 0.0
1.785225765391E12, 107.17, 3.755, 26.0, 255.0, 133.65, 134.24, 0.0, 0.0, 0.0
1.785225765842E12, 107.69, 3.755, 26.0, 255.0, 133.65, 134.24, 0.0, 0.0, 0.0
1.785225766291E12, 108.19, 3.6990000000000003, 26.0, 255.0, 135.65, 134.27, 0.0, 0.0, 0.0
1.785225766816E12, 108.68, 3.6990000000000003, 26.0, 255.0, 135.65, 134.27, 0.0, 0.0, 0.0
1.785225767341E12, 109.19, 3.6990000000000003, 26.0, 255.0, 135.65, 134.27, 0.0, 0.0, 0.0
1.785225767866E12, 109.71000000000001, 3.6990000000000003, 26.0, 255.0, 135.65, 134.27, 0.0, 0.0, 0.0
1.785225768466E12, 110.21000000000001, 3.6990000000000003, 26.0, 255.0, 135.65, 134.27, 0.0, 0.0, 0.0
1.785225768841E12, 110.72, 3.7110000000000003, 26.0, 255.0, 135.2, 134.28, 0.0, 0.0, 0.0
1.785225769365E12, 111.2, 3.7110000000000003, 26.0, 255.0, 135.2, 134.28, 0.0, 0.0, 0.0
1.785225769891E12, 111.72, 3.7110000000000003, 26.0, 255.0, 135.2, 134.28, 0.0, 0.0, 0.0
1.785225770341E12, 112.23, 3.7110000000000003, 26.0, 255.0, 135.2, 134.28, 0.0, 0.0, 0.0
1.785225770866E12, 112.74000000000001, 3.726, 26.0, 255.0, 134.65, 134.27, 0.0, 0.0, 0.0
1.78522577139E12, 113.24000000000001, 3.726, 26.0, 255.0, 134.65, 134.27, 0.0, 0.0, 0.0
1.785225771915E12, 113.73, 3.726, 26.0, 255.0, 134.65, 134.27, 0.0, 0.0, 0.0
1.785225772366E12, 114.23, 3.726, 26.0, 255.0, 134.65, 134.27, 0.0, 0.0, 0.0
1.785225772966E12, 114.76, 3.726, 26.0, 255.0, 134.65, 134.27, 0.0, 0.0, 0.0
1.78522577334E12, 115.26, 3.746, 25.0, 255.0, 133.95, 134.26, 0.0, 0.0, 0.0
1.785225773866E12, 115.75, 3.746, 25.0, 255.0, 133.95, 134.26, 0.0, 0.0, 0.0
1.785225774391E12, 116.25, 3.746, 25.0, 255.0, 133.95, 134.26, 0.0, 0.0, 0.0
1.78522577499E12, 116.76, 3.746, 25.0, 255.0, 133.95, 134.26, 0.0, 0.0, 0.0
1.785225775366E12, 117.27, 3.746, 25.0, 255.0, 133.95, 134.26, 0.0, 0.0, 0.0
1.78522577589E12, 117.76, 3.7640000000000002, 26.0, 255.0, 133.32, 134.23, 0.0, 0.0, 0.0
1.785225776416E12, 118.26, 3.7640000000000002, 26.0, 255.0, 133.32, 134.23, 0.0, 0.0, 0.0
1.78522577694E12, 118.76, 3.7640000000000002, 26.0, 255.0, 133.32, 134.23, 0.0, 0.0, 0.0
1.785225777466E12, 119.28, 3.7640000000000002, 26.0, 255.0, 133.32, 134.23, 0.0, 0.0, 0.0
1.785225777989E12, 119.77, 3.8000000000000003, 26.0, 255.0, 132.07, 134.18, 0.0, 0.0, 0.0
1.785225778365E12, 120.27, 3.8000000000000003, 26.0, 255.0, 132.07, 134.18, 0.0, 0.0, 0.0
1.785225778967E12, 120.78, 3.8000000000000003, 26.0, 255.0, 132.07, 134.18, 0.0, 0.0, 0.0
1.785225779415E12, 121.26, 3.8000000000000003, 26.0, 255.0, 132.07, 134.18, 0.0, 0.0, 0.0
1.78522577994E12, 121.79, 3.8000000000000003, 26.0, 255.0, 132.07, 134.18, 0.0, 0.0, 0.0
1.785225780391E12, 122.29, 3.745, 25.0, 255.0, 133.98, 134.17000000000002, 0.0, 0.0, 0.0
1.785225780915E12, 122.78, 3.745, 25.0, 255.0, 133.98, 134.17000000000002, 0.0, 0.0, 0.0
1.785225781591E12, 123.29, 3.745, 25.0, 255.0, 133.98, 134.17000000000002, 0.0, 0.0, 0.0
1.785225781966E12, 123.8, 3.745, 25.0, 255.0, 133.98, 134.17000000000002, 0.0, 0.0, 0.0
1.785225782416E12, 124.32000000000001, 3.778, 26.0, 255.0, 132.81, 134.13, 0.0, 0.0, 0.0
1.785225782941E12, 124.82000000000001, 3.778, 26.0, 255.0, 132.81, 134.13, 0.0, 0.0, 0.0
1.785225783466E12, 125.3, 3.778, 26.0, 255.0, 132.81, 134.13, 0.0, 0.0, 0.0
1.785225783916E12, 125.82000000000001, 3.778, 26.0, 255.0, 132.81, 134.13, 0.0, 0.0, 0.0
1.78522578444E12, 126.34, 3.778, 26.0, 255.0, 132.81, 134.13, 0.0, 0.0, 0.0
1.785225785041E12, 126.83, 3.912, 26.0, 255.0, 128.3, 134.01, 0.0, 0.0, 0.0
1.785225785491E12, 127.34, 3.912, 26.0, 255.0, 128.3, 134.01, 0.0, 0.0, 0.0
1.785225786015E12, 127.83, 3.912, 26.0, 255.0, 128.3, 134.01, 0.0, 0.0, 0.0
1.785225786465E12, 128.35, 3.912, 26.0, 255.0, 128.3, 134.01, 0.0, 0.0, 0.0
1.78522578699E12, 128.85, 3.912, 26.0, 255.0, 128.3, 134.01, 0.0, 0.0, 0.0
1.78522578744E12, 129.36, 3.83, 26.0, 255.0, 131.04, 133.95, 0.0, 0.0, 0.0
1.785225788039E12, 129.85, 3.83, 26.0, 255.0, 131.04, 133.95, 0.0, 0.0, 0.0
1.78522578849E12, 130.35, 3.83, 26.0, 255.0, 131.04, 133.95, 0.0, 0.0, 0.0
1.785225789015E12, 130.87, 3.83, 26.0, 255.0, 131.04, 133.95, 0.0, 0.0, 0.0
1.785225789541E12, 131.37, 3.815, 26.0, 255.0, 131.55, 133.9, 0.0, 0.0, 0.0
1.78522578999E12, 131.87, 3.815, 26.0, 255.0, 131.55, 133.9, 0.0, 0.0, 0.0
1.78522579059E12, 132.37, 3.815, 26.0, 255.0, 131.55, 133.9, 0.0, 0.0, 0.0
1.785225790965E12, 132.88, 3.815, 26.0, 255.0, 131.55, 133.9, 0.0, 0.0, 0.0
1.78522579149E12, 133.39000000000001, 3.815, 26.0, 255.0, 131.55, 133.9, 0.0, 0.0, 0.0
1.785225792015E12, 133.9, 3.86, 26.0, 255.0, 130.02, 133.82, 0.0, 0.0, 0.0
1.78522579254E12, 134.38, 3.86, 26.0, 255.0, 130.02, 133.82, 0.0, 0.0, 0.0
1.785225793064E12, 134.89000000000001, 3.86, 26.0, 255.0, 130.02, 133.82, 0.0, 0.0, 0.0
1.785225793516E12, 135.42000000000002, 3.86, 26.0, 255.0, 130.02, 133.82, 0.0, 0.0, 0.0
1.78522579404E12, 135.92000000000002, 3.817, 26.0, 255.0, 131.48, 133.77, 0.0, 0.0, 0.0
1.78522579464E12, 136.41, 3.817, 26.0, 255.0, 131.48, 133.77, 0.0, 0.0, 0.0
1.78522579509E12, 136.91, 3.817, 26.0, 255.0, 131.48, 133.77, 0.0, 0.0, 0.0
1.78522579554E12, 137.41, 3.817, 26.0, 255.0, 131.48, 133.77, 0.0, 0.0, 0.0
1.785225796065E12, 137.92000000000002, 3.817, 26.0, 255.0, 131.48, 133.77, 0.0, 0.0, 0.0
1.785225796519E12, 138.43, 3.777, 27.0, 255.0, 132.86, 133.75, 0.0, 0.0, 0.0
1.785225797039E12, 138.94, 3.777, 27.0, 255.0, 132.86, 133.75, 0.0, 0.0, 0.0
1.785225797565E12, 139.43, 3.777, 27.0, 255.0, 132.86, 133.75, 0.0, 0.0, 0.0
1.78522579809E12, 139.95000000000002, 3.777, 27.0, 255.0, 132.86, 133.75, 0.0, 0.0, 0.0
1.785225798541E12, 140.46, 3.8040000000000003, 26.0, 255.0, 131.91, 133.71, 0.0, 0.0, 0.0
1.785225799214E12, 140.96, 3.8040000000000003, 26.0, 255.0, 131.91, 133.71, 0.0, 0.0, 0.0
1.785225799589E12, 141.44, 3.8040000000000003, 26.0, 255.0, 131.91, 133.71, 0.0, 0.0, 0.0
1.78522580004E12, 141.95000000000002, 3.8040000000000003, 26.0, 255.0, 131.91, 133.71, 0.0, 0.0, 0.0
1.785225800566E12, 142.47, 3.8040000000000003, 26.0, 255.0, 131.91, 133.71, 0.0, 0.0, 0.0
1.785225801164E12, 142.97, 3.831, 27.0, 255.0, 130.98, 133.66, 0.0, 0.0, 0.0
1.785225801614E12, 143.46, 3.831, 27.0, 255.0, 130.98, 133.66, 0.0, 0.0, 0.0
1.785225802213E12, 143.97, 3.831, 27.0, 255.0, 130.98, 133.66, 0.0, 0.0, 0.0
1.78522580259E12, 144.48, 3.831, 27.0, 255.0, 130.98, 133.66, 0.0, 0.0, 0.0
1.785225803114E12, 144.98, 3.887, 27.0, 255.0, 129.11, 133.58, 0.0, 0.0, 0.0
1.785225803639E12, 145.49, 3.887, 27.0, 255.0, 129.11, 133.58, 0.0, 0.0, 0.0
1.78522580409E12, 145.98, 3.887, 27.0, 255.0, 129.11, 133.58, 0.0, 0.0, 0.0
1.785225804614E12, 146.47, 3.887, 27.0, 255.0, 129.11, 133.58, 0.0, 0.0, 0.0
1.785225805139E12, 147.0, 3.887, 27.0, 255.0, 129.11, 133.58, 0.0, 0.0, 0.0
1.785225805664E12, 147.52, 3.848, 27.0, 255.0, 130.41, 133.52, 0.0, 0.0, 0.0
1.785225806115E12, 148.01, 3.848, 27.0, 255.0, 130.41, 133.52, 0.0, 0.0, 0.0
1.785225806715E12, 148.51, 3.848, 27.0, 255.0, 130.41, 133.52, 0.0, 0.0, 0.0
1.785225807164E12, 149.03, 3.848, 27.0, 255.0, 130.41, 133.52, 0.0, 0.0, 0.0
1.785225807615E12, 149.53, 3.823, 27.0, 255.0, 131.25, 133.48, 0.0, 0.0, 0.0
1.785225808139E12, 150.01, 3.823, 27.0, 255.0, 131.25, 133.48, 0.0, 0.0, 0.0
1.785225808664E12, 150.51, 3.823, 27.0, 255.0, 131.25, 133.48, 0.0, 0.0, 0.0
1.785225809264E12, 151.04, 3.823, 27.0, 255.0, 131.25, 133.48, 0.0, 0.0, 0.0
1.785225809789E12, 151.53, 3.823, 27.0, 255.0, 131.25, 133.48, 0.0, 0.0, 0.0
1.785225810165E12, 152.03, 3.8850000000000002, 27.0, 255.0, 129.18, 133.41, 0.0, 0.0, 0.0
1.785225810689E12, 152.54, 3.8850000000000002, 27.0, 255.0, 129.18, 133.41, 0.0, 0.0, 0.0
1.785225811214E12, 153.04, 3.8850000000000002, 27.0, 255.0, 129.18, 133.41, 0.0, 0.0, 0.0
1.785225811664E12, 153.56, 3.8850000000000002, 27.0, 255.0, 129.18, 133.41, 0.0, 0.0, 0.0
1.785225812189E12, 154.06, 3.8240000000000003, 26.0, 255.0, 131.23, 133.37, 0.0, 0.0, 0.0
1.785225812715E12, 154.56, 3.8240000000000003, 26.0, 255.0, 131.23, 133.37, 0.0, 0.0, 0.0
1.785225813164E12, 155.06, 3.8240000000000003, 26.0, 255.0, 131.23, 133.37, 0.0, 0.0, 0.0
1.785225813689E12, 155.58, 3.751, 36.0, 255.0, 133.78, 133.37, 0.0, 0.0, 0.0
1.785225814214E12, 156.08, 3.751, 36.0, 255.0, 133.78, 133.37, 0.0, 0.0, 0.0
1.785225814739E12, 156.58, 3.84, 105.0, 255.0, 130.67000000000002, 133.36, 0.0, 0.0, 0.0
1.785225815264E12, 157.09, 3.84, 105.0, 255.0, 130.67000000000002, 133.36, 0.0, 0.0, 0.0
1.785225815714E12, 157.58, 3.84, 105.0, 255.0, 130.67000000000002, 133.36, 0.0, 0.0, 0.0
1.78522581624E12, 158.1, 3.84, 105.0, 255.0, 130.67000000000002, 133.36, 0.0, 0.0, 0.0
1.785225816689E12, 158.6, 3.802, 27.0, 255.0, 131.98, 133.33, 0.0, 0.0, 0.0
1.785225817363E12, 159.1, 3.802, 27.0, 255.0, 131.98, 133.33, 0.0, 0.0, 0.0
1.78522581774E12, 159.6, 3.802, 27.0, 255.0, 131.98, 133.33, 0.0, 0.0, 0.0
1.785225818264E12, 160.11, 3.802, 27.0, 255.0, 131.98, 133.33, 0.0, 0.0, 0.0
1.785225818788E12, 160.62, 3.802, 27.0, 255.0, 131.98, 133.33, 0.0, 0.0, 0.0
1.785225819239E12, 161.12, 3.9170000000000003, 26.0, 255.0, 128.13, 133.25, 0.0, 0.0, 0.0
1.785225819839E12, 161.63, 3.9170000000000003, 26.0, 255.0, 128.13, 133.25, 0.0, 0.0, 0.0
1.785225820213E12, 162.12, 3.9170000000000003, 26.0, 255.0, 128.13, 133.25, 0.0, 0.0, 0.0
1.785225820813E12, 162.65, 3.9170000000000003, 26.0, 255.0, 128.13, 133.25, 0.0, 0.0, 0.0
1.785225821342E12, 163.14000000000001, 3.888, 26.0, 255.0, 129.07, 133.18, 0.0, 0.0, 0.0
1.785225821789E12, 163.65, 3.888, 26.0, 255.0, 129.07, 133.18, 0.0, 0.0, 0.0
1.785225822238E12, 164.15, 3.888, 26.0, 255.0, 129.07, 133.18, 0.0, 0.0, 0.0
1.785225822765E12, 164.64000000000001, 3.888, 26.0, 255.0, 129.07, 133.18, 0.0, 0.0, 0.0
1.785225823289E12, 165.17000000000002, 3.888, 26.0, 255.0, 129.07, 133.18, 0.0, 0.0, 0.0
1.785225823813E12, 165.67000000000002, 3.856, 26.0, 255.0, 130.15, 133.13, 0.0, 0.0, 0.0
1.785225824338E12, 166.17000000000002, 3.856, 26.0, 255.0, 130.15, 133.13, 0.0, 0.0, 0.0
1.785225824789E12, 166.66, 3.856, 26.0, 255.0, 130.15, 133.13, 0.0, 0.0, 0.0
1.785225825314E12, 167.18, 3.856, 26.0, 255.0, 130.15, 133.13, 0.0, 0.0, 0.0
1.785225825764E12, 167.67000000000002, 3.847, 26.0, 255.0, 130.46, 133.08, 0.0, 0.0, 0.0
1.785225826289E12, 168.18, 3.847, 26.0, 255.0, 130.46, 133.08, 0.0, 0.0, 0.0
1.785225826814E12, 168.67000000000002, 3.847, 26.0, 255.0, 130.46, 133.08, 0.0, 0.0, 0.0
1.785225827338E12, 169.18, 3.847, 26.0, 255.0, 130.46, 133.08, 0.0, 0.0, 0.0
1.785225827789E12, 169.70000000000002, 3.847, 26.0, 255.0, 130.46, 133.08, 0.0, 0.0, 0.0
1.785225828314E12, 170.18, 3.7720000000000002, 26.0, 255.0, 133.03, 133.08, 0.0, 0.0, 0.0
1.785225828913E12, 170.70000000000002, 3.7720000000000002, 26.0, 255.0, 133.03, 133.08, 0.0, 0.0, 0.0
1.785225829289E12, 171.19, 3.7720000000000002, 26.0, 255.0, 133.03, 133.08, 0.0, 0.0, 0.0
1.785225829815E12, 171.70000000000002, 3.7720000000000002, 26.0, 255.0, 133.03, 133.08, 0.0, 0.0, 0.0
1.785225830338E12, 172.21, 3.721, 26.0, 255.0, 134.86, 133.09, 0.0, 0.0, 0.0
1.785225830938E12, 172.70000000000002, 3.721, 26.0, 255.0, 134.86, 133.09, 0.0, 0.0, 0.0
1.785225831314E12, 173.21, 3.721, 26.0, 255.0, 134.86, 133.09, 0.0, 0.0, 0.0
1.785225831913E12, 173.71, 3.721, 26.0, 255.0, 134.86, 133.09, 0.0, 0.0, 0.0
1.785225832365E12, 174.21, 3.721, 26.0, 255.0, 134.86, 133.09, 0.0, 0.0, 0.0
1.785225832814E12, 174.72, 3.736, 26.0, 255.0, 134.32, 133.1, 0.0, 0.0, 0.0
1.785225833339E12, 175.21, 3.736, 26.0, 255.0, 134.32, 133.1, 0.0, 0.0, 0.0
1.785225833938E12, 175.72, 3.736, 26.0, 255.0, 134.32, 133.1, 0.0, 0.0, 0.0
1.785225834388E12, 176.23, 3.736, 26.0, 255.0, 134.32, 133.1, 0.0, 0.0, 0.0
1.785225834838E12, 176.75, 3.736, 26.0, 255.0, 134.32, 133.1, 0.0, 0.0, 0.0
1.785225835363E12, 177.23, 3.727, 26.0, 255.0, 134.64000000000001, 133.12, 0.0, 0.0, 0.0
1.785225835888E12, 177.73, 3.727, 26.0, 255.0, 134.64000000000001, 133.12, 0.0, 0.0, 0.0
1.785225836338E12, 178.24, 3.727, 26.0, 255.0, 134.64000000000001, 133.12, 0.0, 0.0, 0.0
1.785225836938E12, 178.76, 3.727, 26.0, 255.0, 134.64000000000001, 133.12, 0.0, 0.0, 0.0
1.785225837392E12, 179.26, 3.779, 26.0, 255.0, 132.77, 133.11, 0.0, 0.0, 0.0
1.785225837913E12, 179.75, 3.779, 26.0, 255.0, 132.77, 133.11, 0.0, 0.0, 0.0
1.785225838363E12, 180.25, 3.779, 26.0, 255.0, 132.77, 133.11, 0.0, 0.0, 0.0
1.785225838888E12, 180.76, 3.779, 26.0, 255.0, 132.77, 133.11, 0.0, 0.0, 0.0
1.785225839413E12, 181.27, 3.779, 26.0, 255.0, 132.77, 133.11, 0.0, 0.0, 0.0
1.785225839937E12, 181.77, 3.725, 26.0, 255.0, 134.72, 133.12, 0.0, 0.0, 0.0
1.785225840388E12, 182.28, 3.725, 26.0, 255.0, 134.72, 133.12, 0.0, 0.0, 0.0
1.785225840913E12, 182.77, 3.725, 26.0, 255.0, 134.72, 133.12, 0.0, 0.0, 0.0
1.785225841438E12, 183.3, 3.725, 26.0, 255.0, 134.72, 133.12, 0.0, 0.0, 0.0
1.785225841893E12, 183.79, 3.714, 26.0, 255.0, 135.11, 133.14000000000001, 0.0, 0.0, 0.0
1.785225842487E12, 184.3, 3.714, 26.0, 255.0, 135.11, 133.14000000000001, 0.0, 0.0, 0.0
1.785225842938E12, 184.79, 3.714, 26.0, 255.0, 135.11, 133.14000000000001, 0.0, 0.0, 0.0
1.785225843462E12, 185.32, 3.714, 26.0, 255.0, 135.11, 133.14000000000001, 0.0, 0.0, 0.0
1.785225843913E12, 185.82, 3.714, 26.0, 255.0, 135.11, 133.14000000000001, 0.0, 0.0, 0.0
1.785225844513E12, 186.31, 3.698, 26.0, 255.0, 135.69, 133.17000000000002, 0.0, 0.0, 0.0
1.785225844963E12, 186.82, 3.698, 26.0, 255.0, 135.69, 133.17000000000002, 0.0, 0.0, 0.0
1.785225845413E12, 187.33, 3.698, 26.0, 255.0, 135.69, 133.17000000000002, 0.0, 0.0, 0.0
1.785225845938E12, 187.84, 3.698, 26.0, 255.0, 135.69, 133.17000000000002, 0.0, 0.0, 0.0
1.785225846615E12, 188.33, 3.704, 27.0, 255.0, 135.47, 133.19, 0.0, 0.0, 0.0
1.785225846988E12, 188.83, 3.704, 27.0, 255.0, 135.47, 133.19, 0.0, 0.0, 0.0
1.785225847438E12, 189.32, 3.704, 27.0, 255.0, 135.47, 133.19, 0.0, 0.0, 0.0
1.785225848037E12, 189.84, 3.704, 27.0, 255.0, 135.47, 133.19, 0.0, 0.0, 0.0
1.785225848488E12, 190.35, 3.704, 27.0, 255.0, 135.47, 133.19, 0.0, 0.0, 0.0
1.785225849088E12, 190.84, 3.79, 26.0, 255.0, 132.39000000000001, 133.17000000000002, 0.0, 0.0, 0.0
1.785225849462E12, 191.34, 3.79, 26.0, 255.0, 132.39000000000001, 133.17000000000002, 0.0, 0.0, 0.0
1.785225849988E12, 191.85, 3.79, 26.0, 255.0, 132.39000000000001, 133.17000000000002, 0.0, 0.0, 0.0
1.785225850513E12, 192.36, 3.79, 26.0, 255.0, 132.39000000000001, 133.17000000000002, 0.0, 0.0, 0.0
1.785225850962E12, 192.85, 3.733, 26.0, 255.0, 134.42000000000002, 133.18, 0.0, 0.0, 0.0
1.785225851487E12, 193.35, 3.733, 26.0, 255.0, 134.42000000000002, 133.18, 0.0, 0.0, 0.0
1.785225852088E12, 193.85, 3.733, 26.0, 255.0, 134.42000000000002, 133.18, 0.0, 0.0, 0.0
1.785225852463E12, 194.34, 3.733, 26.0, 255.0, 134.42000000000002, 133.18, 0.0, 0.0, 0.0
1.785225852988E12, 194.87, 3.733, 26.0, 255.0, 134.42000000000002, 133.18, 0.0, 0.0, 0.0
1.785225853512E12, 195.37, 3.705, 27.0, 255.0, 135.42000000000002, 133.2, 0.0, 0.0, 0.0
1.785225854038E12, 195.87, 3.705, 27.0, 255.0, 135.42000000000002, 133.2, 0.0, 0.0, 0.0
1.785225854488E12, 196.37, 3.705, 27.0, 255.0, 135.42000000000002, 133.2, 0.0, 0.0, 0.0
1.785225855012E12, 196.88, 3.705, 27.0, 255.0, 135.42000000000002, 133.2, 0.0, 0.0, 0.0
1.785225855612E12, 197.4, 3.738, 26.0, 255.0, 134.23, 133.21, 0.0, 0.0, 0.0
1.785225856062E12, 197.9, 3.738, 26.0, 255.0, 134.23, 133.21, 0.0, 0.0, 0.0
1.785225856512E12, 198.39000000000001, 3.738, 26.0, 255.0, 134.23, 133.21, 0.0, 0.0, 0.0
1.785225857113E12, 198.89000000000001, 3.738, 26.0, 255.0, 134.23, 133.21, 0.0, 0.0, 0.0
1.785225857637E12, 199.42000000000002, 3.738, 26.0, 255.0, 134.23, 133.21, 0.0, 0.0, 0.0
1.785225858093E12, 199.93, 3.702, 26.0, 255.0, 135.54, 133.23, 0.0, 0.0, 0.0
1.785225858539E12, 200.42000000000002, 3.702, 26.0, 255.0, 135.54, 133.23, 0.0, 0.0, 0.0
1.785225859063E12, 200.93, 3.702, 26.0, 255.0, 135.54, 133.23, 0.0, 0.0, 0.0
1.785225859588E12, 201.44, 3.702, 26.0, 255.0, 135.54, 133.23, 0.0, 0.0, 0.0
1.785225860112E12, 201.94, 3.702, 26.0, 255.0, 135.54, 133.23, 0.0, 0.0, 0.0
1.785225860713E12, 202.45000000000002, 3.706, 26.0, 255.0, 135.4, 133.25, 0.0, 0.0, 0.0
1.785225861087E12, 202.94, 3.706, 26.0, 255.0, 135.4, 133.25, 0.0, 0.0, 0.0
1.785225861537E12, 203.44, 3.706, 26.0, 255.0, 135.4, 133.25, 0.0, 0.0, 0.0
1.785225862137E12, 203.96, 3.706, 26.0, 255.0, 135.4, 133.25, 0.0, 0.0, 0.0
1.785225862587E12, 204.47, 3.672, 26.0, 255.0, 136.65, 133.28, 0.0, 0.0, 0.0
1.785225863112E12, 204.96, 3.672, 26.0, 255.0, 136.65, 133.28, 0.0, 0.0, 0.0
1.785225863563E12, 205.46, 3.672, 26.0, 255.0, 136.65, 133.28, 0.0, 0.0, 0.0
1.785225864088E12, 205.96, 3.672, 26.0, 255.0, 136.65, 133.28, 0.0, 0.0, 0.0
1.785225864613E12, 206.48000000000002, 3.672, 26.0, 255.0, 136.65, 133.28, 0.0, 0.0, 0.0
1.785225865137E12, 206.99, 3.677, 26.0, 255.0, 136.46, 133.31, 0.0, 0.0, 0.0
1.785225865662E12, 207.48000000000002, 3.677, 26.0, 255.0, 136.46, 133.31, 0.0, 0.0, 0.0
1.785225866113E12, 207.96, 3.677, 26.0, 255.0, 136.46, 133.31, 0.0, 0.0, 0.0
1.785225866638E12, 208.49, 3.677, 26.0, 255.0, 136.46, 133.31, 0.0, 0.0, 0.0
1.785225867162E12, 209.0, 3.634, 27.0, 255.0, 138.07, 133.36, 0.0, 0.0, 0.0
1.785225867612E12, 209.51, 3.634, 27.0, 255.0, 138.07, 133.36, 0.0, 0.0, 0.0
1.785225868287E12, 209.99, 3.634, 27.0, 255.0, 138.07, 133.36, 0.0, 0.0, 0.0
1.785225868736E12, 210.48000000000002, 3.634, 27.0, 255.0, 138.07, 133.36, 0.0, 0.0, 0.0
1.785225869187E12, 211.03, 3.634, 27.0, 255.0, 138.07, 133.36, 0.0, 0.0, 0.0
1.785225869637E12, 211.53, 3.654, 26.0, 255.0, 137.3, 133.4, 0.0, 0.0, 0.0
1.785225870162E12, 212.03, 3.654, 26.0, 255.0, 137.3, 133.4, 0.0, 0.0, 0.0
1.785225870687E12, 212.52, 3.654, 26.0, 255.0, 137.3, 133.4, 0.0, 0.0, 0.0
1.785225871211E12, 213.05, 3.654, 26.0, 255.0, 137.3, 133.4, 0.0, 0.0, 0.0
1.785225871736E12, 213.56, 3.654, 26.0, 255.0, 137.3, 133.4, 0.0, 0.0, 0.0
1.785225872187E12, 214.05, 3.6630000000000003, 25.0, 255.0, 136.96, 133.43, 0.0, 0.0, 0.0
1.785225872711E12, 214.55, 3.6630000000000003, 25.0, 255.0, 136.96, 133.43, 0.0, 0.0, 0.0
1.785225873162E12, 215.05, 3.6630000000000003, 25.0, 255.0, 136.96, 133.43, 0.0, 0.0, 0.0
1.785225873687E12, 215.56, 3.6630000000000003, 25.0, 255.0, 136.96, 133.43, 0.0, 0.0, 0.0
1.785225874212E12, 216.07, 3.672, 26.0, 255.0, 136.63, 133.46, 0.0, 0.0, 0.0
1.785225874662E12, 216.57, 3.672, 26.0, 255.0, 136.63, 133.46, 0.0, 0.0, 0.0
1.785225875262E12, 217.06, 3.672, 26.0, 255.0, 136.63, 133.46, 0.0, 0.0, 0.0
1.785225875712E12, 217.59, 3.672, 26.0, 255.0, 136.63, 133.46, 0.0, 0.0, 0.0
1.785225876237E12, 218.09, 3.672, 26.0, 255.0, 136.63, 133.46, 0.0, 0.0, 0.0
1.785225876688E12, 218.59, 3.628, 26.0, 255.0, 138.3, 133.5, 0.0, 0.0, 0.0
1.785225877287E12, 219.09, 3.628, 26.0, 255.0, 138.3, 133.5, 0.0, 0.0, 0.0
1.785225877817E12, 219.59, 3.628, 26.0, 255.0, 138.3, 133.5, 0.0, 0.0, 0.0
1.785225878262E12, 220.09, 3.628, 26.0, 255.0, 138.3, 133.5, 0.0, 0.0, 0.0
1.785225878711E12, 220.6, 3.638, 26.0, 255.0, 137.9, 133.54, 0.0, 0.0, 0.0
1.785225879237E12, 221.09, 3.638, 26.0, 255.0, 137.9, 133.54, 0.0, 0.0, 0.0
1.785225879836E12, 221.59, 3.638, 26.0, 255.0, 137.9, 133.54, 0.0, 0.0, 0.0
1.785225880211E12, 222.1, 3.638, 26.0, 255.0, 137.9, 133.54, 0.0, 0.0, 0.0
1.785225880737E12, 222.62, 3.638, 26.0, 255.0, 137.9, 133.54, 0.0, 0.0, 0.0
1.785225881262E12, 223.13, 3.674, 26.0, 255.0, 136.57, 133.57, 0.0, 0.0, 0.0
1.785225881787E12, 223.63, 3.674, 26.0, 255.0, 136.57, 133.57, 0.0, 0.0, 0.0
1.785225882236E12, 224.11, 3.674, 26.0, 255.0, 136.57, 133.57, 0.0, 0.0, 0.0
1.785225882762E12, 224.65, 3.674, 26.0, 255.0, 136.57, 133.57, 0.0, 0.0, 0.0
1.785225883286E12, 225.15, 3.674, 26.0, 255.0, 136.57, 133.57, 0.0, 0.0, 0.0
1.785225883811E12, 225.64000000000001, 3.709, 26.0, 255.0, 135.27, 133.58, 0.0, 0.0, 0.0
1.785225884261E12, 226.14000000000001, 3.709, 26.0, 255.0, 135.27, 133.58, 0.0, 0.0, 0.0
1.785225884861E12, 226.65, 3.709, 26.0, 255.0, 135.27, 133.58, 0.0, 0.0, 0.0
1.785225885311E12, 227.14000000000001, 3.709, 26.0, 255.0, 135.27, 133.58, 0.0, 0.0, 0.0
1.785225885913E12, 227.65, 3.6550000000000002, 26.0, 255.0, 137.29, 133.61, 0.0, 0.0, 0.0
1.785225886286E12, 228.15, 3.6550000000000002, 26.0, 255.0, 137.29, 133.61, 0.0, 0.0, 0.0
1.785225886811E12, 228.64000000000001, 3.6550000000000002, 26.0, 255.0, 137.29, 133.61, 0.0, 0.0, 0.0
1.785225887336E12, 229.16, 3.6550000000000002, 26.0, 255.0, 137.29, 133.61, 0.0, 0.0, 0.0
1.785225887787E12, 229.68, 3.6550000000000002, 26.0, 255.0, 137.29, 133.61, 0.0, 0.0, 0.0
1.785225888385E12, 230.17000000000002, 3.644, 26.0, 255.0, 137.70000000000002, 133.65, 0.0, 0.0, 0.0
1.785225888837E12, 230.68, 3.644, 26.0, 255.0, 137.70000000000002, 133.65, 0.0, 0.0, 0.0
1.785225889286E12, 231.18, 3.644, 26.0, 255.0, 137.70000000000002, 133.65, 0.0, 0.0, 0.0
1.785225889812E12, 231.70000000000002, 3.644, 26.0, 255.0, 137.70000000000002, 133.65, 0.0, 0.0, 0.0
1.78522589049E12, 232.19, 3.666, 26.0, 255.0, 136.88, 133.68, 0.0, 0.0, 0.0
1.785225890862E12, 232.69, 3.666, 26.0, 255.0, 136.88, 133.68, 0.0, 0.0, 0.0
1.785225891311E12, 233.19, 3.666, 26.0, 255.0, 136.88, 133.68, 0.0, 0.0, 0.0
1.785225891837E12, 233.70000000000002, 3.666, 26.0, 255.0, 136.88, 133.68, 0.0, 0.0, 0.0
1.785225892436E12, 234.22, 3.666, 26.0, 255.0, 136.88, 133.68, 0.0, 0.0, 0.0
1.785225892811E12, 234.70000000000002, 3.553, 26.0, 255.0, 141.20000000000002, 133.74, 0.0, 0.0, 0.0
1.785225893336E12, 235.21, 3.553, 26.0, 255.0, 141.20000000000002, 133.74, 0.0, 0.0, 0.0
1.785225893862E12, 235.71, 3.553, 26.0, 255.0, 141.20000000000002, 133.74, 0.0, 0.0, 0.0
1.785225894386E12, 236.23000000000002, 3.553, 26.0, 255.0, 141.20000000000002, 133.74, 0.0, 0.0, 0.0
1.785225894841E12, 236.73000000000002, 3.5740000000000003, 27.0, 255.0, 140.39000000000001, 133.8, 0.0, 0.0, 0.0
1.785225895361E12, 237.24, 3.5740000000000003, 27.0, 255.0, 140.39000000000001, 133.8, 0.0, 0.0, 0.0
1.785225895885E12, 237.74, 3.5740000000000003, 27.0, 255.0, 140.39000000000001, 133.8, 0.0, 0.0, 0.0
1.785225896411E12, 238.24, 3.5740000000000003, 27.0, 255.0, 140.39000000000001, 133.8, 0.0, 0.0, 0.0
1.785225896862E12, 238.76, 3.5740000000000003, 27.0, 255.0, 140.39000000000001, 133.8, 0.0, 0.0, 0.0
1.785225897386E12, 239.25, 3.614, 26.0, 255.0, 138.81, 133.84, 0.0, 0.0, 0.0
1.785225897987E12, 239.75, 3.614, 26.0, 255.0, 138.81, 133.84, 0.0, 0.0, 0.0
1.785225898361E12, 240.25, 3.614, 26.0, 255.0, 138.81, 133.84, 0.0, 0.0, 0.0
1.78522589896E12, 240.77, 3.614, 26.0, 255.0, 138.81, 133.84, 0.0, 0.0, 0.0
1.785225899416E12, 241.28, 3.652, 27.0, 255.0, 137.4, 133.87, 0.0, 0.0, 0.0
1.785225899936E12, 241.78, 3.652, 27.0, 255.0, 137.4, 133.87, 0.0, 0.0, 0.0
1.785225900386E12, 242.27, 3.652, 27.0, 255.0, 137.4, 133.87, 0.0, 0.0, 0.0
1.785225900912E12, 242.79, 3.652, 27.0, 255.0, 137.4, 133.87, 0.0, 0.0, 0.0
1.78522590151E12, 243.29, 3.652, 27.0, 255.0, 137.4, 133.87, 0.0, 0.0, 0.0
1.78522590196E12, 243.8, 3.662, 26.0, 255.0, 137.0, 133.89000000000001, 0.0, 0.0, 0.0
1.785225902486E12, 244.3, 3.662, 26.0, 255.0, 137.0, 133.89000000000001, 0.0, 0.0, 0.0
1.785225902936E12, 244.79, 3.662, 26.0, 255.0, 137.0, 133.89000000000001, 0.0, 0.0, 0.0
1.785225903461E12, 245.32, 3.662, 26.0, 255.0, 137.0, 133.89000000000001, 0.0, 0.0, 0.0
1.785225903914E12, 245.83, 3.618, 27.0, 255.0, 138.69, 133.93, 0.0, 0.0, 0.0
1.785225904436E12, 246.31, 3.618, 27.0, 255.0, 138.69, 133.93, 0.0, 0.0, 0.0
1.785225904961E12, 246.8, 3.618, 27.0, 255.0, 138.69, 133.93, 0.0, 0.0, 0.0
1.785225905561E12, 247.33, 3.618, 27.0, 255.0, 138.69, 133.93, 0.0, 0.0, 0.0
1.785225905936E12, 247.84, 3.618, 27.0, 255.0, 138.69, 133.93, 0.0, 0.0, 0.0
1.785225906462E12, 248.32, 3.6270000000000002, 26.0, 255.0, 138.32, 133.97, 0.0, 0.0, 0.0
1.785225906985E12, 248.83, 3.6270000000000002, 26.0, 255.0, 138.32, 133.97, 0.0, 0.0, 0.0
1.78522590751E12, 249.34, 3.6270000000000002, 26.0, 255.0, 138.32, 133.97, 0.0, 0.0, 0.0
1.785225907961E12, 249.84, 3.6270000000000002, 26.0, 255.0, 138.32, 133.97, 0.0, 0.0, 0.0
1.785225908485E12, 250.34, 3.661, 26.0, 255.0, 137.04, 133.99, 0.0, 0.0, 0.0
1.785225909011E12, 250.84, 3.661, 26.0, 255.0, 137.04, 133.99, 0.0, 0.0, 0.0
1.78522590946E12, 251.34, 3.661, 26.0, 255.0, 137.04, 133.99, 0.0, 0.0, 0.0
1.785225909985E12, 251.84, 3.661, 26.0, 255.0, 137.04, 133.99, 0.0, 0.0, 0.0
1.78522591051E12, 252.35, 3.661, 26.0, 255.0, 137.04, 133.99, 0.0, 0.0, 0.0
1.78522591096E12, 252.86, 3.656, 26.0, 255.0, 137.23, 134.02, 0.0, 0.0, 0.0
1.785225911485E12, 253.35, 3.656, 26.0, 255.0, 137.23, 134.02, 0.0, 0.0, 0.0
1.785225912085E12, 253.85, 3.656, 26.0, 255.0, 137.23, 134.02, 0.0, 0.0, 0.0
1.785225912535E12, 254.38, 3.656, 26.0, 255.0, 137.23, 134.02, 0.0, 0.0, 0.0
1.785225912985E12, 254.87, 3.64, 26.0, 255.0, 137.86, 134.05, 0.0, 0.0, 0.0
1.785225913584E12, 255.38, 3.64, 26.0, 255.0, 137.86, 134.05, 0.0, 0.0, 0.0
1.785225914036E12, 255.88, 3.64, 26.0, 255.0, 137.86, 134.05, 0.0, 0.0, 0.0
1.785225914486E12, 256.38, 3.64, 26.0, 255.0, 137.86, 134.05, 0.0, 0.0, 0.0
1.785225915011E12, 256.9, 3.64, 26.0, 255.0, 137.86, 134.05, 0.0, 0.0, 0.0
1.785225915535E12, 257.39, 3.692, 27.0, 255.0, 135.91, 134.06, 0.0, 0.0, 0.0
1.785225916061E12, 257.89, 3.692, 27.0, 255.0, 135.91, 134.06, 0.0, 0.0, 0.0
1.78522591651E12, 258.4, 3.692, 27.0, 255.0, 135.91, 134.06, 0.0, 0.0, 0.0
1.785225917035E12, 258.91, 3.692, 27.0, 255.0, 135.91, 134.06, 0.0, 0.0, 0.0
1.78522591756E12, 259.43, 3.708, 26.0, 255.0, 135.33, 134.07, 0.0, 0.0, 0.0
1.785225918084E12, 259.91, 3.708, 26.0, 255.0, 135.33, 134.07, 0.0, 0.0, 0.0
1.785225918535E12, 260.41, 3.708, 26.0, 255.0, 135.33, 134.07, 0.0, 0.0, 0.0
1.785225919061E12, 260.92, 3.708, 26.0, 255.0, 135.33, 134.07, 0.0, 0.0, 0.0
1.785225919585E12, 261.44, 3.708, 26.0, 255.0, 135.33, 134.07, 0.0, 0.0, 0.0
1.785225920185E12, 261.94, 3.693, 26.0, 255.0, 135.89000000000001, 134.08, 0.0, 0.0, 0.0
1.78522592056E12, 262.43, 3.693, 26.0, 255.0, 135.89000000000001, 134.08, 0.0, 0.0, 0.0
1.785225921084E12, 262.94, 3.693, 26.0, 255.0, 135.89000000000001, 134.08, 0.0, 0.0, 0.0
1.78522592161E12, 263.45, 3.693, 26.0, 255.0, 135.89000000000001, 134.08, 0.0, 0.0, 0.0
1.78522592206E12, 263.95, 3.716, 26.0, 255.0, 135.02, 134.08, 0.0, 0.0, 0.0
1.785225922659E12, 264.45, 3.716, 26.0, 255.0, 135.02, 134.08, 0.0, 0.0, 0.0
1.785225923185E12, 264.95, 3.716, 26.0, 255.0, 135.02, 134.08, 0.0, 0.0, 0.0
1.78522592356E12, 265.44, 3.716, 26.0, 255.0, 135.02, 134.08, 0.0, 0.0, 0.0
1.78522592416E12, 265.98, 3.716, 26.0, 255.0, 135.02, 134.08, 0.0, 0.0, 0.0
1.78522592461E12, 266.48, 3.63, 27.0, 255.0, 138.23, 134.11, 0.0, 0.0, 0.0
1.785225925134E12, 266.97, 3.63, 27.0, 255.0, 138.23, 134.11, 0.0, 0.0, 0.0
1.785225925585E12, 267.47, 3.63, 27.0, 255.0, 138.23, 134.11, 0.0, 0.0, 0.0
1.78522592611E12, 267.99, 3.63, 27.0, 255.0, 138.23, 134.11, 0.0, 0.0, 0.0
1.78522592671E12, 268.22, 3.63, 27.0, 255.0, 138.23, 134.16, 0.0, 0.0, 0.0
1.785225927235E12, 268.22, 3.63, 27.0, 255.0, 138.23, 134.16, 0.0, 0.0, 0.0
1.785225927685E12, 268.22, 3.63, 27.0, 255.0, 138.23, 134.16, 0.0, 0.0, 0.0
1.785225928135E12, 268.22, 3.63, 27.0, 255.0, 138.23, 134.16, 0.0, 0.0, 0.0
1.785225928661E12, 268.22, 3.63, 27.0, 255.0, 138.23, 134.16, 0.0, 0.0, 0.0
1.785225929109E12, 268.22, 3.63, 27.0, 255.0, 138.23, 134.16, 0.0, 0.0, 0.0
1.785225929635E12, 268.22, 3.63, 27.0, 255.0, 138.23, 134.16, 0.0, 0.0, 0.0
1.785225930159E12, 268.22, 3.63, 27.0, 255.0, 138.23, 134.16, 0.0, 0.0, 0.0
1.785225930686E12, 268.22, 3.63, 27.0, 255.0, 138.23, 134.16, 0.0, 0.0, 0.0
1.785225931136E12, 268.22, 3.63, 27.0, 255.0, 138.23, 134.16, 0.0, 0.0, 0.0
1.785225931734E12, 268.22, 3.63, 27.0, 255.0, 138.23, 134.16, 0.0, 0.0, 0.0
1.78522593211E12, 268.22, 3.63, 27.0, 255.0, 138.23, 134.16, 0.0, 0.0, 0.0
1.785225932635E12, 268.22, 3.63, 27.0, 255.0, 138.23, 134.16, 0.0, 0.0, 0.0
1.785225933236E12, 268.22, 3.63, 27.0, 255.0, 138.23, 134.16, 0.0, 0.0, 0.0
1.785225933609E12, 268.22, 3.63, 27.0, 255.0, 138.23, 134.16, 0.0, 0.0, 0.0
1.785225934134E12, 268.22, 3.63, 27.0, 255.0, 138.23, 134.16, 0.0, 0.0, 0.0
1.78522593466E12, 268.22, 3.63, 27.0, 255.0, 138.23, 134.16, 0.0, 0.0, 0.0
1.78522593511E12, 268.22, 3.63, 27.0, 255.0, 138.23, 134.16, 0.0, 0.0, 0.0
1.785225935634E12, 268.22, 3.63, 27.0, 255.0, 138.23, 134.16, 0.0, 0.0, 0.0
1.785225936234E12, 268.22, 3.63, 27.0, 255.0, 138.23, 134.16, 0.0, 0.0, 0.0
1.785225936685E12, 268.22, 3.63, 27.0, 255.0, 138.23, 134.16, 0.0, 0.0, 0.0
1.785225937135E12, 268.22, 3.63, 27.0, 255.0, 138.23, 134.16, 0.0, 0.0, 0.0
1.785225937735E12, 268.22, 3.63, 27.0, 255.0, 138.23, 134.16, 0.0, 0.0, 0.0
1.785225938109E12, 268.22, 3.63, 27.0, 255.0, 138.23, 134.16, 0.0, 0.0, 0.0
1.785225938634E12, 268.22, 3.63, 27.0, 255.0, 138.23, 134.16, 0.0, 0.0, 0.0
1.78522593916E12, 268.22, 3.63, 27.0, 255.0, 138.23, 134.16, 0.0, 0.0, 0.0
1.785225939609E12, 268.22, 3.63, 27.0, 255.0, 138.23, 134.16, 0.0, 0.0, 0.0
1.785225940134E12, 268.22, 3.63, 27.0, 255.0, 138.23, 134.16, 0.0, 0.0, 0.0
1.785225940659E12, 268.22, 3.63, 27.0, 255.0, 138.23, 134.16, 0.0, 0.0, 0.0
1.785225941184E12, 268.22, 3.63, 27.0, 255.0, 138.23, 134.16, 0.0, 0.0, 0.0
1.785225941634E12, 268.22, 3.63, 27.0, 255.0, 138.23, 134.16, 0.0, 0.0, 0.0
1.785225942234E12, 268.22, 3.63, 27.0, 255.0, 138.23, 134.16, 0.0, 0.0, 0.0
1.785225942609E12, 268.22, 3.63, 27.0, 255.0, 138.23, 134.16, 0.0, 0.0, 0.0
1.785225943134E12, 268.22, 3.63, 27.0, 255.0, 138.23, 134.16, 0.0, 0.0, 0.0
1.785225943659E12, 268.22, 3.63, 27.0, 255.0, 138.23, 134.16, 0.0, 0.0, 0.0
1.785225944109E12, 268.22, 3.63, 27.0, 255.0, 138.23, 134.16, 0.0, 0.0, 0.0
1.785225944635E12, 268.22, 3.63, 27.0, 255.0, 138.23, 134.16, 0.0, 0.0, 0.0
1.78522594516E12, 268.22, 3.63, 27.0, 255.0, 138.23, 134.16, 0.0, 0.0, 0.0
1.785225945684E12, 268.22, 3.63, 27.0, 255.0, 138.23, 134.16, 0.0, 0.0, 0.0
1.785225946134E12, 268.22, 3.63, 27.0, 255.0, 138.23, 134.16, 0.0, 0.0, 0.0
1.785225946734E12, 268.22, 3.63, 27.0, 255.0, 138.23, 134.16, 0.0, 0.0, 0.0
1.785225947109E12, 268.22, 3.63, 27.0, 255.0, 138.23, 134.16, 0.0, 0.0, 0.0
1.785225947634E12, 268.22, 3.63, 27.0, 255.0, 138.23, 134.16, 0.0, 0.0, 0.0
1.785225948159E12, 268.22, 3.63, 27.0, 255.0, 138.23, 134.16, 0.0, 0.0, 0.0
1.785225948609E12, 268.22, 3.63, 27.0, 255.0, 138.23, 134.16, 0.0, 0.0, 0.0
1.78522594921E12, 268.22, 3.63, 27.0, 255.0, 138.23, 134.16, 0.0, 0.0, 0.0
1.78522594966E12, 268.22, 3.63, 27.0, 255.0, 138.23, 134.16, 0.0, 0.0, 0.0
1.785225950184E12, 268.22, 3.63, 27.0, 255.0, 138.23, 134.16, 0.0, 0.0, 0.0
1.785225950633E12, 268.22, 3.63, 27.0, 255.0, 138.23, 134.16, 0.0, 0.0, 0.0
1.785225951233E12, 268.22, 3.63, 27.0, 255.0, 138.23, 134.16, 0.0, 0.0, 0.0
1.785225951609E12, 268.22, 3.63, 27.0, 255.0, 138.23, 134.16, 0.0, 0.0, 0.0
1.785225952135E12, 268.22, 3.63, 27.0, 255.0, 138.23, 134.16, 0.0, 0.0, 0.0
1.785225952659E12, 268.22, 3.63, 27.0, 255.0, 138.23, 134.16, 0.0, 0.0, 0.0
1.785225953109E12, 268.22, 3.63, 27.0, 255.0, 138.23, 134.16, 0.0, 0.0, 0.0
1.785225953633E12, 268.22, 3.63, 27.0, 255.0, 138.23, 134.16, 0.0, 0.0, 0.0
1.785225954158E12, 268.22, 3.63, 27.0, 255.0, 138.23, 134.16, 0.0, 0.0, 0.0
1.785225954608E12, 268.22, 3.63, 27.0, 255.0, 138.23, 134.16, 0.0, 0.0, 0.0
1.785225955133E12, 268.22, 3.63, 27.0, 255.0, 138.23, 134.16, 0.0, 0.0, 0.0
1.785225955733E12, 268.22, 3.63, 27.0, 255.0, 138.23, 134.16, 0.0, 0.0, 0.0
1.785225956108E12, 268.22, 3.63, 27.0, 255.0, 138.23, 134.16, 0.0, 0.0, 0.0
1.785225956635E12, 268.22, 3.63, 27.0, 255.0, 138.23, 134.16, 0.0, 0.0, 0.0
1.785225957158E12, 268.22, 3.63, 27.0, 255.0, 138.23, 134.16, 0.0, 0.0, 0.0
1.785225957608E12, 268.22, 3.63, 27.0, 255.0, 138.23, 134.16, 0.0, 0.0, 0.0
1.785225958132E12, 268.22, 3.63, 27.0, 255.0, 138.23, 134.16, 0.0, 0.0, 0.0
1.785225958657E12, 268.22, 3.63, 27.0, 255.0, 138.23, 134.16, 0.0, 0.0, 0.0
1.785225959108E12, 268.22, 3.63, 27.0, 255.0, 138.23, 134.16, 0.0, 0.0, 0.0
1.785225959633E12, 268.22, 3.63, 27.0, 255.0, 138.23, 134.16, 0.0, 0.0, 0.0
1.785225960157E12, 268.22, 3.63, 27.0, 255.0, 138.23, 134.16, 0.0, 0.0, 0.0
1.785225960607E12, 268.22, 3.63, 27.0, 255.0, 138.23, 134.16, 0.0, 0.0, 0.0
1.785225961134E12, 268.22, 3.63, 27.0, 255.0, 138.23, 134.16, 0.0, 0.0, 0.0
1.785225961659E12, 268.22, 3.63, 27.0, 255.0, 138.23, 134.16, 0.0, 0.0, 0.0
1.785225962108E12, 268.22, 3.63, 27.0, 255.0, 138.23, 134.16, 0.0, 0.0, 0.0
1.785225962708E12, 268.22, 3.63, 27.0, 255.0, 138.23, 134.16, 0.0, 0.0, 0.0
1.785225963157E12, 268.22, 3.63, 27.0, 255.0, 138.23, 134.16, 0.0, 0.0, 0.0
1.785225963608E12, 268.22, 3.63, 27.0, 255.0, 138.23, 134.16, 0.0, 0.0, 0.0
1.785225964134E12, 268.22, 3.63, 27.0, 255.0, 138.23, 134.16, 0.0, 0.0, 0.0
1.785225964733E12, 268.22, 3.63, 27.0, 255.0, 138.23, 134.16, 0.0, 0.0, 0.0
1.785225965183E12, 268.22, 3.63, 27.0, 255.0, 138.23, 134.16, 0.0, 0.0, 0.0
1.785225965633E12, 268.22, 3.63, 27.0, 255.0, 138.23, 134.16, 0.0, 0.0, 0.0
1.785225966158E12, 268.22, 3.63, 27.0, 255.0, 138.23, 134.16, 0.0, 0.0, 0.0
1.785225966683E12, 268.22, 3.63, 27.0, 255.0, 138.23, 134.16, 0.0, 0.0, 0.0
1.785225967135E12, 268.22, 3.63, 27.0, 255.0, 138.23, 134.16, 0.0, 0.0, 0.0
1.785225967658E12, 268.22, 3.63, 27.0, 255.0, 138.23, 134.16, 0.0, 0.0, 0.0
1.785225968108E12, 268.22, 3.63, 27.0, 255.0, 138.23, 134.16, 0.0, 0.0, 0.0
1.785225968708E12, 268.22, 3.63, 27.0, 255.0, 138.23, 134.16, 0.0, 0.0, 0.0
1.785225969158E12, 268.22, 3.63, 27.0, 255.0, 138.23, 134.16, 0.0, 0.0, 0.0
1.785225969608E12, 268.22, 3.63, 27.0, 255.0, 138.23, 134.16, 0.0, 0.0, 0.0
1.785225970133E12, 268.22, 3.63, 27.0, 255.0, 138.23, 134.16, 0.0, 0.0, 0.0
1.785225970659E12, 268.22, 3.63, 27.0, 255.0, 138.23, 134.16, 0.0, 0.0, 0.0
1.785225971108E12, 268.22, 3.63, 27.0, 255.0, 138.23, 134.16, 0.0, 0.0, 0.0
1.785225971633E12, 268.22, 3.63, 27.0, 255.0, 138.23, 134.16, 0.0, 0.0, 0.0
1.785225972159E12, 268.22, 3.63, 27.0, 255.0, 138.23, 134.16, 0.0, 0.0, 0.0
1.785225972608E12, 268.22, 3.63, 27.0, 255.0, 138.23, 134.16, 0.0, 0.0, 0.0
1.785225973133E12, 268.22, 3.63, 27.0, 255.0, 138.23, 134.16, 0.0, 0.0, 0.0
1.785225973734E12, 268.22, 3.63, 27.0, 255.0, 138.23, 134.16, 0.0, 0.0, 0.0
1.785225974108E12, 268.22, 3.63, 27.0, 255.0, 138.23, 134.16, 0.0, 0.0, 0.0
1.785225974633E12, 268.22, 3.63, 27.0, 255.0, 138.23, 134.16, 0.0, 0.0, 0.0
1.785225975158E12, 268.22, 3.63, 27.0, 255.0, 138.23, 134.16, 0.0, 0.0, 0.0
1.785225975608E12, 268.22, 3.63, 27.0, 255.0, 138.23, 134.16, 0.0, 0.0, 0.0
1.785225976135E12, 268.22, 3.63, 27.0, 255.0, 138.23, 134.16, 0.0, 0.0, 0.0
1.785225976659E12, 268.22, 3.63, 27.0, 255.0, 138.23, 134.16, 0.0, 0.0, 0.0
1.785225977108E12, 268.22, 3.63, 27.0, 255.0, 138.23, 134.16, 0.0, 0.0, 0.0
1.785225977633E12, 268.22, 3.63, 27.0, 255.0, 138.23, 134.16, 0.0, 0.0, 0.0
1.785225978307E12, 268.22, 3.63, 27.0, 255.0, 138.23, 134.16, 0.0, 0.0, 0.0
1.785225978683E12, 268.22, 3.63, 27.0, 255.0, 138.23, 134.16, 0.0, 0.0, 0.0
1.785225979133E12, 268.22, 3.63, 27.0, 255.0, 138.23, 134.16, 0.0, 0.0, 0.0
1.785225979658E12, 268.22, 3.63, 27.0, 255.0, 138.23, 134.16, 0.0, 0.0, 0.0
1.785225980108E12, 268.22, 3.63, 27.0, 255.0, 138.23, 134.16, 0.0, 0.0, 0.0
1.785225980633E12, 268.22, 3.63, 27.0, 255.0, 138.23, 134.16, 0.0, 0.0, 0.0
1.785225981157E12, 268.22, 3.63, 27.0, 255.0, 138.23, 134.16, 0.0, 0.0, 0.0
1.785225981682E12, 268.22, 3.63, 27.0, 255.0, 138.23, 134.16, 0.0, 0.0, 0.0
1.785225982133E12, 268.22, 3.63, 27.0, 255.0, 138.23, 134.16, 0.0, 0.0, 0.0
1.785225982807E12, 268.22, 3.63, 27.0, 255.0, 138.23, 134.16, 0.0, 0.0, 0.0
1.785225983108E12, 268.22, 3.63, 27.0, 255.0, 138.23, 134.16, 0.0, 0.0, 0.0
1.785225983633E12, 268.22, 3.63, 27.0, 255.0, 138.23, 134.16, 0.0, 0.0, 0.0
1.785225984157E12, 268.22, 3.63, 27.0, 255.0, 138.23, 134.16, 0.0, 0.0, 0.0
1.785225984682E12, 268.22, 3.63, 27.0, 255.0, 138.23, 134.16, 0.0, 0.0, 0.0
1.785225985208E12, 268.22, 3.63, 27.0, 255.0, 138.23, 134.16, 0.0, 0.0, 0.0
1.785225985658E12, 268.22, 3.63, 27.0, 255.0, 138.23, 134.16, 0.0, 0.0, 0.0
1.785225986109E12, 268.22, 3.63, 27.0, 255.0, 138.23, 134.16, 0.0, 0.0, 0.0
1.785225986708E12, 268.22, 3.63, 27.0, 255.0, 138.23, 134.16, 0.0, 0.0, 0.0
1.785225987158E12, 268.22, 3.63, 27.0, 255.0, 138.23, 134.16, 0.0, 0.0, 0.0
1.785225987758E12, 268.22, 3.63, 27.0, 255.0, 138.23, 134.16, 0.0, 0.0, 0.0
1.785225988133E12, 268.22, 3.63, 27.0, 255.0, 138.23, 134.16, 0.0, 0.0, 0.0
1.785225988657E12, 268.22, 3.63, 27.0, 255.0, 138.23, 134.16, 0.0, 0.0, 0.0
1.785225989108E12, 268.22, 3.63, 27.0, 255.0, 138.23, 134.16, 0.0, 0.0, 0.0
1.785225989707E12, 268.22, 3.63, 27.0, 255.0, 138.23, 134.16, 0.0, 0.0, 0.0
1.785225990158E12, 268.22, 3.63, 27.0, 255.0, 138.23, 134.16, 0.0, 0.0, 0.0
1.785225990608E12, 268.22, 3.63, 27.0, 255.0, 138.23, 134.16, 0.0, 0.0, 0.0
1.785225991133E12, 268.22, 3.63, 27.0, 255.0, 138.23, 134.16, 0.0, 0.0, 0.0
1.785225991657E12, 268.22, 3.63, 27.0, 255.0, 138.23, 134.16, 0.0, 0.0, 0.0
1.785225992182E12, 268.22, 3.63, 27.0, 255.0, 138.23, 134.16, 0.0, 0.0, 0.0
1.785225992632E12, 268.22, 3.63, 27.0, 255.0, 138.23, 134.16, 0.0, 0.0, 0.0
1.785225993158E12, 268.22, 3.63, 27.0, 255.0, 138.23, 134.16, 0.0, 0.0, 0.0
1.785225993608E12, 268.22, 3.63, 27.0, 255.0, 138.23, 134.16, 0.0, 0.0, 0.0
1.785225994207E12, 268.22, 3.63, 27.0, 255.0, 138.23, 134.16, 0.0, 0.0, 0.0
1.785225994658E12, 268.22, 3.63, 27.0, 255.0, 138.23, 134.16, 0.0, 0.0, 0.0
1.785225995109E12, 268.22, 3.63, 27.0, 255.0, 138.23, 134.16, 0.0, 0.0, 0.0
1.785225995708E12, 268.22, 3.63, 27.0, 255.0, 138.23, 134.16, 0.0, 0.0, 0.0
1.785225996232E12, 268.22, 3.63, 27.0, 255.0, 138.23, 134.16, 0.0, 0.0, 0.0
1.785225996683E12, 268.22, 3.63, 27.0, 255.0, 138.23, 134.16, 0.0, 0.0, 0.0
1.785225997132E12, 268.22, 3.63, 27.0, 255.0, 138.23, 134.16, 0.0, 0.0, 0.0
1.785225997657E12, 268.22, 3.63, 27.0, 255.0, 138.23, 134.16, 0.0, 0.0, 0.0
1.785225998108E12, 268.22, 3.63, 27.0, 255.0, 138.23, 134.16, 0.0, 0.0, 0.0
1.785225998632E12, 268.22, 3.63, 27.0, 255.0, 138.23, 134.16, 0.0, 0.0, 0.0
1.785225999157E12, 268.22, 3.63, 27.0, 255.0, 138.23, 134.16, 0.0, 0.0, 0.0
1.785225999607E12, 268.22, 3.63, 27.0, 255.0, 138.23, 134.16, 0.0, 0.0, 0.0
1.785226000132E12, 268.22, 3.63, 27.0, 255.0, 138.23, 134.16, 0.0, 0.0, 0.0
1.785226000657E12, 268.22, 3.63, 27.0, 255.0, 138.23, 134.16, 0.0, 0.0, 0.0
1.785226001182E12, 268.22, 3.63, 27.0, 255.0, 138.23, 134.16, 0.0, 0.0, 0.0
1.785226001632E12, 268.22, 3.63, 27.0, 255.0, 138.23, 134.16, 0.0, 0.0, 0.0
1.785226002157E12, 268.22, 3.63, 27.0, 255.0, 138.23, 134.16, 0.0, 0.0, 0.0
1.785226002682E12, 268.22, 3.63, 27.0, 255.0, 138.23, 134.16, 0.0, 0.0, 0.0
1.785226003134E12, 268.22, 3.63, 27.0, 255.0, 138.23, 134.16, 0.0, 0.0, 0.0
1.785226003657E12, 268.22, 3.63, 27.0, 255.0, 138.23, 134.16, 0.0, 0.0, 0.0
1.785226004107E12, 268.22, 3.63, 27.0, 255.0, 138.23, 134.16, 0.0, 0.0, 0.0
1.785226004707E12, 268.22, 3.63, 27.0, 255.0, 138.23, 134.16, 0.0, 0.0, 0.0
1.785226005157E12, 268.22, 3.63, 27.0, 255.0, 138.23, 134.16, 0.0, 0.0, 0.0
1.785226005757E12, 268.22, 3.63, 27.0, 255.0, 138.23, 134.16, 0.0, 0.0, 0.0
1.785226006132E12, 268.22, 3.63, 27.0, 255.0, 138.23, 134.16, 0.0, 0.0, 0.0
1.785226006657E12, 268.22, 3.63, 27.0, 255.0, 138.23, 134.16, 0.0, 0.0, 0.0
1.785226007182E12, 268.22, 3.63, 27.0, 255.0, 138.23, 134.16, 0.0, 0.0, 0.0
1.785226007706E12, 268.22, 3.63, 27.0, 255.0, 138.23, 134.16, 0.0, 0.0, 0.0
1.785226008157E12, 268.22, 3.63, 27.0, 255.0, 138.23, 134.16, 0.0, 0.0, 0.0
1.785226008681E12, 268.22, 3.63, 27.0, 255.0, 138.23, 134.16, 0.0, 0.0, 0.0
1.785226009207E12, 268.22, 3.63, 27.0, 255.0, 138.23, 134.16, 0.0, 0.0, 0.0
1.785226009657E12, 268.22, 3.63, 27.0, 255.0, 138.23, 134.16, 0.0, 0.0, 0.0
1.785226010107E12, 268.22, 3.63, 27.0, 255.0, 138.23, 134.16, 0.0, 0.0, 0.0
1.785226010632E12, 268.22, 3.63, 27.0, 255.0, 138.23, 134.16, 0.0, 0.0, 0.0
1.785226011157E12, 268.22, 3.63, 27.0, 255.0, 138.23, 134.16, 0.0, 0.0, 0.0
1.785226011606E12, 268.22, 3.63, 27.0, 255.0, 138.23, 134.16, 0.0, 0.0, 0.0
1.785226012131E12, 268.22, 3.63, 27.0, 255.0, 138.23, 134.16, 0.0, 0.0, 0.0
1.785226012656E12, 268.22, 3.63, 27.0, 255.0, 138.23, 134.16, 0.0, 0.0, 0.0
1.785226013181E12, 268.22, 3.63, 27.0, 255.0, 138.23, 134.16, 0.0, 0.0, 0.0
1.785226013631E12, 268.22, 3.63, 27.0, 255.0, 138.23, 134.16, 0.0, 0.0, 0.0
1.785226014156E12, 268.22, 3.63, 27.0, 255.0, 138.23, 134.16, 0.0, 0.0, 0.0
1.785226014607E12, 268.22, 3.63, 27.0, 255.0, 138.23, 134.16, 0.0, 0.0, 0.0
1.785226015132E12, 268.22, 3.63, 27.0, 255.0, 138.23, 134.16, 0.0, 0.0, 0.0
1.785226015657E12, 268.22, 3.63, 27.0, 255.0, 138.23, 134.16, 0.0, 0.0, 0.0
1.785226016107E12, 268.22, 3.63, 27.0, 255.0, 138.23, 134.16, 0.0, 0.0, 0.0
1.785226016705E12, 268.22, 3.63, 27.0, 255.0, 138.23, 134.16, 0.0, 0.0, 0.0
1.785226017157E12, 268.22, 3.63, 27.0, 255.0, 138.23, 134.16, 0.0, 0.0, 0.0
1.785226017606E12, 268.22, 3.63, 27.0, 255.0, 138.23, 134.16, 0.0, 0.0, 0.0
1.785226018206E12, 268.22, 3.63, 27.0, 255.0, 138.23, 134.16, 0.0, 0.0, 0.0
1.785226018656E12, 268.22, 3.63, 27.0, 255.0, 138.23, 134.16, 0.0, 0.0, 0.0
1.78522601918E12, 268.22, 3.63, 27.0, 255.0, 138.23, 134.16, 0.0, 0.0, 0.0
1.785226019631E12, 268.22, 3.63, 27.0, 255.0, 138.23, 134.16, 0.0, 0.0, 0.0
1.785226020156E12, 268.22, 3.63, 27.0, 255.0, 138.23, 134.16, 0.0, 0.0, 0.0
1.785226020606E12, 268.22, 3.63, 27.0, 255.0, 138.23, 134.16, 0.0, 0.0, 0.0
1.785226021131E12, 268.22, 3.63, 27.0, 255.0, 138.23, 134.16, 0.0, 0.0, 0.0
1.785226021656E12, 268.22, 3.63, 27.0, 255.0, 138.23, 134.16, 0.0, 0.0, 0.0
1.785226022106E12, 268.22, 3.63, 27.0, 255.0, 138.23, 134.16, 0.0, 0.0, 0.0
1.785226022708E12, 268.22, 3.63, 27.0, 255.0, 138.23, 134.16, 0.0, 0.0, 0.0
1.785226023157E12, 268.22, 3.63, 27.0, 255.0, 138.23, 134.16, 0.0, 0.0, 0.0
1.785226023607E12, 268.22, 3.63, 27.0, 255.0, 138.23, 134.16, 0.0, 0.0, 0.0
1.785226024132E12, 268.22, 3.63, 27.0, 255.0, 138.23, 134.16, 0.0, 0.0, 0.0
1.785226024657E12, 268.22, 3.63, 27.0, 255.0, 138.23, 134.16, 0.0, 0.0, 0.0
1.785226025106E12, 268.22, 3.63, 27.0, 255.0, 138.23, 134.16, 0.0, 0.0, 0.0
1.785226025631E12, 268.22, 3.63, 27.0, 255.0, 138.23, 134.16, 0.0, 0.0, 0.0
1.785226026231E12, 268.22, 3.63, 27.0, 255.0, 138.23, 134.16, 0.0, 0.0, 0.0
1.785226026606E12, 268.22, 3.63, 27.0, 255.0, 138.23, 134.16, 0.0, 0.0, 0.0
1.785226027206E12, 268.22, 3.63, 27.0, 255.0, 138.23, 134.16, 0.0, 0.0, 0.0
1.785226027656E12, 268.22, 3.63, 27.0, 255.0, 138.23, 134.16, 0.0, 0.0, 0.0
1.785226028106E12, 268.22, 3.63, 27.0, 255.0, 138.23, 134.16, 0.0, 0.0, 0.0
1.785226028631E12, 268.22, 3.63, 27.0, 255.0, 138.23, 134.16, 0.0, 0.0, 0.0
1.785226029156E12, 268.22, 3.63, 27.0, 255.0, 138.23, 134.16, 0.0, 0.0, 0.0
1.785226029606E12, 268.22, 3.63, 27.0, 255.0, 138.23, 134.16, 0.0, 0.0, 0.0
1.785226030131E12, 268.22, 3.63, 27.0, 255.0, 138.23, 134.16, 0.0, 0.0, 0.0
1.785226030731E12, 268.22, 3.63, 27.0, 255.0, 138.23, 134.16, 0.0, 0.0, 0.0
1.785226031106E12, 268.22, 3.63, 27.0, 255.0, 138.23, 134.16, 0.0, 0.0, 0.0
1.785226031707E12, 268.22, 3.63, 27.0, 255.0, 138.23, 134.16, 0.0, 0.0, 0.0
1.785226032156E12, 268.22, 3.63, 27.0, 255.0, 138.23, 134.16, 0.0, 0.0, 0.0
1.785226032606E12, 268.22, 3.63, 27.0, 255.0, 138.23, 134.16, 0.0, 0.0, 0.0
1.785226033131E12, 268.22, 3.63, 27.0, 255.0, 138.23, 134.16, 0.0, 0.0, 0.0
1.785226033731E12, 268.22, 3.63, 27.0, 255.0, 138.23, 134.16, 0.0, 0.0, 0.0
1.785226034106E12, 268.22, 3.63, 27.0, 255.0, 138.23, 134.16, 0.0, 0.0, 0.0
1.785226034705E12, 268.22, 3.63, 27.0, 255.0, 138.23, 134.16, 0.0, 0.0, 0.0
1.785226035231E12, 268.22, 3.63, 27.0, 255.0, 138.23, 134.16, 0.0, 0.0, 0.0
1.785226035605E12, 268.22, 3.63, 27.0, 255.0, 138.23, 134.16, 0.0, 0.0, 0.0
1.785226036205E12, 268.22, 3.63, 27.0, 255.0, 138.23, 134.16, 0.0, 0.0, 0.0
1.785226036656E12, 268.22, 3.63, 27.0, 255.0, 138.23, 134.16, 0.0, 0.0, 0.0
1.78522603718E12, 268.22, 3.63, 27.0, 255.0, 138.23, 134.16, 0.0, 0.0, 0.0
1.785226037631E12, 268.22, 3.63, 27.0, 255.0, 138.23, 134.16, 0.0, 0.0, 0.0
1.785226038156E12, 268.22, 3.63, 27.0, 255.0, 138.23, 134.16, 0.0, 0.0, 0.0
1.785226038606E12, 268.22, 3.63, 27.0, 255.0, 138.23, 134.16, 0.0, 0.0, 0.0
1.785226039132E12, 268.22, 3.63, 27.0, 255.0, 138.23, 134.16, 0.0, 0.0, 0.0
1.785226039655E12, 268.22, 3.63, 27.0, 255.0, 138.23, 134.16, 0.0, 0.0, 0.0
1.785226040105E12, 268.22, 3.63, 27.0, 255.0, 138.23, 134.16, 0.0, 0.0, 0.0
1.785226040705E12, 268.22, 3.63, 27.0, 255.0, 138.23, 134.16, 0.0, 0.0, 0.0
1.785226041155E12, 268.22, 3.63, 27.0, 255.0, 138.23, 134.16, 0.0, 0.0, 0.0
1.785226041605E12, 268.22, 3.63, 27.0, 255.0, 138.23, 134.16, 0.0, 0.0, 0.0
1.785226042131E12, 268.22, 3.63, 27.0, 255.0, 138.23, 134.16, 0.0, 0.0, 0.0
1.785226042655E12, 268.22, 3.63, 27.0, 255.0, 138.23, 134.16, 0.0, 0.0, 0.0
1.785226043105E12, 268.22, 3.63, 27.0, 255.0, 138.23, 134.16, 0.0, 0.0, 0.0
1.785226043631E12, 268.22, 3.63, 27.0, 255.0, 138.23, 134.16, 0.0, 0.0, 0.0
1.785226044231E12, 268.22, 3.63, 27.0, 255.0, 138.23, 134.16, 0.0, 0.0, 0.0
1.785226044605E12, 268.22, 3.63, 27.0, 255.0, 138.23, 134.16, 0.0, 0.0, 0.0
1.785226045281E12, 268.22, 3.63, 27.0, 255.0, 138.23, 134.16, 0.0, 0.0, 0.0
1.785226045654E12, 268.22, 3.63, 27.0, 255.0, 138.23, 134.16, 0.0, 0.0, 0.0
1.785226046105E12, 268.22, 3.63, 27.0, 255.0, 138.23, 134.16, 0.0, 0.0, 0.0
1.78522604663E12, 268.22, 3.63, 27.0, 255.0, 138.23, 134.16, 0.0, 0.0, 0.0
1.785226047155E12, 268.22, 3.63, 27.0, 255.0, 138.23, 134.16, 0.0, 0.0, 0.0
1.785226047606E12, 268.22, 3.63, 27.0, 255.0, 138.23, 134.16, 0.0, 0.0, 0.0
1.785226048205E12, 268.22, 3.63, 27.0, 255.0, 138.23, 134.16, 0.0, 0.0, 0.0
1.785226048732E12, 268.22, 3.63, 27.0, 255.0, 138.23, 134.16, 0.0, 0.0, 0.0
1.785226049105E12, 268.22, 3.63, 27.0, 255.0, 138.23, 134.16, 0.0, 0.0, 0.0
1.785226049705E12, 268.22, 3.63, 27.0, 255.0, 138.23, 134.16, 0.0, 0.0, 0.0
1.785226050155E12, 268.22, 3.63, 27.0, 255.0, 138.23, 134.16, 0.0, 0.0, 0.0
1.785226050605E12, 268.22, 3.63, 27.0, 255.0, 138.23, 134.16, 0.0, 0.0, 0.0
1.785226051204E12, 268.22, 3.63, 27.0, 255.0, 138.23, 134.16, 0.0, 0.0, 0.0
1.785226051655E12, 268.22, 3.63, 27.0, 255.0, 138.23, 134.16, 0.0, 0.0, 0.0
1.785226052179E12, 268.22, 3.63, 27.0, 255.0, 138.23, 134.16, 0.0, 0.0, 0.0
1.78522605263E12, 268.22, 0.0, 0.0, 255.0, 0.0, 0.0, 0.0, 0.0, 0.0
1.785226053155E12, 268.22, 0.0, 0.0, 255.0, 0.0, 0.0, 0.0, 0.0, 0.0
1.785226053605E12, 268.22, 0.0, 0.0, 255.0, 0.0, 0.0, 0.0, 0.0, 0.0
1.78522605413E12, 268.22, 0.0, 0.0, 255.0, 0.0, 0.0, 0.0, 0.0, 0.0
1.785226054655E12, 268.22, 0.0, 0.0, 255.0, 0.0, 0.0, 0.0, 0.0, 0.0
1.785226055105E12, 268.22, 0.0, 0.0, 255.0, 0.0, 0.0, 0.0, 0.0, 0.0
1.78522605563E12, 268.22, 0.0, 0.0, 255.0, 0.0, 0.0, 0.0, 0.0, 0.0
1.785226056155E12, 268.22, 0.0, 0.0, 255.0, 0.0, 0.0, 0.0, 0.0, 0.0
1.785226056679E12, 268.22, 0.0, 0.0, 255.0, 0.0, 0.0, 0.0, 0.0, 0.0
1.78522605713E12, 268.22, 0.0, 0.0, 255.0, 0.0, 0.0, 0.0, 0.0, 0.0
1.78522605773E12, 268.22, 0.0, 0.0, 255.0, 0.0, 0.0, 0.0, 0.0, 0.0
1.785226058179E12, 268.22, 0.0, 0.0, 255.0, 0.0, 0.0, 0.0, 0.0, 0.0
1.785226058629E12, 268.22, 0.0, 0.0, 255.0, 0.0, 0.0, 0.0, 0.0, 0.0
1.785226059154E12, 268.22, 0.0, 0.0, 255.0, 0.0, 0.0, 0.0, 0.0, 0.0
1.785226059604E12, 268.22, 0.0, 0.0, 255.0, 0.0, 0.0, 0.0, 0.0, 0.0
1.785226060129E12, 268.22, 0.0, 0.0, 255.0, 0.0, 0.0, 0.0, 0.0, 0.0
1.785226060655E12, 268.22, 0.0, 0.0, 255.0, 0.0, 0.0, 0.0, 0.0, 0.0
1.785226061179E12, 268.22, 0.0, 0.0, 255.0, 0.0, 0.0, 0.0, 0.0, 0.0
1.785226061629E12, 268.22, 0.0, 0.0, 255.0, 0.0, 0.0, 0.0, 0.0, 0.0
1.785226062154E12, 268.22, 0.0, 0.0, 255.0, 0.0, 0.0, 0.0, 0.0, 0.0
1.785226062604E12, 268.22, 0.0, 0.0, 255.0, 0.0, 0.0, 0.0, 0.0, 0.0
1.785226063204E12, 268.22, 0.0, 0.0, 255.0, 0.0, 0.0, 0.0, 0.0, 0.0
1.785226063654E12, 268.22, 0.0, 0.0, 255.0, 0.0, 0.0, 0.0, 0.0, 0.0
1.785226064105E12, 268.22, 0.0, 0.0, 255.0, 0.0, 0.0, 0.0, 0.0, 0.0
1.78522606463E12, 268.22, 0.0, 0.0, 255.0, 0.0, 0.0, 0.0, 0.0, 0.0
1.785226065229E12, 268.22, 0.0, 0.0, 255.0, 0.0, 0.0, 0.0, 0.0, 0.0
1.785226065679E12, 268.22, 0.0, 0.0, 255.0, 0.0, 0.0, 0.0, 0.0, 0.0
1.785226066129E12, 268.22, 0.0, 0.0, 255.0, 0.0, 0.0, 0.0, 0.0, 0.0
1.785226066654E12, 268.22, 0.0, 0.0, 255.0, 0.0, 0.0, 0.0, 0.0, 0.0
1.785226067179E12, 268.22, 0.0, 0.0, 255.0, 0.0, 0.0, 0.0, 0.0, 0.0
1.78522606763E12, 268.22, 0.0, 0.0, 255.0, 0.0, 0.0, 0.0, 0.0, 0.0
1.785226068155E12, 268.22, 0.0, 0.0, 255.0, 0.0, 0.0, 0.0, 0.0, 0.0
1.785226068605E12, 268.22, 0.0, 0.0, 255.0, 0.0, 0.0, 0.0, 0.0, 0.0
1.785226069203E12, 268.22, 0.0, 0.0, 255.0, 0.0, 0.0, 0.0, 0.0, 0.0
1.785226069656E12, 268.22, 0.0, 0.0, 255.0, 0.0, 0.0, 0.0, 0.0, 0.0
1.785226070105E12, 268.22, 0.0, 0.0, 255.0, 0.0, 0.0, 0.0, 0.0, 0.0
1.785226070629E12, 268.22, 0.0, 0.0, 255.0, 0.0, 0.0, 0.0, 0.0, 0.0
1.785226071155E12, 268.22, 0.0, 0.0, 255.0, 0.0, 0.0, 0.0, 0.0, 0.0
1.785226071605E12, 268.22, 0.0, 0.0, 255.0, 0.0, 0.0, 0.0, 0.0, 0.0
1.785226072133E12, 268.22, 0.0, 0.0, 255.0, 0.0, 0.0, 0.0, 0.0, 0.0
1.785226072655E12, 268.22, 0.0, 0.0, 255.0, 0.0, 0.0, 0.0, 0.0, 0.0
1.785226073105E12, 268.22, 0.0, 0.0, 255.0, 0.0, 0.0, 0.0, 0.0, 0.0
1.785226073629E12, 268.22, 0.0, 0.0, 255.0, 0.0, 0.0, 0.0, 0.0, 0.0
1.785226074303E12, 268.22, 0.0, 0.0, 255.0, 0.0, 0.0, 0.0, 0.0, 0.0
1.785226074604E12, 268.22, 0.0, 0.0, 255.0, 0.0, 0.0, 0.0, 0.0, 0.0
1.785226075129E12, 268.22, 0.0, 0.0, 255.0, 0.0, 0.0, 0.0, 0.0, 0.0
1.785226075656E12, 268.22, 0.0, 0.0, 255.0, 0.0, 0.0, 0.0, 0.0, 0.0
1.785226076105E12, 268.22, 0.0, 0.0, 255.0, 0.0, 0.0, 0.0, 0.0, 0.0
1.785226076629E12, 268.22, 0.0, 0.0, 255.0, 0.0, 0.0, 0.0, 0.0, 0.0
1.785226077155E12, 268.22, 0.0, 0.0, 255.0, 0.0, 0.0, 0.0, 0.0, 0.0
1.785226077679E12, 268.22, 0.0, 0.0, 255.0, 0.0, 0.0, 0.0, 0.0, 0.0
1.785226078204E12, 268.22, 0.0, 0.0, 255.0, 0.0, 0.0, 0.0, 0.0, 0.0
1.785226078654E12, 268.22, 0.0, 0.0, 255.0, 0.0, 0.0, 0.0, 0.0, 0.0
1.785226079104E12, 268.22, 0.0, 0.0, 255.0, 0.0, 0.0, 0.0, 0.0, 0.0
1.785226079629E12, 268.22, 0.0, 0.0, 255.0, 0.0, 0.0, 0.0, 0.0, 0.0
1.785226080154E12, 268.22, 0.0, 0.0, 255.0, 0.0, 0.0, 0.0, 0.0, 0.0
1.785226080679E12, 268.22, 0.0, 0.0, 255.0, 0.0, 0.0, 0.0, 0.0, 0.0
1.785226081204E12, 268.22, 0.0, 0.0, 255.0, 0.0, 0.0, 0.0, 0.0, 0.0
1.785226081654E12, 268.22, 0.0, 0.0, 255.0, 0.0, 0.0, 0.0, 0.0, 0.0
1.785226082103E12, 268.22, 0.0, 0.0, 255.0, 0.0, 0.0, 0.0, 0.0, 0.0
1.785226082629E12, 268.22, 0.0, 0.0, 255.0, 0.0, 0.0, 0.0, 0.0, 0.0
1.785226083154E12, 268.22, 0.0, 0.0, 255.0, 0.0, 0.0, 0.0, 0.0, 0.0
1.785226083603E12, 268.22, 0.0, 0.0, 255.0, 0.0, 0.0, 0.0, 0.0, 0.0
1.785226084129E12, 268.22, 0.0, 0.0, 255.0, 0.0, 0.0, 0.0, 0.0, 0.0
1.785226084654E12, 268.22, 0.0, 0.0, 255.0, 0.0, 0.0, 0.0, 0.0, 0.0
1.785226085178E12, 268.22, 0.0, 0.0, 255.0, 0.0, 0.0, 0.0, 0.0, 0.0
1.785226085628E12, 268.22, 0.0, 0.0, 255.0, 0.0, 0.0, 0.0, 0.0, 0.0
1.785226086154E12, 268.22, 0.0, 0.0, 255.0, 0.0, 0.0, 0.0, 0.0, 0.0
1.785226086603E12, 268.22, 0.0, 0.0, 255.0, 0.0, 0.0, 0.0, 0.0, 0.0
1.78522608713E12, 268.22, 0.0, 0.0, 255.0, 0.0, 0.0, 0.0, 0.0, 0.0
1.785226087654E12, 268.22, 0.0, 0.0, 255.0, 0.0, 0.0, 0.0, 0.0, 0.0
1.785226088104E12, 268.22, 0.0, 0.0, 255.0, 0.0, 0.0, 0.0, 0.0, 0.0
1.785226088629E12, 268.22, 0.0, 0.0, 255.0, 0.0, 0.0, 0.0, 0.0, 0.0
1.785226089153E12, 268.22, 0.0, 0.0, 255.0, 0.0, 0.0, 0.0, 0.0, 0.0
1.785226089679E12, 268.22, 0.0, 0.0, 255.0, 0.0, 0.0, 0.0, 0.0, 0.0
1.78522609013E12, 268.22, 0.0, 0.0, 255.0, 0.0, 0.0, 0.0, 0.0, 0.0
1.785226090653E12, 268.22, 0.0, 0.0, 255.0, 0.0, 0.0, 0.0, 0.0, 0.0
1.785226091103E12, 268.22, 0.0, 0.0, 255.0, 0.0, 0.0, 0.0, 0.0, 0.0
1.785226091703E12, 268.22, 0.0, 0.0, 255.0, 0.0, 0.0, 0.0, 0.0, 0.0
1.785226092154E12, 268.22, 0.0, 0.0, 255.0, 0.0, 0.0, 0.0, 0.0, 0.0
1.785226092678E12, 268.22, 0.0, 0.0, 255.0, 0.0, 0.0, 0.0, 0.0, 0.0
1.785226093128E12, 268.22, 0.0, 0.0, 255.0, 0.0, 0.0, 0.0, 0.0, 0.0
1.785226093654E12, 268.22, 0.0, 0.0, 255.0, 0.0, 0.0, 0.0, 0.0, 0.0
1.785226094104E12, 268.22, 0.0, 0.0, 255.0, 0.0, 0.0, 0.0, 0.0, 0.0
1.785226094628E12, 268.22, 0.0, 0.0, 255.0, 0.0, 0.0, 0.0, 0.0, 0.0
1.785226095153E12, 268.22, 0.0, 0.0, 255.0, 0.0, 0.0, 0.0, 0.0, 0.0
1.785226095604E12, 268.22, 0.0, 0.0, 255.0, 0.0, 0.0, 0.0, 0.0, 0.0
1.785226096204E12, 268.22, 0.0, 0.0, 255.0, 0.0, 0.0, 0.0, 0.0, 0.0
1.785226096654E12, 268.22, 0.0, 0.0, 255.0, 0.0, 0.0, 0.0, 0.0, 0.0
1.785226097105E12, 268.22, 0.0, 0.0, 255.0, 0.0, 0.0, 0.0, 0.0, 0.0
1.785226097628E12, 268.22, 0.0, 0.0, 255.0, 0.0, 0.0, 0.0, 0.0, 0.0
1.785226098153E12, 268.22, 0.0, 0.0, 255.0, 0.0, 0.0, 0.0, 0.0, 0.0
1.785226098603E12, 268.22, 0.0, 0.0, 255.0, 0.0, 0.0, 0.0, 0.0, 0.0
1.785226099128E12, 268.22, 0.0, 0.0, 255.0, 0.0, 0.0, 0.0, 0.0, 0.0
1.785226099728E12, 268.22, 0.0, 0.0, 255.0, 0.0, 0.0, 0.0, 0.0, 0.0
1.785226100104E12, 268.22, 0.0, 0.0, 255.0, 0.0, 0.0, 0.0, 0.0, 0.0
1.785226100628E12, 268.22, 0.0, 0.0, 255.0, 0.0, 0.0, 0.0, 0.0, 0.0
1.785226101153E12, 268.22, 0.0, 0.0, 255.0, 0.0, 0.0, 0.0, 0.0, 0.0
1.785226101603E12, 268.22, 0.0, 0.0, 255.0, 0.0, 0.0, 0.0, 0.0, 0.0
1.785226102128E12, 268.22, 0.0, 0.0, 255.0, 0.0, 0.0, 0.0, 0.0, 0.0
1.785226102653E12, 268.22, 0.0, 0.0, 255.0, 0.0, 0.0, 0.0, 0.0, 0.0
1.785226103103E12, 268.22, 0.0, 0.0, 255.0, 0.0, 0.0, 0.0, 0.0, 0.0
1.785226103628E12, 268.22, 0.0, 0.0, 255.0, 0.0, 0.0, 0.0, 0.0, 0.0
1.785226104153E12, 268.22, 0.0, 0.0, 255.0, 0.0, 0.0, 0.0, 0.0, 0.0
1.785226104604E12, 268.22, 0.0, 0.0, 255.0, 0.0, 0.0, 0.0, 0.0, 0.0
1.785226105129E12, 268.22, 0.0, 0.0, 255.0, 0.0, 0.0, 0.0, 0.0, 0.0
1.785226105727E12, 268.22, 0.0, 0.0, 255.0, 0.0, 0.0, 0.0, 0.0, 0.0
1.785226106103E12, 268.22, 0.0, 0.0, 255.0, 0.0, 0.0, 0.0, 0.0, 0.0
1.785226106704E12, 268.22, 0.0, 0.0, 255.0, 0.0, 0.0, 0.0, 0.0, 0.0
1.785226107153E12, 268.22, 0.0, 0.0, 255.0, 0.0, 0.0, 0.0, 0.0, 0.0
1.785226107603E12, 268.22, 0.0, 0.0, 255.0, 0.0, 0.0, 0.0, 0.0, 0.0
1.785226108128E12, 268.22, 0.0, 0.0, 255.0, 0.0, 0.0, 0.0, 0.0, 0.0
1.785226108653E12, 268.22, 0.0, 0.0, 255.0, 0.0, 0.0, 0.0, 0.0, 0.0
1.785226109102E12, 268.22, 0.0, 0.0, 255.0, 0.0, 0.0, 0.0, 0.0, 0.0
1.785226109629E12, 268.22, 0.0, 0.0, 255.0, 0.0, 0.0, 0.0, 0.0, 0.0
1.785226110153E12, 268.22, 0.0, 0.0, 255.0, 0.0, 0.0, 0.0, 0.0, 0.0
1.785226110602E12, 268.22, 0.0, 0.0, 255.0, 0.0, 0.0, 0.0, 0.0, 0.0
1.785226111128E12, 268.22, 0.0, 0.0, 255.0, 0.0, 0.0, 0.0, 0.0, 0.0
1.785226111654E12, 268.22, 0.0, 0.0, 255.0, 0.0, 0.0, 0.0, 0.0, 0.0
1.785226112103E12, 268.22, 0.0, 0.0, 255.0, 0.0, 0.0, 0.0, 0.0, 0.0
1.785226112628E12, 268.22, 0.0, 0.0, 255.0, 0.0, 0.0, 0.0, 0.0, 0.0
1.785226113153E12, 268.22, 0.0, 0.0, 255.0, 0.0, 0.0, 0.0, 0.0, 0.0
1.785226113603E12, 268.22, 0.0, 0.0, 255.0, 0.0, 0.0, 0.0, 0.0, 0.0
1.785226114128E12, 268.22, 0.0, 0.0, 255.0, 0.0, 0.0, 0.0, 0.0, 0.0
1.785226114653E12, 268.22, 0.0, 0.0, 255.0, 0.0, 0.0, 0.0, 0.0, 0.0
1.785226115103E12, 268.22, 0.0, 0.0, 255.0, 0.0, 0.0, 0.0, 0.0, 0.0
1.785226115627E12, 268.22, 0.0, 0.0, 255.0, 0.0, 0.0, 0.0, 0.0, 0.0
1.785226116152E12, 268.22, 0.0, 0.0, 255.0, 0.0, 0.0, 0.0, 0.0, 0.0
1.785226116602E12, 268.22, 0.0, 0.0, 255.0, 0.0, 0.0, 0.0, 0.0, 0.0
1.785226117128E12, 268.22, 0.0, 0.0, 255.0, 0.0, 0.0, 0.0, 0.0, 0.0
1.785226117652E12, 268.22, 0.0, 0.0, 255.0, 0.0, 0.0, 0.0, 0.0, 0.0
1.785226118102E12, 268.22, 0.0, 0.0, 255.0, 0.0, 0.0, 0.0, 0.0, 0.0
1.785226118702E12, 268.22, 0.0, 0.0, 255.0, 0.0, 0.0, 0.0, 0.0, 0.0
1.785226119152E12, 268.22, 0.0, 0.0, 255.0, 0.0, 0.0, 0.0, 0.0, 0.0
1.785226119605E12, 268.22, 0.0, 0.0, 255.0, 0.0, 0.0, 0.0, 0.0, 0.0
1.785226120203E12, 268.22, 0.0, 0.0, 255.0, 0.0, 0.0, 0.0, 0.0, 0.0
1.785226120727E12, 268.22, 0.0, 0.0, 255.0, 0.0, 0.0, 0.0, 0.0, 0.0
1.785226121102E12, 268.22, 0.0, 0.0, 255.0, 0.0, 0.0, 0.0, 0.0, 0.0
1.785226121628E12, 268.22, 0.0, 0.0, 255.0, 0.0, 0.0, 0.0, 0.0, 0.0
1.785226122152E12, 268.22, 0.0, 0.0, 255.0, 0.0, 0.0, 0.0, 0.0, 0.0
1.785226122602E12, 268.22, 0.0, 0.0, 255.0, 0.0, 0.0, 0.0, 0.0, 0.0
1.785226123202E12, 268.22, 0.0, 0.0, 255.0, 0.0, 0.0, 0.0, 0.0, 0.0
1.785226123652E12, 268.22, 0.0, 0.0, 255.0, 0.0, 0.0, 0.0, 0.0, 0.0
1.785226124177E12, 268.22, 0.0, 0.0, 255.0, 0.0, 0.0, 0.0, 0.0, 0.0
1.785226124702E12, 268.22, 0.0, 0.0, 255.0, 0.0, 0.0, 0.0, 0.0, 0.0
1.785226125152E12, 268.22, 0.0, 0.0, 255.0, 0.0, 0.0, 0.0, 0.0, 0.0
1.785226125602E12, 268.22, 0.0, 0.0, 255.0, 0.0, 0.0, 0.0, 0.0, 0.0
1.785226126128E12, 268.22, 0.0, 0.0, 255.0, 0.0, 0.0, 0.0, 0.0, 0.0
1.785226126652E12, 268.22, 0.0, 0.0, 255.0, 0.0, 0.0, 0.0, 0.0, 0.0
1.785226127102E12, 268.22, 0.0, 0.0, 255.0, 0.0, 0.0, 0.0, 0.0, 0.0
1.785226127628E12, 268.22, 0.0, 0.0, 255.0, 0.0, 0.0, 0.0, 0.0, 0.0
1.785226128152E12, 268.22, 0.0, 0.0, 255.0, 0.0, 0.0, 0.0, 0.0, 0.0
1.785226128602E12, 268.22, 0.0, 0.0, 255.0, 0.0, 0.0, 0.0, 0.0, 0.0
1.785226129202E12, 268.22, 0.0, 0.0, 255.0, 0.0, 0.0, 0.0, 0.0, 0.0
1.785226129652E12, 268.22, 0.0, 0.0, 255.0, 0.0, 0.0, 0.0, 0.0, 0.0
1.785226130102E12, 268.22, 0.0, 0.0, 255.0, 0.0, 0.0, 0.0, 0.0, 0.0
1.785226130627E12, 268.22, 0.0, 0.0, 255.0, 0.0, 0.0, 0.0, 0.0, 0.0
1.785226131152E12, 268.22, 0.0, 0.0, 255.0, 0.0, 0.0, 0.0, 0.0, 0.0
1.785226131602E12, 268.22, 0.0, 0.0, 255.0, 0.0, 0.0, 0.0, 0.0, 0.0
1.785226132128E12, 268.22, 0.0, 0.0, 255.0, 0.0, 0.0, 0.0, 0.0, 0.0
1.785226132651E12, 268.22, 0.0, 0.0, 255.0, 0.0, 0.0, 0.0, 0.0, 0.0
1.785226133176E12, 268.22, 0.0, 0.0, 255.0, 0.0, 0.0, 0.0, 0.0, 0.0
1.785226133702E12, 268.22, 0.0, 0.0, 255.0, 0.0, 0.0, 0.0, 0.0, 0.0
1.785226134152E12, 268.22, 0.0, 0.0, 255.0, 0.0, 0.0, 0.0, 0.0, 0.0
1.785226134601E12, 268.22, 0.0, 0.0, 255.0, 0.0, 0.0, 0.0, 0.0, 0.0
1.785226135126E12, 268.22, 0.0, 0.0, 255.0, 0.0, 0.0, 0.0, 0.0, 0.0
1.785226135652E12, 268.22, 0.0, 0.0, 255.0, 0.0, 0.0, 0.0, 0.0, 0.0
1.785226136102E12, 268.22, 0.0, 0.0, 255.0, 0.0, 0.0, 0.0, 0.0, 0.0
1.785226136627E12, 268.22, 0.0, 0.0, 255.0, 0.0, 0.0, 0.0, 0.0, 0.0
1.785226137227E12, 268.22, 0.0, 0.0, 255.0, 0.0, 0.0, 0.0, 0.0, 0.0
1.785226137602E12, 268.22, 0.0, 0.0, 255.0, 0.0, 0.0, 0.0, 0.0, 0.0
1.785226138201E12, 268.22, 0.0, 0.0, 255.0, 0.0, 0.0, 0.0, 0.0, 0.0
1.785226138652E12, 268.22, 0.0, 0.0, 255.0, 0.0, 0.0, 0.0, 0.0, 0.0
1.785226139101E12, 268.22, 0.0, 0.0, 255.0, 0.0, 0.0, 0.0, 0.0, 0.0
1.785226139627E12, 268.22, 0.0, 0.0, 255.0, 0.0, 0.0, 0.0, 0.0, 0.0
1.785226140151E12, 268.22, 0.0, 0.0, 255.0, 0.0, 0.0, 0.0, 0.0, 0.0
1.785226140602E12, 268.22, 0.0, 0.0, 255.0, 0.0, 0.0, 0.0, 0.0, 0.0
1.785226141127E12, 268.22, 0.0, 0.0, 255.0, 0.0, 0.0, 0.0, 0.0, 0.0
1.785226141651E12, 268.22, 0.0, 0.0, 255.0, 0.0, 0.0, 0.0, 0.0, 0.0
1.785226142102E12, 268.22, 0.0, 0.0, 255.0, 0.0, 0.0, 0.0, 0.0, 0.0
1.785226142702E12, 268.22, 0.0, 0.0, 255.0, 0.0, 0.0, 0.0, 0.0, 0.0
1.785226143151E12, 268.22, 0.0, 0.0, 255.0, 0.0, 0.0, 0.0, 0.0, 0.0
1.7852261436E12, 268.22, 0.0, 0.0, 255.0, 0.0, 0.0, 0.0, 0.0, 0.0
1.785226144126E12, 268.22, 0.0, 0.0, 255.0, 0.0, 0.0, 0.0, 0.0, 0.0
1.785226144726E12, 268.22, 0.0, 0.0, 255.0, 0.0, 0.0, 0.0, 0.0, 0.0
1.785226145101E12, 268.22, 0.0, 0.0, 255.0, 0.0, 0.0, 0.0, 0.0, 0.0
1.785226145626E12, 268.22, 0.0, 0.0, 255.0, 0.0, 0.0, 0.0, 0.0, 0.0
1.785226146152E12, 268.22, 0.0, 0.0, 255.0, 0.0, 0.0, 0.0, 0.0, 0.0
1.785226146675E12, 268.22, 0.0, 0.0, 255.0, 0.0, 0.0, 0.0, 0.0, 0.0
1.785226147201E12, 268.22, 0.0, 0.0, 255.0, 0.0, 0.0, 0.0, 0.0, 0.0
1.785226147651E12, 268.22, 0.0, 0.0, 255.0, 0.0, 0.0, 0.0, 0.0, 0.0
1.785226148101E12, 268.22, 0.0, 0.0, 255.0, 0.0, 0.0, 0.0, 0.0, 0.0
1.785226148626E12, 268.22, 0.0, 0.0, 255.0, 0.0, 0.0, 0.0, 0.0, 0.0
1.785226149225E12, 268.22, 0.0, 0.0, 255.0, 0.0, 0.0, 0.0, 0.0, 0.0
1.7852261496E12, 268.22, 0.0, 0.0, 255.0, 0.0, 0.0, 0.0, 0.0, 0.0
1.785226150127E12, 268.22, 0.0, 0.0, 255.0, 0.0, 0.0, 0.0, 0.0, 0.0
1.785226150726E12, 268.22, 0.0, 0.0, 255.0, 0.0, 0.0, 0.0, 0.0, 0.0
1.785226151104E12, 268.22, 0.0, 0.0, 255.0, 0.0, 0.0, 0.0, 0.0, 0.0
1.785226151701E12, 268.22, 0.0, 0.0, 255.0, 0.0, 0.0, 0.0, 0.0, 0.0
1.785226152152E12, 268.22, 0.0, 0.0, 255.0, 0.0, 0.0, 0.0, 0.0, 0.0
1.785226152601E12, 268.22, 0.0, 0.0, 255.0, 0.0, 0.0, 0.0, 0.0, 0.0
1.785226153125E12, 268.22, 0.0, 0.0, 255.0, 0.0, 0.0, 0.0, 0.0, 0.0
1.785226153652E12, 268.22, 0.0, 0.0, 255.0, 0.0, 0.0, 0.0, 0.0, 0.0
1.785226154102E12, 268.22, 0.0, 0.0, 255.0, 0.0, 0.0, 0.0, 0.0, 0.0
1.785226154626E12, 268.22, 0.0, 0.0, 255.0, 0.0, 0.0, 0.0, 0.0, 0.0
1.785226155225E12, 268.22, 0.0, 0.0, 255.0, 0.0, 0.0, 0.0, 0.0, 0.0
1.785226155601E12, 268.22, 0.0, 0.0, 255.0, 0.0, 0.0, 0.0, 0.0, 0.0
1.785226156126E12, 268.22, 0.0, 0.0, 255.0, 0.0, 0.0, 0.0, 0.0, 0.0
1.78522615665E12, 268.22, 0.0, 0.0, 255.0, 0.0, 0.0, 0.0, 0.0, 0.0
1.7852261571E12, 268.22, 0.0, 0.0, 255.0, 0.0, 0.0, 0.0, 0.0, 0.0
1.785226157625E12, 268.22, 0.0, 0.0, 255.0, 0.0, 0.0, 0.0, 0.0, 0.0
1.78522615815E12, 268.22, 0.0, 0.0, 255.0, 0.0, 0.0, 0.0, 0.0, 0.0
1.7852261586E12, 268.22, 0.0, 0.0, 255.0, 0.0, 0.0, 0.0, 0.0, 0.0
1.785226159125E12, 268.22, 0.0, 0.0, 255.0, 0.0, 0.0, 0.0, 0.0, 0.0
1.785226159725E12, 268.22, 0.0, 0.0, 255.0, 0.0, 0.0, 0.0, 0.0, 0.0
1.7852261601E12, 268.22, 0.0, 0.0, 255.0, 0.0, 0.0, 0.0, 0.0, 0.0
1.785226160699E12, 268.22, 0.0, 0.0, 255.0, 0.0, 0.0, 0.0, 0.0, 0.0
1.78522616115E12, 268.22, 0.0, 0.0, 255.0, 0.0, 0.0, 0.0, 0.0, 0.0
1.7852261616E12, 268.22, 0.0, 0.0, 255.0, 0.0, 0.0, 0.0, 0.0, 0.0
1.785226162125E12, 268.22, 0.0, 0.0, 255.0, 0.0, 0.0, 0.0, 0.0, 0.0
1.78522616265E12, 268.22, 0.0, 0.0, 255.0, 0.0, 0.0, 0.0, 0.0, 0.0
1.785226163101E12, 268.22, 0.0, 0.0, 255.0, 0.0, 0.0, 0.0, 0.0, 0.0
1.785226163625E12, 268.22, 0.0, 0.0, 255.0, 0.0, 0.0, 0.0, 0.0, 0.0
1.785226164225E12, 268.22, 0.0, 0.0, 255.0, 0.0, 0.0, 0.0, 0.0, 0.0
1.7852261646E12, 268.22, 0.0, 0.0, 255.0, 0.0, 0.0, 0.0, 0.0, 0.0
1.785226165126E12, 268.22, 0.0, 0.0, 255.0, 0.0, 0.0, 0.0, 0.0, 0.0
1.785226165649E12, 268.22, 0.0, 0.0, 255.0, 0.0, 0.0, 0.0, 0.0, 0.0
1.785226166099E12, 268.22, 0.0, 0.0, 255.0, 0.0, 0.0, 0.0, 0.0, 0.0
1.785226166625E12, 268.22, 0.0, 0.0, 255.0, 0.0, 0.0, 0.0, 0.0, 0.0
1.78522616715E12, 268.22, 0.0, 0.0, 255.0, 0.0, 0.0, 0.0, 0.0, 0.0
1.785226167601E12, 268.22, 0.0, 0.0, 255.0, 0.0, 0.0, 0.0, 0.0, 0.0
1.785226168199E12, 268.22, 0.0, 0.0, 255.0, 0.0, 0.0, 0.0, 0.0, 0.0
1.785226168725E12, 268.22, 0.0, 0.0, 255.0, 0.0, 0.0, 0.0, 0.0, 0.0
1.785226169175E12, 268.22, 0.0, 0.0, 255.0, 0.0, 0.0, 0.0, 0.0, 0.0
1.785226169625E12, 268.22, 0.0, 0.0, 255.0, 0.0, 0.0, 0.0, 0.0, 0.0
1.78522617015E12, 268.22, 0.0, 0.0, 255.0, 0.0, 0.0, 0.0, 0.0, 0.0
1.7852261706E12, 268.22, 0.0, 0.0, 255.0, 0.0, 0.0, 0.0, 0.0, 0.0
1.785226171125E12, 268.22, 0.0, 0.0, 255.0, 0.0, 0.0, 0.0, 0.0, 0.0
1.78522617165E12, 268.22, 0.0, 0.0, 255.0, 0.0, 0.0, 0.0, 0.0, 0.0
1.785226172101E12, 268.22, 0.0, 0.0, 255.0, 0.0, 0.0, 0.0, 0.0, 0.0
1.785226172699E12, 268.22, 0.0, 0.0, 255.0, 0.0, 0.0, 0.0, 0.0, 0.0
1.785226173225E12, 268.22, 0.0, 0.0, 255.0, 0.0, 0.0, 0.0, 0.0, 0.0
1.7852261736E12, 268.22, 0.0, 0.0, 255.0, 0.0, 0.0, 0.0, 0.0, 0.0
1.785226174125E12, 268.22, 0.0, 0.0, 255.0, 0.0, 0.0, 0.0, 0.0, 0.0
1.785226174651E12, 268.22, 0.0, 0.0, 255.0, 0.0, 0.0, 0.0, 0.0, 0.0
1.7852261751E12, 268.22, 0.0, 0.0, 255.0, 0.0, 0.0, 0.0, 0.0, 0.0
1.785226175626E12, 268.22, 0.0, 0.0, 255.0, 0.0, 0.0, 0.0, 0.0, 0.0
1.78522617615E12, 268.22, 0.0, 0.0, 255.0, 0.0, 0.0, 0.0, 0.0, 0.0
1.785226176601E12, 268.22, 0.0, 0.0, 255.0, 0.0, 0.0, 0.0, 0.0, 0.0
1.7852261772E12, 268.22, 0.0, 0.0, 255.0, 0.0, 0.0, 0.0, 0.0, 0.0
1.7852261778E12, 268.22, 0.0, 0.0, 255.0, 0.0, 0.0, 0.0, 0.0, 0.0
1.7852261781E12, 268.22, 0.0, 0.0, 255.0, 0.0, 0.0, 0.0, 0.0, 0.0
1.785226178625E12, 268.22, 0.0, 0.0, 255.0, 0.0, 0.0, 0.0, 0.0, 0.0
1.78522617915E12, 268.22, 0.0, 0.0, 255.0, 0.0, 0.0, 0.0, 0.0, 0.0
1.7852261796E12, 268.22, 0.0, 0.0, 255.0, 0.0, 0.0, 0.0, 0.0, 0.0
1.785226180126E12, 268.22, 0.0, 0.0, 255.0, 0.0, 0.0, 0.0, 0.0, 0.0
1.785226180724E12, 268.22, 0.0, 0.0, 255.0, 0.0, 0.0, 0.0, 0.0, 0.0
1.7852261811E12, 268.22, 0.0, 0.0, 255.0, 0.0, 0.0, 0.0, 0.0, 0.0
1.785226181624E12, 268.22, 0.0, 0.0, 255.0, 0.0, 0.0, 0.0, 0.0, 0.0
1.785226182224E12, 268.22, 0.0, 0.0, 255.0, 0.0, 0.0, 0.0, 0.0, 0.0
1.785226182674E12, 268.22, 0.0, 0.0, 255.0, 0.0, 0.0, 0.0, 0.0, 0.0
1.785226183125E12, 268.22, 0.0, 0.0, 255.0, 0.0, 0.0, 0.0, 0.0, 0.0
1.78522618365E12, 268.22, 0.0, 0.0, 255.0, 0.0, 0.0, 0.0, 0.0, 0.0
1.7852261841E12, 268.22, 0.0, 0.0, 255.0, 0.0, 0.0, 0.0, 0.0, 0.0
1.785226184624E12, 268.22, 0.0, 0.0, 255.0, 0.0, 0.0, 0.0, 0.0, 0.0
1.78522618515E12, 268.22, 0.0, 0.0, 255.0, 0.0, 0.0, 0.0, 0.0, 0.0
1.7852261856E12, 268.22, 0.0, 0.0, 255.0, 0.0, 0.0, 0.0, 0.0, 0.0
1.785226186124E12, 268.22, 0.0, 0.0, 255.0, 0.0, 0.0, 0.0, 0.0, 0.0
1.7852261868E12, 268.22, 0.0, 0.0, 255.0, 0.0, 0.0, 0.0, 0.0, 0.0
1.785226187175E12, 268.22, 0.0, 0.0, 255.0, 0.0, 0.0, 0.0, 0.0, 0.0
1.785226187625E12, 268.22, 0.0, 0.0, 255.0, 0.0, 0.0, 0.0, 0.0, 0.0
1.785226188225E12, 268.22, 0.0, 0.0, 255.0, 0.0, 0.0, 0.0, 0.0, 0.0
1.7852261886E12, 268.22, 0.0, 0.0, 255.0, 0.0, 0.0, 0.0, 0.0, 0.0
1.785226189125E12, 268.22, 0.0, 0.0, 255.0, 0.0, 0.0, 0.0, 0.0, 0.0
1.78522618965E12, 268.22, 0.0, 0.0, 255.0, 0.0, 0.0, 0.0, 0.0, 0.0
1.7852261901E12, 268.22, 0.0, 0.0, 255.0, 0.0, 0.0, 0.0, 0.0, 0.0
1.785226190624E12, 268.22, 0.0, 0.0, 255.0, 0.0, 0.0, 0.0, 0.0, 0.0
1.78522619115E12, 268.22, 0.0, 0.0, 255.0, 0.0, 0.0, 0.0, 0.0, 0.0
1.785226191675E12, 268.22, 0.0, 0.0, 255.0, 0.0, 0.0, 0.0, 0.0, 0.0
1.7852261922E12, 268.22, 0.0, 0.0, 255.0, 0.0, 0.0, 0.0, 0.0, 0.0
1.78522619265E12, 268.22, 0.0, 0.0, 255.0, 0.0, 0.0, 0.0, 0.0, 0.0
1.7852261931E12, 268.22, 0.0, 0.0, 255.0, 0.0, 0.0, 0.0, 0.0, 0.0
1.785226193625E12, 268.22, 0.0, 0.0, 255.0, 0.0, 0.0, 0.0, 0.0, 0.0
1.78522619415E12, 268.22, 0.0, 0.0, 255.0, 0.0, 0.0, 0.0, 0.0, 0.0
1.7852261946E12, 268.22, 0.0, 0.0, 255.0, 0.0, 0.0, 0.0, 0.0, 0.0
1.785226195125E12, 268.22, 0.0, 0.0, 255.0, 0.0, 0.0, 0.0, 0.0, 0.0
1.785226195651E12, 268.22, 0.0, 0.0, 255.0, 0.0, 0.0, 0.0, 0.0, 0.0
1.785226196174E12, 268.22, 0.0, 0.0, 255.0, 0.0, 0.0, 0.0, 0.0, 0.0
1.785226196624E12, 268.22, 0.0, 0.0, 255.0, 0.0, 0.0, 0.0, 0.0, 0.0
1.785226197149E12, 268.22, 0.0, 0.0, 255.0, 0.0, 0.0, 0.0, 0.0, 0.0
1.785226197599E12, 268.22, 0.0, 0.0, 255.0, 0.0, 0.0, 0.0, 0.0, 0.0
1.785226198124E12, 268.22, 0.0, 0.0, 255.0, 0.0, 0.0, 0.0, 0.0, 0.0
1.785226198649E12, 268.22, 0.0, 0.0, 255.0, 0.0, 0.0, 0.0, 0.0, 0.0
1.785226199173E12, 268.22, 0.0, 0.0, 255.0, 0.0, 0.0, 0.0, 0.0, 0.0
1.785226199624E12, 268.22, 0.0, 0.0, 255.0, 0.0, 0.0, 0.0, 0.0, 0.0
1.785226200149E12, 268.22, 0.0, 0.0, 255.0, 0.0, 0.0, 0.0, 0.0, 0.0
1.785226200677E12, 268.22, 0.0, 0.0, 255.0, 0.0, 0.0, 0.0, 0.0, 0.0
1.785226201125E12, 268.22, 0.0, 0.0, 255.0, 0.0, 0.0, 0.0, 0.0, 0.0
1.785226201649E12, 268.22, 0.0, 0.0, 255.0, 0.0, 0.0, 0.0, 0.0, 0.0
1.785226202173E12, 268.22, 0.0, 0.0, 255.0, 0.0, 0.0, 0.0, 0.0, 0.0
1.785226202624E12, 268.22, 0.0, 0.0, 255.0, 0.0, 0.0, 0.0, 0.0, 0.0
1.785226203149E12, 268.22, 0.0, 0.0, 255.0, 0.0, 0.0, 0.0, 0.0, 0.0
1.785226203599E12, 268.22, 0.0, 0.0, 255.0, 0.0, 0.0, 0.0, 0.0, 0.0
1.785226204124E12, 268.22, 0.0, 0.0, 255.0, 0.0, 0.0, 0.0, 0.0, 0.0
1.785226204649E12, 268.22, 0.0, 0.0, 255.0, 0.0, 0.0, 0.0, 0.0, 0.0
1.785226205174E12, 268.22, 0.0, 0.0, 255.0, 0.0, 0.0, 0.0, 0.0, 0.0
1.785226205625E12, 268.22, 0.0, 0.0, 255.0, 0.0, 0.0, 0.0, 0.0, 0.0
1.785226206149E12, 268.22, 0.0, 0.0, 255.0, 0.0, 0.0, 0.0, 0.0, 0.0
1.785226206599E12, 268.22, 0.0, 0.0, 255.0, 0.0, 0.0, 0.0, 0.0, 0.0
1.785226207124E12, 268.22, 0.0, 0.0, 255.0, 0.0, 0.0, 0.0, 0.0, 0.0
1.785226207649E12, 268.22, 0.0, 0.0, 255.0, 0.0, 0.0, 0.0, 0.0, 0.0
1.785226208099E12, 268.22, 0.0, 0.0, 255.0, 0.0, 0.0, 0.0, 0.0, 0.0
1.785226208699E12, 268.22, 0.0, 0.0, 255.0, 0.0, 0.0, 0.0, 0.0, 0.0
1.785226209151E12, 268.22, 0.0, 0.0, 255.0, 0.0, 0.0, 0.0, 0.0, 0.0
1.785226209748E12, 268.22, 0.0, 0.0, 255.0, 0.0, 0.0, 0.0, 0.0, 0.0
1.785226210124E12, 268.22, 0.0, 0.0, 255.0, 0.0, 0.0, 0.0, 0.0, 0.0
1.785226210724E12, 268.22, 0.0, 0.0, 255.0, 0.0, 0.0, 0.0, 0.0, 0.0
1.785226211099E12, 268.22, 0.0, 0.0, 255.0, 0.0, 0.0, 0.0, 0.0, 0.0
1.785226211624E12, 268.22, 0.0, 0.0, 255.0, 0.0, 0.0, 0.0, 0.0, 0.0
1.785226212149E12, 268.22, 0.0, 0.0, 255.0, 0.0, 0.0, 0.0, 0.0, 0.0
1.785226212598E12, 268.22, 0.0, 0.0, 255.0, 0.0, 0.0, 0.0, 0.0, 0.0
1.785226213124E12, 268.22, 0.0, 0.0, 255.0, 0.0, 0.0, 0.0, 0.0, 0.0
1.785226213649E12, 268.22, 0.0, 0.0, 255.0, 0.0, 0.0, 0.0, 0.0, 0.0
1.785226214174E12, 268.22, 0.0, 0.0, 255.0, 0.0, 0.0, 0.0, 0.0, 0.0
1.785226214624E12, 268.22, 0.0, 0.0, 255.0, 0.0, 0.0, 0.0, 0.0, 0.0
1.785226215223E12, 268.22, 0.0, 0.0, 255.0, 0.0, 0.0, 0.0, 0.0, 0.0
1.785226215598E12, 268.22, 0.0, 0.0, 255.0, 0.0, 0.0, 0.0, 0.0, 0.0
1.785226216124E12, 268.22, 0.0, 0.0, 255.0, 0.0, 0.0, 0.0, 0.0, 0.0
1.785226216649E12, 268.22, 0.0, 0.0, 255.0, 0.0, 0.0, 0.0, 0.0, 0.0
1.785226217173E12, 268.22, 0.0, 0.0, 255.0, 0.0, 0.0, 0.0, 0.0, 0.0
1.785226217623E12, 268.22, 0.0, 0.0, 255.0, 0.0, 0.0, 0.0, 0.0, 0.0
1.785226218148E12, 268.22, 0.0, 0.0, 255.0, 0.0, 0.0, 0.0, 0.0, 0.0
1.785226218672E12, 268.22, 0.0, 0.0, 255.0, 0.0, 0.0, 0.0, 0.0, 0.0
1.785226219124E12, 268.22, 0.0, 0.0, 255.0, 0.0, 0.0, 0.0, 0.0, 0.0
1.785226219723E12, 268.22, 0.0, 0.0, 255.0, 0.0, 0.0, 0.0, 0.0, 0.0
1.785226220173E12, 268.22, 0.0, 0.0, 255.0, 0.0, 0.0, 0.0, 0.0, 0.0
1.785226220625E12, 268.22, 0.0, 0.0, 255.0, 0.0, 0.0, 0.0, 0.0, 0.0
1.785226221149E12, 268.22, 0.0, 0.0, 255.0, 0.0, 0.0, 0.0, 0.0, 0.0
1.785226221672E12, 268.22, 0.0, 0.0, 255.0, 0.0, 0.0, 0.0, 0.0, 0.0
1.785226222123E12, 268.22, 0.0, 0.0, 255.0, 0.0, 0.0, 0.0, 0.0, 0.0
1.785226222649E12, 268.22, 0.0, 0.0, 255.0, 0.0, 0.0, 0.0, 0.0, 0.0
1.785226223173E12, 268.22, 0.0, 0.0, 255.0, 0.0, 0.0, 0.0, 0.0, 0.0
1.785226223623E12, 268.22, 0.0, 0.0, 255.0, 0.0, 0.0, 0.0, 0.0, 0.0
1.785226224223E12, 268.22, 0.0, 0.0, 255.0, 0.0, 0.0, 0.0, 0.0, 0.0
1.785226224673E12, 268.22, 0.0, 0.0, 255.0, 0.0, 0.0, 0.0, 0.0, 0.0
1.785226225124E12, 268.22, 0.0, 0.0, 255.0, 0.0, 0.0, 0.0, 0.0, 0.0
1.785226225649E12, 268.22, 0.0, 0.0, 255.0, 0.0, 0.0, 0.0, 0.0, 0.0
1.785226226172E12, 268.22, 0.0, 0.0, 255.0, 0.0, 0.0, 0.0, 0.0, 0.0
1.785226226698E12, 268.22, 0.0, 0.0, 255.0, 0.0, 0.0, 0.0, 0.0, 0.0
1.785226227149E12, 268.22, 0.0, 0.0, 255.0, 0.0, 0.0, 0.0, 0.0, 0.0
1.785226227672E12, 268.22, 0.0, 0.0, 255.0, 0.0, 0.0, 0.0, 0.0, 0.0
1.785226228123E12, 268.22, 0.0, 0.0, 255.0, 0.0, 0.0, 0.0, 0.0, 0.0
1.785226228649E12, 268.22, 0.0, 0.0, 255.0, 0.0, 0.0, 0.0, 0.0, 0.0
1.785226229172E12, 268.22, 0.0, 0.0, 255.0, 0.0, 0.0, 0.0, 0.0, 0.0
1.785226229622E12, 268.22, 0.0, 0.0, 255.0, 0.0, 0.0, 0.0, 0.0, 0.0
1.785226230148E12, 268.22, 0.0, 0.0, 255.0, 0.0, 0.0, 0.0, 0.0, 0.0
1.785226230673E12, 268.22, 0.0, 0.0, 255.0, 0.0, 0.0, 0.0, 0.0, 0.0
1.785226231123E12, 268.22, 0.0, 0.0, 255.0, 0.0, 0.0, 0.0, 0.0, 0.0
1.785226231648E12, 268.22, 0.0, 0.0, 255.0, 0.0, 0.0, 0.0, 0.0, 0.0
1.785226232172E12, 268.22, 0.0, 0.0, 255.0, 0.0, 0.0, 0.0, 0.0, 0.0
1.785226232623E12, 268.22, 0.0, 0.0, 255.0, 0.0, 0.0, 0.0, 0.0, 0.0
1.785226233148E12, 268.22, 0.0, 0.0, 255.0, 0.0, 0.0, 0.0, 0.0, 0.0
1.785226233672E12, 268.22, 0.0, 0.0, 255.0, 0.0, 0.0, 0.0, 0.0, 0.0
1.785226234123E12, 268.22, 0.0, 0.0, 255.0, 0.0, 0.0, 0.0, 0.0, 0.0
1.785226234648E12, 268.22, 0.0, 0.0, 255.0, 0.0, 0.0, 0.0, 0.0, 0.0
1.785226235173E12, 268.22, 0.0, 0.0, 255.0, 0.0, 0.0, 0.0, 0.0, 0.0
1.785226235623E12, 268.22, 0.0, 0.0, 255.0, 0.0, 0.0, 0.0, 0.0, 0.0
1.785226236148E12, 268.22, 0.0, 0.0, 255.0, 0.0, 0.0, 0.0, 0.0, 0.0
1.785226236672E12, 268.22, 0.0, 0.0, 255.0, 0.0, 0.0, 0.0, 0.0, 0.0
1.785226237123E12, 268.22, 0.0, 0.0, 255.0, 0.0, 0.0, 0.0, 0.0, 0.0
1.785226237722E12, 268.22, 0.0, 0.0, 255.0, 0.0, 0.0, 0.0, 0.0, 0.0
1.785226238173E12, 268.22, 0.0, 0.0, 255.0, 0.0, 0.0, 0.0, 0.0, 0.0
1.785226238623E12, 268.22, 0.0, 0.0, 255.0, 0.0, 0.0, 0.0, 0.0, 0.0
1.785226239148E12, 268.22, 0.0, 0.0, 255.0, 0.0, 0.0, 0.0, 0.0, 0.0
1.785226239672E12, 268.22, 0.0, 0.0, 255.0, 0.0, 0.0, 0.0, 0.0, 0.0
1.785226240198E12, 268.22, 0.0, 0.0, 255.0, 0.0, 0.0, 0.0, 0.0, 0.0
1.785226240649E12, 268.22, 0.0, 0.0, 255.0, 0.0, 0.0, 0.0, 0.0, 0.0
1.785226241172E12, 268.22, 0.0, 0.0, 255.0, 0.0, 0.0, 0.0, 0.0, 0.0
1.785226241623E12, 268.22, 0.0, 0.0, 255.0, 0.0, 0.0, 0.0, 0.0, 0.0
1.785226242147E12, 268.22, 0.0, 0.0, 255.0, 0.0, 0.0, 0.0, 0.0, 0.0
1.785226242672E12, 268.22, 0.0, 0.0, 255.0, 0.0, 0.0, 0.0, 0.0, 0.0
1.785226243122E12, 268.22, 0.0, 0.0, 255.0, 0.0, 0.0, 0.0, 0.0, 0.0
1.785226243647E12, 268.22, 0.0, 0.0, 255.0, 0.0, 0.0, 0.0, 0.0, 0.0
1.785226244172E12, 268.22, 0.0, 0.0, 255.0, 0.0, 0.0, 0.0, 0.0, 0.0
1.785226244623E12, 268.22, 0.0, 0.0, 255.0, 0.0, 0.0, 0.0, 0.0, 0.0
1.785226245147E12, 268.22, 0.0, 0.0, 255.0, 0.0, 0.0, 0.0, 0.0, 0.0
1.785226245672E12, 268.22, 0.0, 0.0, 255.0, 0.0, 0.0, 0.0, 0.0, 0.0
1.785226246123E12, 268.22, 0.0, 0.0, 255.0, 0.0, 0.0, 0.0, 0.0, 0.0
1.785226246647E12, 268.22, 0.0, 0.0, 255.0, 0.0, 0.0, 0.0, 0.0, 0.0
1.785226247172E12, 268.22, 0.0, 0.0, 255.0, 0.0, 0.0, 0.0, 0.0, 0.0
1.785226247623E12, 268.22, 0.0, 0.0, 255.0, 0.0, 0.0, 0.0, 0.0, 0.0
1.78522624815E12, 268.22, 0.0, 0.0, 255.0, 0.0, 0.0, 0.0, 0.0, 0.0
1.785226248672E12, 268.22, 0.0, 0.0, 255.0, 0.0, 0.0, 0.0, 0.0, 0.0
1.785226249197E12, 268.22, 0.0, 0.0, 255.0, 0.0, 0.0, 0.0, 0.0, 0.0
1.785226249647E12, 268.22, 0.0, 0.0, 255.0, 0.0, 0.0, 0.0, 0.0, 0.0
1.785226250171E12, 268.22, 0.0, 0.0, 255.0, 0.0, 0.0, 0.0, 0.0, 0.0
1.785226250623E12, 268.22, 0.0, 0.0, 255.0, 0.0, 0.0, 0.0, 0.0, 0.0
1.785226251147E12, 268.22, 0.0, 0.0, 255.0, 0.0, 0.0, 0.0, 0.0, 0.0
1.785226251673E12, 268.22, 0.0, 0.0, 255.0, 0.0, 0.0, 0.0, 0.0, 0.0
1.785226252123E12, 268.22, 0.0, 0.0, 255.0, 0.0, 0.0, 0.0, 0.0, 0.0
1.785226252647E12, 268.22, 0.0, 0.0, 255.0, 0.0, 0.0, 0.0, 0.0, 0.0
1.785226253246E12, 268.22, 0.0, 0.0, 255.0, 0.0, 0.0, 0.0, 0.0, 0.0
1.785226253622E12, 268.22, 0.0, 0.0, 255.0, 0.0, 0.0, 0.0, 0.0, 0.0
1.785226254147E12, 268.22, 0.0, 0.0, 255.0, 0.0, 0.0, 0.0, 0.0, 0.0
1.785226254671E12, 268.22, 0.0, 0.0, 255.0, 0.0, 0.0, 0.0, 0.0, 0.0
1.785226255122E12, 268.22, 0.0, 0.0, 255.0, 0.0, 0.0, 0.0, 0.0, 0.0
1.785226255647E12, 268.22, 0.0, 0.0, 255.0, 0.0, 0.0, 0.0, 0.0, 0.0
1.785226256171E12, 268.22, 0.0, 0.0, 255.0, 0.0, 0.0, 0.0, 0.0, 0.0
1.785226256622E12, 268.22, 0.0, 0.0, 255.0, 0.0, 0.0, 0.0, 0.0, 0.0
1.785226257146E12, 268.22, 0.0, 0.0, 255.0, 0.0, 0.0, 0.0, 0.0, 0.0
1.785226257671E12, 268.22, 0.0, 0.0, 255.0, 0.0, 0.0, 0.0, 0.0, 0.0
1.785226258197E12, 268.22, 0.0, 0.0, 255.0, 0.0, 0.0, 0.0, 0.0, 0.0
1.785226258721E12, 268.22, 0.0, 0.0, 255.0, 0.0, 0.0, 0.0, 0.0, 0.0
1.785226259171E12, 268.22, 0.0, 0.0, 255.0, 0.0, 0.0, 0.0, 0.0, 0.0
1.785226259622E12, 268.22, 0.0, 0.0, 255.0, 0.0, 0.0, 0.0, 0.0, 0.0
1.785226260222E12, 268.22, 0.0, 0.0, 255.0, 0.0, 0.0, 0.0, 0.0, 0.0
1.785226260672E12, 268.22, 0.0, 0.0, 255.0, 0.0, 0.0, 0.0, 0.0, 0.0
1.785226261196E12, 268.22, 0.0, 0.0, 255.0, 0.0, 0.0, 0.0, 0.0, 0.0
1.785226261647E12, 268.22, 0.0, 0.0, 255.0, 0.0, 0.0, 0.0, 0.0, 0.0
1.78522626217E12, 268.22, 0.0, 0.0, 255.0, 0.0, 0.0, 0.0, 0.0, 0.0
1.785226262621E12, 268.22, 0.0, 0.0, 255.0, 0.0, 0.0, 0.0, 0.0, 0.0
1.785226263222E12, 268.22, 0.0, 0.0, 255.0, 0.0, 0.0, 0.0, 0.0, 0.0
1.785226263671E12, 268.22, 0.0, 0.0, 255.0, 0.0, 0.0, 0.0, 0.0, 0.0
1.785226264196E12, 268.22, 0.0, 0.0, 255.0, 0.0, 0.0, 0.0, 0.0, 0.0
1.785226264721E12, 268.22, 0.0, 0.0, 255.0, 0.0, 0.0, 0.0, 0.0, 0.0
1.785226265171E12, 268.22, 0.0, 0.0, 255.0, 0.0, 0.0, 0.0, 0.0, 0.0
1.785226265621E12, 268.22, 0.0, 0.0, 255.0, 0.0, 0.0, 0.0, 0.0, 0.0
1.785226266146E12, 268.22, 0.0, 0.0, 255.0, 0.0, 0.0, 0.0, 0.0, 0.0
1.785226266671E12, 268.22, 0.0, 0.0, 255.0, 0.0, 0.0, 0.0, 0.0, 0.0
1.785226267122E12, 268.22, 0.0, 0.0, 255.0, 0.0, 0.0, 0.0, 0.0, 0.0
1.785226267647E12, 268.22, 0.0, 0.0, 255.0, 0.0, 0.0, 0.0, 0.0, 0.0
1.785226268172E12, 268.22, 0.0, 0.0, 255.0, 0.0, 0.0, 0.0, 0.0, 0.0
1.785226268621E12, 268.22, 0.0, 0.0, 255.0, 0.0, 0.0, 0.0, 0.0, 0.0
1.785226269147E12, 268.22, 0.0, 0.0, 255.0, 0.0, 0.0, 0.0, 0.0, 0.0
1.78522626967E12, 268.22, 0.0, 0.0, 255.0, 0.0, 0.0, 0.0, 0.0, 0.0
1.785226270122E12, 268.22, 0.0, 0.0, 255.0, 0.0, 0.0, 0.0, 0.0, 0.0
1.785226270648E12, 268.22, 0.0, 0.0, 255.0, 0.0, 0.0, 0.0, 0.0, 0.0
1.785226271171E12, 268.22, 0.0, 0.0, 255.0, 0.0, 0.0, 0.0, 0.0, 0.0
1.785226271621E12, 268.22, 0.0, 0.0, 255.0, 0.0, 0.0, 0.0, 0.0, 0.0
1.785226272224E12, 268.22, 0.0, 0.0, 255.0, 0.0, 0.0, 0.0, 0.0, 0.0
1.785226272673E12, 268.22, 0.0, 0.0, 255.0, 0.0, 0.0, 0.0, 0.0, 0.0
1.785226273124E12, 268.22, 0.0, 0.0, 255.0, 0.0, 0.0, 0.0, 0.0, 0.0
1.785226273647E12, 268.22, 0.0, 0.0, 255.0, 0.0, 0.0, 0.0, 0.0, 0.0
1.785226274171E12, 268.22, 0.0, 0.0, 255.0, 0.0, 0.0, 0.0, 0.0, 0.0
1.785226274622E12, 268.22, 0.0, 0.0, 255.0, 0.0, 0.0, 0.0, 0.0, 0.0
1.785226275146E12, 268.22, 0.0, 0.0, 255.0, 0.0, 0.0, 0.0, 0.0, 0.0
1.785226275671E12, 268.22, 0.0, 0.0, 255.0, 0.0, 0.0, 0.0, 0.0, 0.0
1.785226276122E12, 268.22, 0.0, 0.0, 255.0, 0.0, 0.0, 0.0, 0.0, 0.0
1.785226276646E12, 268.22, 0.0, 0.0, 255.0, 0.0, 0.0, 0.0, 0.0, 0.0
1.785226277171E12, 268.22, 0.0, 0.0, 255.0, 0.0, 0.0, 0.0, 0.0, 0.0
1.785226277621E12, 268.22, 0.0, 0.0, 255.0, 0.0, 0.0, 0.0, 0.0, 0.0
1.785226278146E12, 268.22, 0.0, 0.0, 255.0, 0.0, 0.0, 0.0, 0.0, 0.0
1.78522627867E12, 268.22, 0.0, 0.0, 255.0, 0.0, 0.0, 0.0, 0.0, 0.0
1.78522627912E12, 268.22, 0.0, 0.0, 255.0, 0.0, 0.0, 0.0, 0.0, 0.0
1.785226279646E12, 268.22, 0.0, 0.0, 255.0, 0.0, 0.0, 0.0, 0.0, 0.0
1.785226280246E12, 268.22, 0.0, 0.0, 255.0, 0.0, 0.0, 0.0, 0.0, 0.0
1.785226280621E12, 268.22, 0.0, 0.0, 255.0, 0.0, 0.0, 0.0, 0.0, 0.0
1.785226281148E12, 268.22, 0.0, 0.0, 255.0, 0.0, 0.0, 0.0, 0.0, 0.0
1.785226281672E12, 268.22, 0.0, 0.0, 255.0, 0.0, 0.0, 0.0, 0.0, 0.0
1.785226282122E12, 268.22, 0.0, 0.0, 255.0, 0.0, 0.0, 0.0, 0.0, 0.0
1.785226282648E12, 268.22, 0.0, 0.0, 255.0, 0.0, 0.0, 0.0, 0.0, 0.0
1.78522628317E12, 268.22, 0.0, 0.0, 255.0, 0.0, 0.0, 0.0, 0.0, 0.0
1.785226283621E12, 268.22, 0.0, 0.0, 255.0, 0.0, 0.0, 0.0, 0.0, 0.0
1.785226284145E12, 268.22, 0.0, 0.0, 255.0, 0.0, 0.0, 0.0, 0.0, 0.0
1.785226284669E12, 268.22, 0.0, 0.0, 255.0, 0.0, 0.0, 0.0, 0.0, 0.0
1.785226285195E12, 268.22, 0.0, 0.0, 255.0, 0.0, 0.0, 0.0, 0.0, 0.0
1.785226285645E12, 268.22, 0.0, 0.0, 255.0, 0.0, 0.0, 0.0, 0.0, 0.0
1.78522628617E12, 268.22, 0.0, 0.0, 255.0, 0.0, 0.0, 0.0, 0.0, 0.0
1.78522628662E12, 268.22, 0.0, 0.0, 255.0, 0.0, 0.0, 0.0, 0.0, 0.0
1.78522628722E12, 268.22, 0.0, 0.0, 255.0, 0.0, 0.0, 0.0, 0.0, 0.0
1.78522628767E12, 268.22, 0.0, 0.0, 255.0, 0.0, 0.0, 0.0, 0.0, 0.0
1.785226288121E12, 268.22, 0.0, 0.0, 255.0, 0.0, 0.0, 0.0, 0.0, 0.0
1.785226288646E12, 268.22, 0.0, 0.0, 255.0, 0.0, 0.0, 0.0, 0.0, 0.0
1.78522628917E12, 268.22, 0.0, 0.0, 255.0, 0.0, 0.0, 0.0, 0.0, 0.0
1.785226289696E12, 268.22, 0.0, 0.0, 255.0, 0.0, 0.0, 0.0, 0.0, 0.0
1.785226290221E12, 268.22, 0.0, 0.0, 255.0, 0.0, 0.0, 0.0, 0.0, 0.0
1.785226290671E12, 268.22, 0.0, 0.0, 255.0, 0.0, 0.0, 0.0, 0.0, 0.0
1.785226291195E12, 268.22, 0.0, 0.0, 255.0, 0.0, 0.0, 0.0, 0.0, 0.0
1.785226291645E12, 268.22, 0.0, 0.0, 255.0, 0.0, 0.0, 0.0, 0.0, 0.0
1.78522629217E12, 268.22, 0.0, 0.0, 255.0, 0.0, 0.0, 0.0, 0.0, 0.0
1.785226292621E12, 268.22, 0.0, 0.0, 255.0, 0.0, 0.0, 0.0, 0.0, 0.0
1.785226293146E12, 268.22, 0.0, 0.0, 255.0, 0.0, 0.0, 0.0, 0.0, 0.0
1.785226293671E12, 268.22, 0.0, 0.0, 255.0, 0.0, 0.0, 0.0, 0.0, 0.0
1.78522629412E12, 268.22, 0.0, 0.0, 255.0, 0.0, 0.0, 0.0, 0.0, 0.0
1.785226294645E12, 268.22, 0.0, 0.0, 255.0, 0.0, 0.0, 0.0, 0.0, 0.0
1.785226295172E12, 268.22, 0.0, 0.0, 255.0, 0.0, 0.0, 0.0, 0.0, 0.0
1.785226295696E12, 268.22, 0.0, 0.0, 255.0, 0.0, 0.0, 0.0, 0.0, 0.0
1.785226296148E12, 268.22, 0.0, 0.0, 255.0, 0.0, 0.0, 0.0, 0.0, 0.0
1.785226296673E12, 268.22, 0.0, 0.0, 255.0, 0.0, 0.0, 0.0, 0.0, 0.0
1.785226297122E12, 268.22, 0.0, 0.0, 255.0, 0.0, 0.0, 0.0, 0.0, 0.0
1.785226297645E12, 268.22, 0.0, 0.0, 255.0, 0.0, 0.0, 0.0, 0.0, 0.0
1.78522629817E12, 268.22, 0.0, 0.0, 255.0, 0.0, 0.0, 0.0, 0.0, 0.0
1.78522629862E12, 268.22, 0.0, 0.0, 255.0, 0.0, 0.0, 0.0, 0.0, 0.0
1.785226299145E12, 268.22, 0.0, 0.0, 255.0, 0.0, 0.0, 0.0, 0.0, 0.0
1.785226299671E12, 268.22, 0.0, 0.0, 255.0, 0.0, 0.0, 0.0, 0.0, 0.0
1.785226300195E12, 268.22, 0.0, 0.0, 255.0, 0.0, 0.0, 0.0, 0.0, 0.0
1.785226300645E12, 268.22, 0.0, 0.0, 255.0, 0.0, 0.0, 0.0, 0.0, 0.0
1.785226301169E12, 268.22, 0.0, 0.0, 255.0, 0.0, 0.0, 0.0, 0.0, 0.0
1.78522630162E12, 268.22, 0.0, 0.0, 255.0, 0.0, 0.0, 0.0, 0.0, 0.0
1.785226302145E12, 268.22, 0.0, 0.0, 255.0, 0.0, 0.0, 0.0, 0.0, 0.0
1.78522630267E12, 268.22, 0.0, 0.0, 255.0, 0.0, 0.0, 0.0, 0.0, 0.0
1.78522630312E12, 268.22, 0.0, 0.0, 255.0, 0.0, 0.0, 0.0, 0.0, 0.0
1.785226303645E12, 268.22, 0.0, 0.0, 255.0, 0.0, 0.0, 0.0, 0.0, 0.0
1.78522630417E12, 268.22, 0.0, 0.0, 255.0, 0.0, 0.0, 0.0, 0.0, 0.0
1.78522630462E12, 268.22, 0.0, 0.0, 255.0, 0.0, 0.0, 0.0, 0.0, 0.0
1.78522630522E12, 268.22, 0.0, 0.0, 255.0, 0.0, 0.0, 0.0, 0.0, 0.0
1.785226305669E12, 268.22, 0.0, 0.0, 255.0, 0.0, 0.0, 0.0, 0.0, 0.0
1.785226306118E12, 268.22, 0.0, 0.0, 255.0, 0.0, 0.0, 0.0, 0.0, 0.0
1.785226306644E12, 268.22, 0.0, 0.0, 255.0, 0.0, 0.0, 0.0, 0.0, 0.0
1.785226307171E12, 268.22, 0.0, 0.0, 255.0, 0.0, 0.0, 0.0, 0.0, 0.0
1.78522630762E12, 268.22, 0.0, 0.0, 255.0, 0.0, 0.0, 0.0, 0.0, 0.0
1.785226308146E12, 268.22, 0.0, 0.0, 255.0, 0.0, 0.0, 0.0, 0.0, 0.0
1.78522630867E12, 268.22, 0.0, 0.0, 255.0, 0.0, 0.0, 0.0, 0.0, 0.0
1.785226309195E12, 268.22, 0.0, 0.0, 255.0, 0.0, 0.0, 0.0, 0.0, 0.0
1.785226309644E12, 268.22, 0.0, 0.0, 255.0, 0.0, 0.0, 0.0, 0.0, 0.0
1.785226310169E12, 268.22, 0.0, 0.0, 255.0, 0.0, 0.0, 0.0, 0.0, 0.0
1.78522631062E12, 268.22, 0.0, 0.0, 255.0, 0.0, 0.0, 0.0, 0.0, 0.0
1.785226311146E12, 268.22, 0.0, 0.0, 255.0, 0.0, 0.0, 0.0, 0.0, 0.0
1.78522631167E12, 268.22, 0.0, 0.0, 255.0, 0.0, 0.0, 0.0, 0.0, 0.0
1.78522631212E12, 268.22, 0.0, 0.0, 255.0, 0.0, 0.0, 0.0, 0.0, 0.0
1.785226312719E12, 268.22, 0.0, 0.0, 255.0, 0.0, 0.0, 0.0, 0.0, 0.0
1.785226313169E12, 268.22, 0.0, 0.0, 255.0, 0.0, 0.0, 0.0, 0.0, 0.0
1.785226313694E12, 268.22, 0.0, 0.0, 255.0, 0.0, 0.0, 0.0, 0.0, 0.0
1.785226314145E12, 268.22, 0.0, 0.0, 255.0, 0.0, 0.0, 0.0, 0.0, 0.0
1.78522631467E12, 268.22, 0.0, 0.0, 255.0, 0.0, 0.0, 0.0, 0.0, 0.0
1.78522631512E12, 268.22, 0.0, 0.0, 255.0, 0.0, 0.0, 0.0, 0.0, 0.0
1.785226315644E12, 268.22, 0.0, 0.0, 255.0, 0.0, 0.0, 0.0, 0.0, 0.0
1.78522631617E12, 268.22, 0.0, 0.0, 255.0, 0.0, 0.0, 0.0, 0.0, 0.0
1.785226316619E12, 268.22, 0.0, 0.0, 255.0, 0.0, 0.0, 0.0, 0.0, 0.0
1.785226317218E12, 268.22, 0.0, 0.0, 255.0, 0.0, 0.0, 0.0, 0.0, 0.0
1.785226317669E12, 268.22, 0.0, 0.0, 255.0, 0.0, 0.0, 0.0, 0.0, 0.0
1.78522631812E12, 268.22, 0.0, 0.0, 255.0, 0.0, 0.0, 0.0, 0.0, 0.0
1.785226318646E12, 268.22, 0.0, 0.0, 255.0, 0.0, 0.0, 0.0, 0.0, 0.0
1.78522631917E12, 268.22, 0.0, 0.0, 255.0, 0.0, 0.0, 0.0, 0.0, 0.0
1.78522631962E12, 268.22, 0.0, 0.0, 255.0, 0.0, 0.0, 0.0, 0.0, 0.0
1.785226320146E12, 268.22, 0.0, 0.0, 255.0, 0.0, 0.0, 0.0, 0.0, 0.0
1.785226320672E12, 268.22, 0.0, 0.0, 255.0, 0.0, 0.0, 0.0, 0.0, 0.0
1.785226321119E12, 268.22, 0.0, 0.0, 255.0, 0.0, 0.0, 0.0, 0.0, 0.0
1.785226321644E12, 268.22, 0.0, 0.0, 255.0, 0.0, 0.0, 0.0, 0.0, 0.0
1.785226322169E12, 268.22, 0.0, 0.0, 255.0, 0.0, 0.0, 0.0, 0.0, 0.0
1.785226322619E12, 268.22, 0.0, 0.0, 255.0, 0.0, 0.0, 0.0, 0.0, 0.0
1.785226323144E12, 268.22, 0.0, 0.0, 255.0, 0.0, 0.0, 0.0, 0.0, 0.0
1.785226323669E12, 268.22, 0.0, 0.0, 255.0, 0.0, 0.0, 0.0, 0.0, 0.0
1.785226324119E12, 268.22, 0.0, 0.0, 255.0, 0.0, 0.0, 0.0, 0.0, 0.0
1.785226324644E12, 268.22, 0.0, 0.0, 255.0, 0.0, 0.0, 0.0, 0.0, 0.0
1.785226325244E12, 268.22, 0.0, 0.0, 255.0, 0.0, 0.0, 0.0, 0.0, 0.0
1.785226325694E12, 268.22, 0.0, 0.0, 255.0, 0.0, 0.0, 0.0, 0.0, 0.0
1.785226326145E12, 268.22, 0.0, 0.0, 255.0, 0.0, 0.0, 0.0, 0.0, 0.0
1.785226326744E12, 268.22, 0.0, 0.0, 255.0, 0.0, 0.0, 0.0, 0.0, 0.0
1.785226327119E12, 268.22, 0.0, 0.0, 255.0, 0.0, 0.0, 0.0, 0.0, 0.0
1.785226327644E12, 268.22, 0.0, 0.0, 255.0, 0.0, 0.0, 0.0, 0.0, 0.0
1.785226328169E12, 268.22, 0.0, 0.0, 255.0, 0.0, 0.0, 0.0, 0.0, 0.0
1.785226328619E12, 268.22, 0.0, 0.0, 255.0, 0.0, 0.0, 0.0, 0.0, 0.0
1.785226329144E12, 268.22, 0.0, 0.0, 255.0, 0.0, 0.0, 0.0, 0.0, 0.0
1.785226329669E12, 268.22, 0.0, 0.0, 255.0, 0.0, 0.0, 0.0, 0.0, 0.0
1.785226330193E12, 268.22, 0.0, 0.0, 255.0, 0.0, 0.0, 0.0, 0.0, 0.0
1.785226330644E12, 268.22, 0.0, 0.0, 255.0, 0.0, 0.0, 0.0, 0.0, 0.0
1.785226331244E12, 268.22, 0.0, 0.0, 255.0, 0.0, 0.0, 0.0, 0.0, 0.0
1.785226331619E12, 268.22, 0.0, 0.0, 255.0, 0.0, 0.0, 0.0, 0.0, 0.0
1.785226332144E12, 268.22, 0.0, 0.0, 255.0, 0.0, 0.0, 0.0, 0.0, 0.0
1.785226332744E12, 268.22, 0.0, 0.0, 255.0, 0.0, 0.0, 0.0, 0.0, 0.0
1.785226333118E12, 268.22, 0.0, 0.0, 255.0, 0.0, 0.0, 0.0, 0.0, 0.0
1.785226333643E12, 268.22, 0.0, 0.0, 255.0, 0.0, 0.0, 0.0, 0.0, 0.0
1.785226334168E12, 268.22, 0.0, 0.0, 255.0, 0.0, 0.0, 0.0, 0.0, 0.0
1.785226334693E12, 268.22, 0.0, 0.0, 255.0, 0.0, 0.0, 0.0, 0.0, 0.0
1.785226335143E12, 268.22, 0.0, 0.0, 255.0, 0.0, 0.0, 0.0, 0.0, 0.0
1.785226335819E12, 268.22, 0.0, 0.0, 255.0, 0.0, 0.0, 0.0, 0.0, 0.0
1.785226336118E12, 268.22, 0.0, 0.0, 255.0, 0.0, 0.0, 0.0, 0.0, 0.0
1.785226336643E12, 268.22, 0.0, 0.0, 255.0, 0.0, 0.0, 0.0, 0.0, 0.0
1.785226337242E12, 268.22, 0.0, 0.0, 255.0, 0.0, 0.0, 0.0, 0.0, 0.0
1.78522633762E12, 268.22, 0.0, 0.0, 255.0, 0.0, 0.0, 0.0, 0.0, 0.0
1.785226338142E12, 268.22, 0.0, 0.0, 255.0, 0.0, 0.0, 0.0, 0.0, 0.0
1.785226338742E12, 268.22, 0.0, 0.0, 255.0, 0.0, 0.0, 0.0, 0.0, 0.0
1.785226339118E12, 268.22, 0.0, 0.0, 255.0, 0.0, 0.0, 0.0, 0.0, 0.0
1.785226339644E12, 268.22, 0.0, 0.0, 255.0, 0.0, 0.0, 0.0, 0.0, 0.0
1.785226340243E12, 268.22, 0.0, 0.0, 255.0, 0.0, 0.0, 0.0, 0.0, 0.0
1.785226340619E12, 268.22, 0.0, 0.0, 255.0, 0.0, 0.0, 0.0, 0.0, 0.0
1.785226341144E12, 268.22, 0.0, 0.0, 255.0, 0.0, 0.0, 0.0, 0.0, 0.0
1.785226341668E12, 268.22, 0.0, 0.0, 255.0, 0.0, 0.0, 0.0, 0.0, 0.0
1.785226342193E12, 268.22, 0.0, 0.0, 255.0, 0.0, 0.0, 0.0, 0.0, 0.0
1.785226342642E12, 268.22, 0.0, 0.0, 255.0, 0.0, 0.0, 0.0, 0.0, 0.0
1.785226343168E12, 268.22, 0.0, 0.0, 255.0, 0.0, 0.0, 0.0, 0.0, 0.0
1.785226343618E12, 268.22, 0.0, 0.0, 255.0, 0.0, 0.0, 0.0, 0.0, 0.0
1.785226344145E12, 268.22, 0.0, 0.0, 255.0, 0.0, 0.0, 0.0, 0.0, 0.0
1.785226344746E12, 268.22, 0.0, 0.0, 255.0, 0.0, 0.0, 0.0, 0.0, 0.0
1.785226345119E12, 268.22, 0.0, 0.0, 255.0, 0.0, 0.0, 0.0, 0.0, 0.0
1.785226345643E12, 268.22, 0.0, 0.0, 255.0, 0.0, 0.0, 0.0, 0.0, 0.0
1.785226346169E12, 268.22, 0.0, 0.0, 255.0, 0.0, 0.0, 0.0, 0.0, 0.0
1.785226346618E12, 268.22, 0.0, 0.0, 255.0, 0.0, 0.0, 0.0, 0.0, 0.0
1.785226347144E12, 268.22, 0.0, 0.0, 255.0, 0.0, 0.0, 0.0, 0.0, 0.0
1.785226347668E12, 268.22, 0.0, 0.0, 255.0, 0.0, 0.0, 0.0, 0.0, 0.0
1.785226348118E12, 268.22, 0.0, 0.0, 255.0, 0.0, 0.0, 0.0, 0.0, 0.0
1.785226348643E12, 268.22, 0.0, 0.0, 255.0, 0.0, 0.0, 0.0, 0.0, 0.0
1.785226349243E12, 268.22, 0.0, 0.0, 255.0, 0.0, 0.0, 0.0, 0.0, 0.0
1.785226349618E12, 268.22, 0.0, 0.0, 255.0, 0.0, 0.0, 0.0, 0.0, 0.0
1.785226350144E12, 268.22, 0.0, 0.0, 255.0, 0.0, 0.0, 0.0, 0.0, 0.0
1.785226350668E12, 268.22, 0.0, 0.0, 255.0, 0.0, 0.0, 0.0, 0.0, 0.0
1.785226351118E12, 268.22, 0.0, 0.0, 255.0, 0.0, 0.0, 0.0, 0.0, 0.0
1.785226351643E12, 268.22, 0.0, 0.0, 255.0, 0.0, 0.0, 0.0, 0.0, 0.0
1.785226352243E12, 268.22, 0.0, 0.0, 255.0, 0.0, 0.0, 0.0, 0.0, 0.0
1.785226352619E12, 268.22, 0.0, 0.0, 255.0, 0.0, 0.0, 0.0, 0.0, 0.0
1.785226353143E12, 268.22, 0.0, 0.0, 255.0, 0.0, 0.0, 0.0, 0.0, 0.0
1.785226353744E12, 268.22, 0.0, 0.0, 255.0, 0.0, 0.0, 0.0, 0.0, 0.0
1.785226354193E12, 268.22, 0.0, 0.0, 255.0, 0.0, 0.0, 0.0, 0.0, 0.0
1.785226354718E12, 268.22, 0.0, 0.0, 255.0, 0.0, 0.0, 0.0, 0.0, 0.0
1.785226355168E12, 268.22, 0.0, 0.0, 255.0, 0.0, 0.0, 0.0, 0.0, 0.0
1.785226355618E12, 268.22, 0.0, 0.0, 255.0, 0.0, 0.0, 0.0, 0.0, 0.0
1.785226356143E12, 268.22, 0.0, 0.0, 255.0, 0.0, 0.0, 0.0, 0.0, 0.0
1.785226356669E12, 268.22, 0.0, 0.0, 255.0, 0.0, 0.0, 0.0, 0.0, 0.0
1.785226357194E12, 268.22, 0.0, 0.0, 255.0, 0.0, 0.0, 0.0, 0.0, 0.0
1.785226357643E12, 268.22, 0.0, 0.0, 255.0, 0.0, 0.0, 0.0, 0.0, 0.0
1.785226358243E12, 268.22, 0.0, 0.0, 255.0, 0.0, 0.0, 0.0, 0.0, 0.0
1.785226358618E12, 268.22, 0.0, 0.0, 255.0, 0.0, 0.0, 0.0, 0.0, 0.0
1.785226359143E12, 268.22, 0.0, 0.0, 255.0, 0.0, 0.0, 0.0, 0.0, 0.0
1.785226359668E12, 268.22, 0.0, 0.0, 255.0, 0.0, 0.0, 0.0, 0.0, 0.0
1.785226360118E12, 268.22, 0.0, 0.0, 255.0, 0.0, 0.0, 0.0, 0.0, 0.0
1.785226360643E12, 268.22, 0.0, 0.0, 255.0, 0.0, 0.0, 0.0, 0.0, 0.0
1.785226361168E12, 268.22, 0.0, 0.0, 255.0, 0.0, 0.0, 0.0, 0.0, 0.0
1.785226361692E12, 268.22, 0.0, 0.0, 255.0, 0.0, 0.0, 0.0, 0.0, 0.0
1.785226362143E12, 268.22, 0.0, 0.0, 255.0, 0.0, 0.0, 0.0, 0.0, 0.0
1.785226362668E12, 268.22, 0.0, 0.0, 255.0, 0.0, 0.0, 0.0, 0.0, 0.0
1.785226363194E12, 268.22, 0.0, 0.0, 255.0, 0.0, 0.0, 0.0, 0.0, 0.0
1.785226363642E12, 268.22, 0.0, 0.0, 255.0, 0.0, 0.0, 0.0, 0.0, 0.0
1.785226364168E12, 268.22, 0.0, 0.0, 255.0, 0.0, 0.0, 0.0, 0.0, 0.0
1.785226364617E12, 268.22, 0.0, 0.0, 255.0, 0.0, 0.0, 0.0, 0.0, 0.0
1.785226365142E12, 268.22, 0.0, 0.0, 255.0, 0.0, 0.0, 0.0, 0.0, 0.0
1.785226365666E12, 268.22, 0.0, 0.0, 255.0, 0.0, 0.0, 0.0, 0.0, 0.0
1.785226366117E12, 268.22, 0.0, 0.0, 255.0, 0.0, 0.0, 0.0, 0.0, 0.0
1.785226366642E12, 268.22, 0.0, 0.0, 255.0, 0.0, 0.0, 0.0, 0.0, 0.0
1.785226367167E12, 268.22, 0.0, 0.0, 255.0, 0.0, 0.0, 0.0, 0.0, 0.0
1.785226367691E12, 268.22, 0.0, 0.0, 255.0, 0.0, 0.0, 0.0, 0.0, 0.0
1.785226368142E12, 268.22, 0.0, 0.0, 255.0, 0.0, 0.0, 0.0, 0.0, 0.0
1.785226368668E12, 268.22, 0.0, 0.0, 255.0, 0.0, 0.0, 0.0, 0.0, 0.0
1.785226369117E12, 268.22, 0.0, 0.0, 255.0, 0.0, 0.0, 0.0, 0.0, 0.0
1.785226369642E12, 268.22, 0.0, 0.0, 255.0, 0.0, 0.0, 0.0, 0.0, 0.0
1.785226370168E12, 268.22, 0.0, 0.0, 255.0, 0.0, 0.0, 0.0, 0.0, 0.0
1.785226370618E12, 268.22, 0.0, 0.0, 255.0, 0.0, 0.0, 0.0, 0.0, 0.0
1.785226371219E12, 268.22, 0.0, 0.0, 255.0, 0.0, 0.0, 0.0, 0.0, 0.0
1.785226371667E12, 268.22, 0.0, 0.0, 255.0, 0.0, 0.0, 0.0, 0.0, 0.0
1.785226372193E12, 268.22, 0.0, 0.0, 255.0, 0.0, 0.0, 0.0, 0.0, 0.0
1.785226372642E12, 268.22, 0.0, 0.0, 255.0, 0.0, 0.0, 0.0, 0.0, 0.0
1.785226373242E12, 268.22, 0.0, 0.0, 255.0, 0.0, 0.0, 0.0, 0.0, 0.0
1.785226373617E12, 268.22, 0.0, 0.0, 255.0, 0.0, 0.0, 0.0, 0.0, 0.0
1.785226374142E12, 268.22, 0.0, 0.0, 255.0, 0.0, 0.0, 0.0, 0.0, 0.0
1.785226374667E12, 268.22, 0.0, 0.0, 255.0, 0.0, 0.0, 0.0, 0.0, 0.0
1.785226375117E12, 268.22, 0.0, 0.0, 255.0, 0.0, 0.0, 0.0, 0.0, 0.0
1.785226375642E12, 268.22, 0.0, 0.0, 255.0, 0.0, 0.0, 0.0, 0.0, 0.0
1.785226376241E12, 268.22, 0.0, 0.0, 255.0, 0.0, 0.0, 0.0, 0.0, 0.0
1.785226376692E12, 268.22, 0.0, 0.0, 255.0, 0.0, 0.0, 0.0, 0.0, 0.0
1.785226377142E12, 268.22, 0.0, 0.0, 255.0, 0.0, 0.0, 0.0, 0.0, 0.0
1.785226377667E12, 268.22, 0.0, 0.0, 255.0, 0.0, 0.0, 0.0, 0.0, 0.0
1.785226378119E12, 268.22, 0.0, 0.0, 255.0, 0.0, 0.0, 0.0, 0.0, 0.0
1.785226378642E12, 268.22, 0.0, 0.0, 255.0, 0.0, 0.0, 0.0, 0.0, 0.0
1.785226379168E12, 268.22, 0.0, 0.0, 255.0, 0.0, 0.0, 0.0, 0.0, 0.0
1.785226379618E12, 268.22, 0.0, 0.0, 255.0, 0.0, 0.0, 0.0, 0.0, 0.0
1.785226380142E12, 268.22, 0.0, 0.0, 255.0, 0.0, 0.0, 0.0, 0.0, 0.0
1.785226380667E12, 268.22, 0.0, 0.0, 255.0, 0.0, 0.0, 0.0, 0.0, 0.0
1.785226381192E12, 268.22, 0.0, 0.0, 255.0, 0.0, 0.0, 0.0, 0.0, 0.0
1.785226381642E12, 268.22, 0.0, 0.0, 255.0, 0.0, 0.0, 0.0, 0.0, 0.0
1.785226382167E12, 268.22, 0.0, 0.0, 255.0, 0.0, 0.0, 0.0, 0.0, 0.0
1.785226382617E12, 268.22, 0.0, 0.0, 255.0, 0.0, 0.0, 0.0, 0.0, 0.0
1.785226383141E12, 268.22, 0.0, 0.0, 255.0, 0.0, 0.0, 0.0, 0.0, 0.0
1.785226383667E12, 268.22, 0.0, 0.0, 255.0, 0.0, 0.0, 0.0, 0.0, 0.0
1.785226384117E12, 268.22, 0.0, 0.0, 255.0, 0.0, 0.0, 0.0, 0.0, 0.0
1.785226384642E12, 268.22, 0.0, 0.0, 255.0, 0.0, 0.0, 0.0, 0.0, 0.0
1.785226385167E12, 268.22, 0.0, 0.0, 255.0, 0.0, 0.0, 0.0, 0.0, 0.0
1.785226385692E12, 268.22, 0.0, 0.0, 255.0, 0.0, 0.0, 0.0, 0.0, 0.0
1.785226386142E12, 268.22, 0.0, 0.0, 255.0, 0.0, 0.0, 0.0, 0.0, 0.0
1.785226386667E12, 268.22, 0.0, 0.0, 255.0, 0.0, 0.0, 0.0, 0.0, 0.0
1.785226387191E12, 268.22, 0.0, 0.0, 255.0, 0.0, 0.0, 0.0, 0.0, 0.0
1.785226387642E12, 268.22, 0.0, 0.0, 255.0, 0.0, 0.0, 0.0, 0.0, 0.0
1.785226388167E12, 268.22, 0.0, 0.0, 255.0, 0.0, 0.0, 0.0, 0.0, 0.0
1.785226388617E12, 268.22, 0.0, 0.0, 255.0, 0.0, 0.0, 0.0, 0.0, 0.0
1.785226389142E12, 268.22, 0.0, 0.0, 255.0, 0.0, 0.0, 0.0, 0.0, 0.0
1.785226389741E12, 268.22, 0.0, 0.0, 255.0, 0.0, 0.0, 0.0, 0.0, 0.0
1.785226390192E12, 268.22, 0.0, 0.0, 255.0, 0.0, 0.0, 0.0, 0.0, 0.0
1.785226390641E12, 268.22, 0.0, 0.0, 255.0, 0.0, 0.0, 0.0, 0.0, 0.0
1.785226391167E12, 268.22, 0.0, 0.0, 255.0, 0.0, 0.0, 0.0, 0.0, 0.0
1.785226391617E12, 268.22, 0.0, 0.0, 255.0, 0.0, 0.0, 0.0, 0.0, 0.0
1.785226392142E12, 268.22, 0.0, 0.0, 255.0, 0.0, 0.0, 0.0, 0.0, 0.0
1.785226392666E12, 268.22, 0.0, 0.0, 255.0, 0.0, 0.0, 0.0, 0.0, 0.0
1.785226393116E12, 268.22, 0.0, 0.0, 255.0, 0.0, 0.0, 0.0, 0.0, 0.0
