0.0, 49.0, -89.0, -989.0
0.01923072, 37.0, -95.0, -987.0
0.038461568, 32.0, -92.0, -987.0
0.057692288, 37.0, -95.0, -988.0
0.076923136, 46.0, -94.0, -989.0
0.096153856, 53.0, -98.0, -993.0
0.115384576, 52.0, -97.0, -988.0
0.134615424, 48.0, -95.0, -991.0
0.153846144, 48.0, -92.0, -994.0
0.173076864, 50.0, -91.0, -995.0
0.192307712, 53.0, -91.0, -994.0
0.211538432, 45.0, -91.0, -987.0
0.23076928, 37.0, -98.0, -988.0
0.25, 33.0, -95.0, -993.0
0.26923072, 33.0, -98.0, -992.0
0.288461568, 40.0, -98.0, -995.0
0.307692288, 40.0, -95.0, -988.0
0.326923136, 43.0, -92.0, -988.0
0.346153856, 35.0, -92.0, -991.0
0.365384576, 34.0, -91.0, -990.0
0.384615424, 38.0, -91.0, -989.0
0.403846144, 41.0, -88.0, -990.0
0.423076864, 45.0, -93.0, -989.0
0.442307712, 50.0, -92.0, -988.0
0.461538432, 49.0, -91.0, -992.0
0.48076928, 47.0, -94.0, -990.0
0.5, 52.0, -92.0, -989.0
0.51923072, 44.0, -94.0, -987.0
0.538461568, 38.0, -95.0, -988.0
0.557692288, 39.0, -91.0, -987.0
0.576923136, 39.0, -93.0, -988.0
0.596153856, 44.0, -97.0, -993.0
0.615384576, 41.0, -95.0, -991.0
0.634615424, 31.0, -105.0, -988.0
0.653846144, 34.0, -95.0, -993.0
0.673076864, 36.0, -95.0, -987.0
0.692307712, 45.0, -103.0, -999.0
0.711538432, 48.0, -91.0, -989.0
0.73076928, 42.0, -95.0, -992.0
0.75, 36.0, -97.0, -993.0
0.76923072, 34.0, -122.0, -981.0
0.788461568, 46.0, -100.0, -989.0
0.807692288, 48.0, -97.0, -993.0
0.826923136, 53.0, -94.0, -988.0
0.846153856, 49.0, -102.0, -987.0
0.865384576, 44.0, -99.0, -988.0
0.884615424, 41.0, -93.0, -990.0
0.903846144, 49.0, -99.0, -991.0
0.923076864, 51.0, -93.0, -989.0
0.942307712, 48.0, -97.0, -992.0
0.961538432, 47.0, -95.0, -991.0
0.98076928, 41.0, -95.0, -996.0
1.0, 36.0, -94.0, -989.0
1.01923072, 36.0, -93.0, -988.0
1.038461568, 34.0, -93.0, -990.0
1.057692288, 32.0, -88.0, -995.0
1.076923136, 38.0, -96.0, -994.0
1.096153856, 37.0, -94.0, -993.0
1.115384576, 39.0, -98.0, -994.0
1.134615424, 39.0, -93.0, -988.0
1.153846144, 31.0, -93.0, -991.0
1.173076864, 34.0, -91.0, -992.0
1.192307712, 33.0, -96.0, -990.0
1.211538432, 38.0, -95.0, -991.0
1.23076928, 46.0, -91.0, -989.0
1.25, 44.0, -95.0, -992.0
1.26923072, 46.0, -99.0, -989.0
1.288461568, 44.0, -94.0, -986.0
1.307692288, 41.0, -98.0, -990.0
1.326923136, 37.0, -93.0, -989.0
1.346153856, 40.0, -94.0, -985.0
1.365384576, 42.0, -89.0, -988.0
1.384615424, 45.0, -95.0, -991.0
1.403846144, 47.0, -99.0, -991.0
1.423076864, 49.0, -95.0, -993.0
1.442307712, 32.0, -90.0, -993.0
1.461538432, 26.0, -89.0, -992.0
1.48076928, 32.0, -101.0, -993.0
1.5, 46.0, -97.0, -993.0
1.51923072, 36.0, -87.0, -990.0
1.538461568, 37.0, -93.0, -989.0
1.557692288, 42.0, -94.0, -993.0
1.576923136, 47.0, -100.0, -996.0
1.596153856, 49.0, -96.0, -988.0
1.615384576, 48.0, -97.0, -992.0
1.634615424, 41.0, -94.0, -986.0
1.653846144, 41.0, -96.0, -986.0
1.673076864, 40.0, -98.0, -987.0
1.692307712, 44.0, -96.0, -992.0
1.711538432, 50.0, -103.0, -986.0
1.73076928, 55.0, -100.0, -990.0
1.75, 50.0, -100.0, -994.0
1.76923072, 42.0, -101.0, -989.0
1.788461542, 38.0, -98.0, -992.0
1.807726976, 38.0, -95.0, -987.0
1.826992384, 33.0, -93.0, -995.0
1.84625792, 35.0, -94.0, -991.0
1.865523328, 37.0, -96.0, -988.0
1.884788736, 41.0, -97.0, -991.0
1.904054144, 48.0, -93.0, -990.0
1.92331968, 46.0, -98.0, -994.0
1.942585088, 46.0, -93.0, -989.0
1.961850496, 35.0, -97.0, -992.0
1.981116032, 36.0, -94.0, -990.0
2.00038144, 38.0, -92.0, -989.0
2.019646848, 41.0, -99.0, -991.0
2.038912384, 39.0, -93.0, -990.0
2.058177792, 31.0, -94.0, -985.0
2.0774432, 46.0, -104.0, -988.0
2.096708608, 62.0, -102.0, -988.0
2.115974144, 57.0, -87.0, -987.0
2.135239552, 42.0, -92.0, -999.0
2.15450496, 35.0, -88.0, -991.0
2.173770496, 40.0, -96.0, -990.0
2.193035904, 38.0, -86.0, -990.0
2.212301312, 33.0, -91.0, -991.0
2.23156672, 42.0, -97.0, -989.0
2.250832256, 50.0, -91.0, -993.0
2.270097664, 57.0, -84.0, -993.0
2.289363072, 51.0, -87.0, -986.0
2.308628608, 42.0, -84.0, -989.0
2.327894016, 52.0, -98.0, -985.0
2.347159424, 79.0, -103.0, -981.0
2.36642496, 82.0, -94.0, -991.0
2.385690368, 67.0, -90.0, -993.0
2.404955776, 43.0, -95.0, -982.0
2.424221184, 47.0, -94.0, -979.0
2.44348672, 70.0, -105.0, -984.0
2.462752128, 75.0, -111.0, -994.0
2.482017536, 63.0, -108.0, -992.0
2.501283072, 56.0, -101.0, -987.0
2.52054848, 64.0, -99.0, -990.0
2.539813888, 67.0, -106.0, -985.0
2.559079296, 63.0, -102.0, -989.0
2.578344832, 59.0, -101.0, -991.0
2.59761024, 56.0, -102.0, -995.0
2.616875648, 63.0, -104.0, -991.0
2.636141184, 60.0, -100.0, -991.0
2.655406592, 49.0, -96.0, -989.0
2.674672, 42.0, -103.0, -987.0
2.693937536, 53.0, -107.0, -989.0
2.713202944, 66.0, -104.0, -987.0
2.732468352, 62.0, -103.0, -989.0
2.75173376, 49.0, -105.0, -982.0
2.770999296, 52.0, -106.0, -985.0
2.790264704, 57.0, -106.0, -987.0
2.809530112, 61.0, -106.0, -990.0
2.828795648, 66.0, -101.0, -983.0
2.848061056, 71.0, -97.0, -988.0
2.867326464, 66.0, -103.0, -986.0
2.886592, 46.0, -101.0, -996.0
2.905857408, 44.0, -105.0, -989.0
2.925122816, 60.0, -95.0, -987.0
2.944388224, 80.0, -93.0, -986.0
2.96365376, 73.0, -93.0, -986.0
2.982919168, 58.0, -103.0, -988.0
3.002184576, 49.0, -103.0, -988.0
3.021450112, 48.0, -100.0, -993.0
3.04071552, 57.0, -96.0, -993.0
3.059980928, 51.0, -95.0, -990.0
3.079246336, 52.0, -100.0, -991.0
3.098511872, 50.0, -89.0, -996.0
3.11777728, 59.0, -103.0, -994.0
3.137042688, 58.0, -97.0, -991.0
3.156308224, 58.0, -93.0, -990.0
3.175573632, 44.0, -79.0, -954.0
3.19483904, 44.0, -91.0, -993.0
3.214104576, 62.0, -100.0, -1006.0
3.233369984, 50.0, -106.0, -957.0
3.252635392, 72.0, -95.0, -969.0
3.2719008, 53.0, -105.0, -999.0
3.291166336, 58.0, -99.0, -973.0
3.310431744, 88.0, -117.0, -988.0
3.329697152, 128.0, -124.0, -1006.0
3.348962688, 129.0, -134.0, -992.0
3.368228096, 83.0, -124.0, -967.0
3.387493504, 93.0, -128.0, -998.0
3.406758912, 134.0, -127.0, -990.0
3.426024448, 166.0, -136.0, -992.0
3.445289874, 176.0, -135.0, -986.0
3.464556288, 146.0, -160.0, -956.0
3.48382272, 164.0, -148.0, -995.0
3.50308928, 137.0, -117.0, -954.0
3.522355712, 134.0, -119.0, -970.0
3.541622272, 177.0, -128.0, -962.0
3.560888704, 201.0, -136.0, -952.0
3.580155136, 259.0, -131.0, -961.0
3.599421696, 219.0, -149.0, -943.0
3.618688128, 195.0, -124.0, -973.0
3.637954688, 169.0, -105.0, -963.0
3.65722112, 220.0, -91.0, -930.0
3.676487552, 294.0, -181.0, -951.0
3.695754112, 219.0, -182.0, -937.0
3.715020544, 216.0, -230.0, -1031.0
3.734287104, 87.0, -253.0, -1016.0
3.753553536, 21.0, -103.0, -982.0
3.772819968, 13.0, -110.0, -1000.0
3.792086528, 22.0, -74.0, -962.0
3.81135296, 107.0, -116.0, -968.0
3.83061952, 186.0, -168.0, -971.0
3.849885952, 202.0, -194.0, -958.0
3.869152384, 191.0, -164.0, -973.0
3.888418944, 174.0, -125.0, -960.0
3.907685376, 175.0, -118.0, -968.0
3.926951936, 164.0, -128.0, -979.0
3.946218368, 149.0, -146.0, -967.0
3.9654848, 148.0, -134.0, -960.0
3.98475136, 140.0, -121.0, -976.0
4.004017792, 124.0, -114.0, -964.0
4.023284352, 124.0, -122.0, -981.0
4.042550784, 155.0, -114.0, -978.0
4.061817216, 163.0, -109.0, -966.0
4.081083776, 189.0, -99.0, -962.0
4.100350208, 205.0, -109.0, -962.0
4.119616768, 201.0, -125.0, -965.0
4.1388832, 192.0, -124.0, -970.0
4.158149632, 171.0, -114.0, -971.0
4.177416192, 160.0, -115.0, -966.0
4.196682624, 178.0, -110.0, -999.0
4.215949056, 224.0, -103.0, -993.0
4.235215616, 220.0, -97.0, -961.0
4.254482048, 196.0, -100.0, -961.0
4.273748608, 190.0, -107.0, -976.0
4.29301504, 208.0, -87.0, -969.0
4.312281472, 214.0, -86.0, -955.0
4.331548032, 231.0, -98.0, -968.0
4.350814464, 232.0, -118.0, -971.0
4.370081024, 210.0, -100.0, -958.0
4.389347456, 212.0, -94.0, -958.0
4.408613888, 202.0, -94.0, -958.0
4.427880448, 279.0, -92.0, -982.0
4.44714688, 174.0, -178.0, -920.0
4.46641344, 250.0, -74.0, -965.0
4.485679872, 236.0, -70.0, -965.0
4.504946304, 216.0, -80.0, -953.0
4.524212864, 216.0, -96.0, -948.0
4.543479296, 232.0, -111.0, -958.0
4.562745856, 226.0, -128.0, -959.0
4.582012288, 235.0, -166.0, -971.0
4.60127872, 220.0, -142.0, -958.0
4.62054528, 156.0, -72.0, -922.0
4.639811712, 216.0, -120.0, -929.0
4.659078272, 180.0, -83.0, -1023.0
4.678344704, 190.0, -96.0, -993.0
4.697611259, 243.0, -61.0, -880.0
4.71687616, 200.0, -158.0, -1009.0
4.736141056, 199.0, -149.0, -1019.0
4.755405952, 192.0, -135.0, -965.0
4.774670848, 185.0, -137.0, -980.0
4.793935744, 177.0, -141.0, -994.0
4.81320064, 201.0, -119.0, -957.0
4.832465536, 180.0, -111.0, -968.0
4.851730432, 182.0, -123.0, -964.0
4.870995328, 199.0, -105.0, -977.0
4.890260352, 197.0, -123.0, -960.0
4.909525248, 201.0, -128.0, -951.0
4.928790144, 183.0, -160.0, -965.0
4.94805504, 184.0, -214.0, -959.0
4.967319936, 175.0, -216.0, -959.0
4.986584832, 196.0, -221.0, -952.0
5.005849728, 185.0, -205.0, -962.0
5.025114624, 189.0, -195.0, -954.0
5.04437952, 195.0, -170.0, -981.0
5.063644416, 207.0, -110.0, -940.0
5.082909312, 218.0, -246.0, -946.0
5.102174208, 194.0, -250.0, -945.0
5.121439104, 153.0, -232.0, -926.0
5.140704, 160.0, -250.0, -953.0
5.159968896, 178.0, -253.0, -953.0
5.179233792, 198.0, -245.0, -951.0
5.198498816, 162.0, -209.0, -940.0
5.217763712, 143.0, -271.0, -934.0
5.237028608, 154.0, -286.0, -937.0
5.256293504, 154.0, -282.0, -925.0
5.2755584, 137.0, -339.0, -917.0
5.294823296, 135.0, -339.0, -924.0
5.314088192, 151.0, -333.0, -912.0
5.333353088, 159.0, -346.0, -911.0
5.352617984, 163.0, -371.0, -908.0
5.37188288, 144.0, -379.0, -893.0
5.391147776, 147.0, -417.0, -859.0
5.410412672, 126.0, -469.0, -857.0
5.429677568, 129.0, -469.0, -852.0
5.448942464, -147.0, -328.0, -213.0
5.46820736, 137.0, -542.0, -835.0
5.487472256, 151.0, -546.0, -803.0
5.506737152, 136.0, -579.0, -799.0
5.526002176, 175.0, -532.0, -816.0
5.545267072, 154.0, -588.0, -774.0
5.564531968, 108.0, -657.0, -725.0
5.583796864, 104.0, -703.0, -689.0
5.60306176, 148.0, -683.0, -706.0
5.622326656, 159.0, -721.0, -683.0
5.641591552, 153.0, -708.0, -674.0
5.660856448, 121.0, -766.0, -615.0
5.680121344, 134.0, -814.0, -551.0
5.69938624, 120.0, -803.0, -541.0
5.718651136, 142.0, -834.0, -523.0
5.737916032, 130.0, -843.0, -496.0
5.757180964, 163.0, -900.0, -469.0
5.776446976, 136.0, -865.0, -417.0
5.795713024, 178.0, -882.0, -396.0
5.814978944, 158.0, -894.0, -346.0
5.834244992, 163.0, -927.0, -334.0
5.85351104, 116.0, -898.0, -367.0
5.872777088, 115.0, -892.0, -398.0
5.892043008, 153.0, -911.0, -363.0
5.911309056, 165.0, -920.0, -353.0
5.930575104, 155.0, -902.0, -357.0
5.949841152, 149.0, -903.0, -361.0
5.969107072, 126.0, -895.0, -357.0
5.98837312, 153.0, -918.0, -348.0
6.007639168, 162.0, -912.0, -342.0
6.026905088, 164.0, -915.0, -320.0
6.046171136, 134.0, -909.0, -354.0
6.065437184, 152.0, -919.0, -353.0
6.084703232, 177.0, -912.0, -357.0
6.103969152, 179.0, -901.0, -352.0
6.1232352, 158.0, -902.0, -347.0
6.142501248, 161.0, -902.0, -358.0
6.161767296, 185.0, -870.0, -382.0
6.181033216, 154.0, -869.0, -432.0
6.200299264, 144.0, -873.0, -460.0
6.219565312, 133.0, -848.0, -467.0
6.23883136, 169.0, -836.0, -496.0
6.25809728, 201.0, -828.0, -496.0
6.277363328, 228.0, -804.0, -509.0
6.296629376, 135.0, -702.0, -698.0
6.315895296, 167.0, -601.0, -759.0
6.335161344, 132.0, -702.0, -735.0
6.354427392, 191.0, -686.0, -724.0
6.37369344, 206.0, -624.0, -763.0
6.39295936, 225.0, -611.0, -809.0
6.412225408, 172.0, -529.0, -858.0
6.431491456, 111.0, -338.0, -1021.0
6.450757504, 91.0, -306.0, -1052.0
6.470023424, 197.0, -135.0, -723.0
6.489289472, 254.0, -226.0, -875.0
6.50855552, 227.0, -216.0, -906.0
6.52782144, 167.0, -144.0, -968.0
6.547087488, 144.0, -126.0, -925.0
6.566353536, 156.0, -299.0, -976.0
6.585619584, 147.0, -285.0, -1004.0
6.604885504, 128.0, -220.0, -1027.0
6.624151552, 123.0, -141.0, -968.0
6.6434176, 126.0, -145.0, -953.0
6.662683648, 155.0, -161.0, -912.0
6.681949568, 223.0, -182.0, -888.0
6.701215616, 314.0, -190.0, -931.0
6.720481664, 279.0, -181.0, -878.0
6.739747584, 318.0, -122.0, -843.0
6.759013632, 479.0, -140.0, -896.0
6.77827968, 596.0, -175.0, -847.0
6.797545728, 586.0, -177.0, -802.0
6.816811648, 585.0, -138.0, -818.0
6.836077696, 641.0, -161.0, -813.0
6.855343744, 530.0, -141.0, -850.0
6.874609792, 526.0, -117.0, -860.0
6.893875712, 464.0, -152.0, -810.0
6.913141768, 566.0, -128.0, -840.0
6.93240704, 586.0, -116.0, -793.0
6.95167232, 633.0, -97.0, -790.0
6.970937472, 672.0, -109.0, -775.0
6.990202752, 665.0, -105.0, -768.0
7.009468032, 674.0, -126.0, -786.0
7.028733184, 619.0, -129.0, -769.0
7.047998464, 588.0, -133.0, -817.0
7.067263744, 539.0, -129.0, -817.0
7.086528896, 509.0, -127.0, -830.0
7.105794176, 483.0, -148.0, -853.0
7.125059456, 452.0, -135.0, -857.0
7.144324608, 464.0, -145.0, -860.0
7.163589888, 505.0, -148.0, -836.0
7.182855168, 532.0, -125.0, -828.0
7.202120448, 545.0, -123.0, -834.0
7.2213856, 515.0, -135.0, -831.0
7.24065088, 516.0, -134.0, -854.0
7.25991616, 505.0, -136.0, -857.0
7.279181312, 484.0, -137.0, -862.0
7.298446592, 490.0, -132.0, -856.0
7.317711872, 495.0, -151.0, -857.0
7.336977024, 485.0, -146.0, -874.0
7.356242304, 442.0, -136.0, -906.0
7.375507584, 345.0, -129.0, -922.0
7.394772736, 270.0, -134.0, -922.0
7.414038016, 317.0, -131.0, -907.0
7.433303296, 424.0, -129.0, -887.0
7.452568448, 455.0, -153.0, -895.0
7.471833728, 446.0, -155.0, -887.0
7.491099008, 440.0, -134.0, -886.0
7.51036416, 413.0, -129.0, -887.0
7.52962944, 343.0, -131.0, -918.0
7.54889472, 275.0, -123.0, -937.0
7.568159872, 210.0, -136.0, -951.0
7.587425152, 194.0, -178.0, -940.0
7.606690432, 237.0, -165.0, -953.0
7.625955584, 218.0, -131.0, -939.0
7.645220864, 397.0, -147.0, -946.0
7.664486144, 361.0, -133.0, -964.0
7.683751424, 233.0, -132.0, -928.0
7.703016576, 161.0, -133.0, -944.0
7.722281856, 179.0, -147.0, -957.0
7.741547136, 223.0, -136.0, -945.0
7.760812288, 237.0, -128.0, -961.0
7.780077568, 174.0, -137.0, -971.0
7.799342848, 123.0, -135.0, -943.0
7.818608, 146.0, -149.0, -964.0
7.83787328, 153.0, -161.0, -960.0
7.85713856, 140.0, -194.0, -1002.0
7.876403712, 44.0, -213.0, -964.0
7.895668992, -10.0, -245.0, -970.0
7.914934272, 46.0, -254.0, -988.0
7.934199424, 16.0, -221.0, -966.0
7.953464704, -15.0, -149.0, -983.0
7.972729984, -4.0, -106.0, -993.0
7.991995136, 37.0, -94.0, -964.0
8.011260416, 78.0, -95.0, -973.0
8.030525696, 68.0, -119.0, -982.0
8.049790848, 54.0, -133.0, -979.0
8.069056128, 35.0, -170.0, -980.0
8.088321408, 49.0, -178.0, -986.0
8.10758656, 80.0, -163.0, -987.0
8.12685184, 65.0, -162.0, -981.0
8.14611712, 29.0, -149.0, -970.0
8.1653824, 31.0, -156.0, -978.0
8.184647552, 21.0, -157.0, -982.0
8.203912781, 28.0, -134.0, -978.0
8.223176832, 47.0, -172.0, -978.0
8.242440832, 24.0, -148.0, -975.0
8.261704704, 28.0, -156.0, -966.0
8.280968704, 6.0, -150.0, -982.0
8.300232576, 36.0, -155.0, -990.0
8.319496576, 47.0, -162.0, -983.0
8.338760576, 52.0, -163.0, -983.0
8.358024448, 42.0, -157.0, -977.0
8.377288448, 38.0, -156.0, -980.0
8.396552448, 40.0, -152.0, -978.0
8.41581632, 47.0, -151.0, -981.0
8.43508032, 47.0, -162.0, -984.0
8.454344192, 56.0, -162.0, -968.0
8.473608192, 42.0, -163.0, -976.0
8.492872192, 47.0, -157.0, -979.0
8.512136064, 49.0, -157.0, -980.0
8.531400064, 49.0, -161.0, -975.0
8.550664064, 50.0, -163.0, -975.0
8.569927936, 53.0, -168.0, -980.0
8.589191936, 54.0, -164.0, -980.0
8.608455808, 48.0, -165.0, -984.0
8.627719808, 39.0, -158.0, -976.0
8.646983808, 41.0, -169.0, -980.0
8.66624768, 47.0, -170.0, -981.0
8.68551168, 53.0, -169.0, -979.0
8.70477568, 51.0, -170.0, -984.0
8.724039552, 44.0, -165.0, -976.0
8.743303552, 39.0, -166.0, -979.0
8.762567424, 46.0, -165.0, -983.0
8.781831424, 48.0, -170.0, -978.0
8.801095424, 50.0, -168.0, -976.0
8.820359296, 51.0, -160.0, -979.0
8.839623296, 53.0, -160.0, -980.0
8.858887296, 43.0, -158.0, -974.0
8.878151168, 48.0, -161.0, -980.0
8.897415168, 45.0, -163.0, -976.0
8.91667904, 42.0, -159.0, -980.0
8.93594304, 41.0, -158.0, -977.0
8.95520704, 41.0, -160.0, -979.0
8.974470912, 44.0, -154.0, -977.0
8.993734912, 44.0, -166.0, -977.0
9.012998912, 40.0, -161.0, -985.0
9.032262784, 35.0, -163.0, -985.0
9.051526784, 26.0, -158.0, -984.0
9.070790656, 34.0, -158.0, -984.0
9.090054656, 37.0, -159.0, -984.0
9.109318656, 41.0, -162.0, -986.0
9.128582528, 40.0, -157.0, -983.0
9.147846528, 43.0, -158.0, -982.0
9.167110528, 40.0, -155.0, -982.0
9.1863744, 35.0, -158.0, -983.0
9.2056384, 41.0, -159.0, -980.0
9.224902272, 42.0, -158.0, -980.0
9.244166272, 47.0, -156.0, -976.0
9.263430272, 41.0, -159.0, -974.0
9.282694144, 34.0, -156.0, -980.0
9.301958144, 32.0, -161.0, -975.0
9.321222144, 44.0, -159.0, -983.0
9.340486016, 49.0, -158.0, -975.0
9.359750016, 48.0, -155.0, -978.0
9.379013888, 36.0, -157.0, -982.0
9.398277888, 27.0, -161.0, -981.0
9.417541888, 32.0, -160.0, -982.0
9.43680576, 44.0, -159.0, -978.0
9.45606976, 48.0, -162.0, -984.0
9.47533376, 43.0, -159.0, -982.0
9.494597632, 37.0, -152.0, -989.0
9.513861632, 30.0, -161.0, -986.0
9.533125504, 38.0, -162.0, -981.0
9.552389504, 50.0, -157.0, -982.0
9.571653504, 49.0, -163.0, -980.0
9.590917376, 44.0, -157.0, -977.0
9.610181376, 38.0, -165.0, -979.0
9.629445376, 44.0, -166.0, -980.0
9.648709248, 51.0, -160.0, -972.0
9.667973248, 53.0, -156.0, -974.0
9.68723712, 46.0, -157.0, -976.0
9.70650112, 37.0, -163.0, -976.0
9.72576512, 47.0, -164.0, -980.0
9.745028992, 55.0, -161.0, -977.0
9.764292992, 50.0, -162.0, -983.0
9.783556992, 43.0, -159.0, -974.0
9.802820864, 38.0, -160.0, -981.0
9.822084864, 38.0, -165.0, -981.0
9.841348736, 44.0, -164.0, -985.0
9.860612736, 47.0, -165.0, -983.0
9.879876736, 45.0, -164.0, -980.0
9.899140608, 45.0, -163.0, -985.0
9.918404608, 38.0, -161.0, -985.0
9.937668608, 39.0, -159.0, -979.0
9.95693248, 43.0, -157.0, -980.0
9.97619648, 46.0, -156.0, -981.0
9.995460352, 38.0, -156.0, -979.0
10.014724255, 40.0, -162.0, -980.0
10.033988096, 46.0, -160.0, -981.0
10.053251968, 46.0, -159.0, -977.0
10.072515712, 47.0, -156.0, -978.0
10.091779584, 44.0, -158.0, -980.0
10.111043456, 42.0, -152.0, -978.0
10.130307328, 40.0, -153.0, -977.0
10.149571072, 40.0, -162.0, -987.0
10.168834944, 31.0, -160.0, -982.0
10.188098816, 33.0, -156.0, -981.0
10.207362688, 36.0, -156.0, -981.0
10.226626432, 37.0, -157.0, -983.0
10.245890304, 28.0, -154.0, -980.0
10.265154176, 23.0, -156.0, -979.0
10.284418048, 22.0, -161.0, -983.0
10.303681792, 22.0, -159.0, -981.0
10.322945664, 23.0, -160.0, -986.0
10.342209536, 25.0, -157.0, -983.0
10.36147328, 36.0, -161.0, -977.0
10.380737152, 37.0, -161.0, -982.0
10.400001024, 36.0, -154.0, -979.0
10.419264896, 35.0, -159.0, -980.0
10.43852864, 31.0, -153.0, -975.0
10.457792512, 34.0, -158.0, -976.0
10.477056384, 35.0, -164.0, -980.0
10.496320256, 37.0, -158.0, -975.0
10.515584, 48.0, -163.0, -981.0
10.534847872, 47.0, -159.0, -981.0
10.554111744, 42.0, -156.0, -977.0
10.573375616, 31.0, -155.0, -982.0
10.59263936, 24.0, -158.0, -983.0
10.611903232, 34.0, -151.0, -982.0
10.631167104, 44.0, -155.0, -985.0
10.650430976, 40.0, -154.0, -983.0
10.66969472, 32.0, -158.0, -978.0
10.688958592, 38.0, -155.0, -990.0
10.708222464, 34.0, -159.0, -983.0
10.727486208, 31.0, -158.0, -985.0
10.74675008, 37.0, -153.0, -982.0
10.766013952, 39.0, -157.0, -978.0
10.785277824, 45.0, -147.0, -979.0
10.804541568, 32.0, -152.0, -978.0
10.82380544, 41.0, -154.0, -980.0
10.843069312, 40.0, -152.0, -979.0
10.862333184, 40.0, -151.0, -977.0
10.881596928, 45.0, -160.0, -977.0
10.9008608, 44.0, -155.0, -982.0
10.920124672, 45.0, -157.0, -986.0
10.939388544, 38.0, -153.0, -980.0
10.958652288, 47.0, -150.0, -982.0
10.97791616, 41.0, -153.0, -979.0
10.997180032, 40.0, -156.0, -980.0
11.016443776, 42.0, -149.0, -982.0
11.035707648, 39.0, -153.0, -988.0
11.05497152, 41.0, -156.0, -979.0
11.074235392, 35.0, -160.0, -986.0
11.093499136, 31.0, -159.0, -980.0
11.112763008, 28.0, -153.0, -983.0
11.13202688, 32.0, -156.0, -989.0
11.151290752, 31.0, -156.0, -977.0
11.170554496, 38.0, -157.0, -983.0
11.189818368, 42.0, -159.0, -981.0
11.20908224, 36.0, -151.0, -979.0
11.228346112, 29.0, -150.0, -981.0
11.247609856, 29.0, -149.0, -982.0
11.266873728, 40.0, -156.0, -979.0
11.2861376, 45.0, -158.0, -981.0
11.305401472, 39.0, -155.0, -978.0
11.324665216, 34.0, -151.0, -984.0
11.343929088, 32.0, -147.0, -981.0
11.36319296, 36.0, -157.0, -979.0
11.382456704, 36.0, -159.0, -981.0
11.401720576, 42.0, -157.0, -981.0
11.420984448, 36.0, -155.0, -981.0
11.44024832, 27.0, -155.0, -985.0
11.459512064, 30.0, -157.0, -982.0
11.478775936, 35.0, -162.0, -982.0
11.498039808, 40.0, -160.0, -982.0
11.51730368, 34.0, -156.0, -984.0
11.536567424, 26.0, -158.0, -985.0
11.555831296, 25.0, -152.0, -979.0
11.575095168, 33.0, -157.0, -978.0
11.59435904, 40.0, -157.0, -979.0
11.613622784, 38.0, -157.0, -978.0
11.632886656, 36.0, -154.0, -977.0
11.652150528, 38.0, -158.0, -982.0
11.671414272, 36.0, -153.0, -979.0
11.690678144, 37.0, -154.0, -980.0
11.709942016, 41.0, -154.0, -977.0
11.729205888, 44.0, -153.0, -979.0
11.748469632, 39.0, -153.0, -983.0
11.767733504, 36.0, -155.0, -982.0
11.786997376, 35.0, -155.0, -981.0
11.806261248, 34.0, -153.0, -984.0
11.825525037, 34.0, -160.0, -983.0
11.844788864, 37.0, -155.0, -987.0
11.864052736, 34.0, -162.0, -987.0
11.883316608, 32.0, -158.0, -983.0
11.902580352, 33.0, -153.0, -985.0
11.921844224, 32.0, -156.0, -985.0
11.941108096, 35.0, -157.0, -982.0
11.960371968, 36.0, -153.0, -981.0
11.97963584, 36.0, -155.0, -977.0
11.998899584, 31.0, -159.0, -981.0
12.018163456, 43.0, -156.0, -980.0
12.037427328, 41.0, -156.0, -979.0
12.0566912, 42.0, -159.0, -977.0
12.075954944, 33.0, -155.0, -979.0
12.095218816, 30.0, -159.0, -981.0
12.114482688, 32.0, -153.0, -979.0
12.13374656, 40.0, -148.0, -983.0
12.153010432, 45.0, -151.0, -978.0
12.172274176, 43.0, -152.0, -979.0
12.191538048, 34.0, -151.0, -985.0
12.21080192, 28.0, -155.0, -990.0
12.230065792, 28.0, -156.0, -979.0
12.249329664, 27.0, -153.0, -987.0
12.268593408, 37.0, -156.0, -989.0
12.28785728, 40.0, -153.0, -980.0
12.307121152, 44.0, -149.0, -987.0
12.326385024, 39.0, -149.0, -984.0
12.345648896, 34.0, -153.0, -981.0
12.36491264, 31.0, -156.0, -986.0
12.384176512, 31.0, -153.0, -980.0
12.403440384, 36.0, -149.0, -984.0
12.422704256, 38.0, -151.0, -986.0
12.441968, 34.0, -147.0, -978.0
12.461231872, 36.0, -148.0, -980.0
12.480495744, 40.0, -147.0, -976.0
12.499759616, 44.0, -150.0, -980.0
12.519023488, 40.0, -144.0, -980.0
12.538287232, 30.0, -151.0, -984.0
12.557551104, 27.0, -150.0, -978.0
12.576814976, 35.0, -146.0, -986.0
12.596078848, 39.0, -149.0, -982.0
12.61534272, 38.0, -154.0, -984.0
12.634606464, 27.0, -152.0, -983.0
12.653870336, 26.0, -151.0, -984.0
12.673134208, 29.0, -153.0, -983.0
12.69239808, 37.0, -149.0, -982.0
12.711661952, 36.0, -152.0, -984.0
12.730925696, 31.0, -151.0, -985.0
12.750189568, 26.0, -153.0, -986.0
12.76945344, 25.0, -149.0, -982.0
12.788717312, 42.0, -149.0, -981.0
12.807981056, 51.0, -147.0, -979.0
12.827244928, 45.0, -152.0, -979.0
12.8465088, 34.0, -151.0, -980.0
12.865772672, 34.0, -147.0, -982.0
12.885036544, 34.0, -149.0, -978.0
12.904300288, 42.0, -148.0, -983.0
12.92356416, 46.0, -152.0, -978.0
12.942828032, 37.0, -153.0, -979.0
12.962091904, 30.0, -154.0, -986.0
12.981355776, 38.0, -153.0, -981.0
13.00061952, 46.0, -153.0, -977.0
13.019883392, 56.0, -157.0, -981.0
13.039147264, 62.0, -155.0, -982.0
13.058411136, 51.0, -159.0, -985.0
13.077675008, 27.0, -154.0, -989.0
13.096938752, 10.0, -154.0, -983.0
13.116202624, 7.0, -151.0, -983.0
13.135466496, 27.0, -149.0, -986.0
13.154730368, 47.0, -156.0, -982.0
13.173994112, 55.0, -154.0, -978.0
13.193257984, 54.0, -156.0, -983.0
13.212521856, 38.0, -156.0, -975.0
13.231785728, 36.0, -156.0, -979.0
13.2510496, 44.0, -153.0, -982.0
13.270313344, 53.0, -149.0, -978.0
13.289577216, 46.0, -150.0, -977.0
13.308841088, 38.0, -152.0, -981.0
13.32810496, 34.0, -156.0, -981.0
13.347368832, 43.0, -151.0, -978.0
13.366632576, 49.0, -157.0, -979.0
13.385896448, 49.0, -158.0, -986.0
13.40516032, 41.0, -149.0, -980.0
13.424424192, 33.0, -155.0, -985.0
13.443688064, 33.0, -157.0, -981.0
13.462951808, 38.0, -156.0, -984.0
13.48221568, 43.0, -158.0, -984.0
13.501479552, 30.0, -152.0, -987.0
13.520743424, 33.0, -150.0, -985.0
13.540007168, 30.0, -157.0, -983.0
13.55927104, 34.0, -158.0, -983.0
13.578534912, 42.0, -153.0, -979.0
13.597798784, 38.0, -156.0, -981.0
13.617062656, 37.0, -149.0, -984.0
13.6363264, 37.0, -152.0, -980.0
13.655590314, 38.0, -156.0, -977.0
13.674854784, 44.0, -151.0, -982.0
13.694119296, 48.0, -148.0, -977.0
13.713383808, 43.0, -154.0, -980.0
13.732648192, 41.0, -156.0, -980.0
13.751912704, 36.0, -149.0, -982.0
13.771177216, 34.0, -152.0, -978.0
13.790441728, 38.0, -154.0, -981.0
13.80970624, 46.0, -153.0, -985.0
13.828970624, 37.0, -153.0, -981.0
13.848235136, 31.0, -155.0, -978.0
13.867499648, 28.0, -156.0, -981.0
13.88676416, 32.0, -153.0, -984.0
13.906028672, 37.0, -158.0, -984.0
13.925293184, 37.0, -156.0, -984.0
13.944557568, 35.0, -154.0, -985.0
13.96382208, 30.0, -149.0, -983.0
13.983086592, 32.0, -153.0, -985.0
14.002351104, 38.0, -155.0, -983.0
14.021615616, 44.0, -151.0, -983.0
14.04088, 44.0, -154.0, -982.0
14.060144512, 35.0, -150.0, -982.0
14.079409024, 33.0, -155.0, -980.0
14.098673536, 40.0, -148.0, -979.0
14.117938048, 39.0, -152.0, -981.0
14.137202432, 45.0, -151.0, -980.0
14.156466944, 42.0, -149.0, -979.0
14.175731456, 35.0, -153.0, -978.0
14.194995968, 36.0, -151.0, -982.0
14.21426048, 38.0, -153.0, -979.0
14.233524864, 45.0, -153.0, -984.0
14.252789376, 34.0, -151.0, -981.0
14.272053888, 29.0, -151.0, -983.0
14.2913184, 27.0, -154.0, -983.0
14.310582912, 37.0, -158.0, -984.0
14.329847424, 33.0, -154.0, -979.0
14.349111808, 33.0, -150.0, -983.0
14.36837632, 35.0, -150.0, -986.0
14.387640832, 30.0, -155.0, -982.0
14.406905344, 37.0, -154.0, -977.0
14.426169856, 37.0, -152.0, -980.0
14.44543424, 40.0, -149.0, -982.0
14.464698752, 38.0, -150.0, -979.0
14.483963264, 39.0, -150.0, -978.0
14.503227776, 39.0, -152.0, -982.0
14.522492288, 40.0, -155.0, -980.0
14.541756672, 39.0, -150.0, -978.0
14.561021184, 38.0, -152.0, -981.0
14.580285696, 39.0, -157.0, -982.0
14.599550208, 39.0, -155.0, -979.0
14.61881472, 38.0, -156.0, -984.0
14.638079104, 38.0, -154.0, -980.0
14.657343616, 35.0, -157.0, -981.0
14.676608128, 32.0, -151.0, -982.0
14.69587264, 36.0, -152.0, -988.0
14.715137152, 39.0, -162.0, -982.0
14.734401536, 36.0, -163.0, -982.0
14.753666048, 33.0, -155.0, -985.0
14.77293056, 33.0, -153.0, -985.0
14.792195072, 27.0, -152.0, -985.0
14.811459584, 38.0, -156.0, -981.0
14.830724096, 49.0, -155.0, -982.0
14.84998848, 51.0, -150.0, -978.0
14.869252992, 41.0, -144.0, -980.0
14.888517504, 38.0, -149.0, -979.0
14.907782016, 46.0, -151.0, -979.0
14.927046528, 49.0, -150.0, -983.0
14.946310912, 45.0, -146.0, -980.0
14.965575424, 37.0, -147.0, -978.0
14.984839936, 34.0, -149.0, -985.0
15.004104448, 31.0, -147.0, -985.0
15.02336896, 30.0, -146.0, -982.0
15.042633344, 37.0, -150.0, -985.0
15.061897856, 36.0, -147.0, -985.0
15.081162368, 35.0, -146.0, -987.0
15.10042688, 27.0, -152.0, -989.0
15.119691392, 27.0, -151.0, -986.0
15.138955776, 30.0, -156.0, -983.0
15.158220288, 35.0, -152.0, -983.0
15.1774848, 35.0, -147.0, -982.0
15.196749312, 36.0, -153.0, -981.0
15.216013824, 34.0, -152.0, -980.0
15.235278336, 37.0, -148.0, -979.0
15.25454272, 37.0, -152.0, -982.0
15.273807232, 44.0, -153.0, -975.0
15.293071744, 42.0, -148.0, -979.0
15.312336256, 46.0, -152.0, -978.0
15.331600768, 41.0, -149.0, -980.0
15.350865152, 40.0, -149.0, -980.0
15.370129664, 42.0, -152.0, -982.0
15.389394176, 40.0, -153.0, -977.0
15.408658688, 43.0, -152.0, -984.0
15.4279232, 42.0, -156.0, -982.0
15.447187584, 37.0, -151.0, -981.0
15.466452096, 39.0, -156.0, -981.0
15.485716608, 37.0, -154.0, -983.0
15.50498112, 40.0, -153.0, -982.0
15.524245605, 43.0, -157.0, -985.0
15.54351104, 38.0, -152.0, -980.0
15.562776448, 41.0, -151.0, -980.0
15.582041984, 42.0, -155.0, -983.0
15.601307392, 43.0, -155.0, -981.0
15.620572928, 42.0, -152.0, -982.0
15.639838336, 36.0, -149.0, -983.0
15.659103872, 34.0, -151.0, -977.0
15.67836928, 38.0, -154.0, -978.0
15.697634816, 47.0, -153.0, -979.0
15.716900224, 50.0, -148.0, -978.0
15.73616576, 43.0, -151.0, -981.0
15.755431168, 36.0, -150.0, -980.0
15.774696704, 34.0, -151.0, -984.0
15.793962112, 37.0, -153.0, -984.0
15.813227648, 47.0, -155.0, -984.0
15.832493056, 47.0, -157.0, -983.0
15.851758592, 38.0, -155.0, -987.0
15.871024, 25.0, -153.0, -981.0
15.890289536, 27.0, -156.0, -987.0
15.909554944, 38.0, -154.0, -984.0
15.92882048, 40.0, -150.0, -987.0
15.948085888, 42.0, -154.0, -984.0
15.967351424, 39.0, -153.0, -982.0
15.986616832, 34.0, -153.0, -983.0
16.005882368, 36.0, -150.0, -978.0
16.025147776, 45.0, -148.0, -982.0
16.044413312, 44.0, -158.0, -980.0
16.06367872, 46.0, -153.0, -978.0
16.082944256, 43.0, -147.0, -978.0
16.102209664, 38.0, -151.0, -979.0
16.1214752, 44.0, -152.0, -979.0
16.140740608, 45.0, -150.0, -979.0
16.160006144, 48.0, -150.0, -980.0
16.179271552, 40.0, -154.0, -979.0
16.198537088, 36.0, -153.0, -982.0
16.217802496, 41.0, -152.0, -984.0
16.237068032, 41.0, -154.0, -984.0
16.25633344, 39.0, -154.0, -983.0
16.275598976, 47.0, -154.0, -982.0
16.294864384, 47.0, -152.0, -988.0
16.31412992, 40.0, -155.0, -984.0
16.333395328, 38.0, -151.0, -984.0
16.352660864, 35.0, -156.0, -985.0
16.371926272, 38.0, -153.0, -984.0
16.391191808, 41.0, -152.0, -981.0
16.410457216, 45.0, -152.0, -981.0
16.429722752, 39.0, -148.0, -978.0
16.44898816, 40.0, -148.0, -978.0
16.468253696, 41.0, -151.0, -978.0
16.487519104, 48.0, -155.0, -982.0
16.50678464, 48.0, -149.0, -981.0
16.526050048, 44.0, -150.0, -978.0
16.545315584, 41.0, -152.0, -980.0
16.564580992, 46.0, -150.0, -982.0
16.583846528, 41.0, -150.0, -982.0
16.603111936, 45.0, -150.0, -985.0
16.622377472, 35.0, -151.0, -982.0
16.64164288, 33.0, -154.0, -986.0
16.660908416, 40.0, -157.0, -984.0
16.680173824, 37.0, -148.0, -987.0
16.69943936, 31.0, -154.0, -984.0
16.718704768, 36.0, -151.0, -987.0
16.737970304, 33.0, -154.0, -986.0
16.757235712, 32.0, -154.0, -984.0
16.776501248, 41.0, -153.0, -980.0
16.795766656, 39.0, -148.0, -984.0
16.815032192, 41.0, -144.0, -980.0
16.8342976, 37.0, -151.0, -980.0
16.853563136, 43.0, -147.0, -979.0
16.872828544, 39.0, -151.0, -983.0
16.89209408, 40.0, -145.0, -978.0
16.911359488, 43.0, -149.0, -982.0
16.930625024, 43.0, -153.0, -985.0
16.949890432, 40.0, -150.0, -982.0
16.969155968, 46.0, -146.0, -980.0
16.988421376, 43.0, -155.0, -978.0
17.007686912, 41.0, -154.0, -981.0
17.02695232, 38.0, -153.0, -982.0
17.046217856, 36.0, -152.0, -986.0
17.065483264, 35.0, -150.0, -986.0
17.0847488, 37.0, -153.0, -985.0
17.104014208, 39.0, -153.0, -982.0
17.123279744, 40.0, -151.0, -983.0
17.142545152, 34.0, -154.0, -983.0
17.161810688, 35.0, -152.0, -982.0
17.181076096, 35.0, -150.0, -985.0
17.200341632, 36.0, -152.0, -982.0
17.21960704, 37.0, -152.0, -981.0
17.238872576, 47.0, -151.0, -981.0
17.258137984, 40.0, -153.0, -982.0
17.27740352, 38.0, -149.0, -978.0
17.296668928, 44.0, -146.0, -980.0
17.3159345, 43.0, -148.0, -982.0
17.335200768, 44.0, -151.0, -979.0
17.354467072, 44.0, -152.0, -979.0
17.373733376, 45.0, -153.0, -982.0
17.39299968, 42.0, -149.0, -983.0
17.412266112, 41.0, -151.0, -980.0
17.431532416, 37.0, -153.0, -983.0
17.45079872, 41.0, -153.0, -983.0
17.470065024, 35.0, -150.0, -986.0
17.489331328, 35.0, -151.0, -986.0
17.508597632, 36.0, -152.0, -982.0
17.527863936, 37.0, -156.0, -982.0
17.547130368, 37.0, -152.0, -981.0
17.566396672, 38.0, -149.0, -982.0
17.585662976, 35.0, -152.0, -980.0
17.60492928, 35.0, -154.0, -980.0
17.624195584, 48.0, -153.0, -982.0
17.643461888, 39.0, -154.0, -981.0
17.662728192, 37.0, -148.0, -983.0
17.681994496, 40.0, -148.0, -977.0
17.701260928, 43.0, -148.0, -985.0
17.720527232, 51.0, -151.0, -981.0
17.739793536, 46.0, -150.0, -982.0
17.75905984, 43.0, -144.0, -978.0
17.778326144, 37.0, -148.0, -982.0
17.797592448, 43.0, -152.0, -979.0
17.816858752, 45.0, -152.0, -984.0
17.836125184, 37.0, -158.0, -987.0
17.855391488, 40.0, -155.0, -981.0
17.874657792, 41.0, -154.0, -983.0
17.893924096, 44.0, -157.0, -983.0
17.9131904, 35.0, -154.0, -988.0
17.932456704, 37.0, -154.0, -987.0
17.951723008, 37.0, -154.0, -980.0
17.97098944, 38.0, -154.0, -984.0
17.990255744, 39.0, -152.0, -983.0
18.009522048, 37.0, -153.0, -978.0
18.028788352, 41.0, -153.0, -983.0
18.048054656, 43.0, -153.0, -979.0
18.06732096, 46.0, -153.0, -979.0
18.086587264, 43.0, -151.0, -975.0
18.105853568, 46.0, -153.0, -978.0
18.12512, 46.0, -152.0, -978.0
18.144386304, 42.0, -151.0, -978.0
18.163652608, 47.0, -151.0, -980.0
18.182918912, 43.0, -151.0, -982.0
18.202185216, 41.0, -150.0, -984.0
18.22145152, 42.0, -154.0, -979.0
18.240717824, 43.0, -153.0, -983.0
18.259984256, 38.0, -152.0, -980.0
18.27925056, 41.0, -155.0, -981.0
18.298516864, 47.0, -154.0, -985.0
18.317783168, 37.0, -149.0, -980.0
18.337049472, 42.0, -157.0, -986.0
18.356315776, 38.0, -155.0, -980.0
18.37558208, 38.0, -152.0, -981.0
18.394848512, 40.0, -156.0, -985.0
18.414114816, 41.0, -155.0, -978.0
18.43338112, 43.0, -154.0, -983.0
18.452647424, 40.0, -151.0, -977.0
18.471913728, 44.0, -148.0, -979.0
18.491180032, 44.0, -150.0, -978.0
18.510446336, 48.0, -155.0, -981.0
18.529712768, 45.0, -151.0, -977.0
18.548979072, 43.0, -149.0, -980.0
18.568245376, 43.0, -151.0, -981.0
18.58751168, 45.0, -151.0, -980.0
18.606777984, 46.0, -155.0, -979.0
18.626044288, 44.0, -156.0, -981.0
18.645310592, 38.0, -156.0, -980.0
18.664576896, 42.0, -152.0, -982.0
18.683843328, 41.0, -158.0, -982.0
18.703109632, 37.0, -154.0, -985.0
18.722375936, 36.0, -159.0, -983.0
18.74164224, 38.0, -152.0, -983.0
18.760908544, 46.0, -151.0, -983.0
18.780174848, 39.0, -155.0, -982.0
18.799441152, 34.0, -153.0, -982.0
18.818707584, 37.0, -153.0, -976.0
18.837973888, 45.0, -154.0, -977.0
18.857240192, 47.0, -151.0, -980.0
18.876506496, 41.0, -152.0, -978.0
18.8957728, 36.0, -152.0, -980.0
18.915039104, 45.0, -152.0, -976.0
18.934305408, 53.0, -153.0, -974.0
18.95357184, 50.0, -152.0, -981.0
18.972838144, 49.0, -154.0, -981.0
18.992104448, 41.0, -151.0, -976.0
19.011370752, 41.0, -153.0, -981.0
19.030637056, 44.0, -149.0, -983.0
19.04990336, 44.0, -154.0, -977.0
19.069169664, 44.0, -151.0, -982.0
19.088436096, 39.0, -156.0, -986.0
19.1077024, 34.0, -153.0, -980.0
19.126968704, 35.0, -157.0, -982.0
19.146235008, 42.0, -156.0, -985.0
19.165501312, 41.0, -155.0, -979.0
19.184767616, 41.0, -152.0, -979.0
19.20403392, 40.0, -155.0, -983.0
19.223300337, 38.0, -154.0, -984.0
19.2425664, 40.0, -154.0, -981.0
19.261832448, 45.0, -155.0, -983.0
19.281098368, 49.0, -153.0, -978.0
19.300364416, 42.0, -151.0, -979.0
19.319630464, 47.0, -155.0, -981.0
19.338896512, 47.0, -149.0, -978.0
19.358162432, 46.0, -154.0, -982.0
19.37742848, 47.0, -155.0, -980.0
19.396694528, 41.0, -148.0, -978.0
19.415960576, 42.0, -153.0, -981.0
19.435226496, 39.0, -151.0, -978.0
19.454492544, 40.0, -151.0, -983.0
19.473758592, 36.0, -155.0, -983.0
19.493024512, 41.0, -158.0, -980.0
19.51229056, 38.0, -151.0, -984.0
19.531556608, 39.0, -156.0, -986.0
19.550822656, 37.0, -152.0, -983.0
19.570088576, 39.0, -155.0, -981.0
19.589354624, 40.0, -158.0, -987.0
19.608620672, 39.0, -149.0, -986.0
19.62788672, 35.0, -149.0, -980.0
19.64715264, 34.0, -154.0, -986.0
19.666418688, 37.0, -150.0, -981.0
19.685684736, 40.0, -153.0, -984.0
19.704950784, 44.0, -150.0, -980.0
19.724216704, 40.0, -151.0, -976.0
19.743482752, 45.0, -149.0, -980.0
19.7627488, 43.0, -148.0, -978.0
19.78201472, 35.0, -153.0, -981.0
19.801280768, 37.0, -152.0, -980.0
19.820546816, 39.0, -149.0, -979.0
19.839812864, 43.0, -151.0, -985.0
19.859078784, 41.0, -148.0, -982.0
19.878344832, 42.0, -150.0, -981.0
19.89761088, 48.0, -151.0, -979.0
19.916876928, 46.0, -150.0, -989.0
19.936142848, 33.0, -147.0, -986.0
19.955408896, 27.0, -149.0, -985.0
19.974674944, 36.0, -151.0, -986.0
19.993940864, 39.0, -150.0, -983.0
20.013206912, 42.0, -151.0, -986.0
20.03247296, 39.0, -146.0, -983.0
20.051739008, 43.0, -147.0, -981.0
20.071004928, 42.0, -149.0, -979.0
20.090270976, 42.0, -148.0, -981.0
20.109537024, 42.0, -147.0, -975.0
20.128803072, 48.0, -147.0, -982.0
20.148068992, 41.0, -144.0, -980.0
20.16733504, 40.0, -148.0, -981.0
20.186601088, 43.0, -149.0, -982.0
20.205867008, 46.0, -149.0, -982.0
20.225133056, 48.0, -148.0, -976.0
20.244399104, 43.0, -149.0, -983.0
20.263665152, 40.0, -147.0, -981.0
20.282931072, 40.0, -148.0, -983.0
20.30219712, 42.0, -153.0, -984.0
20.321463168, 45.0, -153.0, -985.0
20.340729216, 39.0, -152.0, -983.0
20.359995136, 41.0, -154.0, -983.0
20.379261184, 42.0, -150.0, -986.0
20.398527232, 42.0, -154.0, -984.0
20.41779328, 41.0, -155.0, -983.0
20.4370592, 45.0, -154.0, -981.0
20.456325248, 45.0, -153.0, -981.0
20.475591296, 46.0, -151.0, -979.0
20.494857216, 44.0, -149.0, -978.0
20.514123264, 47.0, -150.0, -982.0
20.533389312, 51.0, -150.0, -979.0
20.55265536, 45.0, -147.0, -980.0
20.57192128, 41.0, -148.0, -980.0
20.591187328, 41.0, -152.0, -980.0
20.610453376, 44.0, -146.0, -981.0
20.629719424, 48.0, -150.0, -983.0
20.648985344, 44.0, -151.0, -987.0
20.668251392, 47.0, -149.0, -981.0
20.68751744, 40.0, -154.0, -979.0
20.70678336, 42.0, -153.0, -980.0
20.726049408, 44.0, -156.0, -984.0
20.745315456, 38.0, -155.0, -985.0
20.764581504, 42.0, -157.0, -986.0
20.783847424, 38.0, -152.0, -980.0
20.803113472, 38.0, -156.0, -980.0
20.82237952, 41.0, -152.0, -983.0
20.841645568, 42.0, -152.0, -984.0
20.860911488, 48.0, -155.0, -982.0
20.880177536, 47.0, -154.0, -982.0
20.899443584, 45.0, -151.0, -979.0
20.918709632, 43.0, -152.0, -978.0
20.937975552, 46.0, -155.0, -978.0
20.9572416, 51.0, -149.0, -978.0
20.976507648, 52.0, -152.0, -977.0
20.995773568, 47.0, -152.0, -981.0
21.015039616, 48.0, -147.0, -979.0
21.034305664, 42.0, -150.0, -982.0
21.053571712, 45.0, -152.0, -982.0
21.072837632, 49.0, -153.0, -980.0
21.09210368, 48.0, -152.0, -982.0
21.111369728, 40.0, -153.0, -982.0
21.130635776, 43.0, -153.0, -985.0
21.149901696, 43.0, -155.0, -985.0
21.169167744, 41.0, -151.0, -984.0
21.188433792, 42.0, -154.0, -981.0
21.207699712, 37.0, -149.0, -983.0
21.22696576, 39.0, -152.0, -985.0
21.246231808, 46.0, -154.0, -977.0
21.265497856, 48.0, -153.0, -982.0
21.284763776, 46.0, -150.0, -978.0
21.304029824, 38.0, -147.0, -983.0
21.323295872, 48.0, -147.0, -975.0
21.34256192, 49.0, -152.0, -982.0
21.361827828, 50.0, -148.0, -979.0
21.381095168, 46.0, -151.0, -977.0
21.400362496, 49.0, -153.0, -978.0
21.419629696, 51.0, -153.0, -980.0
21.438897024, 47.0, -153.0, -983.0
21.458164352, 42.0, -151.0, -980.0
21.477431552, 42.0, -150.0, -978.0
21.49669888, 44.0, -157.0, -980.0
21.515966208, 49.0, -158.0, -984.0
21.535233408, 47.0, -156.0, -983.0
21.554500736, 42.0, -158.0, -982.0
21.573768064, 38.0, -153.0, -981.0
21.593035264, 37.0, -155.0, -981.0
21.612302592, 43.0, -162.0, -986.0
21.63156992, 47.0, -154.0, -983.0
21.65083712, 47.0, -151.0, -981.0
21.670104448, 51.0, -149.0, -981.0
21.689371776, 44.0, -151.0, -981.0
21.708638976, 42.0, -153.0, -980.0
21.727906304, 43.0, -150.0, -980.0
21.747173632, 49.0, -146.0, -979.0
21.766440832, 54.0, -150.0, -980.0
21.78570816, 53.0, -152.0, -978.0
21.804975488, 48.0, -149.0, -978.0
21.824242688, 43.0, -149.0, -978.0
21.843510016, 40.0, -155.0, -981.0
21.862777344, 47.0, -156.0, -979.0
21.882044544, 49.0, -152.0, -979.0
21.901311872, 45.0, -155.0, -978.0
21.9205792, 39.0, -151.0, -983.0
21.9398464, 45.0, -153.0, -981.0
21.959113728, 45.0, -159.0, -983.0
21.978381056, 48.0, -153.0, -986.0
21.997648256, 47.0, -153.0, -981.0
22.016915584, 46.0, -153.0, -980.0
22.036182912, 39.0, -155.0, -980.0
22.055450112, 41.0, -156.0, -984.0
22.07471744, 43.0, -150.0, -981.0
22.093984768, 47.0, -156.0, -980.0
22.113251968, 55.0, -154.0, -978.0
22.132519296, 54.0, -158.0, -972.0
22.151786624, 47.0, -152.0, -980.0
22.171053824, 42.0, -152.0, -979.0
22.190321152, 50.0, -148.0, -978.0
22.20958848, 54.0, -152.0, -984.0
22.22885568, 56.0, -150.0, -980.0
22.248123008, 48.0, -154.0, -980.0
22.267390336, 48.0, -155.0, -979.0
22.286657536, 49.0, -153.0, -981.0
22.305924864, 47.0, -153.0, -982.0
22.325192192, 49.0, -158.0, -984.0
22.344459392, 47.0, -158.0, -983.0
22.36372672, 46.0, -156.0, -981.0
22.382994048, 37.0, -155.0, -985.0
22.402261248, 40.0, -153.0, -980.0
22.421528576, 51.0, -153.0, -984.0
22.440795904, 50.0, -151.0, -980.0
22.460063104, 40.0, -149.0, -980.0
22.479330432, 33.0, -148.0, -982.0
22.49859776, 38.0, -151.0, -980.0
22.51786496, 47.0, -149.0, -977.0
22.537132288, 52.0, -151.0, -977.0
22.556399616, 51.0, -148.0, -980.0
22.575666816, 41.0, -147.0, -980.0
22.594934144, 44.0, -150.0, -977.0
22.614201344, 51.0, -150.0, -977.0
22.633468672, 52.0, -150.0, -979.0
22.652736, 50.0, -149.0, -981.0
22.6720032, 37.0, -151.0, -983.0
22.691270528, 34.0, -154.0, -983.0
22.710537856, 35.0, -153.0, -981.0
22.729805056, 46.0, -151.0, -980.0
22.749072384, 51.0, -151.0, -985.0
22.768339712, 41.0, -151.0, -983.0
22.787606912, 34.0, -152.0, -983.0
22.80687424, 35.0, -151.0, -981.0
22.826141568, 39.0, -151.0, -981.0
22.845408768, 43.0, -149.0, -988.0
22.864676096, 44.0, -148.0, -981.0
22.883943424, 39.0, -151.0, -982.0
22.903210624, 39.0, -148.0, -980.0
22.922477952, 43.0, -150.0, -981.0
22.94174528, 42.0, -146.0, -980.0
22.96101248, 49.0, -146.0, -977.0
22.980279808, 54.0, -152.0, -978.0
22.999547136, 52.0, -153.0, -982.0
23.018814336, 42.0, -150.0, -978.0
23.038081664, 41.0, -152.0, -980.0
23.057348992, 47.0, -149.0, -980.0
23.076616192, 52.0, -147.0, -983.0
23.09588352, 52.0, -154.0, -983.0
23.115150848, 44.0, -150.0, -986.0
23.134418048, 35.0, -152.0, -980.0
23.153685376, 42.0, -157.0, -986.0
23.172952704, 44.0, -152.0, -986.0
23.192219904, 45.0, -155.0, -982.0
23.211487188, 44.0, -150.0, -982.0
23.230753024, 39.0, -150.0, -979.0
23.250018816, 36.0, -152.0, -984.0
23.26928448, 45.0, -151.0, -984.0
23.288550272, 47.0, -149.0, -980.0
23.307816064, 45.0, -145.0, -984.0
23.327081728, 45.0, -151.0, -983.0
23.34634752, 46.0, -148.0, -981.0
23.365613184, 47.0, -152.0, -979.0
23.384878976, 45.0, -147.0, -979.0
23.404144768, 48.0, -145.0, -982.0
23.423410432, 49.0, -147.0, -978.0
23.442676224, 51.0, -150.0, -981.0
23.461942016, 52.0, -150.0, -983.0
23.48120768, 46.0, -155.0, -983.0
23.500473472, 42.0, -149.0, -981.0
23.519739264, 43.0, -149.0, -982.0
23.539004928, 43.0, -154.0, -987.0
23.55827072, 41.0, -156.0, -982.0
23.577536384, 47.0, -157.0, -986.0
23.596802176, 45.0, -151.0, -983.0
23.616067968, 44.0, -150.0, -981.0
23.635333632, 39.0, -149.0, -982.0
23.654599424, 38.0, -152.0, -981.0
23.673865216, 44.0, -155.0, -980.0
23.69313088, 54.0, -152.0, -982.0
23.712396672, 46.0, -149.0, -981.0
23.731662464, 48.0, -154.0, -980.0
23.750928128, 46.0, -146.0, -979.0
23.77019392, 47.0, -155.0, -980.0
23.789459712, 51.0, -153.0, -976.0
23.808725376, 54.0, -152.0, -978.0
23.827991168, 50.0, -154.0, -976.0
23.847256832, 45.0, -150.0, -981.0
23.866522624, 46.0, -152.0, -980.0
23.885788416, 47.0, -155.0, -982.0
23.90505408, 50.0, -151.0, -979.0
23.924319872, 47.0, -153.0, -984.0
23.943585664, 44.0, -160.0, -983.0
23.962851328, 44.0, -155.0, -980.0
23.98211712, 41.0, -154.0, -984.0
24.001382912, 46.0, -160.0, -983.0
24.020648576, 44.0, -155.0, -981.0
24.039914368, 43.0, -155.0, -979.0
24.059180032, 42.0, -153.0, -980.0
24.078445824, 45.0, -155.0, -983.0
24.097711616, 49.0, -148.0, -979.0
24.11697728, 45.0, -163.0, -982.0
24.136243072, 47.0, -150.0, -975.0
24.155508864, 49.0, -154.0, -980.0
24.174774528, 51.0, -152.0, -977.0
24.19404032, 51.0, -154.0, -977.0
24.213306112, 48.0, -150.0, -978.0
24.232571776, 47.0, -150.0, -976.0
24.251837568, 51.0, -151.0, -980.0
24.271103232, 48.0, -154.0, -981.0
24.290369024, 52.0, -151.0, -982.0
24.309634816, 47.0, -156.0, -983.0
24.32890048, 47.0, -156.0, -978.0
24.348166272, 47.0, -155.0, -985.0
24.367432064, 45.0, -156.0, -983.0
24.386697728, 41.0, -153.0, -985.0
24.40596352, 37.0, -158.0, -986.0
24.425229312, 43.0, -154.0, -984.0
24.444494976, 49.0, -157.0, -985.0
24.463760768, 47.0, -152.0, -983.0
24.483026432, 41.0, -154.0, -981.0
24.502292224, 42.0, -156.0, -979.0
24.521558016, 44.0, -154.0, -983.0
24.54082368, 46.0, -156.0, -976.0
24.560089472, 50.0, -151.0, -978.0
24.579355264, 53.0, -154.0, -978.0
24.598620928, 52.0, -149.0, -978.0
24.61788672, 49.0, -149.0, -978.0
24.637152512, 48.0, -153.0, -981.0
24.656418176, 52.0, -155.0, -979.0
24.675683968, 49.0, -155.0, -980.0
24.69494976, 49.0, -151.0, -980.0
24.714215424, 46.0, -155.0, -984.0
24.733481216, 46.0, -152.0, -983.0
24.75274688, 45.0, -156.0, -982.0
24.772012672, 46.0, -156.0, -985.0
24.791278464, 45.0, -154.0, -983.0
24.810544128, 41.0, -152.0, -983.0
24.82980992, 43.0, -152.0, -983.0
24.849075712, 41.0, -155.0, -985.0
24.868341376, 42.0, -153.0, -983.0
24.887607168, 45.0, -154.0, -980.0
24.90687296, 46.0, -152.0, -980.0
24.926138624, 43.0, -150.0, -979.0
24.945404416, 47.0, -153.0, -979.0
24.96467008, 51.0, -150.0, -978.0
24.983935872, 52.0, -156.0, -978.0
25.003201664, 49.0, -153.0, -981.0
25.022467328, 49.0, -148.0, -977.0
25.04173312, 45.0, -153.0, -978.0
25.060998912, 48.0, -151.0, -978.0
25.080264576, 47.0, -152.0, -980.0
25.099530368, 46.0, -153.0, -980.0
25.11879616, 46.0, -152.0, -983.0
25.138061824, 47.0, -152.0, -984.0
25.157327616, 40.0, -157.0, -980.0
25.17659328, 42.0, -156.0, -983.0
25.195859072, 41.0, -152.0, -984.0
25.215124864, 38.0, -154.0, -985.0
25.234390528, 43.0, -155.0, -980.0
25.25365632, 37.0, -151.0, -983.0
25.272922112, 42.0, -153.0, -979.0
25.292187776, 41.0, -154.0, -979.0
25.311453568, 47.0, -151.0, -979.0
25.33071936, 43.0, -151.0, -982.0
25.349985024, 44.0, -150.0, -981.0
25.369250816, 46.0, -150.0, -978.0
25.388516608, 46.0, -152.0, -981.0
25.4077822, 53.0, -152.0, -978.0
25.427047552, 48.0, -150.0, -980.0
25.44631296, 44.0, -153.0, -980.0
25.465578368, 42.0, -140.0, -984.0
25.484843776, 42.0, -147.0, -983.0
25.504109184, 40.0, -150.0, -981.0
25.523374592, 39.0, -156.0, -987.0
25.54264, 43.0, -153.0, -980.0
25.561905408, 47.0, -149.0, -983.0
25.581170816, 38.0, -154.0, -982.0
25.600436224, 34.0, -154.0, -987.0
25.619701632, 36.0, -155.0, -982.0
25.63896704, 39.0, -152.0, -984.0
25.658232448, 42.0, -154.0, -980.0
25.677497728, 41.0, -149.0, -981.0
25.696763136, 39.0, -158.0, -986.0
25.716028544, 39.0, -147.0, -982.0
25.735293952, 42.0, -150.0, -979.0
25.75455936, 48.0, -153.0, -977.0
25.773824768, 47.0, -152.0, -981.0
25.793090176, 44.0, -150.0, -979.0
25.812355584, 42.0, -144.0, -981.0
25.831620992, 47.0, -148.0, -977.0
25.8508864, 56.0, -148.0, -979.0
25.870151808, 46.0, -151.0, -980.0
25.889417216, 41.0, -151.0, -978.0
25.908682624, 40.0, -149.0, -981.0
25.927948032, 36.0, -149.0, -982.0
25.94721344, 37.0, -153.0, -986.0
25.966478848, 46.0, -149.0, -985.0
25.985744256, 49.0, -152.0, -983.0
26.005009664, 52.0, -156.0, -980.0
26.024275072, 42.0, -143.0, -986.0
26.04354048, 36.0, -146.0, -984.0
26.062805888, 40.0, -153.0, -984.0
26.082071296, 36.0, -154.0, -982.0
26.101336704, 39.0, -150.0, -981.0
26.120602112, 43.0, -146.0, -982.0
26.13986752, 50.0, -141.0, -981.0
26.159132928, 46.0, -151.0, -984.0
26.178398208, 47.0, -142.0, -981.0
26.197663616, 44.0, -144.0, -978.0
26.216929024, 51.0, -148.0, -980.0
26.236194432, 55.0, -145.0, -980.0
26.25545984, 51.0, -148.0, -981.0
26.274725248, 43.0, -149.0, -982.0
26.293990656, 42.0, -142.0, -979.0
26.313256064, 44.0, -147.0, -986.0
26.332521472, 48.0, -147.0, -984.0
26.35178688, 53.0, -149.0, -985.0
26.371052288, 46.0, -152.0, -982.0
26.390317696, 40.0, -153.0, -978.0
26.409583104, 43.0, -149.0, -982.0
26.428848512, 46.0, -149.0, -985.0
26.44811392, 44.0, -154.0, -986.0
26.467379328, 48.0, -151.0, -978.0
26.486644736, 51.0, -149.0, -984.0
26.505910144, 47.0, -153.0, -984.0
26.525175552, 45.0, -145.0, -981.0
26.54444096, 49.0, -149.0, -985.0
26.563706368, 50.0, -154.0, -978.0
26.582971776, 56.0, -151.0, -981.0
26.602237184, 51.0, -147.0, -980.0
26.621502592, 50.0, -148.0, -978.0
26.640768, 54.0, -148.0, -977.0
26.660033408, 56.0, -149.0, -981.0
26.679298688, 55.0, -153.0, -984.0
26.698564096, 52.0, -156.0, -981.0
26.717829504, 50.0, -146.0, -986.0
26.737094912, 48.0, -152.0, -978.0
26.75636032, 48.0, -151.0, -983.0
26.775625728, 52.0, -153.0, -981.0
26.794891136, 45.0, -156.0, -983.0
26.814156544, 44.0, -149.0, -983.0
26.833421952, 46.0, -150.0, -979.0
26.85268736, 44.0, -150.0, -981.0
26.871952768, 49.0, -154.0, -981.0
26.891218176, 49.0, -150.0, -987.0
26.910483584, 48.0, -151.0, -983.0
26.929748992, 43.0, -151.0, -983.0
26.9490144, 47.0, -146.0, -977.0
26.968279808, 54.0, -152.0, -980.0
26.987545216, 56.0, -152.0, -978.0
27.006810624, 51.0, -149.0, -977.0
27.026076032, 48.0, -148.0, -977.0
27.04534144, 54.0, -149.0, -976.0
27.064606848, 53.0, -150.0, -979.0
27.083872256, 53.0, -151.0, -978.0
27.103137664, 48.0, -150.0, -981.0
27.122403072, 51.0, -152.0, -984.0
27.14166848, 51.0, -157.0, -981.0
27.160933888, 54.0, -154.0, -981.0
27.180199168, 49.0, -149.0, -983.0
27.199464576, 44.0, -150.0, -983.0
27.218729984, 51.0, -156.0, -988.0
27.237995392, 53.0, -152.0, -983.0
27.2572608, 51.0, -148.0, -983.0
27.276526208, 45.0, -151.0, -984.0
27.295791616, 43.0, -146.0, -982.0
27.315057024, 49.0, -148.0, -982.0
27.334322504, 54.0, -146.0, -980.0
27.353589632, 53.0, -147.0, -982.0
27.372856704, 51.0, -152.0, -981.0
27.392123904, 48.0, -144.0, -982.0
27.411390976, 52.0, -146.0, -980.0
27.430658048, 50.0, -149.0, -979.0
27.449925248, 53.0, -147.0, -978.0
27.46919232, 54.0, -151.0, -979.0
27.488459392, 55.0, -146.0, -979.0
27.507726592, 50.0, -144.0, -981.0
27.526993664, 46.0, -146.0, -980.0
27.546260864, 47.0, -154.0, -978.0
27.565527936, 47.0, -154.0, -983.0
27.584795008, 55.0, -153.0, -983.0
27.604062208, 49.0, -150.0, -985.0
27.62332928, 45.0, -151.0, -983.0
27.642596352, 43.0, -156.0, -985.0
27.661863552, 45.0, -152.0, -982.0
27.681130624, 48.0, -151.0, -983.0
27.700397696, 50.0, -147.0, -982.0
27.719664896, 45.0, -152.0, -984.0
27.738931968, 50.0, -147.0, -983.0
27.75819904, 50.0, -147.0, -982.0
27.77746624, 45.0, -149.0, -983.0
27.796733312, 54.0, -144.0, -976.0
27.816000384, 55.0, -149.0, -981.0
27.835267584, 52.0, -147.0, -979.0
27.854534656, 48.0, -146.0, -979.0
27.873801856, 53.0, -148.0, -980.0
27.893068928, 50.0, -147.0, -981.0
27.912336, 49.0, -146.0, -982.0
27.9316032, 45.0, -149.0, -983.0
27.950870272, 49.0, -147.0, -982.0
27.970137344, 48.0, -151.0, -983.0
27.989404544, 40.0, -149.0, -980.0
28.008671616, 43.0, -146.0, -983.0
28.027938688, 44.0, -143.0, -984.0
28.047205888, 44.0, -151.0, -983.0
28.06647296, 44.0, -146.0, -984.0
28.085740032, 43.0, -151.0, -982.0
28.105007232, 41.0, -150.0, -986.0
28.124274304, 43.0, -146.0, -980.0
28.143541376, 50.0, -148.0, -980.0
28.162808576, 48.0, -145.0, -983.0
28.182075648, 41.0, -146.0, -978.0
28.201342848, 46.0, -148.0, -979.0
28.22060992, 54.0, -149.0, -982.0
28.239876992, 48.0, -145.0, -978.0
28.259144192, 49.0, -147.0, -980.0
28.278411264, 49.0, -151.0, -985.0
28.297678336, 51.0, -151.0, -982.0
28.316945536, 54.0, -150.0, -981.0
28.336212608, 49.0, -149.0, -980.0
28.35547968, 43.0, -150.0, -983.0
28.37474688, 48.0, -148.0, -985.0
28.394013952, 42.0, -149.0, -984.0
28.413281024, 44.0, -150.0, -984.0
28.432548224, 48.0, -155.0, -985.0
28.451815296, 46.0, -147.0, -982.0
28.471082368, 44.0, -149.0, -984.0
28.490349568, 42.0, -148.0, -982.0
28.50961664, 47.0, -154.0, -981.0
28.52888384, 49.0, -147.0, -982.0
28.548150912, 48.0, -152.0, -978.0
28.567417984, 44.0, -151.0, -980.0
28.586685184, 48.0, -144.0, -983.0
28.605952256, 49.0, -151.0, -978.0
28.625219328, 57.0, -147.0, -982.0
28.644486528, 58.0, -147.0, -979.0
28.6637536, 54.0, -146.0, -978.0
28.683020672, 54.0, -149.0, -981.0
28.702287872, 56.0, -144.0, -980.0
28.721554944, 47.0, -148.0, -981.0
28.740822016, 40.0, -150.0, -986.0
28.760089216, 37.0, -154.0, -982.0
28.779356288, 41.0, -147.0, -981.0
28.79862336, 46.0, -152.0, -985.0
28.81789056, 52.0, -155.0, -989.0
28.837157632, 44.0, -152.0, -983.0
28.856424832, 44.0, -152.0, -984.0
28.875691904, 45.0, -147.0, -979.0
28.894958976, 46.0, -151.0, -986.0
28.914226176, 53.0, -153.0, -978.0
28.933493248, 53.0, -154.0, -982.0
28.95276032, 47.0, -152.0, -982.0
28.97202752, 45.0, -148.0, -979.0
28.991294592, 46.0, -152.0, -978.0
29.010561664, 56.0, -152.0, -980.0
29.029828864, 57.0, -151.0, -978.0
29.049095936, 55.0, -147.0, -980.0
29.068363008, 47.0, -151.0, -979.0
29.087630208, 49.0, -150.0, -980.0
29.10689728, 49.0, -151.0, -983.0
29.126164352, 56.0, -156.0, -977.0
29.145431522, 57.0, -153.0, -984.0
29.164696576, 52.0, -152.0, -982.0
29.1839616, 50.0, -152.0, -983.0
29.203226624, 50.0, -156.0, -981.0
29.222491648, 47.0, -154.0, -982.0
29.241756672, 49.0, -155.0, -984.0
29.261021696, 49.0, -146.0, -984.0
29.28028672, 42.0, -153.0, -980.0
29.299551744, 46.0, -156.0, -984.0
29.31881664, 53.0, -154.0, -981.0
29.338081664, 48.0, -153.0, -982.0
29.357346688, 45.0, -152.0, -975.0
29.376611712, 48.0, -152.0, -979.0
29.395876736, 47.0, -150.0, -978.0
29.41514176, 50.0, -153.0, -977.0
29.434406784, 55.0, -151.0, -983.0
29.453671808, 55.0, -148.0, -980.0
29.472936832, 54.0, -156.0, -979.0
29.492201856, 53.0, -153.0, -983.0
29.51146688, 50.0, -155.0, -978.0
29.530731904, 54.0, -148.0, -980.0
29.549996928, 56.0, -152.0, -981.0
29.569261952, 51.0, -153.0, -978.0
29.588526976, 51.0, -152.0, -984.0
29.607792, 52.0, -147.0, -984.0
29.627056896, 46.0, -153.0, -985.0
29.64632192, 46.0, -158.0, -981.0
29.665586944, 51.0, -156.0, -983.0
29.684851968, 51.0, -153.0, -982.0
29.704116992, 43.0, -155.0, -978.0
29.723382016, 45.0, -150.0, -984.0
29.74264704, 47.0, -159.0, -983.0
29.761912064, 51.0, -151.0, -979.0
29.781177088, 50.0, -156.0, -982.0
29.800442112, 48.0, -154.0, -980.0
29.819707136, 50.0, -149.0, -979.0
29.83897216, 50.0, -153.0, -979.0
29.858237184, 51.0, -156.0, -978.0
29.877502208, 54.0, -146.0, -978.0
29.896767232, 55.0, -150.0, -980.0
29.916032128, 54.0, -147.0, -982.0
29.935297152, 49.0, -153.0, -978.0
29.954562176, 52.0, -155.0, -982.0
29.9738272, 52.0, -149.0, -979.0
29.993092224, 49.0, -152.0, -982.0
30.012357248, 46.0, -153.0, -981.0
30.031622272, 46.0, -155.0, -981.0
30.050887296, 47.0, -153.0, -983.0
30.07015232, 48.0, -154.0, -981.0
30.089417344, 47.0, -160.0, -985.0
30.108682368, 44.0, -151.0, -985.0
30.127947392, 46.0, -155.0, -984.0
30.147212416, 46.0, -151.0, -981.0
30.16647744, 55.0, -149.0, -983.0
30.185742464, 51.0, -147.0, -983.0
30.20500736, 47.0, -146.0, -978.0
30.224272384, 46.0, -155.0, -981.0
30.243537408, 44.0, -145.0, -978.0
30.262802432, 50.0, -150.0, -978.0
30.282067456, 46.0, -147.0, -981.0
30.30133248, 46.0, -146.0, -979.0
30.320597504, 54.0, -152.0, -981.0
30.339862528, 55.0, -149.0, -978.0
30.359127552, 53.0, -151.0, -978.0
30.378392576, 52.0, -147.0, -978.0
30.3976576, 52.0, -146.0, -984.0
30.416922624, 50.0, -150.0, -986.0
30.436187648, 44.0, -153.0, -983.0
30.455452672, 43.0, -150.0, -988.0
30.474717696, 46.0, -145.0, -981.0
30.49398272, 48.0, -147.0, -986.0
30.513247616, 44.0, -146.0, -983.0
30.53251264, 42.0, -146.0, -983.0
30.551777664, 42.0, -152.0, -985.0
30.571042688, 44.0, -148.0, -980.0
30.590307712, 49.0, -147.0, -980.0
30.609572736, 50.0, -142.0, -981.0
30.62883776, 48.0, -147.0, -981.0
30.648102784, 47.0, -146.0, -979.0
30.667367808, 50.0, -146.0, -978.0
30.686632832, 47.0, -144.0, -985.0
30.705897856, 53.0, -144.0, -981.0
30.72516288, 59.0, -149.0, -980.0
30.744427904, 53.0, -146.0, -979.0
30.763692928, 48.0, -146.0, -983.0
30.782957952, 49.0, -148.0, -982.0
30.802222848, 49.0, -146.0, -987.0
30.821487872, 49.0, -149.0, -985.0
30.840752896, 49.0, -151.0, -985.0
30.86001792, 47.0, -151.0, -984.0
30.879282944, 47.0, -153.0, -986.0
30.898547968, 47.0, -158.0, -988.0
30.917812992, 48.0, -151.0, -981.0
30.937078016, 47.0, -146.0, -985.0
30.95634304, 45.0, -149.0, -984.0
30.975608064, 50.0, -151.0, -984.0
30.994873088, 53.0, -147.0, -980.0
31.014138112, 53.0, -150.0, -978.0
31.033403136, 54.0, -154.0, -980.0
31.05266816, 54.0, -146.0, -981.0
31.071933184, 51.0, -145.0, -982.0
31.09119808, 52.0, -146.0, -981.0
31.110463104, 52.0, -149.0, -982.0
31.129728128, 51.0, -146.0, -983.0
31.14899315, 51.0, -150.0, -982.0
31.168259968, 53.0, -147.0, -979.0
31.187526784, 49.0, -145.0, -983.0
31.206793728, 48.0, -147.0, -985.0
31.226060544, 47.0, -150.0, -981.0
31.245327488, 44.0, -146.0, -983.0
31.264594304, 50.0, -152.0, -982.0
31.28386112, 55.0, -154.0, -982.0
31.303128064, 48.0, -153.0, -984.0
31.32239488, 44.0, -154.0, -979.0
31.341661696, 43.0, -146.0, -983.0
31.36092864, 45.0, -151.0, -988.0
31.380195456, 50.0, -154.0, -982.0
31.3994624, 47.0, -151.0, -978.0
31.418729216, 53.0, -145.0, -980.0
31.437996032, 57.0, -150.0, -980.0
31.457262976, 53.0, -150.0, -978.0
31.476529792, 53.0, -150.0, -981.0
31.495796608, 55.0, -152.0, -981.0
31.515063552, 55.0, -150.0, -976.0
31.534330368, 54.0, -153.0, -979.0
31.553597312, 53.0, -153.0, -978.0
31.572864128, 55.0, -150.0, -982.0
31.592130944, 51.0, -148.0, -982.0
31.611397888, 47.0, -150.0, -985.0
31.630664704, 53.0, -149.0, -980.0
31.649931648, 51.0, -153.0, -979.0
31.669198464, 51.0, -154.0, -984.0
31.68846528, 43.0, -149.0, -983.0
31.707732224, 40.0, -154.0, -983.0
31.72699904, 48.0, -152.0, -984.0
31.746265856, 55.0, -157.0, -984.0
31.7655328, 48.0, -151.0, -986.0
31.784799616, 47.0, -152.0, -981.0
31.80406656, 47.0, -150.0, -984.0
31.823333376, 54.0, -152.0, -980.0
31.842600192, 54.0, -150.0, -979.0
31.861867136, 57.0, -150.0, -977.0
31.881133952, 55.0, -146.0, -979.0
31.900400768, 57.0, -149.0, -978.0
31.919667712, 57.0, -156.0, -980.0
31.938934528, 56.0, -154.0, -978.0
31.958201472, 49.0, -145.0, -979.0
31.977468288, 49.0, -151.0, -977.0
31.996735104, 52.0, -149.0, -982.0
32.016002048, 54.0, -151.0, -981.0
32.035268864, 49.0, -155.0, -984.0
32.054535808, 47.0, -154.0, -980.0
32.073802624, 48.0, -151.0, -984.0
32.09306944, 47.0, -153.0, -985.0
32.112336384, 52.0, -153.0, -984.0
32.1316032, 54.0, -158.0, -984.0
32.150870016, 49.0, -152.0, -983.0
32.17013696, 46.0, -153.0, -980.0
32.189403776, 47.0, -150.0, -982.0
32.20867072, 58.0, -152.0, -984.0
32.227937536, 57.0, -146.0, -982.0
32.247204352, 50.0, -150.0, -979.0
32.266471296, 47.0, -155.0, -979.0
32.285738112, 51.0, -146.0, -979.0
32.305004928, 50.0, -146.0, -981.0
32.324271872, 55.0, -150.0, -979.0
32.343538688, 55.0, -147.0, -978.0
32.362805632, 54.0, -148.0, -979.0
32.382072448, 49.0, -148.0, -983.0
32.401339264, 46.0, -148.0, -979.0
32.420606208, 53.0, -148.0, -982.0
32.439873024, 54.0, -146.0, -982.0
32.459139968, 49.0, -149.0, -981.0
32.478406784, 41.0, -156.0, -985.0
32.4976736, 46.0, -149.0, -985.0
32.516940544, 55.0, -147.0, -985.0
32.53620736, 55.0, -152.0, -988.0
32.555474176, 47.0, -152.0, -986.0
32.57474112, 49.0, -149.0, -979.0
32.594007936, 52.0, -146.0, -982.0
32.61327488, 52.0, -156.0, -983.0
32.632541696, 49.0, -154.0, -980.0
32.651808512, 51.0, -145.0, -981.0
32.671075456, 52.0, -145.0, -978.0
32.690342272, 52.0, -145.0, -977.0
32.709609088, 48.0, -146.0, -978.0
32.728876032, 56.0, -147.0, -982.0
32.748142848, 51.0, -146.0, -980.0
32.767409792, 54.0, -146.0, -986.0
32.786676608, 47.0, -150.0, -980.0
32.805943424, 47.0, -145.0, -983.0
32.825210368, 49.0, -146.0, -982.0
32.844477184, 51.0, -149.0, -982.0
32.863744, 43.0, -149.0, -985.0
32.883010944, 39.0, -150.0, -984.0
32.90227776, 45.0, -148.0, -984.0
32.921544704, 52.0, -152.0, -982.0
32.94081152, 51.0, -154.0, -984.0
32.960078336, 47.0, -152.0, -987.0
32.979345299, 38.0, -146.0, -982.0
32.99861248, 36.0, -147.0, -982.0
33.01787968, 45.0, -149.0, -988.0
33.03714688, 56.0, -153.0, -978.0
33.05641408, 56.0, -149.0, -983.0
33.07568128, 49.0, -147.0, -979.0
33.094948608, 50.0, -146.0, -980.0
33.114215808, 51.0, -149.0, -980.0
33.133483008, 53.0, -147.0, -978.0
33.152750208, 53.0, -148.0, -979.0
33.172017408, 51.0, -146.0, -979.0
33.191284608, 49.0, -152.0, -978.0
33.210551808, 52.0, -150.0, -983.0
33.229819008, 51.0, -150.0, -980.0
33.249086208, 43.0, -154.0, -985.0
33.268353536, 39.0, -154.0, -984.0
33.287620736, 45.0, -155.0, -989.0
33.306887936, 50.0, -154.0, -986.0
33.326155136, 50.0, -151.0, -985.0
33.345422336, 46.0, -151.0, -984.0
33.364689536, 46.0, -154.0, -982.0
33.383956736, 44.0, -153.0, -981.0
33.403223936, 47.0, -143.0, -978.0
33.422491264, 49.0, -148.0, -981.0
33.441758464, 49.0, -155.0, -983.0
33.461025664, 54.0, -154.0, -978.0
33.480292864, 51.0, -152.0, -977.0
33.499560064, 46.0, -148.0, -979.0
33.518827264, 52.0, -151.0, -975.0
33.538094464, 64.0, -147.0, -978.0
33.557361664, 66.0, -148.0, -977.0
33.576628864, 60.0, -157.0, -977.0
33.595896192, 45.0, -153.0, -983.0
33.615163392, 43.0, -149.0, -985.0
33.634430592, 47.0, -149.0, -980.0
33.653697792, 52.0, -153.0, -984.0
33.672964992, 54.0, -154.0, -987.0
33.692232192, 49.0, -151.0, -984.0
33.711499392, 46.0, -154.0, -983.0
33.730766592, 49.0, -153.0, -982.0
33.750033792, 48.0, -154.0, -983.0
33.76930112, 51.0, -153.0, -981.0
33.78856832, 45.0, -149.0, -983.0
33.80783552, 46.0, -154.0, -981.0
33.82710272, 50.0, -152.0, -981.0
33.84636992, 52.0, -155.0, -978.0
33.86563712, 48.0, -149.0, -975.0
33.88490432, 53.0, -153.0, -973.0
33.90417152, 47.0, -150.0, -981.0
33.92343872, 50.0, -151.0, -978.0
33.942706048, 51.0, -152.0, -979.0
33.961973248, 56.0, -153.0, -981.0
33.981240448, 54.0, -153.0, -979.0
34.000507648, 48.0, -154.0, -981.0
34.019774848, 47.0, -152.0, -977.0
34.039042048, 53.0, -149.0, -982.0
34.058309248, 54.0, -150.0, -984.0
34.077576448, 51.0, -156.0, -987.0
34.096843776, 45.0, -156.0, -981.0
34.116110976, 45.0, -153.0, -983.0
34.135378176, 47.0, -153.0, -983.0
34.154645376, 50.0, -155.0, -989.0
34.173912576, 46.0, -154.0, -981.0
34.193179776, 50.0, -154.0, -987.0
34.212446976, 51.0, -152.0, -984.0
34.231714176, 48.0, -154.0, -982.0
34.250981376, 46.0, -149.0, -976.0
34.270248704, 51.0, -147.0, -979.0
34.289515904, 53.0, -153.0, -979.0
34.308783104, 50.0, -150.0, -977.0
34.328050304, 50.0, -153.0, -981.0
34.347317504, 52.0, -147.0, -972.0
34.366584704, 50.0, -149.0, -980.0
34.385851904, 56.0, -154.0, -977.0
34.405119104, 52.0, -150.0, -982.0
34.424386304, 51.0, -151.0, -980.0
34.443653632, 51.0, -153.0, -985.0
34.462920832, 52.0, -150.0, -983.0
34.482188032, 49.0, -156.0, -986.0
34.501455232, 52.0, -152.0, -985.0
34.520722432, 49.0, -152.0, -983.0
34.539989632, 43.0, -152.0, -981.0
34.559256832, 43.0, -155.0, -986.0
34.578524032, 46.0, -154.0, -985.0
34.59779136, 51.0, -151.0, -981.0
34.61705856, 47.0, -153.0, -983.0
34.63632576, 44.0, -155.0, -980.0
34.65559296, 50.0, -144.0, -980.0
34.67486016, 51.0, -153.0, -980.0
34.69412736, 52.0, -147.0, -977.0
34.71339456, 50.0, -152.0, -982.0
34.73266176, 48.0, -150.0, -978.0
34.75192896, 52.0, -149.0, -974.0
34.771196288, 51.0, -150.0, -979.0
34.790463477, 53.0, -152.0, -981.0
34.80972992, 53.0, -150.0, -979.0
34.828996352, 47.0, -149.0, -978.0
34.848262784, 48.0, -156.0, -984.0
34.867529344, 51.0, -154.0, -983.0
34.886795776, 51.0, -151.0, -981.0
34.906062208, 47.0, -152.0, -982.0
34.92532864, 42.0, -155.0, -984.0
34.944595072, 46.0, -158.0, -980.0
34.963861504, 44.0, -155.0, -981.0
34.983128064, 44.0, -153.0, -984.0
35.002394496, 39.0, -152.0, -982.0
35.021660928, 45.0, -150.0, -981.0
35.04092736, 45.0, -154.0, -981.0
35.060193792, 46.0, -151.0, -981.0
35.079460352, 45.0, -152.0, -979.0
35.098726784, 46.0, -149.0, -978.0
35.117993216, 44.0, -150.0, -977.0
35.137259648, 45.0, -147.0, -982.0
35.15652608, 50.0, -150.0, -981.0
35.175792512, 54.0, -148.0, -980.0
35.195059072, 54.0, -148.0, -980.0
35.214325504, 49.0, -151.0, -979.0
35.233591936, 45.0, -150.0, -978.0
35.252858368, 47.0, -156.0, -981.0
35.2721248, 51.0, -154.0, -983.0
35.29139136, 49.0, -148.0, -982.0
35.310657792, 46.0, -152.0, -983.0
35.329924224, 43.0, -151.0, -986.0
35.349190656, 38.0, -150.0, -981.0
35.368457088, 44.0, -154.0, -985.0
35.38772352, 47.0, -155.0, -982.0
35.40699008, 49.0, -148.0, -987.0
35.426256512, 47.0, -154.0, -980.0
35.445522944, 41.0, -152.0, -978.0
35.464789376, 47.0, -154.0, -980.0
35.484055808, 49.0, -155.0, -982.0
35.503322368, 48.0, -151.0, -979.0
35.5225888, 49.0, -147.0, -977.0
35.541855232, 48.0, -151.0, -980.0
35.561121664, 53.0, -149.0, -976.0
35.580388096, 53.0, -146.0, -977.0
35.599654528, 52.0, -147.0, -984.0
35.618921088, 52.0, -149.0, -978.0
35.63818752, 48.0, -151.0, -979.0
35.657453952, 47.0, -146.0, -980.0
35.676720384, 48.0, -151.0, -982.0
35.695986816, 51.0, -153.0, -981.0
35.715253248, 47.0, -150.0, -982.0
35.734519808, 47.0, -152.0, -985.0
35.75378624, 43.0, -154.0, -982.0
35.773052672, 41.0, -152.0, -981.0
35.792319104, 47.0, -154.0, -983.0
35.811585536, 42.0, -156.0, -982.0
35.830852096, 47.0, -150.0, -985.0
35.850118528, 45.0, -149.0, -983.0
35.86938496, 47.0, -154.0, -980.0
35.888651392, 50.0, -154.0, -979.0
35.907917824, 52.0, -152.0, -982.0
35.927184256, 55.0, -150.0, -981.0
35.946450816, 51.0, -150.0, -979.0
35.965717248, 50.0, -151.0, -981.0
35.98498368, 53.0, -152.0, -978.0
36.004250112, 53.0, -149.0, -979.0
36.023516544, 53.0, -152.0, -976.0
36.042783104, 54.0, -156.0, -983.0
36.062049536, 49.0, -147.0, -979.0
36.081315968, 49.0, -152.0, -977.0
36.1005824, 54.0, -154.0, -981.0
36.119848832, 50.0, -154.0, -979.0
36.139115264, 46.0, -153.0, -985.0
36.158381824, 42.0, -157.0, -986.0
36.177648256, 47.0, -150.0, -982.0
36.196914688, 50.0, -156.0, -980.0
36.21618112, 45.0, -155.0, -984.0
36.235447552, 46.0, -157.0, -981.0
36.254714112, 37.0, -152.0, -981.0
36.273980544, 39.0, -152.0, -981.0
36.293246976, 51.0, -155.0, -978.0
36.312513408, 54.0, -152.0, -978.0
36.33177984, 57.0, -147.0, -982.0
36.351046272, 54.0, -151.0, -976.0
36.370312832, 54.0, -148.0, -976.0
36.389579264, 58.0, -148.0, -981.0
36.408845696, 55.0, -149.0, -975.0
36.428112128, 57.0, -148.0, -978.0
36.44737856, 53.0, -146.0, -981.0
36.46664512, 51.0, -149.0, -981.0
36.485911552, 54.0, -151.0, -980.0
36.505177984, 51.0, -150.0, -983.0
36.524444416, 51.0, -155.0, -984.0
36.543710848, 46.0, -157.0, -981.0
36.56297728, 45.0, -150.0, -982.0
36.58224384, 51.0, -154.0, -980.0
36.601510272, 49.0, -150.0, -982.0
36.620776704, 52.0, -152.0, -985.0
36.640043136, 49.0, -153.0, -982.0
36.659309568, 51.0, -152.0, -981.0
36.678576128, 49.0, -152.0, -982.0
36.69784256, 53.0, -153.0, -980.0
36.717108992, 55.0, -151.0, -981.0
36.736375424, 59.0, -143.0, -980.0
36.755641856, 57.0, -149.0, -979.0
36.774908288, 56.0, -153.0, -983.0
36.794174848, 55.0, -150.0, -979.0
36.81344128, 53.0, -146.0, -981.0
36.832707712, 57.0, -149.0, -980.0
36.851974144, 56.0, -154.0, -978.0
36.871240576, 57.0, -150.0, -987.0
36.890507136, 50.0, -153.0, -977.0
36.909773568, 48.0, -147.0, -983.0
36.92904, 47.0, -153.0, -982.0
36.948306432, 46.0, -155.0, -986.0
36.967572864, 53.0, -154.0, -981.0
36.986839361, 52.0, -159.0, -983.0
37.006106624, 51.0, -155.0, -984.0
37.025373824, 43.0, -152.0, -987.0
37.044641024, 43.0, -148.0, -985.0
37.063908096, 48.0, -156.0, -984.0
37.083175296, 52.0, -154.0, -975.0
37.102442496, 56.0, -154.0, -980.0
37.121709696, 55.0, -148.0, -980.0
37.140976896, 50.0, -151.0, -985.0
37.160244096, 50.0, -147.0, -981.0
37.179511168, 52.0, -145.0, -978.0
37.198778368, 54.0, -148.0, -978.0
37.218045568, 55.0, -152.0, -978.0
37.237312768, 56.0, -151.0, -981.0
37.256579968, 51.0, -151.0, -982.0
37.275847168, 46.0, -150.0, -980.0
37.29511424, 50.0, -157.0, -983.0
37.31438144, 54.0, -152.0, -978.0
37.33364864, 54.0, -155.0, -982.0
37.35291584, 48.0, -151.0, -980.0
37.37218304, 42.0, -153.0, -984.0
37.391450112, 44.0, -150.0, -981.0
37.410717312, 47.0, -153.0, -987.0
37.429984512, 50.0, -156.0, -984.0
37.449251712, 48.0, -154.0, -986.0
37.468518912, 41.0, -148.0, -983.0
37.487786112, 45.0, -151.0, -981.0
37.507053184, 48.0, -153.0, -978.0
37.526320384, 56.0, -153.0, -982.0
37.545587584, 56.0, -149.0, -979.0
37.564854784, 49.0, -146.0, -980.0
37.584121984, 48.0, -146.0, -981.0
37.603389184, 52.0, -147.0, -978.0
37.622656256, 53.0, -149.0, -977.0
37.641923456, 55.0, -152.0, -978.0
37.661190656, 55.0, -147.0, -976.0
37.680457856, 49.0, -147.0, -985.0
37.699725056, 48.0, -146.0, -980.0
37.718992128, 49.0, -151.0, -978.0
37.738259328, 47.0, -148.0, -982.0
37.757526528, 53.0, -147.0, -986.0
37.776793728, 51.0, -154.0, -984.0
37.796060928, 51.0, -149.0, -986.0
37.815328128, 48.0, -148.0, -983.0
37.8345952, 47.0, -154.0, -985.0
37.8538624, 44.0, -151.0, -981.0
37.8731296, 45.0, -152.0, -982.0
37.8923968, 52.0, -153.0, -982.0
37.911664, 53.0, -148.0, -986.0
37.9309312, 53.0, -153.0, -979.0
37.950198272, 53.0, -143.0, -981.0
37.969465472, 61.0, -149.0, -979.0
37.988732672, 60.0, -152.0, -977.0
38.007999872, 54.0, -156.0, -978.0
38.027267072, 47.0, -146.0, -980.0
38.046534144, 51.0, -151.0, -980.0
38.065801344, 51.0, -147.0, -984.0
38.085068544, 45.0, -148.0, -981.0
38.104335744, 43.0, -148.0, -980.0
38.123602944, 49.0, -151.0, -979.0
38.142870144, 54.0, -157.0, -983.0
38.162137216, 55.0, -154.0, -979.0
38.181404416, 57.0, -150.0, -986.0
38.200671616, 49.0, -153.0, -984.0
38.219938816, 47.0, -155.0, -980.0
38.239206016, 44.0, -149.0, -982.0
38.258473216, 43.0, -151.0, -982.0
38.277740288, 48.0, -155.0, -985.0
38.297007488, 52.0, -154.0, -978.0
38.316274688, 51.0, -155.0, -986.0
38.335541888, 44.0, -151.0, -975.0
38.354809088, 47.0, -153.0, -980.0
38.374076288, 49.0, -146.0, -979.0
38.39334336, 56.0, -150.0, -979.0
38.41261056, 57.0, -149.0, -976.0
38.43187776, 54.0, -149.0, -980.0
38.45114496, 55.0, -148.0, -978.0
38.47041216, 51.0, -149.0, -984.0
38.489679232, 52.0, -154.0, -980.0
38.508946432, 54.0, -152.0, -981.0
38.528213632, 51.0, -155.0, -983.0
38.547480832, 52.0, -153.0, -979.0
38.566748032, 46.0, -153.0, -982.0
38.586015232, 44.0, -153.0, -984.0
38.605282304, 50.0, -157.0, -983.0
38.624549504, 52.0, -157.0, -983.0
38.643816704, 51.0, -155.0, -984.0
38.663083904, 48.0, -150.0, -983.0
38.682351104, 48.0, -149.0, -986.0
38.701618304, 52.0, -155.0, -982.0
38.720885376, 48.0, -152.0, -980.0
38.740152576, 53.0, -153.0, -980.0
38.759419776, 53.0, -152.0, -978.0
38.778686976, 56.0, -148.0, -980.0
38.797954176, 56.0, -148.0, -976.0
38.817221248, 54.0, -155.0, -976.0
38.836488448, 53.0, -148.0, -980.0
38.855755576, 55.0, -157.0, -982.0
38.875021568, 55.0, -152.0, -982.0
38.894287616, 56.0, -150.0, -981.0
38.913553536, 55.0, -156.0, -981.0
38.932819584, 50.0, -151.0, -981.0
38.952085632, 53.0, -154.0, -977.0
38.97135168, 52.0, -156.0, -982.0
38.9906176, 50.0, -155.0, -978.0
39.009883648, 50.0, -151.0, -981.0
39.029149696, 45.0, -156.0, -981.0
39.048415744, 46.0, -152.0, -984.0
39.067681664, 50.0, -157.0, -984.0
39.086947712, 54.0, -151.0, -978.0
39.10621376, 53.0, -153.0, -979.0
39.12547968, 49.0, -150.0, -980.0
39.144745728, 49.0, -146.0, -978.0
39.164011776, 47.0, -149.0, -979.0
39.183277824, 54.0, -150.0, -978.0
39.202543744, 56.0, -148.0, -982.0
39.221809792, 57.0, -153.0, -979.0
39.24107584, 50.0, -156.0, -980.0
39.260341888, 47.0, -153.0, -980.0
39.279607808, 54.0, -152.0, -981.0
39.298873856, 54.0, -153.0, -981.0
39.318139904, 57.0, -151.0, -979.0
39.337405952, 52.0, -154.0, -980.0
39.356671872, 51.0, -149.0, -980.0
39.37593792, 50.0, -156.0, -981.0
39.395203968, 44.0, -156.0, -980.0
39.414469888, 51.0, -157.0, -984.0
39.433735936, 54.0, -154.0, -983.0
39.453001984, 47.0, -153.0, -984.0
39.472268032, 43.0, -154.0, -982.0
39.491533952, 46.0, -154.0, -981.0
39.5108, 53.0, -153.0, -979.0
39.530066048, 52.0, -155.0, -976.0
39.549332096, 49.0, -149.0, -983.0
39.568598016, 51.0, -149.0, -978.0
39.587864064, 51.0, -148.0, -977.0
39.607130112, 52.0, -148.0, -981.0
39.626396032, 55.0, -151.0, -978.0
39.64566208, 51.0, -148.0, -978.0
39.664928128, 52.0, -150.0, -981.0
39.684194176, 52.0, -153.0, -983.0
39.703460096, 52.0, -148.0, -977.0
39.722726144, 52.0, -148.0, -982.0
39.741992192, 47.0, -153.0, -983.0
39.76125824, 51.0, -155.0, -983.0
39.78052416, 47.0, -155.0, -988.0
39.799790208, 49.0, -152.0, -984.0
39.819056256, 50.0, -148.0, -983.0
39.838322176, 40.0, -155.0, -982.0
39.857588224, 43.0, -152.0, -983.0
39.876854272, 41.0, -150.0, -983.0
39.89612032, 47.0, -152.0, -978.0
39.91538624, 47.0, -150.0, -982.0
39.934652288, 47.0, -156.0, -979.0
39.953918336, 49.0, -150.0, -979.0
39.973184384, 44.0, -150.0, -979.0
39.992450304, 46.0, -149.0, -980.0
40.011716352, 51.0, -149.0, -978.0
40.0309824, 54.0, -150.0, -978.0
40.050248448, 56.0, -149.0, -980.0
40.069514368, 56.0, -148.0, -978.0
40.088780416, 53.0, -146.0, -977.0
40.108046464, 57.0, -152.0, -984.0
40.127312384, 50.0, -147.0, -981.0
40.146578432, 52.0, -151.0, -985.0
40.16584448, 48.0, -152.0, -987.0
40.185110528, 41.0, -152.0, -983.0
40.204376448, 48.0, -153.0, -984.0
40.223642496, 52.0, -155.0, -983.0
40.242908544, 50.0, -155.0, -988.0
40.262174592, 40.0, -158.0, -978.0
40.281440512, 43.0, -152.0, -979.0
40.30070656, 51.0, -151.0, -982.0
40.319972608, 54.0, -149.0, -982.0
40.339238528, 47.0, -149.0, -983.0
40.358504576, 40.0, -148.0, -978.0
40.377770624, 48.0, -154.0, -979.0
40.397036672, 51.0, -154.0, -982.0
40.416302592, 53.0, -146.0, -975.0
40.43556864, 52.0, -150.0, -976.0
40.454834688, 47.0, -148.0, -977.0
40.474100736, 54.0, -154.0, -980.0
40.493366656, 57.0, -149.0, -981.0
40.512632704, 49.0, -149.0, -981.0
40.531898752, 49.0, -150.0, -981.0
40.551164672, 50.0, -150.0, -983.0
40.57043072, 50.0, -159.0, -980.0
40.589696768, 52.0, -150.0, -985.0
40.608962816, 47.0, -153.0, -983.0
40.628228736, 43.0, -156.0, -986.0
40.647494784, 44.0, -154.0, -983.0
40.666760832, 49.0, -151.0, -985.0
40.68602688, 52.0, -153.0, -983.0
40.7052928, 44.0, -154.0, -981.0
40.724558848, 45.0, -151.0, -983.0
40.743824896, 53.0, -154.0, -982.0
40.763090944, 50.0, -154.0, -980.0
40.782356864, 53.0, -149.0, -980.0
40.801622912, 50.0, -152.0, -978.0
40.82088896, 50.0, -150.0, -978.0
40.84015488, 53.0, -146.0, -981.0
40.859420928, 52.0, -151.0, -974.0
40.878686976, 56.0, -154.0, -976.0
40.897953024, 55.0, -156.0, -983.0
40.917218944, 52.0, -152.0, -978.0
40.936485022, 51.0, -152.0, -982.0
40.955749632, 51.0, -144.0, -980.0
40.975014272, 52.0, -151.0, -980.0
40.994278784, 48.0, -152.0, -981.0
41.013543424, 51.0, -156.0, -985.0
41.032808064, 47.0, -154.0, -985.0
41.052072576, 46.0, -153.0, -982.0
41.071337216, 47.0, -148.0, -983.0
41.090601856, 40.0, -152.0, -983.0
41.109866368, 46.0, -151.0, -980.0
41.129131008, 50.0, -151.0, -982.0
41.148395648, 51.0, -151.0, -982.0
41.16766016, 52.0, -153.0, -984.0
41.1869248, 47.0, -151.0, -979.0
41.20618944, 49.0, -152.0, -984.0
41.22545408, 56.0, -154.0, -979.0
41.244718592, 57.0, -153.0, -983.0
41.263983232, 54.0, -153.0, -979.0
41.283247872, 53.0, -153.0, -978.0
41.302512384, 55.0, -148.0, -981.0
41.321777024, 50.0, -153.0, -978.0
41.341041664, 50.0, -156.0, -980.0
41.360306176, 56.0, -153.0, -982.0
41.379570816, 55.0, -151.0, -984.0
41.398835456, 54.0, -151.0, -988.0
41.418099968, 49.0, -150.0, -982.0
41.437364608, 50.0, -153.0, -986.0
41.456629248, 53.0, -154.0, -985.0
41.47589376, 48.0, -153.0, -984.0
41.4951584, 50.0, -152.0, -983.0
41.51442304, 51.0, -151.0, -982.0
41.533687552, 52.0, -152.0, -982.0
41.552952192, 46.0, -151.0, -980.0
41.572216832, 47.0, -149.0, -983.0
41.591481344, 52.0, -153.0, -979.0
41.610745984, 57.0, -149.0, -979.0
41.630010624, 59.0, -150.0, -978.0
41.649275264, 56.0, -154.0, -979.0
41.668539776, 54.0, -154.0, -982.0
41.687804416, 55.0, -152.0, -980.0
41.707069056, 60.0, -152.0, -978.0
41.726333568, 54.0, -151.0, -980.0
41.745598208, 53.0, -149.0, -984.0
41.764862848, 52.0, -153.0, -979.0
41.78412736, 56.0, -152.0, -979.0
41.803392, 52.0, -152.0, -984.0
41.82265664, 51.0, -152.0, -987.0
41.841921152, 49.0, -152.0, -981.0
41.861185792, 47.0, -153.0, -986.0
41.880450432, 50.0, -155.0, -984.0
41.899714944, 48.0, -154.0, -982.0
41.918979584, 45.0, -152.0, -982.0
41.938244224, 48.0, -148.0, -982.0
41.957508736, 47.0, -155.0, -978.0
41.976773376, 52.0, -153.0, -984.0
41.996038016, 52.0, -150.0, -982.0
42.015302528, 52.0, -152.0, -979.0
42.034567168, 54.0, -149.0, -979.0
42.053831808, 53.0, -146.0, -982.0
42.07309632, 51.0, -152.0, -980.0
42.09236096, 51.0, -153.0, -977.0
42.1116256, 56.0, -151.0, -980.0
42.13089024, 57.0, -147.0, -982.0
42.150154752, 52.0, -149.0, -980.0
42.169419392, 49.0, -154.0, -978.0
42.188684032, 47.0, -150.0, -984.0
42.207948544, 44.0, -157.0, -979.0
42.227213184, 52.0, -150.0, -979.0
42.246477824, 51.0, -156.0, -984.0
42.265742336, 41.0, -147.0, -984.0
42.285006976, 47.0, -153.0, -981.0
42.304271616, 48.0, -155.0, -984.0
42.323536128, 47.0, -157.0, -985.0
42.342800768, 51.0, -157.0, -984.0
42.362065408, 49.0, -155.0, -977.0
42.38132992, 49.0, -154.0, -979.0
42.40059456, 46.0, -151.0, -980.0
42.4198592, 48.0, -152.0, -983.0
42.439123712, 51.0, -146.0, -978.0
42.458388352, 51.0, -147.0, -979.0
42.477652992, 49.0, -147.0, -980.0
42.496917504, 57.0, -147.0, -981.0
42.516182144, 50.0, -149.0, -978.0
42.535446784, 54.0, -148.0, -978.0
42.554711424, 50.0, -151.0, -980.0
42.573975936, 46.0, -152.0, -976.0
42.593240576, 53.0, -149.0, -986.0
42.612505216, 48.0, -152.0, -980.0
42.631769728, 39.0, -149.0, -982.0
42.651034368, 47.0, -152.0, -983.0
42.670299008, 46.0, -152.0, -984.0
42.68956352, 46.0, -156.0, -984.0
42.70882816, 47.0, -152.0, -988.0
42.7280928, 47.0, -154.0, -986.0
42.747357312, 46.0, -151.0, -980.0
42.766621952, 48.0, -152.0, -983.0
42.785886592, 51.0, -154.0, -983.0
42.805151104, 47.0, -155.0, -977.0
42.824415744, 53.0, -151.0, -981.0
42.843680384, 55.0, -146.0, -984.0
42.862944896, 52.0, -153.0, -980.0
42.882209536, 55.0, -146.0, -977.0
42.901474176, 56.0, -146.0, -980.0
42.920738688, 54.0, -152.0, -981.0
42.940003328, 55.0, -151.0, -978.0
42.959267968, 54.0, -154.0, -982.0
42.97853248, 48.0, -151.0, -982.0
42.99779712, 52.0, -150.0, -983.0
43.01706176, 50.0, -154.0, -987.0
43.0363264, 44.0, -156.0, -987.0
43.055590912, 48.0, -158.0, -983.0
43.074855552, 47.0, -154.0, -982.0
43.094120192, 50.0, -159.0, -989.0
43.113384704, 47.0, -156.0, -983.0
43.132649344, 48.0, -152.0, -982.0
43.151913984, 46.0, -157.0, -984.0
43.171178496, 52.0, -153.0, -982.0
43.190443136, 49.0, -146.0, -978.0
43.209707776, 52.0, -152.0, -979.0
43.228972288, 54.0, -153.0, -978.0
43.248236928, 53.0, -151.0, -975.0
43.267501568, 53.0, -148.0, -981.0
43.28676608, 54.0, -149.0, -976.0
43.306030717, 54.0, -154.0, -976.0
43.32529536, 56.0, -151.0, -977.0
43.34456, 54.0, -152.0, -977.0
43.36382464, 52.0, -153.0, -983.0
43.38308928, 49.0, -152.0, -979.0
43.402354048, 51.0, -152.0, -982.0
43.421618688, 54.0, -154.0, -982.0
43.440883328, 48.0, -155.0, -985.0
43.460147968, 44.0, -156.0, -985.0
43.479412608, 45.0, -159.0, -981.0
43.498677248, 49.0, -153.0, -984.0
43.517942016, 51.0, -157.0, -986.0
43.537206656, 51.0, -150.0, -979.0
43.556471296, 51.0, -156.0, -990.0
43.575735936, 43.0, -153.0, -980.0
43.595000576, 49.0, -157.0, -976.0
43.614265216, 52.0, -156.0, -982.0
43.633529984, 56.0, -155.0, -977.0
43.652794624, 59.0, -150.0, -983.0
43.672059264, 52.0, -154.0, -979.0
43.691323904, 50.0, -148.0, -974.0
43.710588544, 55.0, -153.0, -978.0
43.729853184, 56.0, -154.0, -981.0
43.749117952, 59.0, -147.0, -978.0
43.768382592, 55.0, -151.0, -978.0
43.787647232, 53.0, -147.0, -981.0
43.806911872, 54.0, -153.0, -979.0
43.826176512, 49.0, -152.0, -982.0
43.845441152, 44.0, -152.0, -979.0
43.864705792, 48.0, -156.0, -983.0
43.88397056, 47.0, -155.0, -983.0
43.9032352, 52.0, -152.0, -980.0
43.92249984, 53.0, -149.0, -985.0
43.94176448, 51.0, -153.0, -985.0
43.96102912, 49.0, -150.0, -981.0
43.98029376, 46.0, -148.0, -985.0
43.999558528, 52.0, -149.0, -980.0
44.018823168, 57.0, -149.0, -977.0
44.038087808, 58.0, -149.0, -977.0
44.057352448, 61.0, -149.0, -981.0
44.076617088, 56.0, -146.0, -978.0
44.095881728, 48.0, -148.0, -982.0
44.115146496, 44.0, -151.0, -978.0
44.134411136, 53.0, -149.0, -981.0
44.153675776, 56.0, -154.0, -980.0
44.172940416, 56.0, -148.0, -981.0
44.192205056, 53.0, -151.0, -981.0
44.211469696, 46.0, -153.0, -981.0
44.230734464, 54.0, -155.0, -982.0
44.249999104, 59.0, -156.0, -982.0
44.269263744, 60.0, -157.0, -983.0
44.288528384, 50.0, -156.0, -983.0
44.307793024, 49.0, -155.0, -981.0
44.327057664, 45.0, -158.0, -989.0
44.346322432, 49.0, -155.0, -981.0
44.365587072, 49.0, -151.0, -981.0
44.384851712, 54.0, -153.0, -984.0
44.404116352, 56.0, -153.0, -980.0
44.423380992, 54.0, -156.0, -979.0
44.442645632, 50.0, -145.0, -979.0
44.461910272, 54.0, -145.0, -979.0
44.48117504, 54.0, -151.0, -982.0
44.50043968, 62.0, -144.0, -978.0
44.51970432, 57.0, -150.0, -981.0
44.53896896, 50.0, -151.0, -979.0
44.5582336, 53.0, -149.0, -983.0
44.57749824, 53.0, -149.0, -980.0
44.596763008, 52.0, -147.0, -981.0
44.616027648, 50.0, -153.0, -984.0
44.635292288, 54.0, -152.0, -982.0
44.654556928, 47.0, -156.0, -985.0
44.673821568, 44.0, -154.0, -984.0
44.693086208, 50.0, -151.0, -983.0
44.712350976, 46.0, -155.0, -988.0
44.731615616, 51.0, -153.0, -985.0
44.750880256, 51.0, -153.0, -985.0
44.770144896, 51.0, -151.0, -984.0
44.789409536, 48.0, -151.0, -980.0
44.808674176, 45.0, -152.0, -984.0
44.827938944, 54.0, -153.0, -980.0
44.847203584, 54.0, -149.0, -981.0
44.866468224, 54.0, -154.0, -977.0
44.885732864, 50.0, -153.0, -979.0
44.904997504, 48.0, -149.0, -978.0
44.924262144, 46.0, -150.0, -982.0
44.943526784, 53.0, -151.0, -978.0
44.962791552, 56.0, -149.0, -982.0
44.982056192, 56.0, -149.0, -982.0
45.001320832, 49.0, -153.0, -984.0
45.020585472, 48.0, -150.0, -981.0
45.039850112, 57.0, -150.0, -983.0
45.059114752, 56.0, -154.0, -983.0
45.07837952, 45.0, -157.0, -984.0
45.09764416, 44.0, -149.0, -985.0
45.1169088, 49.0, -151.0, -982.0
45.13617344, 51.0, -152.0, -982.0
45.15543808, 49.0, -152.0, -980.0
45.17470279, 51.0, -149.0, -978.0
45.19396864, 56.0, -151.0, -978.0
45.213234432, 56.0, -151.0, -979.0
45.232500352, 49.0, -149.0, -975.0
45.251766144, 55.0, -149.0, -975.0
45.271031936, 59.0, -149.0, -981.0
45.290297728, 61.0, -148.0, -982.0
45.309563648, 56.0, -147.0, -979.0
45.32882944, 55.0, -146.0, -986.0
45.348095232, 50.0, -148.0, -980.0
45.367361024, 54.0, -153.0, -979.0
45.386626944, 57.0, -146.0, -982.0
45.405892736, 59.0, -150.0, -985.0
45.425158528, 48.0, -145.0, -985.0
45.44442432, 46.0, -152.0, -987.0
45.46369024, 50.0, -152.0, -983.0
45.482956032, 55.0, -151.0, -983.0
45.502221824, 60.0, -156.0, -986.0
45.521487744, 57.0, -152.0, -984.0
45.540753536, 47.0, -150.0, -981.0
45.560019328, 43.0, -153.0, -982.0
45.57928512, 47.0, -154.0, -981.0
45.59855104, 56.0, -149.0, -977.0
45.617816832, 55.0, -155.0, -979.0
45.637082624, 55.0, -150.0, -980.0
45.656348416, 54.0, -152.0, -978.0
45.675614336, 56.0, -153.0, -978.0
45.694880128, 54.0, -145.0, -978.0
45.71414592, 57.0, -151.0, -980.0
45.733411712, 63.0, -153.0, -979.0
45.752677632, 53.0, -153.0, -979.0
45.771943424, 52.0, -147.0, -978.0
45.791209216, 56.0, -151.0, -979.0
45.810475136, 58.0, -156.0, -981.0
45.829740928, 58.0, -151.0, -983.0
45.84900672, 52.0, -157.0, -987.0
45.868272512, 48.0, -154.0, -983.0
45.887538432, 55.0, -158.0, -980.0
45.906804224, 52.0, -153.0, -986.0
45.926070016, 53.0, -153.0, -985.0
45.945335808, 50.0, -152.0, -987.0
45.964601728, 48.0, -150.0, -984.0
45.98386752, 51.0, -153.0, -982.0
46.003133312, 54.0, -151.0, -982.0
46.022399104, 55.0, -155.0, -980.0
46.041665024, 56.0, -152.0, -980.0
46.060930816, 57.0, -154.0, -981.0
46.080196608, 55.0, -151.0, -980.0
46.0994624, 57.0, -155.0, -979.0
46.11872832, 57.0, -150.0, -973.0
46.137994112, 61.0, -154.0, -978.0
46.157259904, 55.0, -153.0, -978.0
46.176525824, 55.0, -153.0, -978.0
46.195791616, 57.0, -149.0, -983.0
46.215057408, 56.0, -153.0, -978.0
46.2343232, 59.0, -155.0, -980.0
46.25358912, 58.0, -154.0, -980.0
46.272854912, 57.0, -155.0, -982.0
46.292120704, 54.0, -154.0, -980.0
46.311386496, 52.0, -153.0, -979.0
46.330652416, 52.0, -149.0, -980.0
46.349918208, 57.0, -155.0, -981.0
46.369184, 59.0, -153.0, -978.0
46.388449792, 55.0, -156.0, -979.0
46.407715712, 51.0, -153.0, -981.0
46.426981504, 50.0, -153.0, -984.0
46.446247296, 55.0, -158.0, -977.0
46.465513216, 61.0, -151.0, -979.0
46.484779008, 63.0, -156.0, -980.0
46.5040448, 59.0, -150.0, -979.0
46.523310592, 54.0, -153.0, -977.0
46.542576512, 56.0, -153.0, -979.0
46.561842304, 58.0, -153.0, -978.0
46.581108096, 62.0, -155.0, -981.0
46.600373888, 64.0, -153.0, -980.0
46.619639808, 57.0, -157.0, -977.0
46.6389056, 55.0, -154.0, -979.0
46.658171392, 51.0, -153.0, -980.0
46.677437184, 53.0, -153.0, -985.0
46.696703104, 55.0, -153.0, -979.0
46.715968896, 65.0, -157.0, -985.0
46.735234688, 60.0, -153.0, -984.0
46.754500608, 47.0, -154.0, -982.0
46.7737664, 46.0, -150.0, -983.0
46.793032192, 53.0, -156.0, -982.0
46.812297984, 61.0, -155.0, -980.0
46.831563904, 62.0, -152.0, -981.0
46.850829696, 63.0, -151.0, -977.0
46.870095488, 60.0, -150.0, -977.0
46.88936128, 56.0, -151.0, -978.0
46.9086272, 58.0, -152.0, -981.0
46.927892992, 61.0, -153.0, -975.0
46.947158784, 68.0, -153.0, -973.0
46.966424576, 61.0, -151.0, -983.0
46.985690496, 60.0, -152.0, -980.0
47.004956288, 61.0, -149.0, -979.0
47.02422208, 60.0, -153.0, -979.0
47.043488, 60.0, -155.0, -979.0
47.062753792, 60.0, -154.0, -983.0
47.082019584, 53.0, -152.0, -984.0
47.101285376, 55.0, -151.0, -980.0
47.120551296, 56.0, -154.0, -980.0
47.139817088, 61.0, -159.0, -986.0
47.15908288, 57.0, -154.0, -980.0
47.178348672, 57.0, -158.0, -981.0
47.197614592, 56.0, -157.0, -979.0
47.216880384, 58.0, -151.0, -982.0
47.236146176, 63.0, -153.0, -982.0
47.255411968, 64.0, -154.0, -984.0
47.274677888, 68.0, -150.0, -981.0
47.29394368, 62.0, -153.0, -976.0
47.313209472, 65.0, -156.0, -978.0
47.332475392, 68.0, -161.0, -981.0
47.351741184, 69.0, -154.0, -981.0
47.371006958, 69.0, -161.0, -982.0
47.390272768, 69.0, -158.0, -976.0
47.40953856, 69.0, -157.0, -977.0
47.428804352, 62.0, -152.0, -981.0
47.448070144, 63.0, -156.0, -985.0
47.467335936, 62.0, -155.0, -981.0
47.486601728, 59.0, -158.0, -981.0
47.50586752, 59.0, -163.0, -977.0
47.525133312, 66.0, -165.0, -963.0
47.544399104, 63.0, -164.0, -988.0
47.563664896, 57.0, -157.0, -981.0
47.582930688, 63.0, -157.0, -981.0
47.602196352, 68.0, -159.0, -978.0
47.621462144, 62.0, -158.0, -979.0
47.640727936, 60.0, -158.0, -978.0
47.659993728, 60.0, -154.0, -980.0
47.67925952, 69.0, -155.0, -980.0
47.698525312, 73.0, -162.0, -979.0
47.717791104, 72.0, -160.0, -978.0
47.737056896, 70.0, -165.0, -974.0
47.756322688, 70.0, -167.0, -978.0
47.77558848, 69.0, -155.0, -976.0
47.794854272, 67.0, -154.0, -979.0
47.814120064, 63.0, -155.0, -982.0
47.833385856, 65.0, -160.0, -979.0
47.852651648, 63.0, -156.0, -978.0
47.87191744, 62.0, -157.0, -978.0
47.891183232, 56.0, -168.0, -982.0
47.910449024, 60.0, -164.0, -978.0
47.929714816, 66.0, -156.0, -980.0
47.948980608, 72.0, -158.0, -983.0
47.9682464, 64.0, -162.0, -980.0
47.987512192, 60.0, -161.0, -983.0
48.006777984, 44.0, -155.0, -978.0
48.026043648, 51.0, -151.0, -978.0
48.04530944, 70.0, -156.0, -981.0
48.064575232, 74.0, -161.0, -978.0
48.083841024, 71.0, -160.0, -978.0
48.103106816, 67.0, -153.0, -980.0
48.122372608, 67.0, -150.0, -979.0
48.1416384, 66.0, -151.0, -977.0
48.160904192, 65.0, -151.0, -977.0
48.180169984, 67.0, -152.0, -974.0
48.199435776, 62.0, -152.0, -982.0
48.218701568, 61.0, -153.0, -976.0
48.23796736, 57.0, -158.0, -981.0
48.257233152, 54.0, -158.0, -982.0
48.276498944, 65.0, -156.0, -983.0
48.295764736, 65.0, -149.0, -978.0
48.315030528, 63.0, -157.0, -984.0
48.33429632, 52.0, -158.0, -981.0
48.353562112, 54.0, -154.0, -977.0
48.372827904, 53.0, -153.0, -983.0
48.392093696, 57.0, -152.0, -978.0
48.411359488, 64.0, -159.0, -986.0
48.430625152, 62.0, -159.0, -978.0
48.449890944, 67.0, -158.0, -980.0
48.469156736, 70.0, -153.0, -982.0
48.488422528, 70.0, -153.0, -978.0
48.50768832, 63.0, -148.0, -975.0
48.526954112, 67.0, -146.0, -979.0
48.546219904, 66.0, -151.0, -980.0
48.565485696, 69.0, -150.0, -981.0
48.584751488, 69.0, -151.0, -979.0
48.60401728, 72.0, -153.0, -976.0
48.623283072, 64.0, -156.0, -978.0
48.642548864, 57.0, -153.0, -980.0
48.661814656, 58.0, -150.0, -980.0
48.681080448, 65.0, -151.0, -982.0
48.70034624, 73.0, -158.0, -979.0
48.719612032, 65.0, -153.0, -984.0
48.738877824, 59.0, -152.0, -986.0
48.758143616, 54.0, -157.0, -982.0
48.777409408, 57.0, -155.0, -983.0
48.7966752, 63.0, -158.0, -980.0
48.815940992, 62.0, -155.0, -984.0
48.835206784, 63.0, -157.0, -979.0
48.854472448, 58.0, -151.0, -981.0
48.87373824, 59.0, -158.0, -983.0
48.893004032, 66.0, -154.0, -978.0
48.912269824, 76.0, -155.0, -978.0
48.931535616, 69.0, -148.0, -981.0
48.950801408, 56.0, -151.0, -981.0
48.9700672, 62.0, -150.0, -978.0
48.989332992, 63.0, -152.0, -978.0
49.008598784, 62.0, -156.0, -978.0
49.027864576, 67.0, -152.0, -982.0
49.047130368, 60.0, -152.0, -981.0
49.06639616, 54.0, -157.0, -979.0
49.085661952, 66.0, -152.0, -981.0
49.104927744, 69.0, -157.0, -981.0
49.124193536, 64.0, -154.0, -981.0
49.143459328, 53.0, -150.0, -982.0
49.16272512, 52.0, -153.0, -974.0
49.181990848, 55.0, -153.0, -984.0
49.201257088, 59.0, -157.0, -978.0
49.220523264, 62.0, -159.0, -982.0
49.239789568, 66.0, -156.0, -982.0
49.259055744, 66.0, -155.0, -979.0
49.278322048, 65.0, -151.0, -975.0
49.297588224, 65.0, -150.0, -982.0
49.316854528, 60.0, -145.0, -980.0
49.336120704, 64.0, -148.0, -977.0
49.355387008, 68.0, -154.0, -978.0
49.374653184, 64.0, -155.0, -975.0
49.393919488, 64.0, -156.0, -982.0
49.413185664, 60.0, -152.0, -979.0
49.432451968, 63.0, -157.0, -981.0
49.451718144, 68.0, -148.0, -982.0
49.470984448, 70.0, -150.0, -983.0
49.490250624, 60.0, -149.0, -981.0
49.509516928, 65.0, -154.0, -979.0
49.528783104, 59.0, -159.0, -985.0
49.548049408, 60.0, -160.0, -982.0
49.567315584, 56.0, -159.0, -982.0
49.586581888, 55.0, -156.0, -979.0
49.605848064, 64.0, -153.0, -982.0
49.625114368, 66.0, -153.0, -981.0
49.644380544, 62.0, -155.0, -980.0
49.663646848, 51.0, -150.0, -981.0
49.682913024, 53.0, -151.0, -983.0
49.702179328, 69.0, -154.0, -975.0
49.721445504, 78.0, -157.0, -980.0
49.740711808, 74.0, -162.0, -982.0
49.759977984, 70.0, -155.0, -979.0
49.779244288, 57.0, -150.0, -981.0
49.798510464, 60.0, -150.0, -979.0
49.817776768, 64.0, -149.0, -977.0
49.837042944, 68.0, -158.0, -979.0
49.856309248, 68.0, -156.0, -980.0
49.875575424, 67.0, -159.0, -980.0
49.894841728, 67.0, -156.0, -980.0
49.914107904, 68.0, -159.0, -987.0
49.93337408, 65.0, -160.0, -982.0
49.952640384, 56.0, -159.0, -986.0
49.97190656, 59.0, -149.0, -981.0
49.991172864, 55.0, -153.0, -982.0
50.01043904, 58.0, -161.0, -982.0
50.029705344, 60.0, -160.0, -978.0
50.04897152, 58.0, -157.0, -981.0
50.068237824, 65.0, -156.0, -984.0
50.087504, 70.0, -159.0, -977.0
50.106770304, 70.0, -151.0, -980.0
50.12603648, 66.0, -150.0, -979.0
50.145302784, 62.0, -153.0, -978.0
50.16456896, 69.0, -152.0, -971.0
50.183835264, 71.0, -153.0, -977.0
50.20310144, 68.0, -157.0, -977.0
50.222367744, 57.0, -156.0, -976.0
50.24163392, 62.0, -153.0, -980.0
50.260900224, 66.0, -155.0, -980.0
50.2801664, 67.0, -159.0, -983.0
50.299432704, 60.0, -154.0, -979.0
50.31869888, 66.0, -155.0, -980.0
50.337965184, 72.0, -156.0, -983.0
50.35723136, 67.0, -157.0, -979.0
50.376497664, 61.0, -156.0, -980.0
50.39576384, 54.0, -161.0, -979.0
50.415030144, 65.0, -158.0, -979.0
50.43429632, 66.0, -158.0, -982.0
50.453562624, 72.0, -153.0, -981.0
50.4728288, 72.0, -155.0, -975.0
50.492095104, 60.0, -153.0, -979.0
50.51136128, 60.0, -151.0, -976.0
50.530627584, 63.0, -158.0, -973.0
50.54989376, 65.0, -156.0, -979.0
50.569160064, 61.0, -156.0, -978.0
50.58842624, 68.0, -156.0, -978.0
50.607692544, 69.0, -157.0, -975.0
50.62695872, 69.0, -154.0, -980.0
50.646225024, 66.0, -154.0, -976.0
50.6654912, 62.0, -151.0, -982.0
50.684757376, 59.0, -160.0, -982.0
50.70402368, 60.0, -155.0, -978.0
50.723289856, 56.0, -156.0, -978.0
50.74255616, 61.0, -159.0, -986.0
50.761822336, 61.0, -163.0, -984.0
50.78108864, 57.0, -163.0, -979.0
50.800354816, 57.0, -157.0, -979.0
50.81962112, 63.0, -157.0, -982.0
50.838887296, 67.0, -153.0, -982.0
50.8581536, 60.0, -155.0, -978.0
50.877419776, 55.0, -157.0, -981.0
50.89668608, 55.0, -157.0, -979.0
50.915952256, 62.0, -164.0, -978.0
50.93521856, 60.0, -159.0, -979.0
50.954484736, 62.0, -156.0, -978.0
50.97375104, 69.0, -153.0, -980.0
50.993017216, 76.0, -155.0, -976.0
51.012283487, 67.0, -153.0, -975.0
51.031548928, 65.0, -153.0, -980.0
51.050814336, 59.0, -150.0, -981.0
51.070079744, 60.0, -159.0, -979.0
51.089345152, 61.0, -160.0, -980.0
51.10861056, 65.0, -163.0, -980.0
51.127875968, 58.0, -156.0, -987.0
51.147141248, 57.0, -159.0, -984.0
51.166406656, 60.0, -157.0, -984.0
51.185672064, 67.0, -159.0, -984.0
51.204937472, 63.0, -156.0, -980.0
51.22420288, 61.0, -157.0, -979.0
51.243468288, 58.0, -161.0, -976.0
51.262733696, 59.0, -161.0, -980.0
51.281999104, 64.0, -159.0, -977.0
51.301264512, 63.0, -153.0, -977.0
51.32052992, 62.0, -155.0, -976.0
51.339795328, 65.0, -158.0, -977.0
51.359060736, 75.0, -157.0, -977.0
51.378326016, 68.0, -157.0, -974.0
51.397591424, 67.0, -154.0, -975.0
51.416856832, 61.0, -154.0, -977.0
51.43612224, 59.0, -158.0, -978.0
51.455387648, 59.0, -157.0, -973.0
51.474653056, 56.0, -160.0, -983.0
51.493918464, 57.0, -158.0, -985.0
51.513183872, 66.0, -158.0, -984.0
51.53244928, 75.0, -157.0, -982.0
51.551714688, 59.0, -157.0, -981.0
51.570980096, 50.0, -152.0, -980.0
51.590245376, 53.0, -157.0, -986.0
51.609510784, 58.0, -157.0, -982.0
51.628776192, 60.0, -160.0, -979.0
51.6480416, 57.0, -158.0, -980.0
51.667307008, 53.0, -157.0, -981.0
51.686572416, 53.0, -157.0, -976.0
51.705837824, 59.0, -156.0, -979.0
51.725103232, 61.0, -148.0, -978.0
51.74436864, 59.0, -153.0, -978.0
51.763634048, 64.0, -154.0, -975.0
51.782899456, 68.0, -156.0, -978.0
51.802164864, 69.0, -155.0, -975.0
51.821430144, 61.0, -152.0, -980.0
51.840695552, 59.0, -158.0, -979.0
51.85996096, 58.0, -159.0, -981.0
51.879226368, 62.0, -155.0, -981.0
51.898491776, 65.0, -155.0, -985.0
51.917757184, 59.0, -152.0, -984.0
51.937022592, 53.0, -153.0, -980.0
51.956288, 56.0, -152.0, -983.0
51.975553408, 54.0, -160.0, -981.0
51.994818816, 56.0, -155.0, -984.0
52.014084224, 60.0, -158.0, -980.0
52.033349504, 63.0, -162.0, -983.0
52.052614912, 62.0, -161.0, -979.0
52.07188032, 54.0, -152.0, -978.0
52.091145728, 56.0, -155.0, -978.0
52.110411136, 63.0, -153.0, -978.0
52.129676544, 64.0, -158.0, -976.0
52.148941952, 61.0, -157.0, -976.0
52.16820736, 60.0, -157.0, -978.0
52.187472768, 62.0, -159.0, -977.0
52.206738176, 64.0, -156.0, -980.0
52.226003584, 61.0, -154.0, -977.0
52.245268992, 61.0, -152.0, -977.0
52.264534272, 67.0, -156.0, -979.0
52.28379968, 67.0, -150.0, -983.0
52.303065088, 61.0, -158.0, -979.0
52.322330496, 61.0, -160.0, -982.0
52.341595904, 61.0, -163.0, -981.0
52.360861312, 55.0, -161.0, -981.0
52.38012672, 54.0, -158.0, -977.0
52.399392128, 56.0, -160.0, -978.0
52.418657536, 59.0, -156.0, -978.0
52.437922944, 58.0, -154.0, -983.0
52.457188352, 57.0, -157.0, -978.0
52.476453632, 58.0, -157.0, -979.0
52.49571904, 60.0, -158.0, -980.0
52.514984448, 63.0, -154.0, -978.0
52.534249856, 63.0, -154.0, -980.0
52.553515264, 67.0, -156.0, -976.0
52.572780672, 67.0, -154.0, -977.0
52.59204608, 65.0, -159.0, -977.0
52.611311488, 64.0, -160.0, -980.0
52.630576896, 67.0, -156.0, -981.0
52.649842304, 67.0, -154.0, -975.0
52.669107712, 62.0, -156.0, -979.0
52.68837312, 61.0, -155.0, -980.0
52.7076384, 58.0, -159.0, -979.0
52.726903808, 62.0, -161.0, -983.0
52.746169216, 62.0, -162.0, -981.0
52.765434624, 62.0, -161.0, -981.0
52.784700032, 61.0, -162.0, -983.0
52.80396544, 54.0, -159.0, -983.0
52.823230848, 61.0, -161.0, -982.0
52.842496256, 64.0, -159.0, -979.0
52.861761664, 66.0, -156.0, -980.0
52.881027072, 58.0, -150.0, -981.0
52.90029248, 52.0, -154.0, -981.0
52.919557778, 57.0, -160.0, -982.0
52.938824448, 59.0, -156.0, -976.0
52.958091136, 65.0, -159.0, -979.0
52.977357696, 63.0, -155.0, -977.0
52.996624384, 58.0, -154.0, -981.0
53.015891072, 66.0, -159.0, -978.0
53.035157632, 74.0, -156.0, -978.0
53.05442432, 71.0, -148.0, -979.0
53.073691008, 64.0, -151.0, -978.0
53.092957568, 61.0, -154.0, -977.0
53.112224256, 60.0, -159.0, -980.0
53.131490816, 62.0, -160.0, -981.0
53.150757504, 56.0, -157.0, -981.0
53.170024192, 56.0, -161.0, -979.0
53.189290752, 58.0, -156.0, -978.0
53.20855744, 62.0, -161.0, -981.0
53.227824128, 64.0, -163.0, -983.0
53.247090688, 59.0, -156.0, -983.0
53.266357376, 57.0, -160.0, -980.0
53.285624064, 53.0, -157.0, -979.0
53.304890624, 55.0, -155.0, -979.0
53.324157312, 56.0, -157.0, -979.0
53.343424, 63.0, -156.0, -978.0
53.36269056, 70.0, -163.0, -985.0
53.381957248, 76.0, -155.0, -976.0
53.401223808, 72.0, -151.0, -976.0
53.420490496, 69.0, -153.0, -976.0
53.439757184, 70.0, -158.0, -979.0
53.459023744, 72.0, -150.0, -979.0
53.478290432, 75.0, -154.0, -978.0
53.49755712, 69.0, -156.0, -981.0
53.51682368, 61.0, -158.0, -982.0
53.536090368, 58.0, -159.0, -982.0
53.555357056, 55.0, -152.0, -983.0
53.574623616, 61.0, -151.0, -979.0
53.593890304, 61.0, -154.0, -980.0
53.613156992, 64.0, -161.0, -987.0
53.632423552, 57.0, -157.0, -981.0
53.65169024, 58.0, -154.0, -981.0
53.670956928, 55.0, -156.0, -977.0
53.690223488, 60.0, -157.0, -981.0
53.709490176, 64.0, -156.0, -981.0
53.728756736, 65.0, -153.0, -978.0
53.748023424, 70.0, -151.0, -978.0
53.767290112, 79.0, -148.0, -974.0
53.786556672, 74.0, -149.0, -982.0
53.80582336, 68.0, -157.0, -978.0
53.825090048, 60.0, -153.0, -980.0
53.844356608, 62.0, -147.0, -978.0
53.863623296, 67.0, -155.0, -977.0
53.882889984, 70.0, -159.0, -981.0
53.902156544, 70.0, -158.0, -982.0
53.921423232, 67.0, -150.0, -985.0
53.94068992, 65.0, -155.0, -981.0
53.95995648, 63.0, -152.0, -981.0
53.979223168, 62.0, -157.0, -982.0
53.998489856, 65.0, -158.0, -981.0
54.017756416, 62.0, -162.0, -981.0
54.037023104, 61.0, -158.0, -984.0
54.056289664, 59.0, -155.0, -983.0
54.075556352, 63.0, -156.0, -982.0
54.09482304, 54.0, -153.0, -983.0
54.1140896, 57.0, -155.0, -982.0
54.133356288, 53.0, -152.0, -981.0
54.152622976, 61.0, -158.0, -978.0
54.171889536, 64.0, -157.0, -979.0
54.191156224, 67.0, -155.0, -978.0
54.210422912, 64.0, -155.0, -980.0
54.229689472, 68.0, -158.0, -974.0
54.24895616, 75.0, -155.0, -979.0
54.268222848, 69.0, -156.0, -980.0
54.287489408, 60.0, -152.0, -980.0
54.306756096, 56.0, -154.0, -984.0
54.326022656, 60.0, -156.0, -983.0
54.345289344, 63.0, -156.0, -985.0
54.364556032, 65.0, -162.0, -978.0
54.383822592, 54.0, -161.0, -979.0
54.40308928, 51.0, -158.0, -985.0
54.422355968, 59.0, -158.0, -982.0
54.441622528, 67.0, -157.0, -981.0
54.460889216, 66.0, -157.0, -981.0
54.480155904, 65.0, -156.0, -982.0
54.499422464, 54.0, -155.0, -979.0
54.518689152, 53.0, -157.0, -980.0
54.53795584, 61.0, -156.0, -983.0
54.5572224, 62.0, -155.0, -979.0
54.576489088, 64.0, -155.0, -976.0
54.595755776, 69.0, -154.0, -981.0
54.615022336, 67.0, -155.0, -982.0
54.634289024, 68.0, -148.0, -977.0
54.653555584, 67.0, -147.0, -978.0
54.672822272, 64.0, -154.0, -977.0
54.69208896, 64.0, -155.0, -976.0
54.71135552, 60.0, -155.0, -977.0
54.730622208, 52.0, -160.0, -982.0
54.749888896, 59.0, -158.0, -979.0
54.769155456, 63.0, -157.0, -982.0
54.788422115, 64.0, -158.0, -981.0
54.807689472, 61.0, -159.0, -985.0
54.8269568, 62.0, -154.0, -984.0
54.846224128, 61.0, -155.0, -986.0
54.865491328, 64.0, -155.0, -984.0
54.884758656, 63.0, -163.0, -980.0
54.904025984, 64.0, -164.0, -985.0
54.923293312, 58.0, -159.0, -981.0
54.94256064, 62.0, -153.0, -983.0
54.96182784, 62.0, -155.0, -978.0
54.981095168, 65.0, -159.0, -977.0
55.000362496, 68.0, -152.0, -974.0
55.019629824, 71.0, -153.0, -978.0
55.038897024, 69.0, -151.0, -972.0
55.058164352, 70.0, -155.0, -978.0
55.07743168, 67.0, -154.0, -975.0
55.096699008, 68.0, -159.0, -980.0
55.115966336, 61.0, -158.0, -980.0
55.135233536, 59.0, -161.0, -977.0
55.154500864, 59.0, -157.0, -978.0
55.173768192, 63.0, -161.0, -979.0
55.19303552, 61.0, -156.0, -980.0
55.212302848, 57.0, -158.0, -985.0
55.231570048, 56.0, -157.0, -982.0
55.250837376, 59.0, -156.0, -983.0
55.270104704, 64.0, -155.0, -979.0
55.289372032, 59.0, -158.0, -981.0
55.308639232, 54.0, -159.0, -980.0
55.32790656, 58.0, -159.0, -982.0
55.347173888, 60.0, -165.0, -974.0
55.366441216, 75.0, -157.0, -981.0
55.385708544, 69.0, -154.0, -976.0
55.404975744, 61.0, -151.0, -979.0
55.424243072, 56.0, -156.0, -979.0
55.4435104, 72.0, -155.0, -976.0
55.462777728, 72.0, -162.0, -978.0
55.482045056, 70.0, -160.0, -978.0
55.501312256, 58.0, -155.0, -975.0
55.520579584, 57.0, -158.0, -979.0
55.539846912, 61.0, -155.0, -980.0
55.55911424, 70.0, -158.0, -984.0
55.578381568, 68.0, -156.0, -981.0
55.597648768, 67.0, -153.0, -981.0
55.616916096, 62.0, -152.0, -980.0
55.636183424, 63.0, -163.0, -982.0
55.655450752, 60.0, -159.0, -980.0
55.674717952, 61.0, -160.0, -981.0
55.69398528, 60.0, -161.0, -982.0
55.713252608, 62.0, -158.0, -980.0
55.732519936, 65.0, -157.0, -980.0
55.751787264, 73.0, -160.0, -981.0
55.771054464, 72.0, -156.0, -975.0
55.790321792, 68.0, -157.0, -977.0
55.80958912, 63.0, -149.0, -973.0
55.828856448, 64.0, -154.0, -978.0
55.848123776, 68.0, -155.0, -973.0
55.867390976, 70.0, -160.0, -974.0
55.886658304, 66.0, -165.0, -978.0
55.905925632, 58.0, -161.0, -976.0
55.92519296, 56.0, -166.0, -979.0
55.944460288, 66.0, -156.0, -982.0
55.963727488, 75.0, -162.0, -986.0
55.982994816, 72.0, -159.0, -977.0
56.002262144, 60.0, -156.0, -980.0
56.021529472, 57.0, -154.0, -982.0
56.040796672, 59.0, -158.0, -982.0
56.060064, 65.0, -164.0, -982.0
56.079331328, 61.0, -160.0, -978.0
56.098598656, 58.0, -160.0, -979.0
56.117865984, 52.0, -164.0, -981.0
56.137133184, 49.0, -160.0, -982.0
56.156400512, 66.0, -160.0, -980.0
56.17566784, 73.0, -157.0, -982.0
56.194935168, 72.0, -156.0, -978.0
56.214202496, 68.0, -151.0, -976.0
56.233469696, 60.0, -152.0, -976.0
56.252737024, 70.0, -155.0, -977.0
56.272004352, 73.0, -159.0, -977.0
56.29127168, 65.0, -157.0, -975.0
56.31053888, 66.0, -156.0, -973.0
56.329806208, 59.0, -160.0, -976.0
56.349073536, 62.0, -156.0, -980.0
56.368340864, 68.0, -157.0, -979.0
56.387608192, 73.0, -159.0, -982.0
56.406875392, 68.0, -152.0, -979.0
56.42614272, 57.0, -154.0, -977.0
56.445410048, 58.0, -155.0, -978.0
56.464677376, 62.0, -161.0, -983.0
56.483944704, 70.0, -160.0, -981.0
56.503211904, 63.0, -161.0, -982.0
56.522479232, 57.0, -163.0, -983.0
56.54174656, 55.0, -163.0, -981.0
56.561013888, 57.0, -156.0, -978.0
56.580281216, 69.0, -157.0, -979.0
56.599548416, 74.0, -154.0, -978.0
56.618815744, 71.0, -154.0, -973.0
56.638083001, 64.0, -154.0, -978.0
56.657350144, 66.0, -154.0, -975.0
56.676617344, 67.0, -157.0, -975.0
56.695884544, 72.0, -157.0, -975.0
56.715151872, 64.0, -158.0, -981.0
56.734419072, 53.0, -159.0, -980.0
56.753686272, 53.0, -157.0, -978.0
56.772953472, 66.0, -159.0, -978.0
56.792220672, 68.0, -159.0, -983.0
56.811487872, 58.0, -161.0, -985.0
56.8307552, 55.0, -157.0, -980.0
56.8500224, 57.0, -157.0, -982.0
56.8692896, 62.0, -158.0, -980.0
56.8885568, 66.0, -157.0, -982.0
56.907824, 59.0, -154.0, -982.0
56.9270912, 53.0, -163.0, -985.0
56.946358528, 52.0, -159.0, -980.0
56.965625728, 62.0, -155.0, -977.0
56.984892928, 67.0, -153.0, -977.0
57.004160128, 69.0, -158.0, -976.0
57.023427328, 56.0, -149.0, -978.0
57.042694528, 57.0, -155.0, -981.0
57.061961856, 63.0, -152.0, -975.0
57.081229056, 76.0, -152.0, -979.0
57.100496256, 69.0, -157.0, -971.0
57.119763456, 62.0, -153.0, -973.0
57.139030656, 53.0, -156.0, -981.0
57.158297856, 55.0, -165.0, -979.0
57.177565184, 69.0, -162.0, -982.0
57.196832384, 70.0, -160.0, -982.0
57.216099584, 60.0, -155.0, -982.0
57.235366784, 55.0, -156.0, -981.0
57.254633984, 54.0, -157.0, -980.0
57.273901184, 64.0, -158.0, -982.0
57.293168512, 68.0, -160.0, -985.0
57.312435712, 61.0, -163.0, -983.0
57.331702912, 52.0, -159.0, -981.0
57.350970112, 53.0, -159.0, -980.0
57.370237312, 59.0, -159.0, -978.0
57.389504512, 65.0, -162.0, -982.0
57.40877184, 65.0, -158.0, -977.0
57.42803904, 62.0, -157.0, -978.0
57.44730624, 64.0, -153.0, -977.0
57.46657344, 67.0, -148.0, -978.0
57.48584064, 71.0, -148.0, -976.0
57.50510784, 75.0, -153.0, -978.0
57.524375168, 72.0, -156.0, -977.0
57.543642368, 66.0, -154.0, -982.0
57.562909568, 59.0, -158.0, -983.0
57.582176768, 56.0, -159.0, -978.0
57.601443968, 57.0, -161.0, -987.0
57.620711168, 67.0, -162.0, -985.0
57.639978496, 61.0, -154.0, -981.0
57.659245696, 58.0, -154.0, -984.0
57.678512896, 56.0, -158.0, -979.0
57.697780096, 59.0, -157.0, -982.0
57.717047296, 64.0, -158.0, -981.0
57.736314496, 65.0, -160.0, -981.0
57.755581824, 57.0, -160.0, -981.0
57.774849024, 53.0, -156.0, -980.0
57.794116224, 63.0, -163.0, -973.0
57.813383424, 70.0, -165.0, -978.0
57.832650624, 67.0, -155.0, -978.0
57.851917824, 61.0, -155.0, -979.0
57.871185152, 61.0, -155.0, -979.0
57.890452352, 63.0, -151.0, -979.0
57.909719552, 70.0, -158.0, -982.0
57.928986752, 70.0, -155.0, -978.0
57.948253952, 68.0, -156.0, -976.0
57.967521152, 65.0, -155.0, -978.0
57.98678848, 59.0, -159.0, -979.0
58.00605568, 60.0, -160.0, -982.0
58.02532288, 61.0, -166.0, -978.0
58.04459008, 62.0, -164.0, -981.0
58.06385728, 62.0, -157.0, -982.0
58.08312448, 60.0, -159.0, -981.0
58.102391808, 63.0, -156.0, -983.0
58.121659008, 59.0, -156.0, -979.0
58.140926208, 60.0, -156.0, -981.0
58.160193408, 63.0, -163.0, -980.0
58.179460608, 64.0, -158.0, -978.0
58.198727808, 58.0, -156.0, -977.0
58.217995136, 58.0, -160.0, -977.0
58.237262336, 62.0, -160.0, -977.0
58.256529536, 66.0, -163.0, -983.0
58.275796736, 67.0, -154.0, -977.0
58.295063936, 69.0, -149.0, -979.0
58.314331136, 69.0, -151.0, -976.0
58.333598464, 72.0, -151.0, -978.0
58.352865664, 67.0, -155.0, -979.0
58.372132864, 71.0, -159.0, -981.0
58.391400064, 67.0, -160.0, -979.0
58.410667264, 64.0, -158.0, -978.0
58.429934464, 58.0, -163.0, -977.0
58.449201792, 60.0, -167.0, -979.0
58.468468992, 61.0, -166.0, -983.0
58.487736251, 59.0, -160.0, -983.0
58.507003648, 63.0, -165.0, -985.0
58.526271104, 62.0, -162.0, -983.0
58.54553856, 53.0, -155.0, -983.0
58.564805888, 54.0, -149.0, -981.0
58.584073344, 66.0, -157.0, -978.0
58.6033408, 70.0, -162.0, -978.0
58.622608256, 68.0, -161.0, -977.0
58.641875584, 60.0, -154.0, -976.0
58.66114304, 64.0, -159.0, -974.0
58.680410496, 68.0, -159.0, -977.0
58.699677952, 71.0, -154.0, -978.0
58.718945408, 68.0, -155.0, -979.0
58.738212736, 67.0, -151.0, -978.0
58.757480192, 63.0, -150.0, -978.0
58.776747648, 60.0, -155.0, -982.0
58.796015104, 64.0, -154.0, -979.0
58.81528256, 69.0, -154.0, -981.0
58.834549888, 67.0, -159.0, -982.0
58.853817344, 64.0, -160.0, -979.0
58.8730848, 60.0, -156.0, -981.0
58.892352256, 59.0, -156.0, -981.0
58.911619584, 60.0, -163.0, -980.0
58.93088704, 59.0, -157.0, -985.0
58.950154496, 61.0, -156.0, -979.0
58.969421952, 66.0, -149.0, -982.0
58.988689408, 68.0, -154.0, -978.0
59.007956736, 65.0, -152.0, -978.0
59.027224192, 63.0, -151.0, -985.0
59.046491648, 67.0, -153.0, -983.0
59.065759104, 71.0, -155.0, -976.0
59.085026432, 73.0, -156.0, -975.0
59.104293888, 66.0, -155.0, -980.0
59.123561344, 65.0, -153.0, -976.0
59.1428288, 67.0, -158.0, -984.0
59.162096256, 72.0, -151.0, -979.0
59.181363584, 78.0, -155.0, -977.0
59.20063104, 74.0, -154.0, -979.0
59.219898496, 66.0, -154.0, -979.0
59.239165952, 67.0, -152.0, -983.0
59.25843328, 70.0, -156.0, -981.0
59.277700736, 68.0, -156.0, -979.0
59.296968192, 67.0, -158.0, -978.0
59.316235648, 60.0, -155.0, -979.0
59.335503104, 57.0, -157.0, -981.0
59.354770432, 64.0, -159.0, -981.0
59.374037888, 68.0, -160.0, -981.0
59.393305344, 63.0, -159.0, -977.0
59.4125728, 64.0, -156.0, -981.0
59.431840256, 61.0, -151.0, -978.0
59.451107584, 66.0, -153.0, -977.0
59.47037504, 75.0, -156.0, -976.0
59.489642496, 71.0, -154.0, -979.0
59.508909952, 70.0, -153.0, -975.0
59.52817728, 72.0, -149.0, -976.0
59.547444736, 73.0, -154.0, -980.0
59.566712192, 69.0, -160.0, -984.0
59.585979648, 65.0, -157.0, -980.0
59.605247104, 61.0, -153.0, -979.0
59.624514432, 59.0, -155.0, -983.0
59.643781888, 61.0, -156.0, -987.0
59.663049344, 66.0, -156.0, -982.0
59.6823168, 64.0, -152.0, -977.0
59.701584128, 64.0, -157.0, -982.0
59.720851584, 59.0, -156.0, -981.0
59.74011904, 57.0, -157.0, -979.0
59.759386496, 65.0, -156.0, -982.0
59.778653952, 66.0, -161.0, -977.0
59.79792128, 68.0, -155.0, -984.0
59.817188736, 57.0, -161.0, -979.0
59.836456192, 58.0, -156.0, -982.0
59.855723648, 64.0, -151.0, -980.0
59.874991104, 65.0, -153.0, -979.0
59.894258432, 70.0, -150.0, -972.0
59.913525888, 67.0, -148.0, -975.0
59.932793344, 63.0, -153.0, -976.0
59.9520608, 62.0, -154.0, -975.0
59.971328128, 68.0, -152.0, -975.0
59.990595584, 74.0, -156.0, -975.0
60.00986304, 76.0, -158.0, -976.0
60.029130496, 66.0, -157.0, -979.0
60.048397952, 50.0, -154.0, -979.0
60.06766528, 55.0, -152.0, -980.0
60.086932736, 67.0, -153.0, -982.0
60.106200192, 73.0, -154.0, -979.0
60.125467648, 67.0, -150.0, -982.0
60.144734976, 59.0, -155.0, -981.0
60.164002432, 62.0, -150.0, -983.0
60.183269888, 68.0, -160.0, -980.0
60.202537344, 71.0, -160.0, -978.0
60.2218048, 72.0, -157.0, -975.0
60.241072128, 69.0, -162.0, -981.0
60.260339584, 63.0, -158.0, -980.0
60.27960704, 63.0, -159.0, -978.0
60.298874496, 68.0, -157.0, -976.0
60.318141824, 76.0, -158.0, -980.0
60.337409345, 77.0, -154.0, -977.0
60.356676992, 69.0, -155.0, -975.0
60.375944576, 68.0, -154.0, -981.0
60.395212288, 66.0, -152.0, -978.0
60.414479872, 64.0, -155.0, -979.0
60.433747584, 64.0, -156.0, -980.0
60.453015168, 62.0, -160.0, -983.0
60.47228288, 63.0, -164.0, -985.0
60.491550464, 59.0, -163.0, -984.0
60.510818048, 57.0, -157.0, -979.0
60.53008576, 60.0, -157.0, -983.0
60.549353344, 67.0, -156.0, -980.0
60.568621056, 66.0, -156.0, -981.0
60.58788864, 69.0, -155.0, -983.0
60.607156352, 63.0, -155.0, -981.0
60.626423936, 59.0, -158.0, -977.0
60.64569152, 65.0, -158.0, -978.0
60.664959232, 65.0, -156.0, -978.0
60.684226816, 61.0, -162.0, -980.0
60.703494528, 68.0, -159.0, -979.0
60.722762112, 72.0, -154.0, -975.0
60.742029824, 74.0, -154.0, -978.0
60.761297408, 74.0, -158.0, -973.0
60.780564992, 67.0, -153.0, -975.0
60.799832704, 67.0, -153.0, -979.0
60.819100288, 67.0, -151.0, -981.0
60.838368, 72.0, -158.0, -976.0
60.857635584, 65.0, -162.0, -984.0
60.876903296, 65.0, -159.0, -978.0
60.89617088, 61.0, -160.0, -979.0
60.915438464, 59.0, -163.0, -982.0
60.934706176, 64.0, -164.0, -980.0
60.95397376, 61.0, -161.0, -986.0
60.973241472, 66.0, -157.0, -982.0
60.992509056, 62.0, -163.0, -980.0
61.011776768, 67.0, -156.0, -982.0
61.031044352, 68.0, -161.0, -980.0
61.050312064, 68.0, -158.0, -979.0
61.069579648, 65.0, -156.0, -980.0
61.088847232, 64.0, -163.0, -977.0
61.108114944, 66.0, -156.0, -977.0
61.127382528, 67.0, -162.0, -976.0
61.14665024, 70.0, -158.0, -979.0
61.165917824, 70.0, -152.0, -975.0
61.185185536, 65.0, -154.0, -978.0
61.20445312, 68.0, -157.0, -979.0
61.223720704, 68.0, -154.0, -980.0
61.242988416, 69.0, -158.0, -979.0
61.262256, 69.0, -164.0, -980.0
61.281523712, 63.0, -161.0, -984.0
61.300791296, 67.0, -158.0, -980.0
61.320059008, 61.0, -164.0, -979.0
61.339326592, 61.0, -161.0, -984.0
61.358594176, 63.0, -165.0, -983.0
61.377861888, 57.0, -160.0, -982.0
61.397129472, 62.0, -159.0, -980.0
61.416397184, 65.0, -159.0, -983.0
61.435664768, 65.0, -160.0, -983.0
61.45493248, 62.0, -149.0, -981.0
61.474200064, 63.0, -154.0, -975.0
61.493467648, 64.0, -154.0, -978.0
61.51273536, 68.0, -161.0, -972.0
61.532002944, 71.0, -156.0, -981.0
61.551270656, 66.0, -153.0, -978.0
61.57053824, 66.0, -156.0, -974.0
61.589805952, 66.0, -153.0, -979.0
61.609073536, 68.0, -153.0, -978.0
61.62834112, 68.0, -152.0, -981.0
61.647608832, 67.0, -156.0, -979.0
61.666876416, 62.0, -159.0, -983.0
61.686144128, 59.0, -160.0, -975.0
61.705411712, 59.0, -156.0, -981.0
61.724679424, 66.0, -155.0, -981.0
61.743947008, 67.0, -164.0, -984.0
61.763214592, 57.0, -164.0, -979.0
61.782482304, 56.0, -162.0, -978.0
61.801749888, 58.0, -166.0, -980.0
61.8210176, 73.0, -152.0, -978.0
61.840285184, 77.0, -152.0, -980.0
61.859552896, 68.0, -156.0, -983.0
61.87882048, 72.0, -152.0, -977.0
61.898088064, 79.0, -146.0, -978.0
61.917355776, 73.0, -153.0, -980.0
61.93662336, 65.0, -155.0, -974.0
61.955891072, 61.0, -149.0, -978.0
61.975158656, 60.0, -152.0, -978.0
61.994426368, 67.0, -150.0, -976.0
62.013693952, 66.0, -152.0, -975.0
62.032961536, 59.0, -149.0, -980.0
62.052229248, 70.0, -148.0, -979.0
62.071496832, 65.0, -148.0, -982.0
62.090764544, 65.0, -152.0, -983.0
62.110032128, 64.0, -153.0, -980.0
62.12929984, 69.0, -153.0, -980.0
62.148567424, 67.0, -160.0, -982.0
62.167835136, 62.0, -157.0, -983.0
62.18710272, 51.0, -162.0, -986.0
62.206370304, 50.0, -153.0, -980.0
62.225638016, 61.0, -157.0, -984.0
62.2449056, 70.0, -155.0, -981.0
62.264173312, 73.0, -154.0, -982.0
62.283440896, 63.0, -156.0, -975.0
62.302708608, 61.0, -148.0, -977.0
62.321976192, 65.0, -152.0, -973.0
62.341243776, 76.0, -156.0, -976.0
62.360511488, 77.0, -153.0, -978.0
62.379779072, 73.0, -152.0, -977.0
62.399046734, 59.0, -160.0, -978.0
62.418313472, 60.0, -149.0, -976.0
62.43758016, 65.0, -155.0, -987.0
62.45684672, 65.0, -158.0, -978.0
62.476113408, 69.0, -156.0, -981.0
62.495380096, 63.0, -154.0, -983.0
62.514646656, 65.0, -154.0, -982.0
62.533913344, 64.0, -161.0, -978.0
62.553180032, 62.0, -158.0, -979.0
62.572446592, 67.0, -160.0, -979.0
62.59171328, 68.0, -160.0, -982.0
62.610979968, 68.0, -165.0, -978.0
62.630246528, 58.0, -158.0, -981.0
62.649513216, 62.0, -153.0, -979.0
62.668779904, 64.0, -156.0, -979.0
62.688046464, 65.0, -153.0, -980.0
62.707313152, 72.0, -152.0, -974.0
62.72657984, 69.0, -153.0, -977.0
62.7458464, 67.0, -155.0, -980.0
62.765113088, 62.0, -155.0, -978.0
62.784379776, 69.0, -155.0, -974.0
62.803646336, 68.0, -160.0, -979.0
62.822913024, 69.0, -162.0, -979.0
62.842179712, 66.0, -161.0, -977.0
62.861446272, 64.0, -156.0, -980.0
62.88071296, 71.0, -153.0, -983.0
62.899979648, 73.0, -158.0, -983.0
62.919246208, 67.0, -157.0, -984.0
62.938512896, 60.0, -155.0, -977.0
62.957779584, 56.0, -159.0, -980.0
62.977046144, 60.0, -158.0, -981.0
62.996312832, 62.0, -160.0, -978.0
63.01557952, 66.0, -163.0, -979.0
63.03484608, 62.0, -161.0, -977.0
63.054112768, 59.0, -158.0, -980.0
63.073379456, 62.0, -158.0, -979.0
63.092646016, 68.0, -152.0, -976.0
63.111912704, 68.0, -155.0, -978.0
63.131179392, 68.0, -150.0, -978.0
63.150445952, 66.0, -156.0, -978.0
63.16971264, 67.0, -155.0, -977.0
63.188979328, 67.0, -156.0, -975.0
63.208245888, 70.0, -156.0, -977.0
63.227512576, 67.0, -159.0, -976.0
63.246779264, 63.0, -158.0, -980.0
63.266045824, 72.0, -157.0, -978.0
63.285312512, 71.0, -152.0, -978.0
63.3045792, 67.0, -159.0, -979.0
63.32384576, 65.0, -158.0, -982.0
63.343112448, 62.0, -158.0, -982.0
63.362379136, 64.0, -159.0, -980.0
63.381645696, 62.0, -156.0, -987.0
63.400912384, 73.0, -158.0, -980.0
63.420179072, 64.0, -159.0, -979.0
63.439445632, 57.0, -161.0, -981.0
63.45871232, 56.0, -160.0, -980.0
63.477979008, 60.0, -158.0, -979.0
63.497245568, 73.0, -156.0, -977.0
63.516512256, 76.0, -157.0, -979.0
63.535778944, 70.0, -159.0, -974.0
63.555045504, 62.0, -154.0, -977.0
63.574312192, 69.0, -148.0, -975.0
63.59357888, 73.0, -155.0, -976.0
63.61284544, 77.0, -152.0, -978.0
63.632112128, 79.0, -157.0, -976.0
63.651378816, 65.0, -161.0, -979.0
63.670645376, 63.0, -159.0, -978.0
63.689912064, 63.0, -161.0, -980.0
63.709178752, 72.0, -156.0, -977.0
63.728445312, 74.0, -163.0, -981.0
63.747712, 72.0, -159.0, -979.0
63.766978688, 64.0, -152.0, -982.0
63.786245248, 57.0, -158.0, -983.0
63.805511936, 60.0, -159.0, -978.0
63.824778624, 72.0, -153.0, -978.0
63.844045184, 68.0, -160.0, -981.0
63.863311872, 66.0, -157.0, -976.0
63.88257856, 64.0, -160.0, -977.0
63.90184512, 61.0, -162.0, -980.0
63.921111808, 59.0, -155.0, -973.0
63.940378496, 66.0, -155.0, -978.0
63.959645056, 71.0, -157.0, -976.0
63.978911744, 78.0, -156.0, -978.0
63.998178432, 79.0, -156.0, -979.0
64.017444992, 73.0, -151.0, -976.0
64.03671168, 63.0, -156.0, -981.0
64.055978368, 67.0, -156.0, -977.0
64.075244928, 63.0, -155.0, -981.0
64.094511616, 62.0, -161.0, -979.0
64.113778304, 64.0, -158.0, -984.0
64.133044864, 62.0, -159.0, -977.0
64.152311552, 62.0, -155.0, -981.0
64.17157824, 58.0, -154.0, -985.0
64.1908448, 63.0, -157.0, -981.0
64.210111488, 62.0, -151.0, -983.0
64.229378176, 63.0, -152.0, -978.0
64.248644736, 58.0, -156.0, -982.0
64.267911424, 59.0, -155.0, -980.0
64.287178112, 62.0, -157.0, -980.0
64.306444613, 64.0, -152.0, -975.0
64.325711872, 60.0, -160.0, -984.0
64.344979072, 61.0, -158.0, -979.0
64.364246272, 62.0, -158.0, -982.0
64.383513344, 67.0, -156.0, -979.0
64.402780544, 68.0, -154.0, -976.0
64.422047744, 68.0, -156.0, -978.0
64.441314944, 67.0, -149.0, -977.0
64.460582144, 65.0, -154.0, -981.0
64.479849216, 61.0, -155.0, -978.0
64.499116416, 60.0, -156.0, -981.0
64.518383616, 65.0, -160.0, -979.0
64.537650816, 64.0, -155.0, -983.0
64.556917888, 57.0, -162.0, -983.0
64.576185088, 59.0, -159.0, -978.0
64.595452288, 54.0, -153.0, -981.0
64.614719488, 59.0, -156.0, -986.0
64.633986688, 64.0, -160.0, -981.0
64.65325376, 58.0, -152.0, -981.0
64.67252096, 59.0, -154.0, -980.0
64.69178816, 61.0, -156.0, -975.0
64.71105536, 64.0, -157.0, -980.0
64.73032256, 60.0, -154.0, -979.0
64.749589632, 59.0, -151.0, -982.0
64.768856832, 62.0, -156.0, -983.0
64.788124032, 68.0, -159.0, -978.0
64.807391232, 74.0, -156.0, -976.0
64.826658304, 69.0, -151.0, -976.0
64.845925504, 66.0, -149.0, -976.0
64.865192704, 71.0, -156.0, -977.0
64.884459904, 63.0, -151.0, -979.0
64.903727104, 64.0, -153.0, -981.0
64.922994176, 66.0, -156.0, -981.0
64.942261376, 66.0, -160.0, -981.0
64.961528576, 61.0, -163.0, -980.0
64.980795776, 61.0, -160.0, -981.0
65.000062976, 59.0, -159.0, -982.0
65.019330048, 61.0, -159.0, -980.0
65.038597248, 61.0, -163.0, -979.0
65.057864448, 63.0, -155.0, -981.0
65.077131648, 63.0, -161.0, -980.0
65.09639872, 65.0, -154.0, -978.0
65.11566592, 69.0, -152.0, -978.0
65.13493312, 67.0, -153.0, -978.0
65.15420032, 68.0, -153.0, -975.0
65.17346752, 68.0, -159.0, -974.0
65.192734592, 67.0, -154.0, -978.0
65.212001792, 66.0, -157.0, -979.0
65.231268992, 67.0, -156.0, -976.0
65.250536192, 66.0, -155.0, -980.0
65.269803392, 69.0, -158.0, -982.0
65.289070464, 64.0, -160.0, -981.0
65.308337664, 65.0, -155.0, -981.0
65.327604864, 65.0, -154.0, -978.0
65.346872064, 65.0, -150.0, -984.0
65.366139136, 68.0, -158.0, -980.0
65.385406336, 63.0, -157.0, -984.0
65.404673536, 65.0, -159.0, -982.0
65.423940736, 61.0, -162.0, -986.0
65.443207936, 59.0, -162.0, -978.0
65.462475008, 63.0, -163.0, -979.0
65.481742208, 62.0, -155.0, -981.0
65.501009408, 65.0, -156.0, -981.0
65.520276608, 67.0, -159.0, -978.0
65.539543808, 70.0, -157.0, -982.0
65.55881088, 69.0, -157.0, -978.0
65.57807808, 65.0, -154.0, -977.0
65.59734528, 70.0, -156.0, -976.0
65.61661248, 69.0, -158.0, -975.0
65.635879552, 67.0, -161.0, -977.0
65.655146752, 67.0, -156.0, -978.0
65.674413952, 61.0, -159.0, -977.0
65.693681152, 63.0, -158.0, -978.0
65.712948352, 69.0, -155.0, -980.0
65.732215424, 68.0, -157.0, -978.0
65.751482624, 65.0, -159.0, -986.0
65.770749824, 64.0, -155.0, -979.0
65.790017024, 64.0, -152.0, -981.0
65.809284224, 63.0, -156.0, -981.0
65.828551296, 64.0, -160.0, -981.0
65.847818496, 61.0, -160.0, -982.0
65.867085696, 64.0, -160.0, -979.0
65.886352896, 63.0, -166.0, -979.0
65.905619968, 64.0, -163.0, -979.0
65.924887168, 63.0, -159.0, -979.0
65.944154368, 67.0, -153.0, -976.0
65.963421568, 68.0, -152.0, -978.0
65.982688768, 72.0, -155.0, -976.0
66.00195584, 71.0, -156.0, -975.0
66.02122304, 67.0, -152.0, -977.0
66.04049024, 68.0, -153.0, -977.0
66.05975744, 69.0, -156.0, -976.0
66.07902464, 68.0, -159.0, -982.0
66.098291712, 63.0, -157.0, -979.0
66.117558912, 67.0, -164.0, -980.0
66.136826112, 61.0, -159.0, -980.0
66.156093312, 62.0, -156.0, -981.0
66.175360384, 62.0, -160.0, -981.0
66.194627584, 67.0, -158.0, -983.0
66.213894784, 67.0, -157.0, -984.0
66.233161984, 63.0, -158.0, -985.0
66.252429184, 60.0, -160.0, -980.0
66.271696256, 62.0, -159.0, -981.0
66.290963456, 64.0, -162.0, -981.0
66.310230561, 62.0, -157.0, -981.0
66.32949632, 62.0, -161.0, -981.0
66.348762112, 66.0, -152.0, -976.0
66.368027776, 67.0, -159.0, -978.0
66.387293568, 66.0, -156.0, -976.0
66.406559232, 68.0, -158.0, -975.0
66.425825024, 75.0, -154.0, -976.0
66.445090688, 73.0, -152.0, -976.0
66.46435648, 67.0, -153.0, -981.0
66.483622144, 67.0, -152.0, -978.0
66.502887936, 63.0, -157.0, -982.0
66.522153728, 65.0, -159.0, -978.0
66.541419392, 67.0, -161.0, -976.0
66.560685184, 67.0, -161.0, -983.0
66.579950848, 68.0, -158.0, -981.0
66.59921664, 62.0, -163.0, -979.0
66.618482304, 64.0, -162.0, -982.0
66.637748096, 63.0, -162.0, -986.0
66.657013888, 64.0, -152.0, -978.0
66.676279552, 70.0, -158.0, -979.0
66.695545344, 67.0, -157.0, -978.0
66.714811008, 69.0, -157.0, -980.0
66.7340768, 66.0, -158.0, -975.0
66.753342464, 64.0, -154.0, -979.0
66.772608256, 59.0, -158.0, -977.0
66.79187392, 65.0, -153.0, -982.0
66.811139712, 67.0, -152.0, -980.0
66.830405504, 72.0, -156.0, -978.0
66.849671168, 67.0, -151.0, -978.0
66.86893696, 64.0, -153.0, -980.0
66.888202624, 65.0, -151.0, -976.0
66.907468416, 71.0, -150.0, -979.0
66.92673408, 69.0, -152.0, -978.0
66.945999872, 69.0, -150.0, -979.0
66.965265664, 64.0, -155.0, -984.0
66.984531328, 58.0, -155.0, -980.0
67.00379712, 57.0, -157.0, -983.0
67.023062784, 60.0, -157.0, -984.0
67.042328576, 62.0, -157.0, -983.0
67.06159424, 59.0, -156.0, -983.0
67.080860032, 54.0, -154.0, -980.0
67.100125696, 52.0, -155.0, -981.0
67.119391488, 64.0, -162.0, -983.0
67.13865728, 71.0, -159.0, -976.0
67.157922944, 72.0, -152.0, -977.0
67.177188736, 67.0, -158.0, -980.0
67.1964544, 63.0, -156.0, -976.0
67.215720192, 64.0, -158.0, -975.0
67.234985856, 69.0, -159.0, -974.0
67.254251648, 67.0, -158.0, -977.0
67.27351744, 67.0, -155.0, -979.0
67.292783104, 61.0, -152.0, -976.0
67.312048896, 65.0, -154.0, -978.0
67.33131456, 66.0, -150.0, -981.0
67.350580352, 68.0, -155.0, -979.0
67.369846016, 72.0, -156.0, -981.0
67.389111808, 67.0, -155.0, -980.0
67.408377472, 60.0, -159.0, -982.0
67.427643264, 63.0, -158.0, -983.0
67.446909056, 61.0, -160.0, -978.0
67.46617472, 64.0, -160.0, -980.0
67.485440512, 62.0, -157.0, -981.0
67.504706176, 61.0, -161.0, -983.0
67.523971968, 65.0, -155.0, -979.0
67.543237632, 66.0, -156.0, -982.0
67.562503424, 72.0, -156.0, -978.0
67.581769216, 67.0, -153.0, -977.0
67.60103488, 69.0, -149.0, -975.0
67.620300672, 71.0, -156.0, -979.0
67.639566336, 69.0, -155.0, -974.0
67.658832128, 65.0, -153.0, -976.0
67.678097792, 66.0, -157.0, -978.0
67.697363584, 71.0, -155.0, -977.0
67.716629248, 69.0, -161.0, -976.0
67.73589504, 64.0, -155.0, -981.0
67.755160832, 61.0, -154.0, -977.0
67.774426496, 62.0, -155.0, -979.0
67.793692288, 61.0, -158.0, -982.0
67.812957952, 64.0, -158.0, -982.0
67.832223744, 70.0, -155.0, -982.0
67.851489408, 62.0, -159.0, -982.0
67.8707552, 64.0, -157.0, -978.0
67.890020992, 59.0, -161.0, -983.0
67.909286656, 67.0, -155.0, -979.0
67.928552448, 65.0, -160.0, -975.0
67.947818112, 69.0, -158.0, -980.0
67.967083904, 61.0, -154.0, -980.0
67.986349568, 66.0, -155.0, -976.0
68.00561536, 66.0, -156.0, -975.0
68.024881024, 72.0, -156.0, -978.0
68.044146816, 76.0, -152.0, -977.0
68.063412608, 75.0, -154.0, -978.0
68.082678272, 69.0, -151.0, -976.0
68.101944064, 65.0, -154.0, -978.0
68.121209728, 68.0, -159.0, -974.0
68.14047552, 68.0, -160.0, -978.0
68.159741184, 66.0, -161.0, -978.0
68.179006976, 64.0, -158.0, -978.0
68.198272768, 68.0, -157.0, -979.0
68.217538422, 64.0, -164.0, -985.0
68.236804864, 63.0, -160.0, -982.0
68.256071296, 66.0, -156.0, -981.0
68.2753376, 62.0, -157.0, -983.0
68.294604032, 65.0, -155.0, -976.0
68.313870464, 65.0, -162.0, -984.0
68.333136896, 67.0, -158.0, -977.0
68.3524032, 66.0, -157.0, -982.0
68.371669632, 65.0, -154.0, -981.0
68.390936064, 63.0, -159.0, -978.0
68.410202368, 70.0, -156.0, -977.0
68.4294688, 74.0, -155.0, -974.0
68.448735232, 77.0, -159.0, -979.0
68.468001664, 71.0, -152.0, -973.0
68.487267968, 69.0, -149.0, -975.0
68.5065344, 68.0, -155.0, -981.0
68.525800832, 70.0, -155.0, -978.0
68.545067136, 72.0, -155.0, -981.0
68.564333568, 67.0, -156.0, -982.0
68.5836, 62.0, -156.0, -983.0
68.602866304, 62.0, -164.0, -981.0
68.622132736, 62.0, -162.0, -979.0
68.641399168, 69.0, -160.0, -987.0
68.6606656, 62.0, -158.0, -984.0
68.679931904, 54.0, -156.0, -980.0
68.699198336, 55.0, -159.0, -978.0
68.718464768, 58.0, -155.0, -982.0
68.737731072, 68.0, -161.0, -983.0
68.756997504, 70.0, -149.0, -976.0
68.776263936, 73.0, -159.0, -975.0
68.795530368, 86.0, -156.0, -976.0
68.814796672, 99.0, -156.0, -978.0
68.834063104, 114.0, -143.0, -972.0
68.853329536, 114.0, -156.0, -978.0
68.87259584, 86.0, -148.0, -969.0
68.891862272, 86.0, -158.0, -980.0
68.911128704, 104.0, -161.0, -980.0
68.930395136, 125.0, -166.0, -969.0
68.94966144, 112.0, -162.0, -982.0
68.968927872, 99.0, -169.0, -979.0
68.988194304, 103.0, -171.0, -980.0
69.007460608, 113.0, -175.0, -985.0
69.02672704, 123.0, -176.0, -977.0
69.045993472, 115.0, -170.0, -969.0
69.065259904, 148.0, -163.0, -956.0
69.084526208, 199.0, -134.0, -959.0
69.10379264, 246.0, -154.0, -952.0
69.123059072, 225.0, -179.0, -962.0
69.142325376, 179.0, -154.0, -956.0
69.161591808, 180.0, -140.0, -944.0
69.18085824, 195.0, -140.0, -950.0
69.200124544, 186.0, -148.0, -960.0
69.219390976, 111.0, -146.0, -941.0
69.238657408, 88.0, -122.0, -939.0
69.25792384, 197.0, -89.0, -929.0
69.277190144, 391.0, -104.0, -938.0
69.296456576, 475.0, -184.0, -991.0
69.315723008, 487.0, -137.0, -954.0
69.334989312, 403.0, -94.0, -906.0
69.354255744, 549.0, -97.0, -825.0
69.373522176, 916.0, -185.0, -602.0
69.392788608, 699.0, -371.0, -907.0
69.412054912, 580.0, -453.0, -828.0
69.431321344, 529.0, -430.0, -777.0
69.450587776, 565.0, -407.0, -696.0
69.46985408, 397.0, -354.0, -644.0
69.489120512, 427.0, -367.0, -685.0
69.508386944, 474.0, -308.0, -738.0
69.527653376, 445.0, -333.0, -698.0
69.54691968, 499.0, -379.0, -628.0
69.566186112, 612.0, -411.0, -559.0
69.585452544, 735.0, -274.0, -657.0
69.604718848, 750.0, -269.0, -775.0
69.623986176, 670.0, -291.0, -830.0
69.643253504, 543.0, -273.0, -812.0
69.66252096, 584.0, -270.0, -813.0
69.681788288, 484.0, -272.0, -849.0
69.701055744, 401.0, -282.0, -872.0
69.720323072, 461.0, -241.0, -821.0
69.7395904, 502.0, -193.0, -845.0
69.758857856, 528.0, -173.0, -839.0
69.778125184, 548.0, -147.0, -823.0
69.79739264, 565.0, -93.0, -795.0
69.816659968, 578.0, -91.0, -802.0
69.835927296, 571.0, -97.0, -812.0
69.855194752, 574.0, -91.0, -795.0
69.87446208, 643.0, -86.0, -796.0
69.893729536, 625.0, -119.0, -826.0
69.912996864, 574.0, -208.0, -812.0
69.932264192, 631.0, -266.0, -806.0
69.951531648, 686.0, -257.0, -814.0
69.970798976, 748.0, -184.0, -738.0
69.990066432, 704.0, -182.0, -674.0
70.00933376, 599.0, -268.0, -657.0
70.028601216, 555.0, -396.0, -665.0
70.047868544, 643.0, -428.0, -622.0
70.067135872, 815.0, -358.0, -615.0
70.086403328, 721.0, -340.0, -644.0
70.105670656, 566.0, -339.0, -620.0
70.124938112, 564.0, -320.0, -555.0
70.14420544, 604.0, -419.0, -562.0
70.163472768, 608.0, -502.0, -574.0
70.182740224, 685.0, -488.0, -570.0
70.202007552, 684.0, -462.0, -627.0
70.221275008, 674.0, -397.0, -648.0
70.240542336, 683.0, -373.0, -606.0
70.259809664, 700.0, -394.0, -608.0
70.27907712, 712.0, -414.0, -572.0
70.298344448, 728.0, -428.0, -530.0
70.317611904, 708.0, -424.0, -500.0
70.336879232, 665.0, -466.0, -493.0
70.35614656, 636.0, -471.0, -493.0
70.375414016, 682.0, -449.0, -485.0
70.394681344, 678.0, -430.0, -523.0
70.4139488, 643.0, -414.0, -550.0
70.433216128, 626.0, -413.0, -599.0
70.452483456, 650.0, -422.0, -648.0
70.471750912, 690.0, -437.0, -689.0
70.49101824, 716.0, -420.0, -668.0
70.510285696, 696.0, -401.0, -590.0
70.529553024, 657.0, -404.0, -560.0
70.548820352, 652.0, -424.0, -556.0
70.568087808, 667.0, -431.0, -546.0
70.587355136, 660.0, -436.0, -540.0
70.606622592, 641.0, -460.0, -538.0
70.62588992, 641.0, -484.0, -552.0
70.645157376, 662.0, -492.0, -562.0
70.664424704, 697.0, -494.0, -573.0
70.683692032, 718.0, -467.0, -570.0
70.702959488, 746.0, -440.0, -559.0
70.722226816, 755.0, -445.0, -585.0
70.741494272, 718.0, -487.0, -595.0
70.7607616, 749.0, -517.0, -559.0
70.780028928, 693.0, -522.0, -552.0
70.799296384, 633.0, -496.0, -541.0
70.818563712, 583.0, -455.0, -546.0
70.837831168, 563.0, -457.0, -573.0
70.857098496, 557.0, -452.0, -582.0
70.876365824, 558.0, -429.0, -599.0
70.895633305, 597.0, -407.0, -616.0
70.914900864, 621.0, -380.0, -635.0
70.934168448, 613.0, -399.0, -646.0
70.953436032, 633.0, -398.0, -656.0
70.972703488, 647.0, -391.0, -673.0
70.991971072, 655.0, -406.0, -666.0
71.011238656, 662.0, -420.0, -633.0
71.03050624, 647.0, -425.0, -633.0
71.049773824, 624.0, -428.0, -630.0
71.06904128, 629.0, -405.0, -627.0
71.088308864, 619.0, -404.0, -636.0
71.107576448, 620.0, -395.0, -624.0
71.126844032, 629.0, -390.0, -604.0
71.146111616, 620.0, -407.0, -609.0
71.1653792, 617.0, -459.0, -617.0
71.184646656, 633.0, -471.0, -606.0
71.20391424, 654.0, -479.0, -630.0
71.223181824, 647.0, -490.0, -649.0
71.242449408, 645.0, -503.0, -643.0
71.261716992, 622.0, -536.0, -622.0
71.280984448, 604.0, -579.0, -600.0
71.300252032, 595.0, -627.0, -572.0
71.319519616, 570.0, -672.0, -550.0
71.3387872, 562.0, -690.0, -522.0
71.358054784, 540.0, -672.0, -518.0
71.37732224, 522.0, -645.0, -513.0
71.396589824, 517.0, -621.0, -531.0
71.415857408, 519.0, -597.0, -557.0
71.435124992, 534.0, -559.0, -576.0
71.454392576, 562.0, -501.0, -596.0
71.473660032, 565.0, -486.0, -629.0
71.492927616, 576.0, -504.0, -634.0
71.5121952, 598.0, -538.0, -620.0
71.531462784, 609.0, -558.0, -587.0
71.550730368, 602.0, -556.0, -557.0
71.569997952, 586.0, -549.0, -540.0
71.589265408, 578.0, -549.0, -537.0
71.608532992, 575.0, -543.0, -533.0
71.627800576, 571.0, -543.0, -526.0
71.64706816, 564.0, -545.0, -521.0
71.666335744, 566.0, -553.0, -530.0
71.6856032, 578.0, -559.0, -546.0
71.704870784, 598.0, -557.0, -546.0
71.724138368, 606.0, -563.0, -553.0
71.743405952, 613.0, -563.0, -570.0
71.762673536, 630.0, -573.0, -573.0
71.781940992, 645.0, -575.0, -557.0
71.801208576, 638.0, -581.0, -530.0
71.82047616, 613.0, -590.0, -516.0
71.839743744, 599.0, -585.0, -517.0
71.859011328, 594.0, -581.0, -518.0
71.878278784, 597.0, -581.0, -526.0
71.897546368, 596.0, -586.0, -518.0
71.916813952, 589.0, -581.0, -512.0
71.936081536, 578.0, -581.0, -503.0
71.95534912, 575.0, -584.0, -498.0
71.974616704, 582.0, -589.0, -498.0
71.99388416, 589.0, -594.0, -504.0
72.013151744, 606.0, -604.0, -510.0
72.032419328, 623.0, -608.0, -506.0
72.051686912, 628.0, -610.0, -489.0
72.070954496, 599.0, -613.0, -478.0
72.090221952, 571.0, -615.0, -478.0
72.109489536, 585.0, -605.0, -465.0
72.12875712, 601.0, -604.0, -469.0
72.148024704, 595.0, -604.0, -466.0
72.167292288, 563.0, -615.0, -465.0
72.186559744, 555.0, -614.0, -458.0
72.205827328, 575.0, -621.0, -461.0
72.225094912, 604.0, -604.0, -463.0
72.244362496, 602.0, -615.0, -480.0
72.26363008, 605.0, -633.0, -496.0
72.282897536, 592.0, -634.0, -490.0
72.30216512, 581.0, -665.0, -487.0
72.321432704, 586.0, -745.0, -477.0
72.340700274, 582.0, -796.0, -454.0
72.359966336, 571.0, -850.0, -498.0
72.379232384, 606.0, -747.0, -495.0
72.39849856, 687.0, -677.0, -527.0
72.417764608, 700.0, -600.0, -477.0
72.437030784, 709.0, -542.0, -477.0
72.456296832, 763.0, -473.0, -498.0
72.475563008, 785.0, -394.0, -484.0
72.494829056, 778.0, -372.0, -488.0
72.514095232, 772.0, -403.0, -527.0
72.53336128, 819.0, -440.0, -548.0
72.552627456, 829.0, -461.0, -563.0
72.571893504, 843.0, -437.0, -593.0
72.59115968, 846.0, -411.0, -610.0
72.610425728, 819.0, -385.0, -592.0
72.629691904, 824.0, -350.0, -596.0
72.648957952, 825.0, -328.0, -591.0
72.668224128, 816.0, -256.0, -572.0
72.687490176, 822.0, -196.0, -575.0
72.706756352, 856.0, -150.0, -583.0
72.7260224, 864.0, -123.0, -585.0
72.745288576, 902.0, -95.0, -591.0
72.764554624, 969.0, -53.0, -586.0
72.7838208, 986.0, -10.0, -567.0
72.803086848, 1012.0, 17.0, -569.0
72.822353024, 985.0, 39.0, -545.0
72.841619072, 972.0, 58.0, -527.0
72.860885248, 959.0, 94.0, -492.0
72.880151296, 998.0, 190.0, -442.0
72.899417472, 981.0, 215.0, -393.0
72.91868352, 980.0, 231.0, -353.0
72.937949696, 978.0, 259.0, -332.0
72.957215744, 980.0, 293.0, -289.0
72.97648192, 1012.0, 310.0, -275.0
72.995747968, 1076.0, 305.0, -248.0
73.015014144, 1212.0, 248.0, -235.0
73.034280192, 1218.0, 232.0, -197.0
73.053546368, 1092.0, 282.0, -123.0
73.072812416, 928.0, 373.0, -86.0
73.092078464, 828.0, 499.0, -169.0
73.11134464, 713.0, 606.0, -221.0
73.130610688, 550.0, 769.0, -219.0
73.149876864, 374.0, 986.0, -182.0
73.169142912, 265.0, 1186.0, -142.0
73.188409088, 290.0, 1204.0, -75.0
73.207675136, 340.0, 1133.0, -43.0
73.226941312, 390.0, 974.0, -30.0
73.24620736, 466.0, 802.0, -15.0
73.265473536, 527.0, 675.0, 58.0
73.284739584, 560.0, 603.0, 172.0
73.30400576, 530.0, 572.0, 273.0
73.323271808, 550.0, 579.0, 346.0
73.342537984, 502.0, 596.0, 362.0
73.361804032, 438.0, 612.0, 356.0
73.381070208, 439.0, 584.0, 388.0
73.400336256, 450.0, 590.0, 400.0
73.419602432, 423.0, 660.0, 382.0
73.43886848, 372.0, 641.0, 456.0
73.458134656, 310.0, 629.0, 544.0
73.477400704, 289.0, 649.0, 553.0
73.49666688, 216.0, 633.0, 587.0
73.515932928, 255.0, 664.0, 655.0
73.535199104, 281.0, 666.0, 667.0
73.554465219, 269.0, 577.0, 727.0
73.573730688, 198.0, 561.0, 801.0
73.592996096, 194.0, 585.0, 823.0
73.612261632, 205.0, 527.0, 898.0
73.63152704, 169.0, 483.0, 925.0
73.650792448, 157.0, 519.0, 867.0
73.670057856, 143.0, 520.0, 862.0
73.689323392, 128.0, 450.0, 860.0
73.7085888, 143.0, 434.0, 845.0
73.727854208, 182.0, 459.0, 868.0
73.747119744, 115.0, 444.0, 800.0
73.766385152, 115.0, 464.0, 871.0
73.78565056, 130.0, 436.0, 939.0
73.804915968, 134.0, 467.0, 887.0
73.824181504, 143.0, 447.0, 806.0
73.843446912, 182.0, 434.0, 873.0
73.86271232, 154.0, 441.0, 1018.0
73.881977856, 125.0, 438.0, 960.0
73.901243264, 172.0, 510.0, 773.0
73.920508672, 96.0, 437.0, 816.0
73.93977408, 131.0, 445.0, 979.0
73.959039616, 139.0, 460.0, 820.0
73.978305024, 147.0, 380.0, 874.0
73.997570432, 98.0, 331.0, 854.0
74.016835968, 51.0, 268.0, 800.0
74.036101376, 4.0, 260.0, 676.0
74.055366784, 61.0, 197.0, 701.0
74.074632192, 104.0, 189.0, 686.0
74.093897728, 84.0, 210.0, 685.0
74.113163136, 38.0, 211.0, 636.0
74.132428544, 10.0, 222.0, 604.0
74.15169408, 13.0, 249.0, 545.0
74.170959488, 51.0, 365.0, 479.0
74.190224896, 139.0, 352.0, 361.0
74.209490304, 255.0, 389.0, 248.0
74.22875584, 275.0, 324.0, 67.0
74.248021248, 396.0, 435.0, -65.0
74.267286656, 547.0, 522.0, -113.0
74.286552192, 484.0, 449.0, -165.0
74.3058176, 561.0, 483.0, -241.0
74.325083008, 741.0, 615.0, -338.0
74.344348416, 866.0, 694.0, -503.0
74.363613952, 1047.0, 665.0, -546.0
74.38287936, 1155.0, 637.0, -585.0
74.402144768, 1167.0, 773.0, -797.0
74.421410304, 1261.0, 847.0, -875.0
74.440675712, 1263.0, 510.0, -750.0
74.45994112, 1273.0, 343.0, -752.0
74.479206528, 1434.0, 356.0, -744.0
74.498472064, 1397.0, 393.0, -717.0
74.517737472, 1263.0, 292.0, -794.0
74.53700288, 1064.0, 122.0, -818.0
74.556268416, 1066.0, -86.0, -864.0
74.575533824, 1220.0, -117.0, -786.0
74.594799232, 1025.0, -249.0, -757.0
74.61406464, 749.0, -397.0, -770.0
74.633330176, 809.0, -449.0, -937.0
74.652595584, 857.0, -489.0, -943.0
74.671860992, 786.0, -462.0, -789.0
74.691126442, 711.0, -406.0, -732.0
74.710392448, 633.0, -497.0, -762.0
74.729658496, 600.0, -496.0, -723.0
74.748924416, 580.0, -452.0, -576.0
74.768190464, 526.0, -472.0, -556.0
74.787456512, 489.0, -507.0, -620.0
74.80672256, 502.0, -647.0, -632.0
74.82598848, 483.0, -642.0, -579.0
74.845254528, 600.0, -563.0, -558.0
74.864520576, 802.0, -578.0, -644.0
74.883786624, 773.0, -442.0, -609.0
74.903052544, 538.0, -305.0, -521.0
74.922318592, 465.0, -321.0, -654.0
74.94158464, 521.0, -358.0, -805.0
74.96085056, 587.0, -312.0, -793.0
74.980116608, 678.0, -282.0, -748.0
74.999382656, 735.0, -312.0, -691.0
75.018648704, 647.0, -318.0, -799.0
75.037914624, 589.0, -308.0, -774.0
75.057180672, 545.0, -240.0, -707.0
75.07644672, 530.0, -285.0, -678.0
75.095712768, 532.0, -396.0, -713.0
75.114978688, 556.0, -412.0, -736.0
75.134244736, 610.0, -397.0, -744.0
75.153510784, 658.0, -408.0, -676.0
75.172776832, 680.0, -551.0, -627.0
75.192042752, 648.0, -486.0, -532.0
75.2113088, 499.0, -481.0, -598.0
75.230574848, 513.0, -512.0, -664.0
75.249840768, 602.0, -494.0, -692.0
75.269106816, 560.0, -443.0, -687.0
75.288372864, 488.0, -447.0, -677.0
75.307638912, 468.0, -431.0, -692.0
75.326904832, 432.0, -388.0, -714.0
75.34617088, 490.0, -402.0, -716.0
75.365436928, 592.0, -380.0, -726.0
75.384702976, 620.0, -356.0, -745.0
75.403968896, 616.0, -335.0, -729.0
75.423234944, 609.0, -310.0, -727.0
75.442500992, 590.0, -277.0, -738.0
75.461766912, 609.0, -251.0, -748.0
75.48103296, 628.0, -215.0, -733.0
75.500299008, 645.0, -190.0, -753.0
75.519565056, 647.0, -197.0, -751.0
75.538830976, 678.0, -205.0, -743.0
75.558097024, 658.0, -204.0, -719.0
75.577363072, 643.0, -208.0, -742.0
75.59662912, 635.0, -217.0, -727.0
75.61589504, 617.0, -238.0, -710.0
75.635161088, 605.0, -291.0, -697.0
75.654427136, 605.0, -318.0, -701.0
75.673693056, 606.0, -317.0, -694.0
75.692959104, 637.0, -303.0, -724.0
75.712225152, 640.0, -283.0, -697.0
75.7314912, 606.0, -341.0, -732.0
75.75075712, 592.0, -337.0, -711.0
75.770023168, 645.0, -352.0, -718.0
75.789289216, 629.0, -355.0, -696.0
75.808555264, 628.0, -348.0, -673.0
75.827821184, 623.0, -355.0, -677.0
75.847087246, 640.0, -347.0, -675.0
75.866353408, 649.0, -340.0, -686.0
75.885619584, 621.0, -359.0, -675.0
75.904885632, 610.0, -406.0, -679.0
75.924151808, 620.0, -410.0, -683.0
75.943417856, 671.0, -415.0, -651.0
75.962684032, 721.0, -433.0, -629.0
75.98195008, 684.0, -409.0, -685.0
76.001216256, 562.0, -417.0, -718.0
76.020482304, 495.0, -369.0, -702.0
76.03974848, 458.0, -342.0, -677.0
76.059014528, 508.0, -270.0, -613.0
76.078280704, 463.0, -214.0, -610.0
76.097546752, 442.0, -193.0, -628.0
76.116812928, 466.0, -203.0, -677.0
76.136078976, 556.0, -268.0, -746.0
76.155345152, 658.0, -264.0, -742.0
76.1746112, 690.0, -268.0, -778.0
76.193877376, 610.0, -319.0, -762.0
76.213143424, 631.0, -346.0, -764.0
76.2324096, 652.0, -538.0, -955.0
76.251675648, 1041.0, -314.0, -845.0
76.270941824, 1030.0, -253.0, -478.0
76.290208, 330.0, -434.0, -639.0
76.309474048, 502.0, -430.0, -703.0
76.328740224, 715.0, -342.0, -513.0
76.348006272, 715.0, -433.0, -582.0
76.367272448, 687.0, -473.0, -575.0
76.386538496, 714.0, -493.0, -550.0
76.405804672, 727.0, -495.0, -568.0
76.42507072, 715.0, -480.0, -568.0
76.444336896, 641.0, -506.0, -568.0
76.463602944, 581.0, -484.0, -606.0
76.48286912, 590.0, -456.0, -632.0
76.502135168, 581.0, -458.0, -632.0
76.521401344, 559.0, -456.0, -617.0
76.540667392, 561.0, -454.0, -623.0
76.559933568, 573.0, -460.0, -623.0
76.579199616, 610.0, -450.0, -610.0
76.598465792, 634.0, -468.0, -606.0
76.61773184, 637.0, -472.0, -602.0
76.636998016, 664.0, -456.0, -585.0
76.656264064, 663.0, -454.0, -583.0
76.67553024, 667.0, -449.0, -582.0
76.694796416, 666.0, -456.0, -580.0
76.714062464, 658.0, -460.0, -576.0
76.73332864, 648.0, -461.0, -581.0
76.752594688, 644.0, -461.0, -580.0
76.771860864, 646.0, -467.0, -592.0
76.791126912, 647.0, -459.0, -591.0
76.810393088, 628.0, -458.0, -602.0
76.829659136, 626.0, -470.0, -603.0
76.848925312, 622.0, -464.0, -602.0
76.86819136, 620.0, -458.0, -610.0
76.887457536, 618.0, -454.0, -613.0
76.906723584, 624.0, -457.0, -600.0
76.92598976, 625.0, -462.0, -595.0
76.945255808, 620.0, -462.0, -591.0
76.964521984, 621.0, -457.0, -600.0
76.983788032, 633.0, -468.0, -594.0
77.00305415, 641.0, -461.0, -598.0
