0.0, 629.0, -105.0, -771.0
0.01923072, 632.0, -104.0, -758.0
0.038461568, 630.0, -96.0, -753.0
0.057692288, 631.0, -106.0, -767.0
0.076923136, 624.0, -111.0, -775.0
0.096153856, 599.0, -115.0, -781.0
0.115384576, 592.0, -111.0, -777.0
0.134615424, 582.0, -96.0, -779.0
0.153846144, 595.0, -93.0, -784.0
0.173076864, 611.0, -90.0, -776.0
0.192307712, 623.0, -92.0, -769.0
0.211538432, 609.0, -94.0, -775.0
0.23076928, 612.0, -96.0, -768.0
0.25, 610.0, -95.0, -766.0
0.26923072, 612.0, -99.0, -771.0
0.288461568, 624.0, -99.0, -773.0
0.307692288, 620.0, -102.0, -765.0
0.326923136, 614.0, -103.0, -766.0
0.346153856, 612.0, -108.0, -764.0
0.365384576, 616.0, -112.0, -775.0
0.384615424, 620.0, -110.0, -771.0
0.403846144, 608.0, -107.0, -773.0
0.423076864, 616.0, -102.0, -767.0
0.442307712, 616.0, -99.0, -771.0
0.461538432, 615.0, -102.0, -774.0
0.48076928, 613.0, -105.0, -770.0
0.5, 606.0, -105.0, -768.0
0.51923072, 609.0, -108.0, -774.0
0.538461568, 615.0, -101.0, -770.0
0.557692288, 610.0, -98.0, -772.0
0.576923136, 611.0, -98.0, -773.0
0.596153856, 613.0, -100.0, -770.0
0.615384576, 620.0, -102.0, -771.0
0.634615424, 620.0, -105.0, -766.0
0.653846144, 624.0, -105.0, -770.0
0.673076864, 616.0, -106.0, -773.0
0.692307712, 606.0, -104.0, -770.0
0.711538432, 608.0, -103.0, -770.0
0.73076928, 608.0, -102.0, -777.0
0.75, 614.0, -95.0, -778.0
0.76923072, 614.0, -94.0, -775.0
0.788461568, 609.0, -91.0, -773.0
0.807692288, 616.0, -87.0, -776.0
0.826923136, 616.0, -92.0, -781.0
0.846153856, 599.0, -102.0, -781.0
0.865384576, 573.0, -95.0, -786.0
0.884615424, 541.0, -97.0, -796.0
0.903846144, 539.0, -82.0, -796.0
0.923076864, 611.0, -70.0, -778.0
0.942307712, 661.0, -76.0, -767.0
0.961538432, 644.0, -88.0, -766.0
0.98076928, 649.0, -91.0, -753.0
1.0, 632.0, -99.0, -763.0
1.01923072, 606.0, -111.0, -775.0
1.038461568, 569.0, -113.0, -787.0
1.057692288, 575.0, -104.0, -773.0
1.076923136, 614.0, -95.0, -766.0
1.096153856, 636.0, -104.0, -773.0
1.115384576, 635.0, -96.0, -774.0
1.134615424, 628.0, -97.0, -766.0
1.153846144, 613.0, -99.0, -769.0
1.173076864, 603.0, -101.0, -769.0
1.192307712, 605.0, -99.0, -772.0
1.211538432, 604.0, -99.0, -775.0
1.23076928, 597.0, -102.0, -778.0
1.25, 600.0, -97.0, -782.0
1.26923072, 606.0, -95.0, -772.0
1.288461568, 601.0, -102.0, -770.0
1.307692288, 607.0, -103.0, -775.0
1.326923136, 616.0, -97.0, -771.0
1.346153856, 619.0, -100.0, -758.0
1.365384576, 619.0, -109.0, -757.0
1.384615424, 634.0, -105.0, -751.0
1.403846144, 644.0, -110.0, -746.0
1.423076864, 654.0, -116.0, -745.0
1.442307712, 659.0, -115.0, -739.0
1.461538432, 675.0, -120.0, -730.0
1.48076928, 676.0, -119.0, -733.0
1.5, 670.0, -129.0, -739.0
1.51923072, 662.0, -129.0, -744.0
1.538461568, 645.0, -129.0, -739.0
1.557692288, 653.0, -126.0, -737.0
1.576923136, 671.0, -112.0, -741.0
1.596153844, 688.0, -109.0, -742.0
1.615416448, 665.0, -105.0, -743.0
1.63467904, 629.0, -101.0, -758.0
1.653941632, 611.0, -93.0, -765.0
1.673204224, 589.0, -93.0, -783.0
1.692466688, 569.0, -94.0, -805.0
1.71172928, 539.0, -91.0, -812.0
1.730991872, 511.0, -80.0, -818.0
1.750254464, 518.0, -87.0, -816.0
1.769517056, 551.0, -86.0, -808.0
1.788779648, 570.0, -84.0, -804.0
1.80804224, 592.0, -91.0, -794.0
1.827304832, 610.0, -85.0, -782.0
1.846567296, 594.0, -79.0, -781.0
1.865829888, 609.0, -88.0, -773.0
1.88509248, 638.0, -87.0, -783.0
1.904355072, 645.0, -89.0, -781.0
1.923617664, 637.0, -77.0, -773.0
1.942880256, 618.0, -69.0, -780.0
1.962142848, 606.0, -73.0, -768.0
1.981405312, 612.0, -69.0, -785.0
2.000667904, 624.0, -55.0, -794.0
2.019930496, 626.0, -28.0, -804.0
2.039193088, 593.0, -45.0, -807.0
2.05845568, 571.0, -49.0, -810.0
2.077718272, 569.0, -22.0, -822.0
2.096980864, 545.0, -15.0, -825.0
2.116243456, 521.0, 5.0, -830.0
2.13550592, 498.0, 45.0, -845.0
2.154768512, 497.0, 59.0, -820.0
2.174031104, 519.0, 65.0, -823.0
2.193293696, 526.0, 58.0, -838.0
2.212556288, 512.0, 70.0, -843.0
2.23181888, 507.0, 92.0, -840.0
2.251081472, 477.0, 109.0, -827.0
2.270343936, 451.0, 121.0, -839.0
2.289606528, 447.0, 114.0, -844.0
2.30886912, 475.0, 63.0, -861.0
2.328131712, 516.0, 27.0, -889.0
2.347394304, 528.0, -4.0, -851.0
2.366656896, 553.0, -9.0, -816.0
2.385919488, 553.0, -25.0, -801.0
2.40518208, 579.0, -35.0, -790.0
2.424444544, 620.0, -35.0, -790.0
2.443707136, 631.0, -36.0, -781.0
2.462969728, 634.0, -48.0, -768.0
2.48223232, 642.0, -54.0, -752.0
2.501494912, 660.0, -60.0, -751.0
2.520757504, 665.0, -74.0, -753.0
2.540020096, 662.0, -98.0, -750.0
2.55928256, 652.0, -104.0, -756.0
2.578545152, 660.0, -110.0, -749.0
2.597807744, 644.0, -105.0, -740.0
2.617070336, 647.0, -95.0, -750.0
2.636332928, 650.0, -98.0, -733.0
2.65559552, 660.0, -81.0, -734.0
2.674858112, 669.0, -75.0, -727.0
2.694120704, 669.0, -65.0, -718.0
2.713383168, 682.0, -69.0, -719.0
2.73264576, 687.0, -79.0, -707.0
2.751908352, 702.0, -79.0, -703.0
2.771170944, 717.0, -85.0, -703.0
2.790433536, 712.0, -105.0, -706.0
2.809696128, 694.0, -120.0, -714.0
2.82895872, 664.0, -121.0, -720.0
2.848221184, 661.0, -128.0, -725.0
2.867483776, 654.0, -132.0, -728.0
2.886746368, 652.0, -123.0, -734.0
2.90600896, 657.0, -119.0, -732.0
2.925271552, 653.0, -112.0, -729.0
2.944534144, 655.0, -106.0, -733.0
2.963796736, 666.0, -99.0, -725.0
2.983059328, 675.0, -93.0, -724.0
3.002321792, 666.0, -93.0, -718.0
3.021584384, 683.0, -96.0, -714.0
3.040846961, 693.0, -102.0, -715.0
3.060108416, 691.0, -101.0, -710.0
3.079369856, 680.0, -108.0, -719.0
3.098631296, 665.0, -100.0, -720.0
3.117892736, 667.0, -102.0, -725.0
3.137154176, 665.0, -110.0, -730.0
3.156415616, 662.0, -108.0, -733.0
3.175677056, 651.0, -105.0, -732.0
3.194938496, 656.0, -96.0, -719.0
3.214199936, 668.0, -102.0, -730.0
3.233461376, 671.0, -133.0, -745.0
3.252722816, 681.0, -130.0, -737.0
3.271984256, 668.0, -125.0, -744.0
3.291245696, 681.0, -128.0, -742.0
3.310507136, 720.0, -140.0, -749.0
3.329768576, 740.0, -156.0, -755.0
3.349030016, 781.0, -100.0, -760.0
3.368291328, 807.0, -94.0, -739.0
3.387552768, 860.0, -77.0, -720.0
3.406814208, 870.0, -68.0, -723.0
3.426075648, 847.0, -86.0, -736.0
3.445337088, 859.0, -19.0, -728.0
3.464598528, 808.0, 50.0, -739.0
3.483859968, 697.0, 62.0, -740.0
3.503121408, 582.0, 112.0, -744.0
3.522382848, -453.0, 83.0, -769.0
3.541644288, 679.0, 157.0, -547.0
3.560905728, 412.0, 298.0, -528.0
3.580167168, 588.0, 278.0, -722.0
3.599428608, 721.0, 237.0, -729.0
3.618690048, 689.0, 262.0, -572.0
3.637951488, 555.0, 217.0, -580.0
3.657212928, 484.0, 157.0, -647.0
3.676474368, 475.0, 117.0, -676.0
3.695735808, 438.0, 25.0, -695.0
3.714997248, 404.0, -44.0, -702.0
3.734258688, 419.0, -153.0, -699.0
3.753520128, 472.0, -271.0, -690.0
3.772781568, 457.0, -384.0, -728.0
3.792043008, 466.0, -359.0, -724.0
3.811304448, 495.0, -388.0, -711.0
3.830565888, 492.0, -371.0, -688.0
3.849827328, 528.0, -440.0, -655.0
3.869088768, 595.0, -502.0, -646.0
3.888350208, 637.0, -539.0, -649.0
3.907611648, 620.0, -562.0, -616.0
3.926873088, 580.0, -566.0, -577.0
3.946134528, 545.0, -628.0, -540.0
3.965395968, 544.0, -673.0, -484.0
3.98465728, 565.0, -723.0, -430.0
4.00391872, 549.0, -764.0, -366.0
4.02318016, 522.0, -790.0, -308.0
4.0424416, 477.0, -843.0, -272.0
4.06170304, 496.0, -855.0, -236.0
4.08096448, 517.0, -873.0, -219.0
4.10022592, 496.0, -890.0, -206.0
4.11948736, 469.0, -902.0, -178.0
4.1387488, 529.0, -935.0, -172.0
4.15801024, 575.0, -973.0, -181.0
4.17727168, 585.0, -956.0, -155.0
4.19653312, 550.0, -955.0, -173.0
4.215794552, 511.0, -928.0, -218.0
4.23505856, 514.0, -911.0, -235.0
4.25432256, 510.0, -916.0, -227.0
4.273586688, 486.0, -924.0, -216.0
4.292850688, 485.0, -938.0, -223.0
4.312114816, 495.0, -891.0, -203.0
4.331378816, 461.0, -899.0, -191.0
4.350642944, 412.0, -900.0, -163.0
4.369906944, 369.0, -923.0, -143.0
4.389171072, 360.0, -928.0, -110.0
4.408435072, 372.0, -917.0, -73.0
4.427699072, 356.0, -931.0, -71.0
4.4469632, 332.0, -943.0, -79.0
4.4662272, 363.0, -939.0, -81.0
4.485491328, 384.0, -933.0, -97.0
4.504755328, 348.0, -943.0, -101.0
4.524019456, 311.0, -937.0, -84.0
4.543283456, 286.0, -941.0, -66.0
4.562547584, 273.0, -940.0, -37.0
4.581811584, 274.0, -939.0, -19.0
4.601075712, 281.0, -939.0, -31.0
4.620339712, 274.0, -973.0, -24.0
4.639603712, 252.0, -972.0, -13.0
4.65886784, 248.0, -987.0, -8.0
4.67813184, 237.0, -985.0, 16.0
4.697395968, 231.0, -977.0, 14.0
4.716659968, 213.0, -987.0, 3.0
4.735924096, 215.0, -987.0, 32.0
4.755188096, 218.0, -983.0, 28.0
4.774452224, 206.0, -985.0, 28.0
4.793716224, 186.0, -1005.0, 41.0
4.812980224, 169.0, -995.0, 64.0
4.832244352, 167.0, -994.0, 55.0
4.851508352, 167.0, -989.0, 48.0
4.87077248, 169.0, -990.0, 43.0
4.89003648, 157.0, -999.0, 34.0
4.909300608, 157.0, -990.0, 36.0
4.928564608, 162.0, -998.0, 27.0
4.947828736, 151.0, -989.0, 27.0
4.967092736, 150.0, -993.0, 30.0
4.986356864, 138.0, -995.0, 37.0
5.005620864, 129.0, -991.0, 58.0
5.024884864, 121.0, -995.0, 76.0
5.044148992, 126.0, -1007.0, 86.0
5.063412992, 111.0, -1022.0, 93.0
5.08267712, 118.0, -1005.0, 104.0
5.10194112, 115.0, -994.0, 103.0
5.121205248, 107.0, -1004.0, 144.0
5.140469248, 119.0, -1005.0, 186.0
5.159733376, 109.0, -999.0, 180.0
5.178997376, 65.0, -990.0, 187.0
5.198261376, 69.0, -987.0, 208.0
5.217525504, 81.0, -997.0, 204.0
5.236789504, 85.0, -1011.0, 205.0
5.256053632, 100.0, -1004.0, 180.0
5.275317632, 93.0, -1000.0, 153.0
5.29458176, 72.0, -1006.0, 173.0
5.31384576, 73.0, -1010.0, 186.0
5.333109888, 86.0, -997.0, 163.0
5.352373888, 68.0, -983.0, 157.0
5.371638016, 64.0, -987.0, 171.0
5.390902016, 89.0, -978.0, 170.0
5.410166016, 88.0, -972.0, 173.0
5.429430144, 61.0, -993.0, 201.0
5.448694144, 58.0, -1004.0, 251.0
5.467958272, 55.0, -1008.0, 283.0
5.487222272, 76.0, -985.0, 277.0
5.5064864, 100.0, -960.0, 279.0
5.5257504, 115.0, -979.0, 295.0
5.545014528, 125.0, -1004.0, 319.0
5.564278528, 107.0, -1005.0, 350.0
5.583542641, 102.0, -978.0, 362.0
5.602806784, 96.0, -961.0, 347.0
5.622070912, 94.0, -951.0, 369.0
5.64133504, 93.0, -970.0, 376.0
5.66059904, 108.0, -964.0, 392.0
5.679863168, 128.0, -961.0, 405.0
5.699127296, 135.0, -950.0, 400.0
5.718391424, 133.0, -932.0, 397.0
5.737655552, 123.0, -921.0, 380.0
5.756919552, 116.0, -910.0, 382.0
5.77618368, 128.0, -909.0, 375.0
5.795447808, 123.0, -895.0, 361.0
5.814711936, 100.0, -908.0, 356.0
5.833975936, 124.0, -889.0, 371.0
5.853240064, 145.0, -863.0, 341.0
5.872504192, 121.0, -852.0, 322.0
5.89176832, 97.0, -852.0, 338.0
5.911032448, 107.0, -843.0, 332.0
5.930296448, 105.0, -829.0, 324.0
5.949560576, 109.0, -859.0, 339.0
5.968824704, 136.0, -859.0, 353.0
5.988088832, 138.0, -843.0, 354.0
6.00735296, 136.0, -833.0, 340.0
6.02661696, 95.0, -835.0, 350.0
6.045881088, 114.0, -839.0, 357.0
6.065145216, 155.0, -878.0, 395.0
6.084409344, 164.0, -860.0, 403.0
6.103673472, 140.0, -852.0, 368.0
6.122937472, 119.0, -873.0, 379.0
6.1422016, 122.0, -924.0, 436.0
6.161465728, 166.0, -889.0, 430.0
6.180729856, 154.0, -899.0, 415.0
6.199993984, 125.0, -929.0, 468.0
6.219257984, 149.0, -927.0, 482.0
6.238522112, 181.0, -917.0, 475.0
6.25778624, 168.0, -915.0, 481.0
6.277050368, 117.0, -947.0, 501.0
6.296314368, 125.0, -926.0, 495.0
6.315578496, 147.0, -900.0, 451.0
6.334842624, 165.0, -916.0, 394.0
6.354106752, 128.0, -983.0, 429.0
6.37337088, 113.0, -955.0, 460.0
6.39263488, 107.0, -934.0, 434.0
6.411899008, 135.0, -876.0, 399.0
6.431163136, 158.0, -886.0, 330.0
6.450427264, 131.0, -975.0, 363.0
6.469691392, 134.0, -962.0, 398.0
6.488955392, 113.0, -956.0, 393.0
6.50821952, 133.0, -911.0, 376.0
6.527483648, 148.0, -935.0, 336.0
6.546747776, 134.0, -958.0, 363.0
6.566011904, 140.0, -959.0, 384.0
6.585275904, 145.0, -932.0, 375.0
6.604540032, 139.0, -926.0, 363.0
6.62380416, 146.0, -941.0, 364.0
6.643068288, 161.0, -939.0, 352.0
6.662332288, 150.0, -931.0, 329.0
6.681596416, 124.0, -938.0, 343.0
6.700860544, 133.0, -943.0, 355.0
6.720124672, 150.0, -942.0, 330.0
6.7393888, 127.0, -939.0, 316.0
6.7586528, 113.0, -938.0, 328.0
6.777916928, 126.0, -944.0, 327.0
6.797181056, 131.0, -935.0, 344.0
6.816445184, 121.0, -927.0, 337.0
6.835709312, 115.0, -919.0, 332.0
6.854973312, 117.0, -934.0, 331.0
6.87423744, 124.0, -938.0, 343.0
6.893501568, 123.0, -936.0, 344.0
6.912765696, 122.0, -925.0, 349.0
6.932029824, 112.0, -942.0, 349.0
6.951293824, 117.0, -935.0, 350.0
6.970557952, 128.0, -930.0, 327.0
6.98982208, 117.0, -933.0, 340.0
7.009086208, 121.0, -923.0, 348.0
7.028350336, 124.0, -934.0, 328.0
7.047614336, 128.0, -938.0, 325.0
7.066878464, 114.0, -951.0, 331.0
7.086142592, 114.0, -943.0, 335.0
7.105406636, 112.0, -942.0, 330.0
7.12467008, 110.0, -938.0, 329.0
7.143933568, 130.0, -938.0, 321.0
7.163197056, 125.0, -943.0, 313.0
7.182460672, 114.0, -937.0, 345.0
7.20172416, 113.0, -935.0, 351.0
7.220987648, 115.0, -925.0, 329.0
7.240251136, 111.0, -930.0, 327.0
7.259514752, 129.0, -937.0, 331.0
7.27877824, 137.0, -939.0, 340.0
7.298041728, 133.0, -934.0, 334.0
7.317305216, 107.0, -940.0, 341.0
7.336568832, 121.0, -925.0, 340.0
7.35583232, 122.0, -940.0, 324.0
7.375095808, 132.0, -948.0, 325.0
7.394359296, 136.0, -956.0, 317.0
7.413622912, 127.0, -963.0, 318.0
7.4328864, 124.0, -962.0, 336.0
7.452149888, 141.0, -945.0, 331.0
7.471413376, 124.0, -934.0, 343.0
7.490676992, 114.0, -925.0, 344.0
7.50994048, 134.0, -926.0, 319.0
7.529203968, 143.0, -937.0, 312.0
7.548467456, 129.0, -942.0, 328.0
7.567731072, 129.0, -915.0, 353.0
7.58699456, 124.0, -912.0, 340.0
7.606258048, 126.0, -928.0, 326.0
7.625521536, 117.0, -950.0, 321.0
7.644785152, 128.0, -956.0, 325.0
7.66404864, 136.0, -944.0, 325.0
7.683312128, 114.0, -952.0, 329.0
7.702575616, 117.0, -944.0, 342.0
7.721839232, 142.0, -943.0, 329.0
7.74110272, 146.0, -930.0, 318.0
7.760366208, 127.0, -936.0, 336.0
7.779629696, 125.0, -931.0, 340.0
7.798893312, 136.0, -941.0, 333.0
7.8181568, 126.0, -937.0, 324.0
7.837420288, 126.0, -927.0, 322.0
7.856683776, 138.0, -919.0, 318.0
7.875947392, 133.0, -931.0, 325.0
7.89521088, 131.0, -938.0, 327.0
7.914474368, 119.0, -944.0, 314.0
7.933737856, 119.0, -946.0, 320.0
7.953001472, 129.0, -945.0, 304.0
7.97226496, 121.0, -943.0, 305.0
7.991528448, 118.0, -949.0, 309.0
8.010791936, 124.0, -961.0, 306.0
8.030055552, 110.0, -957.0, 321.0
8.04931904, 100.0, -953.0, 325.0
8.068582528, 116.0, -941.0, 316.0
8.087846016, 140.0, -930.0, 297.0
8.107109632, 128.0, -949.0, 305.0
8.12637312, 111.0, -947.0, 337.0
8.145636608, 116.0, -941.0, 335.0
8.164900096, 121.0, -941.0, 329.0
8.184163712, 109.0, -931.0, 314.0
8.2034272, 116.0, -938.0, 324.0
8.222690688, 127.0, -954.0, 331.0
8.241954176, 119.0, -958.0, 335.0
8.261217792, 118.0, -954.0, 327.0
8.28048128, 112.0, -952.0, 318.0
8.299744768, 113.0, -958.0, 320.0
8.319008256, 124.0, -952.0, 318.0
8.338271872, 123.0, -960.0, 312.0
8.35753536, 104.0, -971.0, 317.0
8.376798848, 115.0, -954.0, 315.0
8.396062336, 115.0, -942.0, 297.0
8.415325952, 122.0, -932.0, 309.0
8.43458944, 133.0, -932.0, 313.0
8.453852928, 137.0, -945.0, 305.0
8.473116416, 121.0, -947.0, 307.0
8.492380032, 110.0, -941.0, 297.0
8.51164352, 118.0, -934.0, 289.0
8.530907008, 121.0, -937.0, 291.0
8.550170496, 117.0, -957.0, 302.0
8.569434112, 120.0, -949.0, 314.0
8.5886976, 122.0, -950.0, 309.0
8.607961088, 114.0, -939.0, 298.0
8.627224576, 118.0, -950.0, 314.0
8.646488192, 134.0, -949.0, 321.0
8.66575168, 129.0, -930.0, 296.0
8.685015262, 100.0, -946.0, 305.0
8.704278528, 115.0, -944.0, 322.0
8.72354176, 133.0, -956.0, 309.0
8.74280512, 119.0, -954.0, 305.0
8.762068352, 103.0, -948.0, 307.0
8.781331712, 121.0, -954.0, 301.0
8.800594944, 142.0, -950.0, 303.0
8.819858304, 125.0, -947.0, 301.0
8.839121536, 118.0, -950.0, 297.0
8.858384896, 123.0, -959.0, 308.0
8.877648128, 124.0, -942.0, 300.0
8.896911488, 109.0, -945.0, 290.0
8.91617472, 120.0, -949.0, 298.0
8.93543808, 134.0, -956.0, 311.0
8.954701312, 121.0, -949.0, 306.0
8.973964672, 102.0, -937.0, 297.0
8.993227904, 107.0, -939.0, 304.0
9.012491264, 131.0, -958.0, 304.0
9.031754496, 118.0, -958.0, 311.0
9.051017856, 108.0, -939.0, 295.0
9.070281088, 104.0, -936.0, 298.0
9.089544448, 127.0, -933.0, 308.0
9.10880768, 115.0, -943.0, 307.0
9.12807104, 116.0, -934.0, 298.0
9.147334272, 109.0, -950.0, 307.0
9.166597632, 112.0, -947.0, 307.0
9.185860864, 120.0, -945.0, 290.0
9.205124096, 104.0, -965.0, 304.0
9.224387456, 114.0, -958.0, 323.0
9.243650688, 124.0, -957.0, 308.0
9.262914048, 113.0, -948.0, 289.0
9.28217728, 110.0, -941.0, 291.0
9.30144064, 128.0, -952.0, 298.0
9.320703872, 134.0, -948.0, 308.0
9.339967232, 112.0, -948.0, 314.0
9.359230464, 111.0, -937.0, 293.0
9.378493824, 127.0, -939.0, 287.0
9.397757056, 125.0, -956.0, 294.0
9.417020416, 125.0, -946.0, 308.0
9.436283648, 116.0, -950.0, 304.0
9.455547008, 115.0, -947.0, 305.0
9.47481024, 124.0, -938.0, 289.0
9.4940736, 118.0, -954.0, 283.0
9.513336832, 119.0, -953.0, 310.0
9.532600192, 116.0, -957.0, 311.0
9.551863424, 115.0, -949.0, 299.0
9.571126784, 104.0, -943.0, 292.0
9.590390016, 111.0, -947.0, 287.0
9.609653376, 116.0, -951.0, 307.0
9.628916608, 123.0, -952.0, 302.0
9.64817984, 107.0, -954.0, 310.0
9.6674432, 108.0, -953.0, 308.0
9.686706432, 114.0, -950.0, 301.0
9.705969792, 116.0, -938.0, 295.0
9.725233024, 114.0, -945.0, 300.0
9.744496384, 130.0, -962.0, 303.0
9.763759616, 116.0, -959.0, 305.0
9.783022976, 94.0, -952.0, 300.0
9.802286208, 110.0, -949.0, 292.0
9.821549568, 112.0, -971.0, 285.0
9.8408128, 122.0, -967.0, 268.0
9.86007616, 107.0, -962.0, 241.0
9.879339392, 100.0, -969.0, 270.0
9.898602752, 128.0, -965.0, 293.0
9.917865984, 159.0, -964.0, 282.0
9.937129344, 143.0, -959.0, 272.0
9.956392576, 118.0, -949.0, 262.0
9.975655936, 101.0, -967.0, 280.0
9.994919168, 103.0, -958.0, 302.0
10.014182528, 120.0, -940.0, 280.0
10.03344576, 108.0, -948.0, 282.0
10.05270912, 122.0, -942.0, 313.0
10.071972352, 141.0, -941.0, 300.0
10.091235712, 129.0, -937.0, 299.0
10.110498944, 109.0, -931.0, 299.0
10.129762176, 103.0, -939.0, 292.0
10.149025536, 129.0, -946.0, 299.0
10.168288768, 134.0, -958.0, 291.0
10.187552128, 113.0, -963.0, 293.0
10.20681536, 122.0, -955.0, 285.0
10.22607872, 118.0, -968.0, 266.0
10.245341952, 124.0, -953.0, 267.0
10.264605312, 125.0, -965.0, 260.0
10.283868544, 130.0, -964.0, 271.0
10.303131904, 130.0, -969.0, 285.0
10.322395136, 122.0, -955.0, 259.0
10.341658496, 116.0, -943.0, 265.0
10.360921728, 139.0, -945.0, 270.0
10.380185088, 147.0, -941.0, 253.0
10.39944832, 135.0, -959.0, 266.0
10.41871168, 111.0, -953.0, 259.0
10.437974912, 112.0, -932.0, 263.0
10.457238252, 124.0, -944.0, 258.0
10.476501632, 138.0, -948.0, 247.0
10.495764992, 139.0, -977.0, 243.0
10.51502848, 122.0, -968.0, 280.0
10.53429184, 118.0, -953.0, 271.0
10.553555328, 123.0, -931.0, 260.0
10.572818688, 128.0, -939.0, 265.0
10.592082176, 128.0, -960.0, 284.0
10.611345536, 127.0, -961.0, 287.0
10.630609024, 127.0, -951.0, 276.0
10.649872384, 108.0, -954.0, 267.0
10.669135872, 115.0, -942.0, 286.0
10.688399232, 138.0, -948.0, 279.0
10.70766272, 127.0, -971.0, 283.0
10.72692608, 116.0, -972.0, 295.0
10.74618944, 117.0, -977.0, 279.0
10.765452928, 121.0, -972.0, 284.0
10.784716288, 134.0, -967.0, 288.0
10.803979776, 131.0, -973.0, 284.0
10.823243136, 121.0, -969.0, 300.0
10.842506624, 131.0, -960.0, 291.0
10.861769984, 117.0, -962.0, 281.0
10.881033472, 117.0, -961.0, 279.0
10.900296832, 137.0, -958.0, 276.0
10.91956032, 129.0, -945.0, 265.0
10.93882368, 112.0, -951.0, 268.0
10.958087168, 128.0, -959.0, 264.0
10.977350528, 126.0, -962.0, 258.0
10.996614016, 112.0, -957.0, 267.0
11.015877376, 117.0, -953.0, 266.0
11.035140736, 123.0, -942.0, 258.0
11.054404224, 123.0, -940.0, 275.0
11.073667584, 124.0, -949.0, 282.0
11.092931072, 119.0, -949.0, 272.0
11.112194432, 110.0, -963.0, 275.0
11.13145792, 117.0, -954.0, 281.0
11.15072128, 119.0, -939.0, 265.0
11.169984768, 120.0, -942.0, 274.0
11.189248128, 135.0, -950.0, 299.0
11.208511616, 141.0, -951.0, 295.0
11.227774976, 122.0, -944.0, 271.0
11.247038464, 110.0, -940.0, 283.0
11.266301824, 139.0, -953.0, 293.0
11.285565184, 140.0, -960.0, 289.0
11.304828672, 130.0, -949.0, 301.0
11.324092032, 127.0, -953.0, 303.0
11.34335552, 145.0, -953.0, 292.0
11.36261888, 132.0, -956.0, 287.0
11.381882368, 132.0, -950.0, 282.0
11.401145728, 126.0, -964.0, 286.0
11.420409216, 127.0, -963.0, 300.0
11.439672576, 127.0, -961.0, 299.0
11.458936064, 126.0, -951.0, 276.0
11.478199424, 133.0, -949.0, 259.0
11.497462912, 136.0, -965.0, 254.0
11.516726272, 138.0, -971.0, 271.0
11.53598976, 136.0, -973.0, 269.0
11.55525312, 116.0, -979.0, 260.0
11.57451648, 134.0, -970.0, 279.0
11.593779968, 167.0, -956.0, 288.0
11.613043328, 162.0, -948.0, 262.0
11.632306816, 143.0, -951.0, 272.0
11.651570176, 157.0, -949.0, 288.0
11.670833664, 157.0, -936.0, 282.0
11.690097024, 150.0, -923.0, 278.0
11.709360512, 156.0, -914.0, 256.0
11.728623872, 160.0, -919.0, 239.0
11.74788736, 178.0, -914.0, 204.0
11.76715072, 179.0, -926.0, 176.0
11.786414208, 221.0, -951.0, 203.0
11.805677568, 265.0, -962.0, 201.0
11.824940928, 209.0, -969.0, 130.0
11.844204416, 213.0, -947.0, 110.0
11.863467776, 260.0, -988.0, 110.0
11.882731264, 294.0, -1032.0, 180.0
11.901994624, 290.0, -1002.0, 166.0
11.921258112, 240.0, -972.0, 133.0
11.940521472, 244.0, -955.0, 164.0
11.95978496, 297.0, -966.0, 171.0
11.97904832, 330.0, -969.0, 174.0
11.998311802, 284.0, -980.0, 170.0
12.017575808, 245.0, -962.0, 172.0
12.036839808, 267.0, -948.0, 155.0
12.056103808, 274.0, -956.0, 133.0
12.075367808, 268.0, -970.0, 171.0
12.09463168, 260.0, -964.0, 173.0
12.11389568, 274.0, -944.0, 131.0
12.13315968, 279.0, -934.0, 131.0
12.15242368, 272.0, -960.0, 133.0
12.17168768, 279.0, -945.0, 153.0
12.19095168, 266.0, -937.0, 142.0
12.210215552, 244.0, -934.0, 126.0
12.229479552, 244.0, -928.0, 134.0
12.248743552, 254.0, -933.0, 125.0
12.268007552, 261.0, -927.0, 133.0
12.287271552, 276.0, -914.0, 133.0
12.306535552, 304.0, -923.0, 117.0
12.325799424, 319.0, -919.0, 121.0
12.345063424, 304.0, -934.0, 113.0
12.364327424, 316.0, -920.0, 110.0
12.383591424, 366.0, -905.0, 87.0
12.402855424, 392.0, -910.0, 33.0
12.422119424, 371.0, -951.0, 43.0
12.441383296, 374.0, -973.0, 66.0
12.460647296, 343.0, -979.0, 67.0
12.479911296, 319.0, -960.0, 77.0
12.499175296, 313.0, -934.0, 63.0
12.518439296, 345.0, -918.0, 55.0
12.537703296, 362.0, -916.0, 77.0
12.556967168, 340.0, -918.0, 77.0
12.576231168, 321.0, -901.0, 82.0
12.595495168, 328.0, -890.0, 71.0
12.614759168, 349.0, -898.0, 68.0
12.634023168, 376.0, -918.0, 82.0
12.653287168, 374.0, -931.0, 84.0
12.67255104, 365.0, -929.0, 80.0
12.69181504, 349.0, -938.0, 84.0
12.71107904, 360.0, -942.0, 72.0
12.73034304, 375.0, -931.0, 64.0
12.74960704, 361.0, -933.0, 77.0
12.76887104, 358.0, -925.0, 63.0
12.788134912, 364.0, -927.0, 59.0
12.807398912, 347.0, -928.0, 62.0
12.826662912, 349.0, -919.0, 58.0
12.845926912, 341.0, -915.0, 56.0
12.865190912, 342.0, -912.0, 52.0
12.884454912, 360.0, -912.0, 56.0
12.903718784, 361.0, -923.0, 47.0
12.922982784, 383.0, -921.0, 30.0
12.942246784, 401.0, -927.0, 13.0
12.961510784, 443.0, -922.0, -15.0
12.980774784, 490.0, -933.0, -11.0
13.000038784, 513.0, -937.0, -15.0
13.019302656, 537.0, -947.0, -37.0
13.038566656, 588.0, -948.0, -58.0
13.057830656, 637.0, -964.0, -66.0
13.077094656, 671.0, -985.0, -69.0
13.096358656, 697.0, -1000.0, -79.0
13.115622656, 706.0, -1012.0, -100.0
13.134886528, 725.0, -1023.0, -121.0
13.154150528, 777.0, -995.0, -136.0
13.173414528, 807.0, -996.0, -152.0
13.192678528, 791.0, -1024.0, -126.0
13.211942528, 795.0, -1026.0, -96.0
13.231206528, 827.0, -1019.0, -95.0
13.2504704, 834.0, -986.0, -132.0
13.2697344, 803.0, -1006.0, -124.0
13.2889984, 821.0, -950.0, -108.0
13.3082624, 839.0, -893.0, -109.0
13.3275264, 790.0, -900.0, -123.0
13.3467904, 795.0, -843.0, -68.0
13.366054272, 848.0, -790.0, -72.0
13.385318276, 856.0, -753.0, -94.0
13.404581632, 854.0, -713.0, -53.0
13.423844992, 883.0, -632.0, -33.0
13.443108224, 908.0, -573.0, -46.0
13.462371584, 886.0, -494.0, -76.0
13.481634816, 848.0, -456.0, -82.0
13.500898176, 833.0, -427.0, -46.0
13.520161408, 857.0, -397.0, -27.0
13.539424768, 809.0, -346.0, -41.0
13.558688, 747.0, -300.0, -36.0
13.57795136, 680.0, -238.0, -17.0
13.597214592, 653.0, -195.0, 1.0
13.616477952, 625.0, -137.0, 37.0
13.635741184, 593.0, -116.0, 32.0
13.655004544, 554.0, -43.0, 22.0
13.674267904, 538.0, 19.0, 53.0
13.693531136, 566.0, 48.0, 54.0
13.712794496, 621.0, 62.0, 37.0
13.732057728, 624.0, 98.0, 46.0
13.751321088, 680.0, 119.0, 33.0
13.77058432, 704.0, 114.0, -2.0
13.78984768, 764.0, 115.0, 6.0
13.809110912, 838.0, 109.0, 16.0
13.828374272, 863.0, 97.0, -25.0
13.847637504, 850.0, 94.0, -38.0
13.866900864, 863.0, 102.0, -22.0
13.886164096, 898.0, 91.0, -43.0
13.905427456, 939.0, 74.0, -20.0
13.924690688, 957.0, 77.0, 31.0
13.943954048, 953.0, 84.0, -32.0
13.963217408, 968.0, 61.0, -61.0
13.98248064, 992.0, 74.0, -69.0
14.001744, 1033.0, 36.0, -55.0
14.021007232, 1072.0, 20.0, -20.0
14.040270592, 1054.0, 36.0, -18.0
14.059533824, 1013.0, 38.0, -44.0
14.078797184, 1016.0, 49.0, -55.0
14.098060416, 1039.0, 42.0, -56.0
14.117323776, 1064.0, 20.0, -62.0
14.136587008, 1082.0, 3.0, -45.0
14.155850368, 1071.0, -24.0, -72.0
14.1751136, 1063.0, -35.0, -66.0
14.19437696, 1047.0, -37.0, -57.0
14.21364032, 1022.0, -55.0, -66.0
14.232903552, 1015.0, -55.0, -53.0
14.252166912, 1016.0, -54.0, -42.0
14.271430144, 1007.0, -65.0, -66.0
14.290693504, 1000.0, -61.0, -64.0
14.309956736, 1019.0, -64.0, -58.0
14.329220096, 1042.0, -59.0, -55.0
14.348483328, 1021.0, -70.0, -68.0
14.367746688, 1025.0, -80.0, -74.0
14.38700992, 1019.0, -93.0, -66.0
14.40627328, 1034.0, -74.0, -60.0
14.425536512, 1029.0, -78.0, -60.0
14.444799872, 1008.0, -82.0, -65.0
14.464063232, 1019.0, -77.0, -53.0
14.483326464, 1023.0, -80.0, -65.0
14.502589824, 1031.0, -76.0, -69.0
14.521853056, 1036.0, -67.0, -67.0
14.541116416, 1043.0, -61.0, -84.0
14.560379648, 1024.0, -58.0, -94.0
14.579643008, 1016.0, -71.0, -84.0
14.59890624, 1050.0, -71.0, -71.0
14.6181696, 1020.0, -67.0, -87.0
14.637432832, 1004.0, -53.0, -95.0
14.656696192, 1002.0, -47.0, -107.0
14.675959424, 1022.0, -57.0, -102.0
14.695222784, 1034.0, -60.0, -93.0
14.714486144, 1011.0, -59.0, -97.0
14.733749376, 976.0, -49.0, -94.0
14.753012736, 962.0, -44.0, -105.0
14.772275928, 963.0, -50.0, -109.0
14.791539968, 969.0, -49.0, -95.0
14.810803968, 949.0, -42.0, -98.0
14.830068096, 946.0, -39.0, -108.0
14.849332096, 933.0, -48.0, -116.0
14.868596224, 954.0, -44.0, -95.0
14.887860224, 989.0, -41.0, -76.0
14.907124352, 968.0, -33.0, -91.0
14.926388352, 964.0, -29.0, -87.0
14.94565248, 979.0, -10.0, -90.0
14.96491648, 977.0, -26.0, -90.0
14.984180608, 995.0, -14.0, -65.0
15.003444608, 991.0, -24.0, -69.0
15.022708736, 992.0, -18.0, -104.0
15.041972736, 1007.0, -20.0, -96.0
15.061236864, 1028.0, -26.0, -102.0
15.080500864, 1046.0, -33.0, -115.0
15.099764992, 1064.0, -11.0, -97.0
15.119028992, 1071.0, -20.0, -109.0
15.13829312, 1080.0, -13.0, -132.0
15.15755712, 1086.0, 3.0, -108.0
15.176821248, 1110.0, 3.0, -115.0
15.196085248, 1091.0, -18.0, -140.0
15.215349376, 1106.0, 8.0, -87.0
15.234613376, 1096.0, 23.0, -95.0
15.253877504, 1036.0, 0.0, -126.0
15.273141504, 1009.0, 9.0, -124.0
15.292405632, 1006.0, 29.0, -124.0
15.311669632, 1007.0, 39.0, -102.0
15.33093376, 981.0, 43.0, -102.0
15.35019776, 928.0, 47.0, -104.0
15.369461888, 895.0, 62.0, -93.0
15.388725888, 916.0, 68.0, -105.0
15.407990016, 943.0, 62.0, -94.0
15.427254016, 910.0, 77.0, -81.0
15.446518144, 855.0, 93.0, -90.0
15.465782144, 839.0, 97.0, -83.0
15.485046272, 886.0, 101.0, -66.0
15.504310272, 914.0, 110.0, -55.0
15.5235744, 905.0, 103.0, -65.0
15.5428384, 894.0, 111.0, -67.0
15.562102528, 915.0, 123.0, -84.0
15.581366528, 938.0, 112.0, -81.0
15.600630656, 950.0, 102.0, -70.0
15.619894656, 956.0, 117.0, -72.0
15.639158784, 988.0, 99.0, -60.0
15.658422784, 978.0, 100.0, -69.0
15.677686912, 962.0, 110.0, -80.0
15.696950912, 1005.0, 108.0, -61.0
15.71621504, 1022.0, 80.0, -85.0
15.73547904, 1022.0, 75.0, -86.0
15.754743168, 1022.0, 92.0, -66.0
15.774007168, 1011.0, 81.0, -77.0
15.793271296, 1006.0, 82.0, -80.0
15.812535296, 1013.0, 70.0, -71.0
15.831799424, 1026.0, 73.0, -81.0
15.851063424, 1028.0, 67.0, -94.0
15.870327552, 1028.0, 67.0, -82.0
15.889591552, 1013.0, 79.0, -76.0
15.90885568, 996.0, 88.0, -63.0
15.92811968, 978.0, 84.0, -79.0
15.947383808, 982.0, 73.0, -99.0
15.966647808, 1010.0, 72.0, -94.0
15.985911936, 1023.0, 66.0, -78.0
16.005175936, 1011.0, 82.0, -65.0
16.024440064, 962.0, 81.0, -90.0
16.043704064, 985.0, 76.0, -93.0
16.062968192, 1009.0, 70.0, -84.0
16.082232192, 1014.0, 77.0, -73.0
16.10149632, 975.0, 86.0, -76.0
16.12076032, 957.0, 89.0, -82.0
16.140024448, 965.0, 72.0, -94.0
16.159288514, 985.0, 73.0, -77.0
16.178551936, 1001.0, 86.0, -64.0
16.197815296, 977.0, 99.0, -82.0
16.217078528, 959.0, 90.0, -93.0
16.236341888, 965.0, 88.0, -87.0
16.25560512, 981.0, 93.0, -72.0
16.27486848, 985.0, 82.0, -66.0
16.294131712, 984.0, 90.0, -78.0
16.313395072, 966.0, 89.0, -86.0
16.332658432, 990.0, 79.0, -79.0
16.351921664, 992.0, 59.0, -85.0
16.371185024, 996.0, 56.0, -86.0
16.390448256, 996.0, 58.0, -78.0
16.409711616, 986.0, 56.0, -91.0
16.428974848, 981.0, 58.0, -82.0
16.448238208, 992.0, 61.0, -73.0
16.46750144, 1001.0, 52.0, -79.0
16.4867648, 996.0, 59.0, -62.0
16.50602816, 996.0, 55.0, -64.0
16.525291392, 994.0, 58.0, -70.0
16.544554752, 1006.0, 62.0, -69.0
16.563817984, 1010.0, 61.0, -63.0
16.583081344, 1002.0, 67.0, -68.0
16.602344576, 1008.0, 72.0, -63.0
16.621607936, 1006.0, 73.0, -60.0
16.640871296, 1015.0, 66.0, -55.0
16.660134528, 1014.0, 58.0, -63.0
16.679397888, 1017.0, 51.0, -76.0
16.69866112, 1005.0, 54.0, -80.0
16.71792448, 1004.0, 59.0, -76.0
16.737187712, 999.0, 63.0, -63.0
16.756451072, 995.0, 63.0, -69.0
16.775714432, 994.0, 51.0, -87.0
16.794977664, 997.0, 58.0, -86.0
16.814241024, 996.0, 61.0, -59.0
16.833504256, 980.0, 62.0, -71.0
16.852767616, 967.0, 60.0, -86.0
16.872030848, 979.0, 54.0, -78.0
16.891294208, 989.0, 48.0, -74.0
16.910557568, 988.0, 55.0, -69.0
16.9298208, 976.0, 64.0, -65.0
16.94908416, 981.0, 60.0, -74.0
16.968347392, 988.0, 58.0, -73.0
16.987610752, 1008.0, 65.0, -55.0
17.006873984, 989.0, 51.0, -84.0
17.026137344, 992.0, 53.0, -82.0
17.045400576, 994.0, 57.0, -67.0
17.064663936, 1000.0, 50.0, -61.0
17.083927296, 987.0, 67.0, -53.0
17.103190528, 976.0, 63.0, -72.0
17.122453888, 995.0, 60.0, -85.0
17.14171712, 1020.0, 53.0, -81.0
17.16098048, 1020.0, 46.0, -85.0
17.180243712, 991.0, 46.0, -73.0
17.199507072, 978.0, 63.0, -67.0
17.218770432, 970.0, 56.0, -73.0
17.238033664, 989.0, 60.0, -66.0
17.257297024, 996.0, 48.0, -75.0
17.276560256, 993.0, 64.0, -74.0
17.295823616, 983.0, 62.0, -73.0
17.315086848, 978.0, 60.0, -65.0
17.334350208, 981.0, 58.0, -61.0
17.353613568, 982.0, 59.0, -60.0
17.3728768, 989.0, 38.0, -64.0
17.39214016, 999.0, 54.0, -65.0
17.411403392, 994.0, 55.0, -68.0
17.430666752, 992.0, 61.0, -61.0
17.449929984, 995.0, 48.0, -58.0
17.469193344, 1004.0, 45.0, -51.0
17.488456576, 998.0, 35.0, -57.0
17.507719936, 988.0, 44.0, -74.0
17.526983296, 983.0, 25.0, -69.0
17.546246528, 1008.0, 28.0, -59.0
17.565509888, 1010.0, 35.0, -39.0
17.58477312, 988.0, 31.0, -50.0
17.60403648, 994.0, 31.0, -62.0
17.623299712, 1018.0, 19.0, -51.0
17.642563072, 1023.0, 19.0, -52.0
17.661826432, 990.0, 15.0, -41.0
17.681089664, 983.0, 14.0, -45.0
17.700353024, 979.0, 7.0, -48.0
17.719616256, 974.0, 15.0, -41.0
17.738879616, 962.0, -1.0, -47.0
17.758142848, 975.0, -9.0, -58.0
17.777406208, 999.0, -23.0, -56.0
17.796669568, 1017.0, -49.0, -63.0
17.8159328, 1008.0, -53.0, -66.0
17.83519616, 994.0, -53.0, -51.0
17.854459392, 983.0, -71.0, -66.0
17.873722609, 984.0, -89.0, -67.0
17.89298432, 1009.0, -105.0, -63.0
17.912246016, 1019.0, -108.0, -62.0
17.931507584, 1022.0, -127.0, -63.0
17.95076928, 1019.0, -135.0, -56.0
17.970030976, 1033.0, -123.0, -52.0
17.989292544, 1033.0, -125.0, -46.0
18.00855424, 1055.0, -114.0, -49.0
18.027815808, 1044.0, -112.0, -53.0
18.047077504, 1033.0, -101.0, -52.0
18.0663392, 1023.0, -85.0, -38.0
18.085600768, 1028.0, -74.0, -33.0
18.104862464, 1014.0, -71.0, -35.0
18.12412416, 997.0, -54.0, -33.0
18.143385728, 991.0, -48.0, -28.0
18.162647424, 994.0, -52.0, -48.0
18.181908992, 978.0, -30.0, -37.0
18.201170688, 976.0, -15.0, -25.0
18.220432384, 963.0, -4.0, -40.0
18.239693952, 966.0, -5.0, -40.0
18.258955648, 978.0, -2.0, -35.0
18.278217344, 970.0, -7.0, -33.0
18.297478912, 966.0, 15.0, -32.0
18.316740608, 971.0, 36.0, -19.0
18.336002176, 976.0, 44.0, -23.0
18.355263872, 987.0, 57.0, -16.0
18.374525568, 997.0, 58.0, -17.0
18.393787136, 1008.0, 81.0, -17.0
18.413048832, 1017.0, 95.0, -9.0
18.432310528, 1018.0, 78.0, -8.0
18.451572096, 1017.0, 85.0, -4.0
18.470833792, 1014.0, 82.0, -17.0
18.49009536, 1011.0, 82.0, -2.0
18.509357056, 1008.0, 99.0, 0.0
18.528618752, 971.0, 85.0, -23.0
18.54788032, 974.0, 89.0, -6.0
18.567142016, 982.0, 88.0, -27.0
18.586403712, 979.0, 90.0, -41.0
18.60566528, 974.0, 73.0, -34.0
18.624926976, 978.0, 72.0, -28.0
18.644188544, 962.0, 86.0, -59.0
18.66345024, 977.0, 83.0, -79.0
18.682711936, 1011.0, 82.0, -75.0
18.701973504, 1034.0, 82.0, -62.0
18.7212352, 1022.0, 93.0, -90.0
18.740496896, 992.0, 95.0, -113.0
18.759758464, 996.0, 101.0, -114.0
18.77902016, 1007.0, 97.0, -121.0
18.798281728, 1021.0, 96.0, -121.0
18.817543424, 1024.0, 106.0, -118.0
18.83680512, 1002.0, 110.0, -107.0
18.856066688, 993.0, 121.0, -95.0
18.875328384, 1005.0, 125.0, -84.0
18.89459008, 1004.0, 128.0, -86.0
18.913851648, 1004.0, 129.0, -93.0
18.933113344, 996.0, 124.0, -99.0
18.952374912, 1004.0, 135.0, -69.0
18.971636608, 1003.0, 135.0, -61.0
18.990898304, 971.0, 123.0, -77.0
19.010159872, 966.0, 112.0, -71.0
19.029421568, 974.0, 117.0, -64.0
19.048683264, 972.0, 123.0, -68.0
19.067944832, 972.0, 96.0, -75.0
19.087206528, 989.0, 106.0, -63.0
19.106468096, 972.0, 96.0, -79.0
19.125729792, 949.0, 86.0, -60.0
19.144991488, 971.0, 69.0, -45.0
19.164253056, 979.0, 66.0, -68.0
19.183514752, 967.0, 55.0, -55.0
19.202776448, 980.0, 64.0, -34.0
19.222038016, 991.0, 67.0, -38.0
19.241299712, 1004.0, 60.0, -42.0
19.26056128, 1026.0, 64.0, -20.0
19.279822976, 1007.0, 55.0, -35.0
19.299084672, 1001.0, 56.0, -28.0
19.31834624, 1001.0, 43.0, -14.0
19.337607936, 1014.0, 38.0, -16.0
19.356869632, 1012.0, 44.0, -11.0
19.3761312, 1018.0, 52.0, 0.0
19.395392814, 1014.0, 41.0, -10.0
19.414654848, 1010.0, 43.0, -11.0
19.433916928, 1013.0, 35.0, -17.0
19.453179136, 1015.0, 45.0, 0.0
19.472441216, 1016.0, 48.0, -16.0
19.491703424, 1016.0, 46.0, -14.0
19.510965504, 1002.0, 42.0, -8.0
19.530227584, 1017.0, 42.0, -10.0
19.549489792, 1021.0, 36.0, -4.0
19.568751872, 1024.0, 38.0, -6.0
19.588013952, 1009.0, 41.0, -36.0
19.60727616, 1003.0, 52.0, -40.0
19.62653824, 1007.0, 28.0, -32.0
19.645800448, 1005.0, 41.0, -23.0
19.665062528, 991.0, 21.0, -30.0
19.684324608, 981.0, 29.0, -26.0
19.703586816, 988.0, 15.0, -34.0
19.722848896, 1012.0, 20.0, -48.0
19.742111104, 1016.0, 21.0, -39.0
19.761373184, 1002.0, 33.0, -45.0
19.780635264, 987.0, 38.0, -44.0
19.799897472, 979.0, 48.0, -47.0
19.819159552, 985.0, 42.0, -48.0
19.838421632, 1006.0, 27.0, -54.0
19.85768384, 998.0, 18.0, -64.0
19.87694592, 989.0, 21.0, -49.0
19.896208128, 979.0, 10.0, -56.0
19.915470208, 968.0, 5.0, -53.0
19.934732288, 972.0, 4.0, -39.0
19.953994496, 962.0, -11.0, -52.0
19.973256576, 966.0, -11.0, -46.0
19.992518784, 988.0, -21.0, -47.0
20.011780864, 986.0, -32.0, -44.0
20.031042944, 987.0, -23.0, -24.0
20.050305152, 957.0, -30.0, -48.0
20.069567232, 958.0, -40.0, -37.0
20.088829312, 985.0, -44.0, -26.0
20.10809152, 990.0, -41.0, -37.0
20.1273536, 984.0, -41.0, -43.0
20.146615808, 990.0, -49.0, -23.0
20.165877888, 1023.0, -42.0, -6.0
20.185139968, 1043.0, -48.0, -31.0
20.204402176, 1036.0, -53.0, -30.0
20.223664256, 1033.0, -56.0, -20.0
20.242926464, 1021.0, -69.0, -26.0
20.262188544, 1017.0, -74.0, -19.0
20.281450624, 1025.0, -64.0, -13.0
20.300712832, 1022.0, -77.0, -18.0
20.319974912, 1031.0, -85.0, -23.0
20.339236992, 1009.0, -70.0, -18.0
20.3584992, 1000.0, -81.0, -16.0
20.37776128, 1007.0, -85.0, -25.0
20.397023488, 1012.0, -82.0, -22.0
20.416285568, 1020.0, -79.0, -11.0
20.435547648, 1004.0, -71.0, -15.0
20.454809856, 997.0, -68.0, -26.0
20.474071936, 986.0, -70.0, -31.0
20.493334144, 1000.0, -62.0, -14.0
20.512596224, 994.0, -59.0, -14.0
20.531858304, 965.0, -58.0, -23.0
20.551120512, 975.0, -41.0, -17.0
20.570382592, 994.0, -37.0, -32.0
20.5896448, 1003.0, -41.0, -18.0
20.60890688, 1005.0, -33.0, -7.0
20.62816896, 999.0, -19.0, -12.0
20.647431168, 991.0, -10.0, 0.0
20.666693248, 991.0, -18.0, 10.0
20.685955328, 1002.0, -21.0, 23.0
20.705217536, 1010.0, -17.0, 25.0
20.724479616, 984.0, -21.0, 28.0
20.743741824, 972.0, -12.0, 44.0
20.763003904, 987.0, 8.0, 75.0
20.782265984, 926.0, 4.0, 87.0
20.801528192, 775.0, -4.0, 95.0
20.820790272, 692.0, -33.0, 215.0
20.84005248, 784.0, -29.0, 330.0
20.85931456, 886.0, -67.0, 429.0
20.878576771, 840.0, -101.0, 484.0
20.897838976, 776.0, -112.0, 486.0
20.917101184, 816.0, -100.0, 520.0
20.936363392, 728.0, -152.0, 569.0
20.9556256, 757.0, -156.0, 659.0
20.974887808, 665.0, -168.0, 692.0
20.994150016, 503.0, -266.0, 693.0
21.013412224, 582.0, -129.0, 886.0
21.032674304, 451.0, -271.0, 847.0
21.051936512, 328.0, -352.0, 815.0
21.07119872, 360.0, -262.0, 856.0
21.090460928, 330.0, -287.0, 935.0
21.109723136, 282.0, -305.0, 879.0
21.128985344, 213.0, -388.0, 869.0
21.148247552, 204.0, -372.0, 1018.0
21.16750976, 196.0, -376.0, 1073.0
21.186771968, 110.0, -367.0, 1117.0
21.206034176, 14.0, -369.0, 1092.0
21.225296384, 7.0, -385.0, 1132.0
21.244558592, 42.0, -372.0, 1109.0
21.2638208, 54.0, -353.0, 1088.0
21.283083008, 21.0, -336.0, 972.0
21.302345088, -63.0, -368.0, 981.0
21.321607296, 67.0, -313.0, 1046.0
21.340869504, 41.0, -318.0, 970.0
21.360131712, 13.0, -297.0, 921.0
21.37939392, 65.0, -281.0, 1033.0
21.398656128, 47.0, -262.0, 931.0
21.417918336, 27.0, -278.0, 949.0
21.437180544, 59.0, -268.0, 989.0
21.456442752, 70.0, -245.0, 1013.0
21.47570496, -43.0, -284.0, 919.0
21.494967168, 90.0, -280.0, 990.0
21.514229376, 110.0, -273.0, 997.0
21.533491584, -7.0, -285.0, 951.0
21.552753792, -29.0, -293.0, 992.0
21.572015872, 2.0, -278.0, 1008.0
21.59127808, 8.0, -315.0, 907.0
21.610540288, 27.0, -381.0, 903.0
21.629802496, 49.0, -370.0, 927.0
21.649064704, -62.0, -351.0, 925.0
21.668326912, -88.0, -325.0, 944.0
21.68758912, 31.0, -345.0, 1015.0
21.706851328, 19.0, -376.0, 947.0
21.726113536, -72.0, -388.0, 926.0
21.745375744, 3.0, -337.0, 968.0
21.764637952, -4.0, -314.0, 955.0
21.78390016, 6.0, -364.0, 935.0
21.803162368, -16.0, -399.0, 959.0
21.822424576, -69.0, -410.0, 942.0
21.841686656, 8.0, -358.0, 947.0
21.860948864, -38.0, -349.0, 948.0
21.880211072, -107.0, -327.0, 955.0
21.89947328, -96.0, -324.0, 989.0
21.918735488, -120.0, -350.0, 961.0
21.937997696, -42.0, -382.0, 924.0
21.957259904, -10.0, -383.0, 964.0
21.976522112, -40.0, -339.0, 963.0
21.99578432, -182.0, -357.0, 953.0
22.015046528, -102.0, -365.0, 989.0
22.034308691, -4.0, -345.0, 984.0
22.053570048, -111.0, -360.0, 952.0
22.07283136, -106.0, -349.0, 964.0
22.092092672, -102.0, -357.0, 989.0
22.111353984, -95.0, -362.0, 982.0
22.130615296, -127.0, -359.0, 971.0
22.149876608, -85.0, -388.0, 979.0
22.16913792, -38.0, -348.0, 925.0
22.18839936, -106.0, -340.0, 939.0
22.207660672, -123.0, -355.0, 950.0
22.226921984, -51.0, -364.0, 958.0
22.246183296, -121.0, -427.0, 942.0
22.265444608, -66.0, -442.0, 927.0
22.28470592, -17.0, -378.0, 926.0
22.303967232, -58.0, -348.0, 923.0
22.323228544, -69.0, -323.0, 984.0
22.342489856, -85.0, -383.0, 962.0
22.361751168, -18.0, -369.0, 974.0
22.38101248, -53.0, -350.0, 975.0
22.400273792, -106.0, -378.0, 943.0
22.419535104, -48.0, -371.0, 948.0
22.438796544, -38.0, -349.0, 955.0
22.458057856, -71.0, -347.0, 966.0
22.477319168, -103.0, -337.0, 932.0
22.49658048, -35.0, -393.0, 949.0
22.515841792, 52.0, -326.0, 960.0
22.535103104, -106.0, -389.0, 903.0
22.554364416, -18.0, -341.0, 956.0
22.573625728, -72.0, -382.0, 959.0
22.59288704, -45.0, -353.0, 928.0
22.612148352, -32.0, -346.0, 932.0
22.631409664, -40.0, -333.0, 933.0
22.650670976, -48.0, -340.0, 925.0
22.669932288, 6.0, -334.0, 968.0
22.689193728, -102.0, -359.0, 933.0
22.70845504, -12.0, -343.0, 918.0
22.727716352, -1.0, -374.0, 920.0
22.746977664, -11.0, -350.0, 954.0
22.766238976, -71.0, -358.0, 929.0
22.785500288, -42.0, -339.0, 965.0
22.8047616, -11.0, -344.0, 944.0
22.824022912, -41.0, -375.0, 905.0
22.843284224, 3.0, -384.0, 943.0
22.862545536, -56.0, -351.0, 947.0
22.881806848, -73.0, -387.0, 961.0
22.90106816, -18.0, -367.0, 994.0
22.920329472, -62.0, -356.0, 962.0
22.939590912, 23.0, -372.0, 982.0
22.958852224, -80.0, -387.0, 969.0
22.978113536, -40.0, -359.0, 985.0
22.997374848, 6.0, -355.0, 974.0
23.01663616, -2.0, -404.0, 941.0
23.035897472, -30.0, -420.0, 923.0
23.055158784, 1.0, -372.0, 912.0
23.074420096, 44.0, -401.0, 954.0
23.093681408, 4.0, -373.0, 959.0
23.11294272, -42.0, -424.0, 938.0
23.132204032, 64.0, -408.0, 943.0
23.151465344, 19.0, -390.0, 917.0
23.170726656, 82.0, -349.0, 951.0
23.189987968, -23.0, -355.0, 897.0
23.209249408, 51.0, -360.0, 913.0
23.22851072, 88.0, -397.0, 942.0
23.247772032, 34.0, -352.0, 917.0
23.267033344, -49.0, -347.0, 908.0
23.286294656, 68.0, -303.0, 967.0
23.305555968, -5.0, -323.0, 923.0
23.324817248, 14.0, -334.0, 909.0
23.344079232, 105.0, -335.0, 961.0
23.363341184, 2.0, -321.0, 910.0
23.382603008, 26.0, -358.0, 931.0
23.40186496, 27.0, -374.0, 935.0
23.421126784, 69.0, -359.0, 938.0
23.440388736, 129.0, -319.0, 934.0
23.45965056, 26.0, -381.0, 927.0
23.478912512, 48.0, -381.0, 962.0
23.498174336, 145.0, -342.0, 1019.0
23.517436288, 62.0, -389.0, 968.0
23.536698112, 25.0, -378.0, 939.0
23.555960064, 100.0, -399.0, 976.0
23.575221888, 155.0, -362.0, 970.0
23.59448384, 72.0, -348.0, 950.0
23.613745664, 16.0, -387.0, 954.0
23.633007616, 112.0, -397.0, 975.0
23.65226944, 113.0, -394.0, 952.0
23.671531392, 112.0, -375.0, 917.0
23.690793216, 100.0, -363.0, 934.0
23.710055168, 90.0, -341.0, 926.0
23.729316992, 98.0, -362.0, 920.0
23.748578944, 81.0, -385.0, 906.0
23.767840896, 94.0, -384.0, 907.0
23.78710272, 102.0, -400.0, 921.0
23.806364672, 114.0, -383.0, 929.0
23.825626496, 108.0, -360.0, 931.0
23.844888448, 67.0, -372.0, 934.0
23.864150272, 138.0, -387.0, 942.0
23.883412224, 146.0, -382.0, 958.0
23.902674048, 78.0, -390.0, 937.0
23.921936, 113.0, -368.0, 940.0
23.941197824, 142.0, -395.0, 1002.0
23.960459776, 86.0, -363.0, 977.0
23.9797216, 73.0, -375.0, 952.0
23.998983552, 130.0, -390.0, 960.0
24.018245376, 133.0, -397.0, 948.0
24.037507328, 113.0, -378.0, 925.0
24.056769152, 40.0, -363.0, 916.0
24.076031104, 72.0, -381.0, 947.0
24.095292928, 138.0, -352.0, 974.0
24.11455488, 74.0, -359.0, 932.0
24.133816704, 68.0, -393.0, 881.0
24.153078656, 179.0, -405.0, 906.0
24.172340608, 163.0, -366.0, 913.0
24.191602432, 28.0, -372.0, 886.0
24.210864384, 91.0, -351.0, 888.0
24.230126208, 132.0, -372.0, 948.0
24.24938816, 144.0, -328.0, 931.0
24.268649984, 66.0, -390.0, 875.0
24.287911936, 138.0, -390.0, 906.0
24.30717376, 136.0, -385.0, 931.0
24.326435712, 88.0, -389.0, 929.0
24.345697536, 69.0, -373.0, 924.0
24.364959488, 152.0, -379.0, 942.0
24.384221312, 173.0, -394.0, 924.0
24.403483264, 121.0, -421.0, 916.0
24.422745088, 59.0, -382.0, 926.0
24.44200704, 94.0, -357.0, 941.0
24.461268864, 154.0, -384.0, 942.0
24.480530816, 184.0, -416.0, 927.0
24.49979264, 102.0, -413.0, 898.0
24.519054592, 65.0, -418.0, 927.0
24.538316544, 116.0, -378.0, 952.0
24.557578368, 122.0, -373.0, 949.0
24.57684032, 121.0, -392.0, 932.0
24.596102144, 121.0, -398.0, 912.0
24.615363953, 128.0, -399.0, 935.0
24.634627456, 200.0, -374.0, 963.0
24.653890944, 104.0, -399.0, 938.0
24.673154432, 134.0, -397.0, 963.0
24.692418048, 152.0, -414.0, 930.0
24.711681536, 109.0, -410.0, 943.0
24.730945024, 146.0, -401.0, 960.0
24.750208512, 166.0, -377.0, 948.0
24.769472128, 130.0, -393.0, 917.0
24.788735616, 107.0, -424.0, 914.0
24.807999104, 154.0, -397.0, 953.0
24.827262592, 178.0, -402.0, 917.0
24.84652608, 108.0, -395.0, 877.0
24.865789696, 96.0, -386.0, 897.0
24.885053184, 113.0, -402.0, 929.0
24.904316672, 103.0, -386.0, 924.0
24.92358016, 158.0, -378.0, 911.0
24.942843776, 129.0, -417.0, 912.0
24.962107264, 131.0, -414.0, 909.0
24.981370752, 117.0, -424.0, 903.0
25.00063424, 99.0, -388.0, 920.0
25.019897728, 118.0, -392.0, 900.0
25.039161344, 179.0, -383.0, 928.0
25.058424832, 155.0, -403.0, 913.0
25.07768832, 68.0, -391.0, 901.0
25.096951808, 140.0, -388.0, 955.0
25.116215424, 171.0, -379.0, 965.0
25.135478912, 109.0, -413.0, 895.0
25.1547424, 175.0, -423.0, 925.0
25.174005888, 171.0, -420.0, 905.0
25.193269376, 151.0, -427.0, 906.0
25.212532992, 126.0, -430.0, 931.0
25.23179648, 100.0, -406.0, 930.0
25.251059968, 169.0, -403.0, 911.0
25.270323456, 153.0, -415.0, 906.0
25.289587072, 135.0, -433.0, 907.0
25.30885056, 175.0, -416.0, 911.0
25.328114048, 146.0, -395.0, 934.0
25.347377536, 111.0, -410.0, 903.0
25.366641152, 194.0, -417.0, 948.0
25.38590464, 201.0, -403.0, 917.0
25.405168128, 161.0, -410.0, 893.0
25.424431616, 161.0, -412.0, 892.0
25.443695104, 194.0, -392.0, 910.0
25.46295872, 157.0, -408.0, 900.0
25.482222208, 189.0, -409.0, 897.0
25.501485696, 189.0, -400.0, 919.0
25.520749184, 157.0, -395.0, 898.0
25.5400128, 221.0, -397.0, 868.0
25.559276288, 226.0, -418.0, 903.0
25.578539776, 193.0, -416.0, 873.0
25.597803264, 160.0, -406.0, 903.0
25.617066752, 290.0, -393.0, 916.0
25.636330368, 321.0, -411.0, 929.0
25.655593856, 145.0, -462.0, 852.0
25.674857344, 229.0, -417.0, 932.0
25.694120832, 326.0, -412.0, 890.0
25.713384448, 416.0, -411.0, 896.0
25.732647936, 229.0, -445.0, 827.0
25.751911424, 215.0, -437.0, 880.0
25.771174912, 361.0, -439.0, 900.0
25.7904384, 298.0, -430.0, 871.0
25.809702016, 298.0, -434.0, 848.0
25.828965504, 373.0, -414.0, 861.0
25.848228992, 294.0, -422.0, 861.0
25.86749248, 380.0, -446.0, 870.0
25.886756051, 497.0, -436.0, 877.0
25.906019584, 324.0, -426.0, 814.0
25.925283072, 290.0, -460.0, 845.0
25.94454656, 487.0, -404.0, 850.0
25.963810048, 540.0, -417.0, 849.0
25.983073408, 366.0, -431.0, 792.0
26.002336896, 406.0, -469.0, 783.0
26.021600384, 587.0, -399.0, 816.0
26.040863872, 607.0, -390.0, 787.0
26.06012736, 486.0, -419.0, 722.0
26.079390848, 493.0, -453.0, 693.0
26.098654336, 623.0, -411.0, 749.0
26.117917696, 658.0, -402.0, 739.0
26.137181184, 396.0, -442.0, 616.0
26.156444672, 543.0, -435.0, 636.0
26.17570816, 745.0, -405.0, 662.0
26.194971648, 768.0, -414.0, 622.0
26.214235136, 761.0, -394.0, 616.0
26.233498624, 630.0, -411.0, 487.0
26.252762112, 707.0, -392.0, 519.0
26.272025472, 789.0, -405.0, 540.0
26.29128896, 941.0, -365.0, 554.0
26.310552448, 906.0, -402.0, 501.0
26.329815936, 853.0, -405.0, 458.0
26.349079424, 818.0, -352.0, 397.0
26.368342912, 831.0, -342.0, 336.0
26.3876064, 941.0, -370.0, 362.0
26.40686976, 898.0, -351.0, 323.0
26.426133248, 857.0, -307.0, 211.0
26.445396736, 830.0, -292.0, 232.0
26.464660224, 933.0, -273.0, 282.0
26.483923712, 855.0, -257.0, 161.0
26.5031872, 855.0, -290.0, 173.0
26.522450688, 901.0, -256.0, 217.0
26.541714048, 973.0, -221.0, 211.0
26.560977536, 978.0, -206.0, 188.0
26.580241024, 904.0, -220.0, 107.0
26.599504512, 907.0, -243.0, 136.0
26.618768, 931.0, -256.0, 180.0
26.638031488, 965.0, -218.0, 190.0
26.657294976, 882.0, -200.0, 174.0
26.676558336, 773.0, -243.0, 170.0
26.695821824, 873.0, -252.0, 237.0
26.715085312, 1005.0, -270.0, 246.0
26.7343488, 972.0, -259.0, 254.0
26.753612288, 840.0, -229.0, 274.0
26.772875776, 765.0, -257.0, 296.0
26.792139264, 819.0, -229.0, 375.0
26.811402624, 886.0, -220.0, 399.0
26.830666112, 952.0, -263.0, 406.0
26.8499296, 803.0, -368.0, 394.0
26.869193088, 680.0, -365.0, 426.0
26.888456576, 713.0, -344.0, 464.0
26.907720064, 884.0, -257.0, 526.0
26.926983552, 888.0, -347.0, 520.0
26.94624704, 908.0, -414.0, 533.0
26.9655104, 852.0, -426.0, 508.0
26.984773856, 897.0, -393.0, 584.0
27.004038784, 836.0, -376.0, 652.0
27.02330368, 682.0, -376.0, 556.0
27.042568704, 696.0, -383.0, 606.0
27.0618336, 762.0, -367.0, 652.0
27.081098496, 736.0, -359.0, 571.0
27.10036352, 668.0, -379.0, 598.0
27.119628416, 724.0, -387.0, 622.0
27.138893312, 798.0, -366.0, 634.0
27.158158336, 819.0, -311.0, 614.0
27.177423232, 608.0, -345.0, 557.0
27.196688128, 697.0, -301.0, 609.0
27.215953152, 782.0, -301.0, 670.0
27.235218048, 766.0, -298.0, 649.0
27.254482944, 663.0, -305.0, 609.0
27.273747968, 667.0, -319.0, 619.0
27.293012864, 662.0, -342.0, 633.0
27.31227776, 653.0, -366.0, 625.0
27.331542784, 645.0, -389.0, 631.0
27.35080768, 701.0, -399.0, 642.0
27.370072576, 734.0, -373.0, 685.0
27.3893376, 639.0, -395.0, 618.0
27.408602496, 659.0, -390.0, 643.0
27.427867392, 684.0, -401.0, 662.0
27.447132416, 677.0, -354.0, 675.0
27.466397312, 546.0, -395.0, 628.0
27.485662208, 613.0, -350.0, 694.0
27.504927104, 631.0, -381.0, 680.0
27.524192128, 641.0, -382.0, 680.0
27.543457024, 589.0, -405.0, 663.0
27.56272192, 664.0, -398.0, 679.0
27.581986944, 751.0, -401.0, 672.0
27.60125184, 774.0, -389.0, 649.0
27.620516736, 633.0, -401.0, 630.0
27.63978176, 668.0, -404.0, 619.0
27.659046656, 776.0, -411.0, 656.0
27.678311552, 901.0, -390.0, 646.0
27.697576576, 746.0, -393.0, 548.0
27.716841472, 781.0, -378.0, 561.0
27.736106368, 785.0, -402.0, 555.0
27.755371392, 868.0, -382.0, 515.0
27.774636288, 842.0, -367.0, 482.0
27.793901184, 824.0, -354.0, 440.0
27.813166208, 884.0, -359.0, 424.0
27.832431104, 880.0, -353.0, 408.0
27.851696, 854.0, -338.0, 387.0
27.870961024, 895.0, -361.0, 356.0
27.89022592, 977.0, -342.0, 309.0
27.909490816, 872.0, -292.0, 239.0
27.92875584, 757.0, -316.0, 226.0
27.948020736, 829.0, -306.0, 247.0
27.967285632, 903.0, -310.0, 198.0
27.986550656, 936.0, -321.0, 172.0
28.005815552, 960.0, -271.0, 144.0
28.025080448, 881.0, -306.0, 106.0
28.044345472, 923.0, -309.0, 96.0
28.063610368, 942.0, -308.0, 97.0
28.082875264, 936.0, -293.0, 96.0
28.102140288, 912.0, -273.0, 65.0
28.121405184, 874.0, -261.0, 62.0
28.14067008, 843.0, -246.0, 8.0
28.159935059, 838.0, -241.0, 45.0
28.179199232, 868.0, -250.0, 59.0
28.19846336, 866.0, -219.0, 59.0
28.217727616, 878.0, -294.0, 51.0
28.236991744, 944.0, -299.0, 101.0
28.256255872, 999.0, -268.0, 93.0
28.275520128, 950.0, -272.0, 117.0
28.294784256, 964.0, -290.0, 158.0
28.314048384, 1020.0, -281.0, 190.0
28.33331264, 1005.0, -279.0, 177.0
28.352576768, 952.0, -290.0, 166.0
28.371840896, 972.0, -289.0, 191.0
28.391105152, 959.0, -287.0, 214.0
28.41036928, 898.0, -287.0, 211.0
28.429633408, 948.0, -291.0, 214.0
28.448897664, 1006.0, -312.0, 215.0
28.468161792, 1013.0, -287.0, 213.0
28.48742592, 947.0, -290.0, 166.0
28.506690176, 927.0, -280.0, 216.0
28.525954304, 932.0, -294.0, 209.0
28.545218432, 925.0, -286.0, 207.0
28.56448256, 895.0, -282.0, 203.0
28.583746816, 901.0, -284.0, 210.0
28.603010944, 921.0, -277.0, 201.0
28.622275072, 923.0, -292.0, 190.0
28.641539328, 945.0, -281.0, 216.0
28.660803456, 945.0, -276.0, 210.0
28.680067584, 940.0, -269.0, 219.0
28.69933184, 924.0, -267.0, 220.0
28.718595968, 914.0, -279.0, 222.0
28.737860096, 923.0, -274.0, 236.0
28.757124352, 943.0, -266.0, 251.0
28.77638848, 927.0, -271.0, 229.0
28.795652608, 921.0, -271.0, 227.0
28.814916864, 935.0, -281.0, 240.0
28.834180992, 960.0, -278.0, 237.0
28.85344512, 930.0, -283.0, 250.0
28.872709376, 920.0, -294.0, 219.0
28.891973504, 928.0, -286.0, 223.0
28.911237632, 933.0, -293.0, 234.0
28.930501888, 934.0, -273.0, 210.0
28.949766016, 904.0, -281.0, 220.0
28.969030144, 943.0, -270.0, 232.0
28.9882944, 939.0, -257.0, 229.0
29.007558528, 878.0, -268.0, 225.0
29.026822656, 878.0, -266.0, 250.0
29.046086912, 931.0, -278.0, 259.0
29.06535104, 966.0, -278.0, 247.0
29.084615168, 971.0, -271.0, 244.0
29.103879424, 949.0, -285.0, 248.0
29.123143552, 937.0, -284.0, 256.0
29.14240768, 931.0, -268.0, 274.0
29.161671936, 912.0, -266.0, 247.0
29.180936064, 900.0, -278.0, 251.0
29.200200192, 932.0, -286.0, 250.0
29.219464448, 937.0, -279.0, 257.0
29.238728576, 917.0, -281.0, 255.0
29.257992704, 893.0, -287.0, 258.0
29.277256832, 905.0, -293.0, 267.0
29.296521088, 926.0, -286.0, 261.0
29.315785216, 923.0, -290.0, 250.0
29.335049344, 919.0, -285.0, 256.0
29.3543136, 936.0, -275.0, 271.0
29.373577728, 917.0, -278.0, 268.0
29.392841856, 912.0, -291.0, 282.0
29.412106112, 929.0, -297.0, 265.0
29.43137024, 905.0, -301.0, 262.0
29.450634368, 910.0, -283.0, 251.0
29.469898624, 901.0, -280.0, 261.0
29.489162752, 884.0, -284.0, 270.0
29.50842688, 890.0, -286.0, 279.0
29.527691136, 926.0, -290.0, 263.0
29.546955263, 981.0, -305.0, 284.0
29.566220288, 1001.0, -303.0, 259.0
29.585485312, 1005.0, -291.0, 241.0
29.604750464, 1011.0, -292.0, 249.0
29.624015488, 1028.0, -284.0, 252.0
29.643280512, 972.0, -298.0, 211.0
29.662545664, 973.0, -289.0, 186.0
29.681810688, 983.0, -280.0, 158.0
29.701075712, 935.0, -268.0, 115.0
29.720340864, 909.0, -278.0, 76.0
29.739605888, 910.0, -259.0, 45.0
29.758870912, 926.0, -255.0, -5.0
29.778136064, 947.0, -259.0, -23.0
29.797401088, 939.0, -281.0, -55.0
29.816666112, 936.0, -270.0, -102.0
29.835931264, 906.0, -244.0, -146.0
29.855196288, 924.0, -249.0, -150.0
29.874461312, 958.0, -239.0, -158.0
29.893726464, 938.0, -232.0, -216.0
29.912991488, 884.0, -223.0, -283.0
29.93225664, 940.0, -217.0, -283.0
29.951521664, 929.0, -203.0, -297.0
29.970786688, 862.0, -221.0, -334.0
29.99005184, 844.0, -217.0, -348.0
30.009316864, 880.0, -208.0, -352.0
30.028581888, 886.0, -200.0, -373.0
30.04784704, 851.0, -209.0, -406.0
30.067112064, 838.0, -205.0, -391.0
30.086377088, 857.0, -179.0, -394.0
30.10564224, 827.0, -186.0, -411.0
30.124907264, 818.0, -207.0, -398.0
30.144172288, 842.0, -205.0, -422.0
30.16343744, 858.0, -220.0, -429.0
30.182702464, 883.0, -209.0, -435.0
30.201967488, 877.0, -206.0, -443.0
30.22123264, 890.0, -204.0, -429.0
30.240497664, 897.0, -218.0, -419.0
30.259762688, 866.0, -215.0, -421.0
30.27902784, 858.0, -220.0, -426.0
30.298292864, 850.0, -212.0, -424.0
30.317557888, 880.0, -214.0, -412.0
30.33682304, 891.0, -219.0, -414.0
30.356088064, 907.0, -224.0, -423.0
30.375353088, 893.0, -226.0, -431.0
30.39461824, 870.0, -227.0, -413.0
30.413883264, 857.0, -210.0, -398.0
30.433148288, 856.0, -204.0, -395.0
30.45241344, 881.0, -213.0, -385.0
30.471678464, 905.0, -227.0, -388.0
30.490943488, 907.0, -228.0, -406.0
30.51020864, 916.0, -229.0, -413.0
30.529473664, 895.0, -217.0, -413.0
30.548738688, 861.0, -211.0, -387.0
30.56800384, 878.0, -217.0, -375.0
30.587268864, 899.0, -232.0, -380.0
30.606534016, 877.0, -222.0, -392.0
30.62579904, 859.0, -213.0, -417.0
30.645064064, 854.0, -203.0, -418.0
30.664329216, 864.0, -205.0, -402.0
30.68359424, 863.0, -212.0, -398.0
30.702859264, 863.0, -212.0, -402.0
30.722124416, 878.0, -221.0, -395.0
30.74138944, 873.0, -215.0, -408.0
30.760654464, 879.0, -222.0, -410.0
30.779919616, 891.0, -227.0, -402.0
30.79918464, 886.0, -218.0, -398.0
30.818449664, 874.0, -217.0, -396.0
30.837714816, 876.0, -223.0, -398.0
30.85697984, 864.0, -216.0, -395.0
30.876244864, 869.0, -213.0, -371.0
30.895510016, 862.0, -203.0, -377.0
30.914775082, 864.0, -210.0, -376.0
30.934042368, 899.0, -234.0, -384.0
30.953309696, 945.0, -253.0, -373.0
30.972576896, 970.0, -247.0, -376.0
30.991844224, 931.0, -230.0, -380.0
31.011111552, 882.0, -219.0, -370.0
31.030378752, 820.0, -204.0, -360.0
31.04964608, 807.0, -204.0, -344.0
31.06891328, 842.0, -221.0, -315.0
31.088180608, 844.0, -236.0, -310.0
31.107447936, 789.0, -232.0, -320.0
31.126715136, 750.0, -247.0, -274.0
31.145982464, 907.0, -204.0, -146.0
31.165249792, 862.0, -237.0, -162.0
31.184516992, 809.0, -258.0, -79.0
31.20378432, 819.0, -269.0, 9.0
31.22305152, 954.0, -275.0, 128.0
31.242318848, 1080.0, -279.0, 185.0
31.261586176, 1014.0, -321.0, 195.0
31.280853376, 986.0, -325.0, 291.0
31.300120704, 958.0, -292.0, 321.0
31.319388032, 928.0, -301.0, 351.0
31.338655232, 897.0, -320.0, 422.0
31.35792256, 795.0, -343.0, 426.0
31.37718976, 738.0, -291.0, 515.0
31.396457088, 701.0, -323.0, 555.0
31.415724416, 782.0, -334.0, 646.0
31.434991616, 741.0, -335.0, 697.0
31.454258944, 633.0, -453.0, 602.0
31.473526272, 759.0, -417.0, 687.0
31.492793472, 709.0, -458.0, 615.0
31.5120608, 665.0, -441.0, 647.0
31.531328128, 578.0, -425.0, 628.0
31.550595328, 479.0, -427.0, 646.0
31.569862656, 541.0, -418.0, 689.0
31.589129856, 486.0, -442.0, 752.0
31.608397184, 441.0, -465.0, 710.0
31.627664512, 502.0, -436.0, 794.0
31.646931712, 474.0, -455.0, 788.0
31.66619904, 375.0, -489.0, 732.0
31.685466368, 501.0, -408.0, 865.0
31.704733568, 444.0, -467.0, 814.0
31.724000896, 456.0, -487.0, 783.0
31.743268096, 489.0, -489.0, 793.0
31.762535424, 439.0, -510.0, 779.0
31.781802752, 490.0, -482.0, 841.0
31.801069952, 479.0, -493.0, 794.0
31.82033728, 451.0, -512.0, 785.0
31.839604608, 478.0, -530.0, 827.0
31.858871808, 498.0, -520.0, 812.0
31.878139136, 476.0, -511.0, 763.0
31.897406464, 472.0, -504.0, 784.0
31.916673664, 454.0, -552.0, 774.0
31.935940992, 498.0, -517.0, 796.0
31.955208192, 483.0, -513.0, 770.0
31.97447552, 456.0, -517.0, 737.0
31.993742848, 482.0, -505.0, 748.0
32.013010048, 476.0, -527.0, 733.0
32.032277376, 469.0, -496.0, 739.0
32.051544641, 479.0, -509.0, 719.0
32.070810112, 509.0, -504.0, 728.0
32.09007552, 473.0, -527.0, 723.0
32.109340928, 475.0, -512.0, 764.0
32.128606336, 516.0, -527.0, 765.0
32.147871744, 533.0, -530.0, 802.0
32.167137024, 504.0, -550.0, 723.0
32.186402432, 570.0, -487.0, 687.0
32.20566784, 538.0, -477.0, 729.0
32.224933248, 645.0, -490.0, 796.0
32.244198656, 663.0, -499.0, 820.0
32.263464064, 614.0, -528.0, 716.0
32.282729472, 702.0, -525.0, 698.0
32.30199488, 875.0, -531.0, 670.0
32.321260288, 893.0, -483.0, 674.0
32.340525568, 640.0, -494.0, 515.0
32.359790976, 625.0, -406.0, 505.0
32.379056384, 840.0, -404.0, 493.0
32.398321792, 900.0, -420.0, 456.0
32.4175872, 831.0, -433.0, 376.0
32.436852608, 850.0, -404.0, 301.0
32.456118016, 830.0, -370.0, 263.0
32.475383424, 741.0, -324.0, 154.0
32.494648832, 800.0, -304.0, 110.0
32.513914112, 955.0, -349.0, 65.0
32.53317952, 988.0, -349.0, -7.0
32.552444928, 900.0, -265.0, -109.0
32.571710336, 841.0, -236.0, -187.0
32.590975744, 805.0, -223.0, -205.0
32.610241152, 740.0, -197.0, -321.0
32.62950656, 596.0, -140.0, -413.0
32.648771968, 666.0, -165.0, -459.0
32.668037248, 781.0, -191.0, -508.0
32.687302656, 741.0, -182.0, -585.0
32.706568064, 635.0, -141.0, -638.0
32.725833472, 666.0, -133.0, -632.0
32.74509888, 659.0, -155.0, -644.0
32.764364288, 636.0, -176.0, -704.0
32.783629696, 634.0, -181.0, -738.0
32.802895104, 619.0, -163.0, -768.0
32.822160512, 661.0, -165.0, -775.0
32.841425792, 744.0, -194.0, -767.0
32.8606912, 782.0, -202.0, -751.0
32.879956608, 745.0, -214.0, -716.0
32.899222016, 801.0, -197.0, -675.0
32.918487424, 815.0, -162.0, -653.0
32.937752832, 771.0, -188.0, -626.0
32.95701824, 742.0, -192.0, -572.0
32.976283648, 849.0, -188.0, -522.0
32.995549056, 941.0, -218.0, -437.0
33.014814336, 856.0, -232.0, -400.0
33.034079744, 787.0, -242.0, -369.0
33.053345152, 891.0, -217.0, -298.0
33.07261056, 941.0, -223.0, -239.0
33.091875968, 881.0, -224.0, -202.0
33.111141376, 839.0, -243.0, -140.0
33.130406784, 891.0, -237.0, -71.0
33.149672192, 922.0, -243.0, -29.0
33.1689376, 953.0, -270.0, 42.0
33.18820288, 973.0, -243.0, 131.0
33.207468288, 865.0, -244.0, 107.0
33.226733696, 742.0, -257.0, 140.0
33.245999104, 718.0, -262.0, 232.0
33.265264512, 752.0, -301.0, 266.0
33.284529825, 822.0, -304.0, 323.0
33.303795584, 849.0, -332.0, 366.0
33.323061376, 856.0, -391.0, 415.0
33.342327168, 894.0, -400.0, 455.0
33.361593088, 961.0, -345.0, 480.0
33.38085888, 909.0, -366.0, 516.0
33.400124672, 860.0, -402.0, 526.0
33.419390464, 892.0, -399.0, 553.0
33.438656384, 936.0, -401.0, 529.0
33.457922176, 893.0, -398.0, 509.0
33.477187968, 807.0, -420.0, 523.0
33.49645376, 803.0, -453.0, 478.0
33.515719552, 859.0, -438.0, 464.0
33.534985472, 799.0, -445.0, 426.0
33.554251264, 773.0, -421.0, 415.0
33.573517056, 804.0, -423.0, 401.0
33.592782848, 857.0, -433.0, 400.0
33.612048768, 934.0, -430.0, 385.0
33.63131456, 987.0, -415.0, 344.0
33.650580352, 977.0, -413.0, 300.0
33.669846144, 1014.0, -417.0, 296.0
33.689111936, 1082.0, -373.0, 278.0
33.708377856, 1135.0, -364.0, 219.0
33.727643648, 1134.0, -348.0, 168.0
33.74690944, 1014.0, -348.0, 64.0
33.766175232, 905.0, -300.0, 42.0
33.785441024, 907.0, -253.0, 53.0
33.804706944, 932.0, -229.0, -3.0
33.823972736, 893.0, -228.0, -69.0
33.843238528, 825.0, -207.0, -104.0
33.86250432, 790.0, -191.0, -109.0
33.88177024, 851.0, -172.0, -90.0
33.901036032, 925.0, -174.0, -113.0
33.920301824, 920.0, -186.0, -164.0
33.939567616, 864.0, -186.0, -172.0
33.958833408, 860.0, -150.0, -156.0
33.978099328, 905.0, -108.0, -152.0
33.99736512, 901.0, -96.0, -181.0
34.016630912, 888.0, -104.0, -182.0
34.035896704, 878.0, -94.0, -155.0
34.055162624, 889.0, -74.0, -159.0
34.074428416, 890.0, -76.0, -174.0
34.093694208, 911.0, -71.0, -151.0
34.11296, 936.0, -77.0, -165.0
34.132225792, 966.0, -72.0, -173.0
34.151491712, 982.0, -79.0, -167.0
34.170757504, 996.0, -88.0, -164.0
34.190023296, 988.0, -96.0, -152.0
34.209289088, 964.0, -90.0, -142.0
34.228555008, 941.0, -97.0, -165.0
34.2478208, 942.0, -118.0, -148.0
34.267086592, 958.0, -133.0, -131.0
34.286352384, 966.0, -150.0, -127.0
34.305618176, 978.0, -146.0, -114.0
34.324884096, 979.0, -161.0, -103.0
34.344149888, 952.0, -179.0, -84.0
34.36341568, 926.0, -174.0, -81.0
34.382681472, 903.0, -166.0, -76.0
34.401947264, 858.0, -187.0, -65.0
34.421213184, 826.0, -189.0, -45.0
34.440478976, 793.0, -188.0, -81.0
34.459744768, 794.0, -184.0, -76.0
34.47901056, 811.0, -183.0, -65.0
34.49827648, 818.0, -215.0, -42.0
34.517542272, 818.0, -265.0, -64.0
34.536808064, 813.0, -303.0, -127.0
34.556073856, 808.0, -297.0, -120.0
34.575339648, 834.0, -338.0, -74.0
34.594605568, 822.0, -395.0, -47.0
34.61387136, 801.0, -390.0, -35.0
34.633137152, 818.0, -378.0, -36.0
34.652403046, 789.0, -417.0, -60.0
34.671666688, 741.0, -492.0, -88.0
34.690930304, 741.0, -534.0, -80.0
34.71019392, 798.0, -540.0, -48.0
34.729457536, 865.0, -515.0, -23.0
34.748721152, 849.0, -538.0, -63.0
34.767984768, 753.0, -612.0, -84.0
34.787248512, 711.0, -663.0, -64.0
34.806512128, 738.0, -649.0, -73.0
34.825775744, 819.0, -650.0, -89.0
34.84503936, 814.0, -739.0, -98.0
34.864302976, 746.0, -785.0, -64.0
34.883566592, 705.0, -727.0, -22.0
34.902830208, 702.0, -740.0, -71.0
34.922093824, 686.0, -798.0, -89.0
34.94135744, 676.0, -841.0, -79.0
34.960621056, 654.0, -866.0, -23.0
34.979884672, 706.0, -826.0, 9.0
34.999148416, 741.0, -822.0, -33.0
35.018412032, 690.0, -898.0, -63.0
35.037675648, 660.0, -909.0, -32.0
35.056939264, 671.0, -879.0, -25.0
35.07620288, 692.0, -902.0, -47.0
35.095466496, 706.0, -910.0, -52.0
35.114730112, 680.0, -923.0, -57.0
35.133993728, 634.0, -938.0, -51.0
35.153257344, 599.0, -933.0, -48.0
35.17252096, 551.0, -931.0, -83.0
35.191784576, 548.0, -960.0, -77.0
35.21104832, 516.0, -946.0, -36.0
35.230311936, 485.0, -933.0, -32.0
35.249575552, 417.0, -933.0, -42.0
35.268839168, 390.0, -936.0, -48.0
35.288102784, 370.0, -937.0, -22.0
35.3073664, 395.0, -947.0, -8.0
35.326630016, 421.0, -953.0, -16.0
35.345893632, 410.0, -948.0, -36.0
35.365157248, 387.0, -927.0, -61.0
35.384420864, 360.0, -918.0, -59.0
35.40368448, 336.0, -908.0, -10.0
35.422948224, 354.0, -894.0, 16.0
35.44221184, 361.0, -943.0, -39.0
35.461475456, 330.0, -973.0, -60.0
35.480739072, 293.0, -970.0, -26.0
35.500002688, 215.0, -968.0, 3.0
35.519266304, 189.0, -982.0, -2.0
35.53852992, 192.0, -952.0, 2.0
35.557793536, 204.0, -952.0, -25.0
35.577057152, 169.0, -983.0, -20.0
35.596320768, 118.0, -986.0, 1.0
35.615584512, 90.0, -981.0, -12.0
35.634848128, 87.0, -977.0, -37.0
35.654111744, 106.0, -994.0, -35.0
35.67337536, 118.0, -1000.0, -32.0
35.692638976, 126.0, -1003.0, -31.0
35.711902592, 121.0, -1002.0, -41.0
35.731166208, 106.0, -1011.0, -48.0
35.750429824, 81.0, -1040.0, -24.0
35.76969344, 63.0, -1032.0, 0.0
35.788957056, 64.0, -1016.0, -12.0
35.808220672, 87.0, -1013.0, -27.0
35.827484416, 72.0, -1007.0, -30.0
35.846748032, 100.0, -1035.0, -24.0
35.866011648, 93.0, -1056.0, -24.0
35.885275264, 65.0, -1046.0, -24.0
35.90453888, 42.0, -1000.0, -46.0
35.923802496, 8.0, -972.0, -49.0
35.943066112, 25.0, -1003.0, -54.0
35.962329728, 36.0, -1014.0, -40.0
35.981593344, 42.0, -1003.0, -45.0
36.00085696, 15.0, -996.0, -50.0
36.020120617, -10.0, -990.0, -52.0
36.039384704, -5.0, -1008.0, -56.0
36.058648832, 7.0, -1004.0, -48.0
36.07791296, -12.0, -993.0, -41.0
36.097177088, -49.0, -985.0, -37.0
36.116441216, -59.0, -1007.0, -45.0
36.135705344, -71.0, -1009.0, -42.0
36.154969472, -50.0, -967.0, -35.0
36.174233472, -43.0, -958.0, -47.0
36.1934976, -50.0, -966.0, -59.0
36.212761728, -67.0, -993.0, -61.0
36.232025856, -70.0, -995.0, -47.0
36.251289984, -65.0, -983.0, -32.0
36.270554112, -71.0, -965.0, -35.0
36.28981824, -72.0, -983.0, -45.0
36.309082368, -83.0, -998.0, -37.0
36.328346496, -80.0, -1002.0, -45.0
36.347610624, -76.0, -990.0, -38.0
36.366874752, -57.0, -989.0, -44.0
36.38613888, -35.0, -1001.0, -47.0
36.405403008, -41.0, -994.0, -32.0
36.424667136, -70.0, -996.0, -32.0
36.443931136, -78.0, -992.0, -40.0
36.463195264, -70.0, -1001.0, -33.0
36.482459392, -55.0, -998.0, -17.0
36.50172352, -52.0, -994.0, -11.0
36.520987648, -45.0, -986.0, -27.0
36.540251776, -47.0, -995.0, -51.0
36.559515904, -45.0, -996.0, -39.0
36.578780032, -71.0, -983.0, -17.0
36.59804416, -77.0, -987.0, -27.0
36.617308288, -63.0, -997.0, -31.0
36.636572416, -42.0, -1001.0, -36.0
36.655836544, -34.0, -1000.0, -26.0
36.675100672, -46.0, -991.0, -33.0
36.6943648, -51.0, -992.0, -39.0
36.7136288, -71.0, -1004.0, -33.0
36.732892928, -59.0, -996.0, -26.0
36.752157056, -55.0, -1000.0, -37.0
36.771421184, -56.0, -995.0, -43.0
36.790685312, -43.0, -1010.0, -41.0
36.80994944, -46.0, -1006.0, -27.0
36.829213568, -57.0, -994.0, -23.0
36.848477696, -70.0, -982.0, -30.0
36.867741824, -64.0, -987.0, -35.0
36.887005952, -54.0, -995.0, -36.0
36.90627008, -45.0, -1001.0, -31.0
36.925534208, -53.0, -996.0, -35.0
36.944798336, -69.0, -1007.0, -37.0
36.964062336, -65.0, -1010.0, -32.0
36.983326464, -51.0, -1001.0, -29.0
37.002590592, -51.0, -1000.0, -30.0
37.02185472, -60.0, -1001.0, -31.0
37.041118848, -51.0, -1000.0, -40.0
37.060382976, -49.0, -996.0, -34.0
37.079647104, -63.0, -985.0, -18.0
37.098911232, -59.0, -986.0, -29.0
37.11817536, -57.0, -995.0, -32.0
37.137439488, -58.0, -994.0, -25.0
37.156703616, -49.0, -997.0, -23.0
37.175967744, -35.0, -989.0, -32.0
37.195231872, -40.0, -995.0, -44.0
37.214496, -32.0, -999.0, -38.0
37.23376, -31.0, -998.0, -31.0
37.253024128, -48.0, -1006.0, -38.0
37.272288256, -49.0, -999.0, -34.0
37.291552384, -43.0, -1004.0, -43.0
37.310816512, -41.0, -995.0, -36.0
37.33008064, -51.0, -1007.0, -46.0
37.349344768, -51.0, -1001.0, -35.0
37.368608896, -33.0, -989.0, -29.0
37.387873024, -36.0, -985.0, -32.0
37.407137152, -55.0, -990.0, -35.0
37.42640128, -57.0, -996.0, -33.0
37.445665408, -43.0, -994.0, -27.0
37.464929536, -35.0, -982.0, -17.0
37.484193664, -49.0, -983.0, -16.0
37.503457664, -64.0, -989.0, -25.0
37.522721792, -54.0, -983.0, -27.0
37.54198592, -44.0, -987.0, -33.0
37.561250048, -39.0, -989.0, -34.0
37.580514176, -47.0, -1004.0, -24.0
37.599778304, -50.0, -998.0, -21.0
37.619042432, -47.0, -1002.0, -34.0
37.63830656, -48.0, -997.0, -43.0
37.657570688, -36.0, -997.0, -34.0
37.676834816, -29.0, -995.0, -23.0
37.696098944, -34.0, -986.0, -23.0
37.715363072, -40.0, -969.0, -31.0
37.7346272, -44.0, -989.0, -44.0
37.7538912, -49.0, -993.0, -36.0
37.773155414, -25.0, -997.0, -29.0
37.792418816, -16.0, -987.0, -27.0
37.811682176, -25.0, -986.0, -41.0
37.830945536, -50.0, -989.0, -52.0
37.850208896, -55.0, -989.0, -35.0
37.869472256, -44.0, -994.0, -35.0
37.888735744, -31.0, -997.0, -40.0
37.907999104, -36.0, -1002.0, -38.0
37.927262464, -36.0, -1002.0, -26.0
37.946525824, -35.0, -1003.0, -31.0
37.965789184, -42.0, -1002.0, -29.0
37.985052544, -35.0, -997.0, -26.0
38.004315904, -31.0, -988.0, -28.0
38.023579264, -33.0, -1004.0, -36.0
38.042842624, -19.0, -1000.0, -27.0
38.062106112, 2.0, -987.0, -32.0
38.081369472, 18.0, -988.0, -41.0
38.100632832, 43.0, -996.0, -44.0
38.119896192, 70.0, -999.0, -46.0
38.139159552, 91.0, -986.0, -42.0
38.158422912, 115.0, -960.0, -73.0
38.177686272, 125.0, -957.0, -120.0
38.196949632, 147.0, -961.0, -147.0
38.216212992, 185.0, -997.0, -145.0
38.235476352, 215.0, -1017.0, -118.0
38.25473984, 235.0, -1038.0, -97.0
38.2740032, 254.0, -1034.0, -85.0
38.29326656, 284.0, -1030.0, -61.0
38.31252992, 323.0, -1051.0, -63.0
38.33179328, 319.0, -1079.0, -75.0
38.35105664, 321.0, -1077.0, -80.0
38.37032, 324.0, -1075.0, -88.0
38.38958336, 355.0, -1081.0, -73.0
38.40884672, 399.0, -1100.0, -61.0
38.428110208, 415.0, -1112.0, -63.0
38.447373568, 408.0, -1107.0, -64.0
38.466636928, 398.0, -1110.0, -52.0
38.485900288, 399.0, -1087.0, -35.0
38.505163648, 439.0, -1067.0, -41.0
38.524427008, 473.0, -1091.0, -53.0
38.543690368, 488.0, -1087.0, -60.0
38.562953728, 499.0, -1039.0, -33.0
38.582217088, 487.0, -1024.0, -34.0
38.601480576, 506.0, -976.0, -22.0
38.620743936, 545.0, -941.0, -20.0
38.640007296, 585.0, -907.0, -31.0
38.659270656, 573.0, -885.0, -48.0
38.678534016, 601.0, -852.0, -53.0
38.697797376, 663.0, -806.0, -21.0
38.717060736, 666.0, -785.0, -20.0
38.736324096, 632.0, -728.0, -26.0
38.755587456, 616.0, -687.0, -40.0
38.774850944, 676.0, -654.0, -34.0
38.794114304, 711.0, -627.0, -42.0
38.813377664, 756.0, -604.0, -58.0
38.832641024, 755.0, -591.0, -82.0
38.851904384, 746.0, -550.0, -69.0
38.871167744, 715.0, -520.0, -61.0
38.890431104, 747.0, -487.0, -42.0
38.909694464, 792.0, -474.0, -32.0
38.928957824, 830.0, -460.0, -22.0
38.948221312, 853.0, -438.0, -10.0
38.967484672, 866.0, -417.0, -11.0
38.986748032, 863.0, -388.0, -26.0
39.006011392, 863.0, -346.0, -22.0
39.025274752, 878.0, -316.0, -40.0
39.044538112, 914.0, -298.0, -40.0
39.063801472, 928.0, -284.0, -42.0
39.083064832, 935.0, -257.0, -48.0
39.102328192, 925.0, -237.0, -46.0
39.121591552, 927.0, -219.0, -43.0
39.14085504, 928.0, -197.0, -31.0
39.1601184, 928.0, -174.0, -32.0
39.17938176, 915.0, -153.0, -29.0
39.198645082, 933.0, -140.0, -25.0
39.217909888, 946.0, -126.0, -20.0
39.237174656, 955.0, -122.0, -9.0
39.256439424, 980.0, -104.0, 8.0
39.275704192, 951.0, -91.0, -8.0
39.29496896, 925.0, -69.0, -9.0
39.314233728, 926.0, -47.0, 2.0
39.333498496, 950.0, -47.0, 12.0
39.352763264, 953.0, -37.0, 9.0
39.372028032, 950.0, -18.0, -7.0
39.3912928, 938.0, -7.0, -17.0
39.410557568, 939.0, 7.0, -12.0
39.429822208, 954.0, 24.0, -2.0
39.449086976, 955.0, 27.0, -2.0
39.468351744, 970.0, 47.0, 4.0
39.487616512, 954.0, 40.0, -8.0
39.50688128, 925.0, 46.0, 7.0
39.526146048, 916.0, 55.0, 10.0
39.545410816, 900.0, 70.0, 27.0
39.564675584, 923.0, 78.0, 19.0
39.583940352, 925.0, 77.0, 15.0
39.60320512, 948.0, 75.0, 11.0
39.622469888, 956.0, 81.0, 20.0
39.641734656, 966.0, 86.0, 24.0
39.660999424, 968.0, 110.0, 17.0
39.680264192, 964.0, 91.0, 15.0
39.69952896, 979.0, 112.0, 15.0
39.718793728, 985.0, 96.0, -14.0
39.738058496, 990.0, 86.0, -4.0
39.757323264, 1008.0, 105.0, 19.0
39.776588032, 986.0, 87.0, 7.0
39.7958528, 966.0, 89.0, 4.0
39.815117568, 969.0, 99.0, 7.0
39.834382208, 973.0, 101.0, 5.0
39.853646976, 972.0, 99.0, -11.0
39.872911744, 965.0, 107.0, -19.0
39.892176512, 977.0, 93.0, 3.0
39.91144128, 1010.0, 108.0, 5.0
39.930706048, 1004.0, 99.0, -4.0
39.949970816, 979.0, 97.0, -7.0
39.969235584, 977.0, 96.0, 18.0
39.988500352, 987.0, 95.0, 8.0
40.00776512, 991.0, 95.0, -10.0
40.027029888, 977.0, 100.0, -18.0
40.046294656, 988.0, 93.0, 8.0
40.065559424, 1001.0, 98.0, 3.0
40.084824192, 982.0, 89.0, -1.0
40.10408896, 984.0, 98.0, 11.0
40.123353728, 997.0, 95.0, -5.0
40.142618496, 982.0, 85.0, -11.0
40.161883264, 980.0, 95.0, 18.0
40.181148032, 981.0, 107.0, 14.0
40.2004128, 985.0, 102.0, -2.0
40.219677568, 995.0, 87.0, 9.0
40.238942208, 1003.0, 79.0, 8.0
40.258206976, 1005.0, 83.0, -1.0
40.277471744, 996.0, 91.0, 7.0
40.296736512, 1004.0, 88.0, 5.0
40.31600128, 998.0, 88.0, -2.0
40.335266048, 998.0, 91.0, 8.0
40.354530816, 997.0, 88.0, 20.0
40.373795584, 979.0, 88.0, 10.0
40.393060352, 994.0, 87.0, -2.0
40.41232512, 1006.0, 81.0, -2.0
40.431589888, 1013.0, 90.0, 6.0
40.450854656, 1003.0, 98.0, 3.0
40.470119424, 973.0, 96.0, 0.0
40.489384192, 984.0, 96.0, -1.0
40.50864896, 1002.0, 87.0, 8.0
40.527913728, 998.0, 77.0, 8.0
40.547178496, 989.0, 87.0, 11.0
40.566443264, 977.0, 94.0, -2.0
40.585708032, 962.0, 89.0, 7.0
40.6049728, 956.0, 99.0, 20.0
40.624237568, 965.0, 101.0, 1.0
40.643502208, 989.0, 83.0, -2.0
40.662766976, 1006.0, 81.0, 5.0
40.682031744, 1008.0, 78.0, 15.0
40.701296512, 1016.0, 78.0, 13.0
40.72056128, 1002.0, 79.0, 11.0
40.739826048, 997.0, 89.0, 12.0
40.759090816, 1006.0, 82.0, 12.0
40.778355584, 1012.0, 73.0, 6.0
40.797620352, 1011.0, 77.0, 8.0
40.81688512, 1026.0, 63.0, 18.0
40.836149888, 1026.0, 71.0, 18.0
40.855414656, 1000.0, 78.0, 4.0
40.874679424, 996.0, 86.0, 9.0
40.893944192, 1011.0, 69.0, 14.0
40.913208891, 995.0, 74.0, -1.0
40.932473728, 998.0, 74.0, 11.0
40.951738624, 993.0, 82.0, 28.0
40.971003392, 1004.0, 86.0, 21.0
40.990268288, 1003.0, 92.0, 14.0
41.009533184, 991.0, 82.0, 5.0
41.02879808, 997.0, 75.0, -17.0
41.048062848, 1008.0, 52.0, -12.0
41.067327744, 1027.0, 65.0, 3.0
41.08659264, 999.0, 61.0, 2.0
41.105857408, 960.0, 64.0, 2.0
41.125122304, 953.0, 64.0, 10.0
41.1443872, 981.0, 62.0, 6.0
41.163652096, 1006.0, 47.0, 4.0
41.182916864, 1012.0, 59.0, 8.0
41.20218176, 1005.0, 74.0, 12.0
41.221446656, 993.0, 81.0, 16.0
41.240711424, 983.0, 91.0, 22.0
41.25997632, 990.0, 80.0, 19.0
41.279241216, 999.0, 73.0, 18.0
41.298506112, 1000.0, 73.0, 12.0
41.31777088, 1003.0, 73.0, 27.0
41.337035776, 990.0, 83.0, 21.0
41.356300672, 973.0, 81.0, 10.0
41.37556544, 985.0, 72.0, 21.0
41.394830336, 996.0, 83.0, 21.0
41.414095232, 978.0, 77.0, 21.0
41.433360128, 993.0, 65.0, 28.0
41.452624896, 985.0, 82.0, 14.0
41.471889792, 976.0, 76.0, 2.0
41.491154688, 987.0, 74.0, 4.0
41.510419456, 1004.0, 77.0, 19.0
41.529684352, 1013.0, 64.0, 15.0
41.548949248, 1003.0, 69.0, 26.0
41.568214144, 986.0, 78.0, 22.0
41.587478912, 983.0, 69.0, -8.0
41.606743808, 985.0, 69.0, -2.0
41.626008704, 997.0, 63.0, 14.0
41.645273472, 1011.0, 67.0, 23.0
41.664538368, 1005.0, 61.0, 12.0
41.683803264, 991.0, 59.0, 13.0
41.70306816, 982.0, 64.0, 15.0
41.722332928, 989.0, 55.0, 15.0
41.741597824, 1003.0, 63.0, 24.0
41.76086272, 1018.0, 55.0, 15.0
41.780127616, 1008.0, 62.0, 12.0
41.799392384, 999.0, 69.0, 19.0
41.81865728, 994.0, 58.0, 19.0
41.837922176, 1004.0, 69.0, 20.0
41.857186944, 1007.0, 57.0, 16.0
41.87645184, 998.0, 56.0, 12.0
41.895716736, 982.0, 44.0, 14.0
41.914981632, 979.0, 59.0, 20.0
41.9342464, 988.0, 60.0, 14.0
41.953511296, 978.0, 60.0, 10.0
41.972776192, 972.0, 60.0, 19.0
41.99204096, 980.0, 54.0, 18.0
42.011305856, 989.0, 43.0, 14.0
42.030570752, 996.0, 57.0, 12.0
42.049835648, 996.0, 45.0, 14.0
42.069100416, 988.0, 52.0, 14.0
42.088365312, 991.0, 52.0, 11.0
42.107630208, 984.0, 44.0, -3.0
42.126894976, 985.0, 36.0, 13.0
42.146159872, 987.0, 36.0, 3.0
42.165424768, 973.0, 44.0, 2.0
42.184689664, 983.0, 40.0, -3.0
42.203954432, 983.0, 32.0, -6.0
42.223219328, 993.0, 20.0, -6.0
42.242484224, 986.0, 18.0, -4.0
42.261748992, 977.0, 14.0, 1.0
42.281013888, 965.0, 15.0, 4.0
42.300278784, 972.0, 14.0, -19.0
42.31954368, 981.0, 2.0, -5.0
42.338808448, 1017.0, 5.0, 10.0
42.358073344, 1030.0, 7.0, 11.0
42.37733824, 1027.0, 16.0, 4.0
42.396603008, 1028.0, 7.0, 14.0
42.415867904, 1037.0, 12.0, 8.0
42.4351328, 1037.0, 10.0, 6.0
42.454397696, 1042.0, -3.0, 14.0
42.473662464, 1032.0, -5.0, 30.0
42.492927383, 999.0, 12.0, 10.0
42.512191872, 978.0, 3.0, 1.0
42.531456384, 975.0, 2.0, 8.0
42.550720896, 999.0, -11.0, 12.0
42.56998528, 1001.0, -4.0, 9.0
42.589249792, 988.0, -10.0, 1.0
42.608514304, 984.0, -17.0, -6.0
42.627778816, 991.0, -3.0, 10.0
42.647043328, 1004.0, -3.0, 6.0
42.666307712, 994.0, -1.0, 8.0
42.685572224, 1008.0, -7.0, 5.0
42.704836736, 994.0, 0.0, -10.0
42.724101248, 997.0, -22.0, -3.0
42.74336576, 995.0, -24.0, -7.0
42.762630272, 982.0, -29.0, -6.0
42.781894656, 956.0, -16.0, -10.0
42.801159168, 927.0, -30.0, 1.0
42.82042368, 932.0, -28.0, 8.0
42.839688192, 941.0, -32.0, 10.0
42.858952704, 936.0, -43.0, -4.0
42.878217088, 925.0, -49.0, 2.0
42.8974816, 944.0, -37.0, 8.0
42.916746112, 954.0, -32.0, -8.0
42.936010624, 942.0, -54.0, -24.0
42.955275136, 924.0, -62.0, -1.0
42.97453952, 905.0, -78.0, 13.0
42.993804032, 910.0, -98.0, -6.0
43.013068544, 909.0, -59.0, -42.0
43.032333056, 899.0, -99.0, -62.0
43.051597568, 903.0, -121.0, -39.0
43.070861952, 897.0, -215.0, -4.0
43.090126464, 990.0, -293.0, 13.0
43.109390976, 927.0, -282.0, -114.0
43.128655488, 791.0, -357.0, -160.0
43.14792, 668.0, -362.0, -132.0
43.167184384, 769.0, -303.0, -103.0
43.186448896, 940.0, -219.0, -139.0
43.205713408, 920.0, -260.0, -221.0
43.22497792, 875.0, -339.0, -172.0
43.244242432, 1000.0, -371.0, -56.0
43.263506944, 1085.0, -260.0, -13.0
43.282771328, 1041.0, -222.0, -63.0
43.30203584, 926.0, -341.0, -85.0
43.321300352, 939.0, -287.0, -55.0
43.340564864, 1029.0, -196.0, -107.0
43.359829376, 1093.0, -213.0, -145.0
43.37909376, 1125.0, -231.0, -108.0
43.398358272, 1150.0, -274.0, -89.0
43.417622784, 1107.0, -319.0, -99.0
43.436887296, 1092.0, -381.0, -58.0
43.456151808, 1041.0, -416.0, -6.0
43.475416192, 956.0, -523.0, -12.0
43.494680704, 861.0, -666.0, -89.0
43.513945216, 822.0, -718.0, -1.0
43.533209728, 826.0, -693.0, -21.0
43.55247424, 791.0, -696.0, -85.0
43.571738624, 719.0, -696.0, -151.0
43.591003136, 718.0, -680.0, -228.0
43.610267648, 878.0, -637.0, -235.0
43.62953216, 1067.0, -615.0, -206.0
43.648796672, 1161.0, -533.0, -258.0
43.668061056, 1054.0, -427.0, -277.0
43.687325568, 933.0, -294.0, -390.0
43.70659008, 1005.0, -315.0, -403.0
43.725854592, 1025.0, -263.0, -384.0
43.745119068, 915.0, -216.0, -383.0
43.764383872, 1027.0, -114.0, -284.0
43.78364864, 1164.0, -13.0, -338.0
43.802913408, 997.0, -56.0, -518.0
43.822178176, 894.0, -118.0, -493.0
43.841442816, 931.0, -137.0, -451.0
43.860707584, 983.0, -107.0, -401.0
43.879972352, 1047.0, 17.0, -464.0
43.89923712, 1042.0, 11.0, -460.0
43.918501888, 1110.0, 14.0, -484.0
43.937766656, 1046.0, -25.0, -554.0
43.957031424, 936.0, -97.0, -480.0
43.976296192, 915.0, -13.0, -414.0
43.995560832, 833.0, -14.0, -358.0
44.0148256, 901.0, 44.0, -308.0
44.034090368, 855.0, 52.0, -320.0
44.053355136, 878.0, 160.0, -358.0
44.072619904, 805.0, 80.0, -278.0
44.091884672, 840.0, 153.0, -222.0
44.11114944, 881.0, 281.0, -173.0
44.13041408, 838.0, 205.0, -207.0
44.149678848, 850.0, 179.0, -167.0
44.168943616, 778.0, 175.0, -184.0
44.188208384, 837.0, 259.0, -187.0
44.207473152, 786.0, 220.0, -215.0
44.22673792, 830.0, 188.0, -240.0
44.246002688, 858.0, 160.0, -274.0
44.265267328, 864.0, 115.0, -307.0
44.284532096, 818.0, 156.0, -316.0
44.303796864, 825.0, 142.0, -344.0
44.323061632, 927.0, 158.0, -362.0
44.3423264, 900.0, 65.0, -408.0
44.361591168, 869.0, 87.0, -402.0
44.380855936, 868.0, 128.0, -505.0
44.400120704, 1048.0, 212.0, -522.0
44.419385344, 943.0, 197.0, -572.0
44.438650112, 1011.0, 138.0, -589.0
44.45791488, 1117.0, 44.0, -531.0
44.477179648, 926.0, 10.0, -423.0
44.496444416, 965.0, 129.0, -456.0
44.515709184, 1013.0, 223.0, -536.0
44.534973952, 1157.0, 245.0, -521.0
44.554238592, 1377.0, 74.0, -450.0
44.57350336, 1394.0, -179.0, -480.0
44.592768128, 1270.0, -319.0, -525.0
44.612032896, 1091.0, -381.0, -600.0
44.631297664, 984.0, -418.0, -595.0
44.650562432, 899.0, -475.0, -512.0
44.6698272, 817.0, -538.0, -444.0
44.68909184, 851.0, -660.0, -409.0
44.708356608, 917.0, -723.0, -302.0
44.727621376, 791.0, -690.0, -224.0
44.746886144, 591.0, -685.0, -234.0
44.766150912, 516.0, -709.0, -212.0
44.78541568, 626.0, -627.0, -135.0
44.804680448, 713.0, -632.0, -116.0
44.823945216, 729.0, -642.0, -66.0
44.843209856, 750.0, -622.0, 2.0
44.862474602, 819.0, -619.0, 25.0
44.881739904, 828.0, -600.0, -16.0
44.901005184, 712.0, -545.0, -74.0
44.920270464, 647.0, -508.0, -36.0
44.939535616, 670.0, -516.0, -42.0
44.958800896, 705.0, -532.0, -56.0
44.978066176, 700.0, -534.0, -82.0
44.997331456, 690.0, -535.0, -100.0
45.016596608, 696.0, -543.0, -48.0
45.035861888, 752.0, -566.0, -30.0
45.055127168, 753.0, -586.0, -22.0
45.074392448, 754.0, -621.0, -9.0
45.0936576, 779.0, -608.0, -13.0
45.11292288, 770.0, -666.0, -126.0
45.13218816, 754.0, -701.0, -45.0
45.15145344, 692.0, -756.0, -73.0
45.17071872, 590.0, -660.0, -155.0
45.189983872, 512.0, -568.0, -284.0
45.209249152, 592.0, -491.0, -319.0
45.228514432, 696.0, -528.0, -295.0
45.247779712, 877.0, -652.0, -280.0
45.267044864, 1086.0, -603.0, -297.0
45.286310144, 1223.0, -500.0, -384.0
45.305575424, 1300.0, -384.0, -419.0
45.324840704, 1268.0, -267.0, -448.0
45.344105856, 1158.0, -176.0, -525.0
45.363371136, 1030.0, -66.0, -559.0
45.382636416, 1011.0, 106.0, -539.0
45.401901696, 1084.0, 297.0, -590.0
45.421166976, 1080.0, 209.0, -702.0
45.440432128, 980.0, 39.0, -704.0
45.459697408, 1021.0, 80.0, -677.0
45.478962688, 1018.0, 123.0, -730.0
45.498227968, 794.0, 24.0, -735.0
45.51749312, 835.0, 125.0, -664.0
45.5367584, 873.0, 136.0, -689.0
45.55602368, 839.0, 157.0, -598.0
45.57528896, 854.0, 218.0, -608.0
45.594554112, 820.0, 166.0, -550.0
45.613819392, 788.0, 195.0, -457.0
45.633084672, 793.0, 216.0, -430.0
45.652349952, 842.0, 324.0, -414.0
45.671615232, 780.0, 198.0, -345.0
45.690880384, 772.0, 217.0, -255.0
45.710145664, 749.0, 259.0, -221.0
45.729410944, 799.0, 320.0, -210.0
45.748676224, 800.0, 291.0, -194.0
45.767941376, 752.0, 291.0, -241.0
45.787206656, 789.0, 299.0, -279.0
45.806471936, 840.0, 324.0, -314.0
45.825737216, 858.0, 255.0, -368.0
45.845002368, 816.0, 203.0, -409.0
45.864267648, 828.0, 238.0, -452.0
45.883532928, 814.0, 263.0, -478.0
45.902798208, 836.0, 312.0, -541.0
45.922063488, 892.0, 268.0, -608.0
45.94132864, 852.0, 218.0, -621.0
45.96059392, 876.0, 200.0, -580.0
45.9798592, 952.0, 240.0, -576.0
45.99912448, 970.0, 277.0, -607.0
46.01838963, 988.0, 299.0, -627.0
46.037653888, 979.0, 321.0, -613.0
46.056918144, 914.0, 248.0, -604.0
46.076182528, 975.0, 207.0, -570.0
46.095446784, 1082.0, 128.0, -559.0
46.11471104, 1092.0, 69.0, -594.0
46.133975424, 1063.0, -18.0, -662.0
46.15323968, 1102.0, -89.0, -695.0
46.172503936, 1092.0, -258.0, -715.0
46.19176832, 1039.0, -523.0, -587.0
46.211032576, 903.0, -526.0, -515.0
46.230296832, 908.0, -474.0, -545.0
46.249561216, 895.0, -499.0, -555.0
46.268825472, 829.0, -693.0, -492.0
46.288089728, 821.0, -725.0, -322.0
46.307354112, 792.0, -726.0, -294.0
46.326618368, 758.0, -755.0, -258.0
46.345882752, 677.0, -807.0, -221.0
46.365147008, 633.0, -781.0, -179.0
46.384411264, 682.0, -724.0, -102.0
46.403675648, 738.0, -666.0, -56.0
46.422939904, 753.0, -602.0, -29.0
46.44220416, 766.0, -533.0, -34.0
46.461468544, 737.0, -502.0, -26.0
46.4807328, 689.0, -507.0, -20.0
46.499997056, 693.0, -453.0, -75.0
46.51926144, 734.0, -427.0, -94.0
46.538525696, 750.0, -430.0, -19.0
46.557789952, 696.0, -437.0, -11.0
46.577054336, 646.0, -462.0, -7.0
46.596318592, 634.0, -468.0, 2.0
46.615582848, 664.0, -522.0, 33.0
46.634847232, 724.0, -563.0, 106.0
46.654111488, 762.0, -639.0, 122.0
46.673375744, 748.0, -721.0, 98.0
46.692640128, 686.0, -766.0, 89.0
46.711904384, 700.0, -667.0, -46.0
46.73116864, 596.0, -604.0, -216.0
46.750433024, 565.0, -593.0, -253.0
46.76969728, 654.0, -609.0, -353.0
46.788961536, 849.0, -504.0, -397.0
46.80822592, 1000.0, -423.0, -491.0
46.827490176, 1060.0, -431.0, -534.0
46.846754432, 1084.0, -382.0, -470.0
46.866018816, 1196.0, -250.0, -372.0
46.885283072, 1201.0, -191.0, -353.0
46.904547456, 1192.0, -178.0, -343.0
46.923811712, 1238.0, -50.0, -353.0
46.943075968, 1206.0, 1.0, -439.0
46.962340352, 1130.0, 51.0, -549.0
46.981604608, 786.0, -67.0, -636.0
47.000868864, 974.0, -122.0, -417.0
47.020133248, 1275.0, 45.0, -472.0
47.039397504, 1142.0, 187.0, -584.0
47.05866176, 821.0, 30.0, -562.0
47.077926144, 865.0, 84.0, -422.0
47.0971904, 1066.0, 293.0, -551.0
47.116454737, 790.0, 22.0, -483.0
47.135718144, 913.0, 149.0, -502.0
47.154981504, 880.0, 149.0, -497.0
47.174244864, 870.0, 131.0, -575.0
47.193508224, 817.0, 54.0, -525.0
47.212771584, 825.0, 92.0, -445.0
47.232034944, 912.0, 259.0, -450.0
47.251298304, 834.0, 154.0, -424.0
47.270561664, 824.0, 153.0, -369.0
47.289825024, 799.0, 183.0, -334.0
47.309088384, 824.0, 261.0, -296.0
47.328351744, 819.0, 287.0, -247.0
47.347615104, 760.0, 252.0, -258.0
47.366878464, 772.0, 261.0, -264.0
47.386141824, 799.0, 296.0, -333.0
47.405405184, 805.0, 291.0, -363.0
47.424668544, 821.0, 294.0, -393.0
47.443931904, 799.0, 273.0, -386.0
47.463195264, 827.0, 296.0, -396.0
47.482458496, 860.0, 307.0, -430.0
47.501721856, 865.0, 295.0, -511.0
47.520985216, 844.0, 298.0, -515.0
47.540248576, 910.0, 360.0, -563.0
47.559511936, 895.0, 293.0, -621.0
47.578775296, 938.0, 223.0, -511.0
47.598038656, 899.0, 141.0, -470.0
47.617302016, 1058.0, 290.0, -555.0
47.636565376, 1051.0, 229.0, -621.0
47.655828736, 1068.0, 134.0, -571.0
47.675092096, 1170.0, 44.0, -525.0
47.694355456, 1105.0, -48.0, -556.0
47.713618816, 1043.0, -148.0, -588.0
47.732882176, 1068.0, -126.0, -598.0
47.752145536, 1050.0, -514.0, -560.0
47.771408896, 1034.0, -498.0, -458.0
47.790672256, 931.0, -525.0, -493.0
47.809935616, 887.0, -557.0, -408.0
47.829198976, 862.0, -611.0, -338.0
47.848462336, 904.0, -823.0, -286.0
47.867725696, 847.0, -779.0, -191.0
47.886989056, 775.0, -777.0, -128.0
47.906252416, 743.0, -659.0, -165.0
47.925515776, 683.0, -578.0, -216.0
47.944779136, 665.0, -556.0, -194.0
47.964042496, 626.0, -578.0, -125.0
47.983305856, 693.0, -588.0, -104.0
48.002569216, 822.0, -557.0, -121.0
48.021832576, 845.0, -582.0, -69.0
48.041095936, 779.0, -591.0, 32.0
48.060359296, 718.0, -573.0, 3.0
48.079622656, 679.0, -543.0, -10.0
48.098886016, 643.0, -486.0, 11.0
48.118149376, 584.0, -471.0, 18.0
48.137412608, 625.0, -469.0, 57.0
48.156675968, 698.0, -491.0, 105.0
48.175939328, 695.0, -537.0, 141.0
48.195202688, 700.0, -594.0, 146.0
48.214466048, 722.0, -651.0, 135.0
48.233729399, 715.0, -695.0, 66.0
48.252991616, 709.0, -746.0, 13.0
48.272253824, 727.0, -719.0, -19.0
48.291516032, 741.0, -642.0, -116.0
48.31077824, 667.0, -565.0, -179.0
48.330040448, 615.0, -538.0, -274.0
48.349302656, 652.0, -531.0, -349.0
48.368564864, 837.0, -619.0, -323.0
48.387826944, 974.0, -553.0, -351.0
48.407089152, 1106.0, -441.0, -403.0
48.42635136, 1073.0, -331.0, -469.0
48.445613568, 1078.0, -285.0, -399.0
48.464875776, 1144.0, -236.0, -290.0
48.484137984, 1130.0, -174.0, -293.0
48.503400192, 1031.0, -101.0, -336.0
48.5226624, 1037.0, -50.0, -424.0
48.541924608, 1129.0, 46.0, -434.0
48.561186816, 1112.0, 16.0, -525.0
48.580449024, 986.0, -71.0, -531.0
48.599711232, 1068.0, -47.0, -453.0
48.61897344, 1076.0, -54.0, -625.0
48.638235648, 946.0, -69.0, -688.0
48.657497728, 957.0, -87.0, -601.0
48.676759936, 977.0, -14.0, -604.0
48.696022144, 935.0, 43.0, -541.0
48.715284352, 794.0, 60.0, -461.0
48.73454656, 820.0, 119.0, -550.0
48.753808768, 794.0, 95.0, -489.0
48.773070976, 882.0, 147.0, -443.0
48.792333184, 884.0, 131.0, -416.0
48.811595392, 784.0, 17.0, -430.0
48.8308576, 808.0, 47.0, -500.0
48.850119808, 836.0, 133.0, -496.0
48.869382016, 830.0, 154.0, -372.0
48.888644224, 800.0, 207.0, -309.0
48.907906432, 792.0, 221.0, -298.0
48.927168512, 810.0, 266.0, -302.0
48.94643072, 791.0, 317.0, -321.0
48.965692928, 816.0, 326.0, -326.0
48.984955136, 835.0, 287.0, -348.0
49.004217344, 845.0, 261.0, -371.0
49.023479552, 859.0, 280.0, -396.0
49.04274176, 851.0, 282.0, -409.0
49.062003968, 890.0, 303.0, -457.0
49.081266176, 853.0, 280.0, -495.0
49.100528384, 902.0, 326.0, -507.0
49.119790592, 886.0, 325.0, -524.0
49.1390528, 820.0, 294.0, -543.0
49.158315008, 848.0, 256.0, -540.0
49.177577216, 914.0, 197.0, -556.0
49.196839296, 943.0, 178.0, -535.0
49.216101504, 1084.0, 271.0, -534.0
49.235363712, 1029.0, 167.0, -589.0
49.25462592, 991.0, 130.0, -576.0
49.273888128, 976.0, -44.0, -635.0
49.293150336, 1095.0, -152.0, -639.0
49.312412544, 1053.0, -287.0, -616.0
49.331674752, 1014.0, -285.0, -592.0
49.350936923, 1048.0, -283.0, -667.0
49.370200704, 1048.0, -414.0, -638.0
49.389464448, 1013.0, -525.0, -519.0
49.408728192, 963.0, -439.0, -457.0
49.427991936, 867.0, -470.0, -508.0
49.44725568, 800.0, -543.0, -443.0
49.466519424, 835.0, -602.0, -348.0
49.485783168, 827.0, -620.0, -278.0
49.505046912, 801.0, -625.0, -248.0
49.524310656, 779.0, -573.0, -257.0
49.5435744, 723.0, -557.0, -236.0
49.562838144, 663.0, -603.0, -169.0
49.582102016, 680.0, -603.0, -158.0
49.60136576, 723.0, -585.0, -184.0
49.620629504, 783.0, -558.0, -135.0
49.639893248, 771.0, -486.0, -59.0
49.659156992, 655.0, -492.0, -38.0
49.678420736, 599.0, -522.0, 7.0
49.69768448, 613.0, -506.0, 114.0
49.716948224, 606.0, -494.0, 118.0
49.736211968, 617.0, -516.0, 129.0
49.755475712, 664.0, -515.0, 118.0
49.774739456, 693.0, -557.0, 85.0
49.7940032, 706.0, -643.0, 74.0
49.813266944, 710.0, -678.0, 54.0
49.832530688, 729.0, -740.0, 35.0
49.851794432, 741.0, -764.0, 7.0
49.871058176, 631.0, -635.0, -214.0
49.89032192, 537.0, -605.0, -465.0
49.909585664, 661.0, -620.0, -429.0
49.928849408, 917.0, -632.0, -270.0
49.948113152, 1018.0, -559.0, -251.0
49.967376896, 1008.0, -465.0, -456.0
49.98664064, 996.0, -389.0, -582.0
50.005904512, 1029.0, -296.0, -495.0
50.025168256, 1067.0, -171.0, -482.0
50.044432, 1170.0, -86.0, -459.0
50.063695744, 1222.0, 4.0, -378.0
50.082959488, 1094.0, 25.0, -481.0
50.102223232, 1074.0, 80.0, -543.0
50.121486976, 1024.0, 190.0, -643.0
50.14075072, 948.0, 137.0, -643.0
50.160014464, 988.0, -40.0, -468.0
50.179278208, 1013.0, 16.0, -408.0
50.198541952, 978.0, 88.0, -527.0
50.217805696, 839.0, 38.0, -565.0
50.23706944, 854.0, 181.0, -603.0
50.256333184, 896.0, 174.0, -611.0
50.275596928, 900.0, 138.0, -531.0
50.294860672, 822.0, 76.0, -540.0
50.314124416, 781.0, 109.0, -571.0
50.33338816, 829.0, 223.0, -635.0
50.352651904, 841.0, 213.0, -539.0
50.371915648, 850.0, 150.0, -408.0
50.391179392, 807.0, 185.0, -319.0
50.410443264, 840.0, 309.0, -323.0
50.429707008, 828.0, 264.0, -373.0
50.448970752, 843.0, 259.0, -367.0
50.468234496, 832.0, 312.0, -269.0
50.48749824, 810.0, 349.0, -279.0
50.506761921, 793.0, 344.0, -316.0
50.526024576, 810.0, 301.0, -417.0
50.545287168, 809.0, 238.0, -468.0
50.564549632, 848.0, 245.0, -457.0
50.583812224, 819.0, 261.0, -408.0
50.603074688, 815.0, 313.0, -404.0
50.62233728, 923.0, 327.0, -514.0
50.641599872, 811.0, 214.0, -588.0
50.660862336, 879.0, 221.0, -572.0
50.680124928, 927.0, 284.0, -557.0
50.699387392, 953.0, 322.0, -552.0
50.718649984, 992.0, 344.0, -633.0
50.737912576, 888.0, 231.0, -701.0
50.75717504, 884.0, 200.0, -606.0
50.776437632, 974.0, 241.0, -623.0
50.795700096, 1047.0, 224.0, -628.0
50.814962688, 1090.0, 183.0, -679.0
50.83422528, 1053.0, 37.0, -698.0
50.853487744, 1035.0, -62.0, -679.0
50.872750336, 1103.0, -200.0, -626.0
50.8920128, 1165.0, -290.0, -590.0
50.911275392, 1043.0, -492.0, -618.0
50.930537984, 965.0, -432.0, -619.0
50.949800448, 970.0, -472.0, -564.0
50.96906304, 941.0, -494.0, -445.0
50.988325504, 947.0, -547.0, -358.0
51.007588096, 924.0, -684.0, -325.0
51.026850688, 843.0, -656.0, -251.0
51.046113152, 746.0, -696.0, -226.0
51.065375744, 635.0, -699.0, -236.0
51.084638208, 523.0, -684.0, -197.0
51.1039008, 582.0, -683.0, -112.0
51.123163392, 686.0, -641.0, -46.0
51.142425856, 679.0, -613.0, -2.0
51.161688448, 675.0, -663.0, 81.0
51.180950912, 714.0, -643.0, 126.0
51.200213504, 635.0, -618.0, 181.0
51.219476096, 550.0, -587.0, 212.0
51.23873856, 502.0, -592.0, 190.0
51.258001152, 532.0, -588.0, 190.0
51.277263616, 605.0, -597.0, 197.0
51.296526208, 669.0, -647.0, 208.0
51.3157888, 695.0, -732.0, 209.0
51.335051264, 686.0, -728.0, 104.0
51.354313856, 678.0, -700.0, -18.0
51.37357632, 663.0, -680.0, -107.0
51.392838912, 624.0, -692.0, -276.0
51.412101504, 718.0, -609.0, -353.0
51.431363968, 890.0, -463.0, -315.0
51.45062656, 1031.0, -377.0, -359.0
51.469889024, 1124.0, -318.0, -390.0
51.489151616, 1147.0, -270.0, -469.0
51.508414208, 1068.0, -168.0, -436.0
51.527676672, 1016.0, -59.0, -439.0
51.546939264, 989.0, 96.0, -435.0
51.566201728, 1001.0, 259.0, -486.0
51.58546432, 928.0, 395.0, -496.0
51.604726912, 915.0, 382.0, -542.0
51.623989281, 882.0, 257.0, -470.0
51.643253248, 912.0, 240.0, -422.0
51.662517248, 931.0, 345.0, -596.0
51.681781248, 899.0, 379.0, -689.0
51.701045248, 812.0, 298.0, -608.0
51.720309248, 823.0, 241.0, -523.0
51.739573248, 804.0, 361.0, -626.0
51.758837248, 757.0, 333.0, -593.0
51.778101248, 810.0, 366.0, -666.0
51.797365248, 815.0, 375.0, -687.0
51.816629248, 816.0, 358.0, -576.0
51.835893248, 851.0, 369.0, -534.0
51.855157248, 840.0, 353.0, -492.0
51.874421248, 887.0, 409.0, -481.0
51.893685248, 914.0, 399.0, -498.0
51.912949248, 906.0, 413.0, -519.0
51.932213376, 882.0, 394.0, -532.0
51.951477376, 932.0, 410.0, -495.0
51.970741376, 850.0, 383.0, -490.0
51.990005376, 827.0, 406.0, -497.0
52.009269376, 767.0, 398.0, -556.0
52.028533376, 771.0, 398.0, -580.0
52.047797376, 740.0, 358.0, -582.0
52.067061376, 779.0, 380.0, -562.0
52.086325376, 869.0, 447.0, -582.0
52.105589376, 853.0, 431.0, -630.0
52.124853376, 890.0, 353.0, -678.0
52.144117376, 801.0, 255.0, -728.0
52.163381376, 803.0, 296.0, -664.0
52.182645376, 848.0, 270.0, -678.0
52.201909376, 849.0, 286.0, -692.0
52.221173376, 915.0, 269.0, -749.0
52.240437376, 976.0, 221.0, -815.0
52.259701376, 985.0, 118.0, -821.0
52.278965376, 929.0, 4.0, -808.0
52.298229376, 860.0, -100.0, -822.0
52.317493376, 872.0, -169.0, -848.0
52.336757376, 871.0, -252.0, -807.0
52.356021376, 860.0, -338.0, -725.0
52.375285376, 822.0, -331.0, -709.0
52.394549376, 785.0, -288.0, -688.0
52.413813376, 760.0, -348.0, -668.0
52.433077376, 783.0, -498.0, -582.0
52.452341376, 729.0, -562.0, -451.0
52.471605376, 649.0, -640.0, -366.0
52.490869376, 584.0, -694.0, -330.0
52.510133504, 518.0, -737.0, -268.0
52.529397504, 545.0, -730.0, -90.0
52.548661504, 682.0, -673.0, -4.0
52.567925504, 844.0, -603.0, -12.0
52.587189504, 879.0, -555.0, 28.0
52.606453504, 899.0, -520.0, 49.0
52.625717504, 789.0, -451.0, -29.0
52.644981504, 746.0, -481.0, 25.0
52.664245504, 776.0, -515.0, 104.0
52.683509504, 787.0, -491.0, 146.0
52.702773504, 818.0, -553.0, 212.0
52.722037504, 807.0, -610.0, 301.0
52.741301504, 717.0, -684.0, 263.0
52.760565504, 611.0, -700.0, 126.0
52.779829539, 573.0, -709.0, 13.0
52.7990944, 535.0, -636.0, -94.0
52.818359296, 572.0, -452.0, -300.0
52.83762432, 687.0, -341.0, -458.0
52.856889216, 805.0, -303.0, -481.0
52.876154112, 874.0, -296.0, -402.0
52.895419136, 1003.0, -319.0, -338.0
52.914684032, 1001.0, -213.0, -325.0
52.933949056, 906.0, -91.0, -390.0
52.953213952, 860.0, 46.0, -461.0
52.972478848, 914.0, 138.0, -537.0
52.991743872, 922.0, 187.0, -499.0
53.011008768, 884.0, 224.0, -435.0
53.030273664, 872.0, 337.0, -441.0
53.049538688, 836.0, 297.0, -497.0
53.068803584, 925.0, 357.0, -560.0
53.08806848, 942.0, 379.0, -597.0
53.107333504, 845.0, 286.0, -617.0
53.1265984, 841.0, 264.0, -535.0
53.145863424, 900.0, 320.0, -643.0
53.16512832, 806.0, 274.0, -692.0
53.184393216, 990.0, 333.0, -776.0
53.20365824, 934.0, 322.0, -885.0
53.222923136, 814.0, 68.0, -784.0
53.242188032, 836.0, 272.0, -771.0
53.261453056, 843.0, 338.0, -740.0
53.280717952, 854.0, 277.0, -670.0
53.299982848, 863.0, 398.0, -628.0
53.319247872, 778.0, 369.0, -576.0
53.338512768, 766.0, 407.0, -551.0
53.357777792, 808.0, 372.0, -543.0
53.377042688, 803.0, 331.0, -524.0
53.396307584, 800.0, 334.0, -531.0
53.415572608, 777.0, 292.0, -533.0
53.434837504, 849.0, 341.0, -541.0
53.4541024, 791.0, 301.0, -512.0
53.473367424, 781.0, 295.0, -525.0
53.49263232, 821.0, 360.0, -546.0
53.511897216, 796.0, 313.0, -585.0
53.53116224, 800.0, 264.0, -575.0
53.550427136, 796.0, 301.0, -560.0
53.56969216, 782.0, 330.0, -497.0
53.588957056, 863.0, 381.0, -544.0
53.608221952, 891.0, 362.0, -648.0
53.627486976, 825.0, 285.0, -665.0
53.646751872, 816.0, 246.0, -609.0
53.666016768, 908.0, 354.0, -498.0
53.685281792, 894.0, 358.0, -609.0
53.704546688, 926.0, 434.0, -651.0
53.723811584, 911.0, 251.0, -711.0
53.743076608, 1014.0, 174.0, -749.0
53.762341504, 921.0, 218.0, -716.0
53.781606528, 869.0, 16.0, -671.0
53.800871424, 880.0, -51.0, -714.0
53.82013632, 891.0, -50.0, -788.0
53.839401344, 914.0, -142.0, -776.0
53.85866624, 992.0, -240.0, -685.0
53.87793126, 999.0, -389.0, -623.0
53.897195392, 907.0, -387.0, -603.0
53.91645952, 773.0, -402.0, -582.0
53.935723648, 729.0, -436.0, -531.0
53.954987776, 739.0, -486.0, -448.0
53.974251904, 779.0, -581.0, -377.0
53.993516032, 772.0, -719.0, -325.0
54.012780288, 726.0, -801.0, -231.0
54.032044416, 693.0, -832.0, -123.0
54.051308544, 660.0, -800.0, -38.0
54.070572672, 672.0, -735.0, 48.0
54.0898368, 714.0, -669.0, 134.0
54.109100928, 751.0, -639.0, 144.0
54.128365056, 654.0, -601.0, 110.0
54.147629184, 640.0, -576.0, 121.0
54.166893312, 687.0, -540.0, 107.0
54.18615744, 720.0, -588.0, 166.0
54.205421568, 749.0, -579.0, 187.0
54.224685824, 749.0, -615.0, 125.0
54.243949952, 662.0, -635.0, -48.0
54.26321408, 625.0, -623.0, -132.0
54.282478208, 730.0, -576.0, -109.0
54.301742336, 800.0, -528.0, -119.0
54.321006464, 774.0, -489.0, -212.0
54.340270592, 766.0, -453.0, -339.0
54.35953472, 798.0, -405.0, -375.0
54.378798848, 868.0, -361.0, -364.0
54.398062976, 937.0, -311.0, -342.0
54.417327104, 971.0, -299.0, -348.0
54.43659136, 1012.0, -247.0, -366.0
54.455855488, 985.0, -150.0, -432.0
54.475119616, 920.0, -2.0, -450.0
54.494383744, 929.0, 145.0, -447.0
54.513647872, 939.0, 268.0, -440.0
54.532912, 955.0, 332.0, -438.0
54.552176128, 869.0, 229.0, -465.0
54.571440256, 852.0, 195.0, -448.0
54.590704384, 1005.0, 306.0, -525.0
54.609968512, 1104.0, 439.0, -726.0
54.62923264, 948.0, 331.0, -791.0
54.648496768, 585.0, -22.0, -417.0
54.667761024, 713.0, 242.0, -595.0
54.687025152, 763.0, 384.0, -671.0
54.70628928, 874.0, 391.0, -716.0
54.725553408, 769.0, 269.0, -753.0
54.744817536, 786.0, 247.0, -698.0
54.764081664, 843.0, 386.0, -785.0
54.783345792, 775.0, 227.0, -749.0
54.80260992, 886.0, 305.0, -746.0
54.821874048, 793.0, 261.0, -647.0
54.841138176, 839.0, 376.0, -636.0
54.860402304, 739.0, 376.0, -606.0
54.87966656, 758.0, 350.0, -602.0
54.898930688, 790.0, 428.0, -551.0
54.918194816, 770.0, 440.0, -525.0
54.937458944, 780.0, 404.0, -540.0
54.956723072, 798.0, 391.0, -529.0
54.975987209, 806.0, 425.0, -522.0
54.995250048, 800.0, 404.0, -543.0
55.014512896, 831.0, 350.0, -572.0
55.033775616, 872.0, 353.0, -550.0
55.053038464, 848.0, 368.0, -557.0
55.072301312, 792.0, 351.0, -580.0
55.09156416, 817.0, 400.0, -635.0
55.11082688, 786.0, 387.0, -671.0
55.130089728, 892.0, 417.0, -733.0
55.149352576, 812.0, 295.0, -708.0
55.168615424, 892.0, 391.0, -659.0
55.187878144, 868.0, 388.0, -774.0
55.207140992, 862.0, 349.0, -733.0
55.22640384, 893.0, 316.0, -762.0
55.245666688, 869.0, 272.0, -765.0
55.264929408, 929.0, 253.0, -770.0
55.284192256, 958.0, 160.0, -837.0
55.303455104, 953.0, 25.0, -836.0
55.322717824, 948.0, -100.0, -789.0
55.341980672, 938.0, -222.0, -748.0
55.36124352, 880.0, -325.0, -748.0
55.380506368, 789.0, -397.0, -708.0
55.399769088, 751.0, -364.0, -641.0
55.419031936, 763.0, -406.0, -553.0
55.438294784, 783.0, -501.0, -475.0
55.457557632, 778.0, -566.0, -357.0
55.476820352, 747.0, -623.0, -279.0
55.4960832, 735.0, -666.0, -246.0
55.515346048, 707.0, -716.0, -159.0
55.534608896, 620.0, -687.0, -64.0
55.553871616, 593.0, -634.0, -10.0
55.573134464, 658.0, -579.0, 48.0
55.592397312, 763.0, -579.0, 128.0
55.611660032, 764.0, -605.0, 179.0
55.63092288, 726.0, -607.0, 140.0
55.650185728, 710.0, -560.0, 64.0
55.669448576, 733.0, -491.0, 86.0
55.688711296, 718.0, -483.0, 61.0
55.707974144, 712.0, -507.0, 39.0
55.727236992, 701.0, -484.0, 18.0
55.74649984, 710.0, -531.0, 107.0
55.76576256, 738.0, -540.0, 181.0
55.785025408, 772.0, -565.0, 254.0
55.804288256, 796.0, -616.0, 282.0
55.823551104, 787.0, -732.0, 211.0
55.842813824, 749.0, -809.0, 126.0
55.862076672, 708.0, -841.0, 107.0
55.88133952, 724.0, -797.0, 50.0
55.900602368, 647.0, -725.0, -47.0
55.919865088, 592.0, -684.0, -288.0
55.939127936, 609.0, -637.0, -396.0
55.958390784, 869.0, -549.0, -312.0
55.977653504, 1130.0, -473.0, -336.0
55.996916352, 1199.0, -424.0, -375.0
56.0161792, 1234.0, -295.0, -391.0
56.035442048, 1204.0, -138.0, -480.0
56.054704768, 992.0, -108.0, -412.0
56.073967616, 924.0, -34.0, -326.0
56.093230464, 961.0, 179.0, -371.0
56.112493312, 906.0, 124.0, -493.0
56.131756032, 938.0, 107.0, -484.0
56.15101888, 1022.0, 172.0, -490.0
56.170281675, 943.0, 171.0, -512.0
56.189545344, 864.0, 63.0, -441.0
56.20880896, 783.0, 117.0, -459.0
56.228072448, 826.0, 254.0, -624.0
56.247336064, 838.0, 177.0, -635.0
56.266599552, 887.0, 302.0, -650.0
56.285863168, 874.0, 219.0, -605.0
56.305126656, 813.0, 253.0, -593.0
56.324390272, 773.0, 306.0, -579.0
56.343653888, 851.0, 373.0, -579.0
56.362917376, 908.0, 361.0, -525.0
56.382180992, 918.0, 342.0, -453.0
56.40144448, 960.0, 422.0, -477.0
56.420708096, 883.0, 430.0, -563.0
56.439971712, 941.0, 456.0, -563.0
56.4592352, 906.0, 479.0, -572.0
56.478498816, 911.0, 444.0, -573.0
56.497762304, 900.0, 496.0, -631.0
56.51702592, 842.0, 504.0, -720.0
56.536289408, 720.0, 423.0, -787.0
56.555553024, 722.0, 441.0, -790.0
56.57481664, 741.0, 473.0, -807.0
56.594080128, 734.0, 518.0, -873.0
56.613343744, 740.0, 524.0, -1050.0
56.632607232, 648.0, 361.0, -1061.0
56.651870848, 690.0, 255.0, -1052.0
56.671134336, 815.0, 259.0, -992.0
56.690397952, 862.0, 250.0, -1077.0
56.709661568, 770.0, 6.0, -1102.0
56.728925056, 637.0, -238.0, -1016.0
56.748188672, 656.0, -225.0, -935.0
56.76745216, 698.0, -209.0, -834.0
56.786715776, 670.0, -351.0, -685.0
56.805979264, 578.0, -427.0, -641.0
56.82524288, 497.0, -511.0, -677.0
56.844506496, 548.0, -469.0, -652.0
56.863769984, 593.0, -363.0, -575.0
56.8830336, 657.0, -314.0, -506.0
56.902297088, 656.0, -244.0, -520.0
56.921560704, 634.0, -156.0, -552.0
56.94082432, 658.0, -73.0, -559.0
56.960087808, 752.0, 31.0, -548.0
56.979351424, 827.0, 92.0, -583.0
56.998614912, 815.0, 79.0, -578.0
57.017878528, 835.0, 91.0, -567.0
57.037142016, 885.0, 103.0, -556.0
57.056405632, 900.0, 97.0, -556.0
57.075669248, 909.0, 115.0, -577.0
57.094932736, 886.0, 147.0, -590.0
57.114196352, 870.0, 164.0, -588.0
57.13345984, 875.0, 171.0, -588.0
57.152723456, 859.0, 151.0, -592.0
57.171986944, 810.0, 113.0, -587.0
57.19125056, 816.0, 134.0, -576.0
57.210514176, 816.0, 121.0, -563.0
57.229777664, 805.0, 67.0, -572.0
57.24904128, 781.0, 45.0, -568.0
57.268304768, 796.0, 42.0, -589.0
57.287568384, 815.0, 60.0, -581.0
57.306831872, 804.0, 64.0, -564.0
57.326095488, 788.0, 87.0, -546.0
57.345358952, 790.0, 71.0, -538.0
57.364622336, 796.0, 75.0, -551.0
57.383885696, 803.0, 55.0, -558.0
57.403149184, 820.0, 65.0, -569.0
57.422412544, 824.0, 69.0, -567.0
57.441676032, 844.0, 54.0, -575.0
57.460939392, 837.0, 38.0, -589.0
57.48020288, 839.0, 31.0, -581.0
57.49946624, 843.0, 47.0, -570.0
57.518729728, 860.0, 63.0, -578.0
57.537993088, 845.0, 86.0, -566.0
57.557256576, 840.0, 105.0, -576.0
57.576519936, 821.0, 120.0, -587.0
57.595783424, 794.0, 106.0, -587.0
57.615046784, 763.0, 93.0, -575.0
57.634310272, 782.0, 69.0, -550.0
57.653573632, 787.0, 63.0, -591.0
57.67283712, 759.0, 34.0, -596.0
57.69210048, 757.0, 24.0, -582.0
57.711363968, 766.0, 42.0, -602.0
57.730627328, 779.0, 58.0, -588.0
57.749890816, 794.0, 97.0, -577.0
57.769154176, 785.0, 111.0, -579.0
57.788417664, 793.0, 106.0, -586.0
57.807681024, 806.0, 94.0, -573.0
57.826944512, 844.0, 101.0, -557.0
57.846207872, 857.0, 110.0, -574.0
57.865471232, 859.0, 119.0, -570.0
57.88473472, 842.0, 94.0, -562.0
57.90399808, 813.0, 57.0, -578.0
57.923261568, 797.0, 52.0, -588.0
57.942524928, 815.0, 57.0, -601.0
57.961788416, 818.0, 68.0, -605.0
57.981051776, 792.0, 77.0, -593.0
58.000315264, 773.0, 93.0, -573.0
58.019578624, 768.0, 73.0, -572.0
58.038842112, 765.0, 77.0, -594.0
58.058105472, 781.0, 67.0, -601.0
58.07736896, 801.0, 90.0, -594.0
58.09663232, 791.0, 83.0, -579.0
58.115895808, 769.0, 84.0, -579.0
58.135159168, 777.0, 81.0, -572.0
58.154422656, 798.0, 82.0, -575.0
58.173686016, 819.0, 78.0, -585.0
58.192949504, 851.0, 95.0, -579.0
58.212212864, 847.0, 103.0, -582.0
58.231476352, 803.0, 88.0, -576.0
58.250739712, 793.0, 67.0, -567.0
58.2700032, 819.0, 50.0, -576.0
58.28926656, 828.0, 66.0, -587.0
58.308530048, 837.0, 84.0, -574.0
58.327793408, 811.0, 101.0, -573.0
58.347056896, 791.0, 92.0, -592.0
58.366320256, 783.0, 103.0, -598.0
58.385583616, 821.0, 115.0, -592.0
58.404847104, 815.0, 83.0, -595.0
58.424110464, 776.0, 74.0, -596.0
58.443373952, 777.0, 86.0, -585.0
58.462637312, 785.0, 90.0, -601.0
58.4819008, 797.0, 87.0, -592.0
58.50116416, 810.0, 93.0, -584.0
58.520427648, 794.0, 59.0, -586.0
58.539691008, 776.0, 30.0, -572.0
58.558954496, 794.0, -3.0, -559.0
58.578217856, 829.0, -14.0, -552.0
58.597481344, 865.0, -59.0, -547.0
58.616744704, 903.0, -57.0, -521.0
58.636008192, 972.0, 41.0, -537.0
58.655271552, 1081.0, 161.0, -582.0
58.67453504, 1097.0, 214.0, -578.0
58.6937984, 1081.0, 300.0, -544.0
58.713061888, 1061.0, 390.0, -576.0
58.732325248, 1073.0, 432.0, -603.0
58.751588721, 1071.0, 413.0, -634.0
58.770850688, 1019.0, 383.0, -625.0
58.79011264, 953.0, 334.0, -581.0
58.809374592, 887.0, 284.0, -601.0
58.828636544, 831.0, 241.0, -588.0
58.847898496, 720.0, 248.0, -553.0
58.867160448, 599.0, 262.0, -459.0
58.8864224, 507.0, 207.0, -424.0
58.90568448, 497.0, 143.0, -423.0
58.924946432, 515.0, 71.0, -435.0
58.944208384, 579.0, -34.0, -407.0
58.963470336, 616.0, -39.0, -366.0
58.982732288, 486.0, -94.0, -470.0
59.00199424, 322.0, -115.0, -543.0
59.021256192, 249.0, -56.0, -572.0
59.040518144, 324.0, -43.0, -555.0
59.059780096, 513.0, -59.0, -527.0
59.079042048, 709.0, -88.0, -500.0
59.098304, 813.0, -51.0, -487.0
59.117565952, 848.0, -60.0, -469.0
59.136827904, 863.0, -252.0, -523.0
59.156089984, 992.0, -436.0, -335.0
59.175351936, 1205.0, -437.0, -151.0
59.194613888, 1258.0, -481.0, -147.0
59.21387584, 1095.0, -569.0, -146.0
59.233137792, 997.0, -580.0, -125.0
59.252399744, 1016.0, -634.0, -104.0
59.271661696, 1052.0, -669.0, -75.0
59.290923648, 1082.0, -713.0, 37.0
59.3101856, 1023.0, -701.0, 114.0
59.329447552, 902.0, -738.0, 128.0
59.348709504, 804.0, -798.0, 123.0
59.367971456, 757.0, -867.0, 124.0
59.387233408, 717.0, -893.0, 118.0
59.406495488, 632.0, -883.0, 13.0
59.42575744, 561.0, -890.0, -119.0
59.445019392, 502.0, -825.0, -241.0
59.464281344, 607.0, -787.0, -304.0
59.483543296, 782.0, -661.0, -332.0
59.502805248, 981.0, -522.0, -348.0
59.5220672, 1089.0, -432.0, -346.0
59.541329152, 1107.0, -374.0, -386.0
59.560591104, 1000.0, -310.0, -473.0
59.579853056, 841.0, -267.0, -401.0
59.599115008, 865.0, -84.0, -454.0
59.61837696, 956.0, 37.0, -503.0
59.637638912, 1053.0, 119.0, -536.0
59.656900992, 1227.0, 82.0, -443.0
59.676162944, 968.0, 171.0, -448.0
59.695424896, 663.0, 2.0, -368.0
59.714686848, 1016.0, 356.0, -330.0
59.7339488, 848.0, 347.0, -382.0
59.753210752, 817.0, 68.0, -109.0
59.772472704, 866.0, 462.0, -46.0
59.791734656, 838.0, 667.0, -134.0
59.810996608, 839.0, 722.0, -121.0
59.83025856, 876.0, 748.0, 25.0
59.849520512, 870.0, 762.0, 140.0
59.868782509, 887.0, 757.0, 176.0
59.888043904, 887.0, 678.0, 18.0
59.907305344, 878.0, 608.0, -98.0
59.926566784, 872.0, 596.0, -168.0
59.945828352, 930.0, 677.0, -245.0
59.965089792, 901.0, 626.0, -361.0
59.984351232, 903.0, 517.0, -345.0
60.003612672, 1116.0, 637.0, -421.0
60.022874112, 1041.0, 475.0, -586.0
60.042135552, 997.0, 394.0, -589.0
60.06139712, 1051.0, 281.0, -653.0
60.08065856, 1124.0, 110.0, -705.0
60.09992, 1187.0, -68.0, -719.0
60.11918144, 1173.0, -287.0, -713.0
60.13844288, 1154.0, -451.0, -680.0
60.15770432, 1035.0, -416.0, -548.0
60.176965888, 991.0, -434.0, -520.0
60.196227328, 946.0, -493.0, -430.0
60.215488768, 965.0, -580.0, -313.0
60.234750208, 870.0, -611.0, -259.0
60.254011648, 784.0, -648.0, -290.0
60.273273216, 715.0, -714.0, -270.0
60.292534656, 680.0, -763.0, -162.0
60.311796096, 617.0, -783.0, -124.0
60.331057536, 614.0, -739.0, -27.0
60.350318976, 617.0, -638.0, 82.0
60.369580416, 738.0, -552.0, 135.0
60.388841984, 724.0, -511.0, 224.0
60.408103424, 646.0, -586.0, 340.0
60.427364864, 630.0, -629.0, 274.0
60.446626304, 607.0, -606.0, 306.0
60.465887744, 592.0, -664.0, 350.0
60.485149184, 612.0, -671.0, 294.0
60.504410752, 643.0, -642.0, 160.0
60.523672192, 666.0, -695.0, -44.0
60.542933632, 743.0, -721.0, -54.0
60.562195072, 864.0, -722.0, -51.0
60.581456512, 836.0, -680.0, -126.0
60.60071808, 675.0, -612.0, -297.0
60.61997952, 594.0, -595.0, -313.0
60.63924096, 679.0, -570.0, -333.0
60.6585024, 811.0, -502.0, -350.0
60.67776384, 922.0, -426.0, -464.0
60.69702528, 1004.0, -414.0, -595.0
60.716286848, 1066.0, -352.0, -583.0
60.735548288, 1112.0, -178.0, -528.0
60.754809728, 1141.0, -16.0, -509.0
60.774071168, 1155.0, 9.0, -530.0
60.793332608, 1139.0, 114.0, -635.0
60.812594048, 1032.0, 106.0, -632.0
60.831855616, 989.0, 170.0, -486.0
60.851117056, 955.0, 216.0, -360.0
60.870378496, 943.0, 207.0, -441.0
60.889639936, 1003.0, 228.0, -576.0
60.908901376, 875.0, 98.0, -715.0
60.928162944, 848.0, 34.0, -683.0
60.947424384, 938.0, 30.0, -633.0
60.966685874, 885.0, 104.0, -667.0
60.985949568, 844.0, -3.0, -590.0
61.005213312, 873.0, 34.0, -569.0
61.024477184, 876.0, 99.0, -535.0
61.043740928, 850.0, 212.0, -528.0
61.0630048, 831.0, 147.0, -463.0
61.082268544, 821.0, 155.0, -407.0
61.101532416, 826.0, 241.0, -385.0
61.12079616, 797.0, 235.0, -378.0
61.140059904, 839.0, 236.0, -405.0
61.159323776, 857.0, 268.0, -412.0
61.17858752, 839.0, 257.0, -371.0
61.197851392, 859.0, 261.0, -426.0
61.217115136, 817.0, 171.0, -489.0
61.236379008, 891.0, 216.0, -556.0
61.255642752, 879.0, 213.0, -568.0
61.274906496, 856.0, 241.0, -536.0
61.294170368, 847.0, 281.0, -569.0
61.313434112, 926.0, 307.0, -633.0
61.332697984, 803.0, 252.0, -669.0
61.351961728, 891.0, 277.0, -665.0
61.371225472, 962.0, 403.0, -666.0
61.390489344, 951.0, 306.0, -684.0
61.409753088, 957.0, 243.0, -742.0
61.42901696, 863.0, 191.0, -749.0
61.448280704, 922.0, 182.0, -748.0
61.467544576, 973.0, 181.0, -761.0
61.48680832, 1033.0, 74.0, -757.0
61.506072064, 1064.0, 20.0, -792.0
61.525335936, 957.0, -133.0, -802.0
61.54459968, 877.0, -270.0, -824.0
61.563863552, 931.0, -299.0, -771.0
61.583127296, 926.0, -401.0, -755.0
61.602391168, 809.0, -437.0, -721.0
61.621654912, 738.0, -408.0, -665.0
61.640918656, 705.0, -390.0, -557.0
61.660182528, 732.0, -469.0, -483.0
61.679446272, 781.0, -548.0, -400.0
61.698710144, 742.0, -612.0, -348.0
61.717973888, 675.0, -696.0, -300.0
61.73723776, 619.0, -740.0, -220.0
61.756501504, 567.0, -719.0, -107.0
61.775765248, 554.0, -704.0, 18.0
61.79502912, 569.0, -685.0, 124.0
61.814292864, 678.0, -659.0, 201.0
61.833556736, 730.0, -612.0, 203.0
61.85282048, 691.0, -618.0, 236.0
61.872084352, 701.0, -628.0, 280.0
61.891348096, 695.0, -662.0, 309.0
61.91061184, 681.0, -688.0, 307.0
61.929875712, 552.0, -738.0, 187.0
61.949139456, 548.0, -795.0, 40.0
61.968403328, 614.0, -813.0, -64.0
61.987667072, 618.0, -722.0, -177.0
62.006930944, 613.0, -643.0, -317.0
62.026194688, 738.0, -598.0, -415.0
62.045458432, 862.0, -540.0, -440.0
62.064722304, 927.0, -449.0, -485.0
62.083986048, 986.0, -360.0, -496.0
62.10324992, 1092.0, -277.0, -532.0
62.122513664, 1065.0, -151.0, -636.0
62.141777408, 1032.0, -62.0, -592.0
62.161041372, 1055.0, 119.0, -521.0
62.180303104, 1013.0, 308.0, -471.0
62.1995648, 1144.0, 344.0, -428.0
62.218826624, 996.0, 420.0, -557.0
62.23808832, 865.0, 213.0, -390.0
62.257350016, 935.0, 295.0, -498.0
62.27661184, 953.0, 431.0, -531.0
62.295873536, 870.0, 346.0, -560.0
62.315135232, 793.0, 214.0, -576.0
62.334397056, 702.0, 225.0, -608.0
62.353658752, 750.0, 420.0, -607.0
62.372920576, 779.0, 533.0, -632.0
62.392182272, 764.0, 393.0, -502.0
62.411443968, 819.0, 466.0, -460.0
62.430705792, 837.0, 475.0, -461.0
62.449967488, 845.0, 444.0, -482.0
62.469229184, 917.0, 465.0, -452.0
62.488491008, 912.0, 489.0, -396.0
62.507752704, 895.0, 513.0, -434.0
62.5270144, 853.0, 464.0, -443.0
62.546276224, 841.0, 446.0, -490.0
62.56553792, 824.0, 432.0, -526.0
62.584799616, 843.0, 457.0, -521.0
62.60406144, 799.0, 460.0, -537.0
62.623323136, 828.0, 484.0, -545.0
62.642584832, 819.0, 482.0, -595.0
62.661846656, 838.0, 454.0, -625.0
62.681108352, 851.0, 451.0, -648.0
62.700370048, 852.0, 398.0, -672.0
62.719631872, 854.0, 404.0, -687.0
62.738893568, 848.0, 344.0, -726.0
62.758155392, 936.0, 398.0, -779.0
62.777417088, 932.0, 344.0, -782.0
62.796678784, 878.0, 325.0, -762.0
62.815940608, 911.0, 285.0, -797.0
62.835202304, 941.0, 208.0, -835.0
62.854464, 976.0, 56.0, -832.0
62.873725824, 927.0, -103.0, -812.0
62.89298752, 842.0, -219.0, -817.0
62.912249216, 830.0, -210.0, -800.0
62.93151104, 834.0, -242.0, -712.0
62.950772736, 784.0, -297.0, -653.0
62.970034432, 734.0, -308.0, -617.0
62.989296256, 723.0, -451.0, -563.0
63.008557952, 685.0, -679.0, -457.0
63.027819648, 623.0, -779.0, -285.0
63.047081472, 574.0, -807.0, -151.0
63.066343168, 513.0, -793.0, -88.0
63.085604864, 512.0, -787.0, -10.0
63.104866688, 626.0, -693.0, 160.0
63.124128384, 734.0, -710.0, 309.0
63.143390208, 786.0, -648.0, 323.0
63.162651904, 789.0, -620.0, 277.0
63.1819136, 680.0, -637.0, 255.0
63.201175424, 623.0, -666.0, 211.0
63.22043712, 644.0, -680.0, 93.0
63.239698816, 704.0, -694.0, -33.0
63.25896064, 734.0, -704.0, -25.0
63.278222336, 702.0, -605.0, -62.0
63.297484032, 695.0, -571.0, -257.0
63.316745824, 691.0, -563.0, -398.0
63.336009472, 721.0, -551.0, -374.0
63.355273088, 903.0, -457.0, -296.0
63.374536576, 1085.0, -403.0, -342.0
63.393800192, 1088.0, -350.0, -437.0
63.413063808, 996.0, -322.0, -496.0
63.432327296, 906.0, -250.0, -523.0
63.451590912, 886.0, -96.0, -590.0
63.470854528, 1034.0, 92.0, -551.0
63.490118016, 1106.0, 259.0, -511.0
63.509381632, 970.0, 183.0, -545.0
63.528645248, 843.0, 208.0, -579.0
63.547908736, 883.0, 211.0, -602.0
63.567172352, 876.0, 202.0, -655.0
63.586435968, 769.0, 217.0, -569.0
63.605699456, 973.0, 296.0, -564.0
63.624963072, 846.0, 362.0, -685.0
63.64422656, 798.0, 274.0, -658.0
63.663490176, 811.0, 247.0, -645.0
63.682753792, 842.0, 354.0, -660.0
63.70201728, 711.0, 310.0, -625.0
63.721280896, 791.0, 315.0, -621.0
63.740544512, 751.0, 364.0, -564.0
63.759808, 738.0, 402.0, -509.0
63.779071616, 847.0, 479.0, -516.0
63.798335232, 818.0, 447.0, -505.0
63.81759872, 831.0, 445.0, -527.0
63.836862336, 837.0, 423.0, -513.0
63.856125952, 880.0, 434.0, -529.0
63.87538944, 844.0, 387.0, -533.0
63.894653056, 849.0, 350.0, -582.0
63.913916672, 863.0, 331.0, -636.0
63.93318016, 842.0, 297.0, -690.0
63.952443776, 815.0, 311.0, -722.0
63.971707392, 802.0, 338.0, -767.0
63.99097088, 824.0, 386.0, -844.0
64.010234496, 831.0, 417.0, -856.0
64.029498112, 859.0, 408.0, -830.0
64.0487616, 907.0, 411.0, -834.0
64.068025216, 925.0, 452.0, -881.0
64.087288832, 862.0, 410.0, -888.0
64.10655232, 888.0, 421.0, -874.0
64.125815936, 901.0, 464.0, -875.0
64.145079552, 866.0, 480.0, -815.0
64.16434304, 791.0, 473.0, -767.0
64.183606656, 712.0, 468.0, -708.0
64.202870272, 694.0, 436.0, -648.0
64.22213376, 652.0, 385.0, -557.0
64.241397376, 616.0, 347.0, -490.0
64.260660992, 592.0, 340.0, -410.0
64.27992448, 607.0, 370.0, -332.0
64.299188096, 629.0, 394.0, -286.0
64.318451584, 679.0, 372.0, -267.0
64.3377152, 657.0, 336.0, -243.0
64.356978816, 656.0, 346.0, -231.0
64.376242304, 702.0, 359.0, -145.0
64.39550592, 653.0, 347.0, -62.0
64.414769536, 650.0, 371.0, -95.0
64.434033024, 677.0, 416.0, -98.0
64.45329664, 628.0, 428.0, -107.0
64.472560144, 485.0, 526.0, -207.0
64.49182272, 330.0, 647.0, -252.0
64.511085312, 374.0, 695.0, -188.0
64.530347904, 474.0, 712.0, -344.0
64.549610368, 696.0, 677.0, -429.0
64.56887296, 732.0, 568.0, -365.0
64.588135552, 695.0, 503.0, -295.0
64.607398144, 775.0, 425.0, -277.0
64.626660736, 631.0, 367.0, -168.0
64.6459232, 473.0, 267.0, -419.0
64.665185792, 411.0, -93.0, -946.0
64.684448384, 623.0, -302.0, -1099.0
64.703710976, 1131.0, -231.0, -1054.0
64.722973568, 1251.0, -248.0, -982.0
64.742236032, 1424.0, -438.0, -1132.0
64.761498624, 1570.0, -322.0, -1089.0
64.780761216, 1434.0, -167.0, -965.0
64.800023808, 1272.0, -51.0, -1024.0
64.8192864, 1333.0, 60.0, -892.0
64.838548864, 1347.0, 124.0, -769.0
64.857811456, 1170.0, 144.0, -673.0
64.877074048, 903.0, 156.0, -652.0
64.89633664, 704.0, 177.0, -612.0
64.915599232, 401.0, 148.0, -578.0
64.934861696, 232.0, 200.0, -548.0
64.954124288, 280.0, 221.0, -396.0
64.97338688, 300.0, 201.0, -335.0
64.992649472, 434.0, 120.0, -398.0
65.011912064, 487.0, 54.0, -389.0
65.031174528, 363.0, 36.0, -427.0
65.05043712, 158.0, 172.0, -475.0
65.069699712, 109.0, 226.0, -540.0
65.088962304, 185.0, 274.0, -584.0
65.108224896, 358.0, 308.0, -552.0
65.12748736, 675.0, 347.0, -664.0
65.146749952, 893.0, 343.0, -707.0
65.166012544, 1138.0, 495.0, -741.0
65.185275136, 1297.0, 623.0, -697.0
65.2045376, 1365.0, 644.0, -685.0
65.223800192, 1390.0, 684.0, -604.0
65.243062784, 1209.0, 676.0, -520.0
65.262325376, 993.0, 627.0, -471.0
65.281587968, 921.0, 624.0, -483.0
65.300850432, 776.0, 616.0, -578.0
65.320113024, 703.0, 581.0, -464.0
65.339375616, 623.0, 592.0, -291.0
65.358638208, 540.0, 583.0, -261.0
65.3779008, 548.0, 549.0, -253.0
65.397163264, 554.0, 560.0, -191.0
65.416425856, 505.0, 527.0, -186.0
65.435688448, 544.0, 565.0, -125.0
65.45495104, 596.0, 615.0, -164.0
65.474213632, 663.0, 577.0, -247.0
65.493476096, 725.0, 602.0, -127.0
65.51273871, 735.0, 614.0, -2.0
65.532002688, 680.0, 668.0, -191.0
65.551266688, 769.0, 644.0, -246.0
65.57053056, 634.0, 698.0, -190.0
65.58979456, 654.0, 742.0, -161.0
65.609058432, 697.0, 747.0, -113.0
65.628322432, 706.0, 727.0, -146.0
65.647586432, 666.0, 634.0, -136.0
65.666850304, 671.0, 571.0, -151.0
65.686114304, 675.0, 571.0, -134.0
65.705378304, 644.0, 568.0, -146.0
65.724642176, 619.0, 532.0, -230.0
65.743906176, 581.0, 508.0, -189.0
65.763170048, 552.0, 552.0, -234.0
65.782434048, 656.0, 730.0, -277.0
65.801698048, 811.0, 851.0, -233.0
65.82096192, 863.0, 1157.0, -200.0
65.84022592, 779.0, 1005.0, -277.0
65.85948992, 776.0, 1085.0, -305.0
65.878753792, 778.0, 1063.0, -409.0
65.898017792, 764.0, 996.0, -480.0
65.917281664, 758.0, 931.0, -453.0
65.936545664, 628.0, 852.0, -430.0
65.955809664, 451.0, 761.0, -403.0
65.975073536, 362.0, 689.0, -356.0
65.994337536, 389.0, 580.0, -368.0
66.013601536, 376.0, 455.0, -446.0
66.032865408, 483.0, 231.0, -549.0
66.052129408, 480.0, 200.0, -520.0
66.07139328, 256.0, 221.0, -417.0
66.09065728, 9.0, 228.0, -348.0
66.10992128, -64.0, 144.0, -518.0
66.129185152, 169.0, -9.0, -685.0
66.148449152, 429.0, -151.0, -837.0
66.167713152, 727.0, -271.0, -947.0
66.186977024, 834.0, -6.0, -835.0
66.206241024, 677.0, 22.0, -893.0
66.225504896, 749.0, -207.0, -1196.0
66.244768896, 1220.0, -252.0, -1286.0
66.264032896, 1348.0, -76.0, -1187.0
66.283296768, 1229.0, 50.0, -1157.0
66.302560768, 1165.0, 86.0, -1127.0
66.321824768, 1163.0, 102.0, -1053.0
66.34108864, 1015.0, 105.0, -941.0
66.36035264, 845.0, 116.0, -877.0
66.379616512, 693.0, 139.0, -798.0
66.398880512, 581.0, 152.0, -738.0
66.418144512, 490.0, 149.0, -673.0
66.437408384, 392.0, 157.0, -580.0
66.456672384, 293.0, 156.0, -503.0
66.475936384, 237.0, 152.0, -459.0
66.495200256, 245.0, 134.0, -461.0
66.514464256, 266.0, 83.0, -482.0
66.533728128, 312.0, 106.0, -455.0
66.552992128, 311.0, 151.0, -470.0
66.572256128, 313.0, 232.0, -511.0
66.59152, 291.0, 260.0, -533.0
66.610783971, 385.0, 215.0, -563.0
66.630047488, 564.0, 158.0, -647.0
66.649310976, 658.0, 186.0, -706.0
66.668574464, 594.0, 273.0, -638.0
66.687837952, 442.0, 251.0, -674.0
66.70710144, 178.0, -30.0, -1330.0
66.726364928, 1076.0, -331.0, -1672.0
66.745628416, 1804.0, -122.0, -937.0
66.764891904, 398.0, -34.0, -1225.0
66.784155392, 519.0, -239.0, -1835.0
66.803419008, 729.0, -78.0, -724.0
66.822682496, 498.0, -271.0, -384.0
66.841945984, 415.0, -393.0, -763.0
66.861209472, 371.0, -337.0, -839.0
66.88047296, 304.0, -388.0, -836.0
66.899736448, 293.0, -413.0, -828.0
66.918999936, 371.0, -331.0, -801.0
66.938263424, 460.0, -223.0, -737.0
66.957526912, 509.0, -174.0, -765.0
66.9767904, 527.0, -210.0, -897.0
66.996053888, 537.0, -207.0, -934.0
67.015317376, 544.0, -180.0, -876.0
67.034580864, 579.0, -157.0, -836.0
67.053844352, 556.0, -156.0, -812.0
67.07310784, 521.0, -164.0, -795.0
67.092371328, 512.0, -156.0, -791.0
67.111634816, 514.0, -148.0, -793.0
67.130898432, 541.0, -135.0, -806.0
67.15016192, 551.0, -121.0, -824.0
67.169425408, 553.0, -120.0, -836.0
67.188688896, 548.0, -126.0, -843.0
67.207952384, 535.0, -120.0, -843.0
67.227215872, 522.0, -116.0, -835.0
67.24647936, 523.0, -113.0, -836.0
67.265742848, 528.0, -112.0, -842.0
67.285006336, 532.0, -109.0, -851.0
67.304269824, 541.0, -117.0, -842.0
67.323533312, 526.0, -105.0, -859.0
67.3427968, 486.0, -98.0, -865.0
67.362060288, 455.0, -104.0, -865.0
67.381323776, 441.0, -100.0, -875.0
67.400587264, 448.0, -92.0, -876.0
67.419850752, 449.0, -83.0, -867.0
67.439114368, 436.0, -80.0, -819.0
67.458377856, 457.0, -94.0, -881.0
67.477641344, 522.0, -122.0, -943.0
67.496904832, 493.0, -86.0, -894.0
67.51616832, 453.0, -66.0, -841.0
67.535431808, 454.0, -83.0, -891.0
67.554695296, 471.0, -61.0, -924.0
67.573958784, 394.0, -66.0, -874.0
67.593222272, 297.0, -60.0, -865.0
67.61248576, 314.0, -19.0, -861.0
67.631749248, 389.0, 14.0, -916.0
67.651012736, 475.0, -4.0, -914.0
67.670276224, 503.0, 18.0, -856.0
67.689539712, 455.0, 52.0, -885.0
67.7088032, 435.0, 110.0, -859.0
67.728066688, 520.0, 130.0, -875.0
67.747330176, 536.0, 105.0, -884.0
67.766593709, 510.0, 126.0, -890.0
67.785857536, 465.0, 189.0, -856.0
67.805121408, 486.0, 180.0, -913.0
67.824385152, 473.0, 178.0, -926.0
67.843649024, 425.0, 117.0, -909.0
67.862912768, 384.0, 34.0, -966.0
67.88217664, 302.0, 2.0, -986.0
67.901440512, 225.0, 24.0, -938.0
67.920704256, 207.0, 20.0, -926.0
67.939968128, 236.0, 4.0, -940.0
67.959231872, 217.0, 3.0, -930.0
67.978495744, 225.0, 5.0, -913.0
67.997759616, 214.0, 36.0, -955.0
68.01702336, 225.0, 32.0, -966.0
68.036287232, 296.0, -18.0, -900.0
68.055550976, 425.0, 18.0, -877.0
68.074814848, 557.0, 20.0, -877.0
68.09407872, 621.0, -63.0, -884.0
68.113342464, 620.0, -97.0, -895.0
68.132606336, 542.0, -139.0, -912.0
68.15187008, 499.0, -113.0, -826.0
68.171133952, 455.0, -90.0, -750.0
68.190397824, 472.0, -98.0, -791.0
68.209661568, 520.0, -114.0, -846.0
68.22892544, 601.0, -96.0, -860.0
68.248189312, 581.0, -87.0, -857.0
68.267453056, 531.0, -94.0, -860.0
68.286716928, 508.0, -78.0, -867.0
68.305980672, 482.0, -85.0, -850.0
68.325244544, 460.0, -78.0, -855.0
68.344508416, 465.0, -73.0, -849.0
68.36377216, 463.0, -78.0, -859.0
68.383036032, 468.0, -74.0, -869.0
68.402299776, 473.0, -80.0, -876.0
68.421563648, 484.0, -82.0, -863.0
68.44082752, 493.0, -79.0, -855.0
68.460091264, 478.0, -83.0, -852.0
68.479355136, 483.0, -85.0, -853.0
68.49861888, 503.0, -97.0, -869.0
68.517882752, 509.0, -92.0, -859.0
68.537146624, 507.0, -84.0, -849.0
68.556410368, 498.0, -68.0, -852.0
68.57567424, 494.0, -84.0, -873.0
68.594937984, 480.0, -79.0, -867.0
68.614201856, 475.0, -78.0, -866.0
68.633465728, 482.0, -90.0, -863.0
68.652729472, 476.0, -99.0, -859.0
68.671993344, 469.0, -97.0, -855.0
68.691257088, 460.0, -98.0, -866.0
68.71052096, 455.0, -99.0, -875.0
68.729784832, 457.0, -109.0, -877.0
68.749048576, 449.0, -104.0, -874.0
68.768312448, 459.0, -101.0, -866.0
68.787576192, 455.0, -104.0, -863.0
68.806840064, 458.0, -108.0, -862.0
68.826103936, 466.0, -95.0, -853.0
68.84536768, 487.0, -105.0, -867.0
68.864631552, 506.0, -111.0, -862.0
68.883895296, 509.0, -105.0, -850.0
68.903159168, 509.0, -100.0, -837.0
68.92242304, 508.0, -109.0, -851.0
68.941686784, 506.0, -109.0, -849.0
68.960950656, 502.0, -107.0, -854.0
68.9802144, 506.0, -98.0, -850.0
68.999478272, 497.0, -91.0, -858.0
69.018742144, 503.0, -100.0, -837.0
69.038005888, 562.0, -102.0, -810.0
69.05726976, 581.0, -125.0, -851.0
69.076533504, 563.0, -128.0, -860.0
69.095797376, 511.0, -93.0, -840.0
69.115061248, 486.0, -108.0, -848.0
69.134325024, 416.0, -140.0, -888.0
69.153588352, 433.0, -82.0, -861.0
69.172851712, 503.0, -63.0, -874.0
69.1921152, 447.0, -89.0, -901.0
69.21137856, 389.0, -59.0, -886.0
69.230642048, 430.0, -21.0, -868.0
69.249905408, 491.0, -19.0, -856.0
69.269168896, 493.0, -42.0, -858.0
69.288432256, 435.0, -70.0, -866.0
69.307695744, 387.0, -85.0, -886.0
69.326959104, 347.0, -77.0, -922.0
69.346222592, 332.0, -81.0, -920.0
69.365485952, 399.0, -129.0, -896.0
69.38474944, 530.0, -167.0, -860.0
69.4040128, 628.0, -119.0, -842.0
69.423276288, 600.0, -112.0, -816.0
69.442539648, 425.0, -134.0, -895.0
69.461803136, 337.0, -72.0, -933.0
69.481066496, 440.0, 3.0, -888.0
69.500329984, 526.0, -4.0, -851.0
69.519593344, 497.0, 27.0, -856.0
69.538856832, 444.0, 28.0, -906.0
69.558120192, 413.0, 33.0, -902.0
69.57738368, 408.0, 42.0, -899.0
69.59664704, 432.0, 27.0, -890.0
69.615910528, 411.0, -8.0, -875.0
69.635173888, 337.0, -53.0, -895.0
69.654437376, 311.0, -54.0, -941.0
69.673700736, 334.0, -46.0, -961.0
69.692964224, 404.0, -32.0, -911.0
69.712227584, 422.0, -134.0, -879.0
69.731491072, 407.0, -228.0, -917.0
69.750754432, 425.0, -187.0, -916.0
69.77001792, 339.0, -198.0, -938.0
69.78928128, 341.0, -121.0, -919.0
69.808544768, 411.0, -70.0, -844.0
69.827808128, 352.0, -99.0, -866.0
69.847071616, 341.0, -68.0, -897.0
69.866334976, 408.0, -33.0, -912.0
69.885598464, 496.0, -30.0, -890.0
69.904861824, 525.0, -43.0, -866.0
69.924125312, 505.0, -67.0, -847.0
69.943388672, 516.0, -60.0, -839.0
69.96265216, 504.0, -91.0, -871.0
69.98191552, 460.0, -104.0, -877.0
70.001179008, 420.0, -105.0, -889.0
70.020442368, 461.0, -98.0, -871.0
70.039705856, 472.0, -126.0, -864.0
70.058969216, 467.0, -139.0, -873.0
70.078232704, 445.0, -152.0, -907.0
70.097496064, 419.0, -167.0, -913.0
70.116759552, 394.0, -171.0, -907.0
70.136022912, 386.0, -162.0, -888.0
70.1552864, 377.0, -150.0, -862.0
70.17454976, 375.0, -149.0, -857.0
70.193813248, 391.0, -135.0, -883.0
70.213076608, 409.0, -117.0, -901.0
70.232340096, 431.0, -92.0, -892.0
70.251603456, 439.0, -76.0, -897.0
70.270866944, 446.0, -61.0, -914.0
70.290130304, 437.0, -36.0, -918.0
70.309393792, 409.0, -21.0, -928.0
70.328657152, 405.0, 0.0, -936.0
70.34792064, 375.0, 16.0, -934.0
70.367184, 351.0, 14.0, -936.0
70.386447488, 348.0, -22.0, -943.0
70.405711004, 323.0, -24.0, -934.0
70.424972288, 337.0, -52.0, -936.0
70.4442336, 301.0, -56.0, -930.0
70.46349504, 354.0, -93.0, -937.0
70.482756352, 298.0, -112.0, -892.0
70.502017664, 363.0, -108.0, -907.0
70.521279104, 343.0, -81.0, -937.0
70.540540416, 369.0, -59.0, -934.0
70.559801728, 311.0, -78.0, -913.0
70.57906304, 293.0, -109.0, -909.0
70.59832448, 331.0, -124.0, -917.0
70.617585792, 321.0, -131.0, -927.0
70.636847104, 315.0, -147.0, -923.0
70.656108544, 314.0, -178.0, -906.0
70.675369856, 338.0, -188.0, -909.0
70.694631168, 349.0, -175.0, -924.0
70.713892608, 336.0, -188.0, -912.0
70.73315392, 339.0, -209.0, -910.0
70.752415232, 346.0, -208.0, -901.0
70.771676544, 356.0, -188.0, -902.0
70.790937984, 365.0, -166.0, -906.0
70.810199296, 371.0, -184.0, -906.0
70.829460608, 374.0, -187.0, -903.0
70.848722048, 375.0, -174.0, -907.0
70.86798336, 360.0, -142.0, -904.0
70.887244672, 353.0, -107.0, -898.0
70.906506112, 352.0, -86.0, -901.0
70.925767424, 348.0, -76.0, -900.0
70.945028736, 345.0, -67.0, -909.0
70.964290176, 345.0, -82.0, -921.0
70.983551488, 357.0, -112.0, -920.0
71.0028128, 368.0, -135.0, -903.0
71.022074112, 363.0, -152.0, -909.0
71.041335552, 370.0, -150.0, -910.0
71.060596864, 374.0, -152.0, -915.0
71.079858176, 375.0, -164.0, -915.0
71.099119616, 392.0, -191.0, -912.0
71.118380928, 390.0, -218.0, -894.0
71.13764224, 400.0, -226.0, -875.0
71.15690368, 420.0, -231.0, -871.0
71.176164992, 433.0, -227.0, -879.0
71.195426304, 447.0, -206.0, -873.0
71.214687616, 452.0, -188.0, -875.0
71.233949056, 439.0, -177.0, -871.0
71.253210368, 423.0, -172.0, -869.0
71.27247168, 407.0, -166.0, -871.0
71.29173312, 407.0, -150.0, -862.0
71.310994432, 433.0, -130.0, -860.0
71.330255744, 445.0, -123.0, -857.0
71.349517184, 457.0, -115.0, -873.0
71.368778496, 479.0, -104.0, -887.0
71.388039808, 486.0, -99.0, -877.0
71.407301248, 488.0, -92.0, -877.0
71.42656256, 481.0, -85.0, -881.0
71.445823872, 468.0, -84.0, -888.0
71.465085184, 461.0, -85.0, -880.0
71.484346624, 449.0, -88.0, -889.0
71.503607936, 433.0, -90.0, -883.0
71.522869248, 418.0, -95.0, -885.0
71.542130688, 404.0, -98.0, -879.0
71.561392, 411.0, -117.0, -884.0
71.580653312, 424.0, -113.0, -881.0
71.599914752, 427.0, -113.0, -891.0
71.619176064, 433.0, -105.0, -885.0
71.638437376, 412.0, -103.0, -900.0
71.657698688, 398.0, -109.0, -895.0
71.676960128, 391.0, -103.0, -893.0
71.69622144, 392.0, -105.0, -895.0
71.715482752, 392.0, -105.0, -896.0
71.734744192, 374.0, -101.0, -901.0
71.754005504, 324.0, -101.0, -902.0
71.773266816, 357.0, -77.0, -892.0
71.792528274, 518.0, -115.0, -896.0
71.811791616, 583.0, -140.0, -834.0
71.831054976, 484.0, -147.0, -862.0
71.850318336, 392.0, -147.0, -889.0
71.869581568, 448.0, -152.0, -863.0
71.888844928, 584.0, -134.0, -836.0
71.908108288, 558.0, -129.0, -854.0
71.927371648, 485.0, -172.0, -861.0
71.94663488, 478.0, -173.0, -880.0
71.96589824, 493.0, -158.0, -864.0
71.9851616, 452.0, -138.0, -863.0
72.00442496, 438.0, -142.0, -893.0
72.02368832, 428.0, -130.0, -893.0
72.042951552, 419.0, -118.0, -883.0
72.062214912, 366.0, -113.0, -891.0
72.081478272, 361.0, -107.0, -892.0
72.100741632, 379.0, -111.0, -891.0
72.120004864, 389.0, -119.0, -887.0
72.139268224, 408.0, -118.0, -883.0
72.158531584, 443.0, -99.0, -888.0
72.177794944, 458.0, -99.0, -887.0
72.197058304, 456.0, -106.0, -884.0
72.216321536, 441.0, -109.0, -885.0
72.235584896, 428.0, -119.0, -895.0
72.254848256, 430.0, -113.0, -888.0
72.274111616, 434.0, -114.0, -892.0
72.293374848, 422.0, -111.0, -883.0
72.312638208, 424.0, -115.0, -879.0
72.331901568, 438.0, -117.0, -883.0
72.351164928, 442.0, -129.0, -884.0
72.370428288, 431.0, -138.0, -887.0
72.38969152, 437.0, -155.0, -870.0
72.40895488, 453.0, -152.0, -875.0
72.42821824, 482.0, -120.0, -872.0
72.4474816, 421.0, -125.0, -893.0
72.466744832, 385.0, -103.0, -877.0
72.486008192, 388.0, -134.0, -900.0
72.505271552, 361.0, -138.0, -901.0
72.524534912, 371.0, -143.0, -891.0
72.543798272, 413.0, -144.0, -886.0
72.563061504, 442.0, -144.0, -864.0
72.582324864, 442.0, -164.0, -857.0
72.601588224, 429.0, -182.0, -874.0
72.620851584, 419.0, -183.0, -860.0
72.640114816, 442.0, -185.0, -850.0
72.659378176, 486.0, -187.0, -846.0
72.678641536, 518.0, -192.0, -834.0
72.697904896, 533.0, -191.0, -841.0
72.717168256, 515.0, -197.0, -852.0
72.736431488, 488.0, -191.0, -846.0
72.755694848, 486.0, -187.0, -847.0
72.774958208, 479.0, -189.0, -840.0
72.794221568, 467.0, -193.0, -852.0
72.8134848, 451.0, -190.0, -858.0
72.83274816, 449.0, -186.0, -864.0
72.85201152, 452.0, -190.0, -860.0
72.87127488, 452.0, -194.0, -860.0
72.89053824, 453.0, -199.0, -853.0
72.909801472, 453.0, -200.0, -848.0
72.929064832, 453.0, -208.0, -834.0
72.948328192, 457.0, -225.0, -790.0
72.967591552, 469.0, -221.0, -848.0
72.986854784, 492.0, -124.0, -913.0
73.006118144, 405.0, -77.0, -1050.0
73.025381504, 527.0, -167.0, -1046.0
73.044644864, 556.0, -194.0, -945.0
73.063908152, 492.0, -248.0, -1056.0
73.083171072, 615.0, -128.0, -927.0
73.102434048, 672.0, 109.0, -780.0
73.121697024, 668.0, 215.0, -705.0
73.14096, 626.0, 216.0, -682.0
73.160222976, 615.0, 205.0, -690.0
73.179485824, 776.0, 189.0, -581.0
73.1987488, 816.0, 115.0, -502.0
73.218011776, 889.0, 65.0, -525.0
73.237274752, 769.0, 1.0, -540.0
73.256537728, 699.0, -54.0, -541.0
73.275800704, 687.0, -92.0, -563.0
73.29506368, 739.0, -135.0, -610.0
73.314326656, 808.0, -149.0, -595.0
73.333589632, 836.0, -168.0, -551.0
73.35285248, 797.0, -166.0, -570.0
73.372115456, 759.0, -118.0, -615.0
73.391378432, 752.0, -97.0, -614.0
73.410641408, 777.0, -90.0, -597.0
73.429904384, 829.0, -73.0, -576.0
73.44916736, 824.0, -48.0, -576.0
73.468430336, 787.0, -60.0, -606.0
73.487693312, 750.0, -48.0, -593.0
73.506956288, 787.0, -24.0, -594.0
73.526219136, 791.0, -5.0, -621.0
73.545482112, 758.0, 0.0, -603.0
73.564745088, 743.0, 46.0, -628.0
73.584008064, 794.0, 58.0, -610.0
73.60327104, 827.0, 49.0, -547.0
73.622534016, 837.0, 34.0, -553.0
73.641796992, 807.0, 16.0, -609.0
73.661059968, 809.0, 7.0, -627.0
73.680322944, 822.0, -47.0, -608.0
73.699585792, 811.0, -84.0, -601.0
73.718848768, 806.0, -68.0, -589.0
73.738111744, 811.0, -42.0, -590.0
73.75737472, 763.0, -42.0, -599.0
73.776637696, 737.0, -29.0, -570.0
73.795900672, 748.0, -36.0, -575.0
73.815163648, 802.0, -25.0, -549.0
73.834426624, 913.0, -72.0, -501.0
73.8536896, 952.0, -104.0, -490.0
73.872952448, 979.0, -127.0, -516.0
73.892215424, 1021.0, -53.0, -511.0
73.9114784, 1103.0, 16.0, -468.0
73.930741376, 1155.0, 55.0, -439.0
73.950004352, 1139.0, 124.0, -424.0
73.969267328, 1113.0, 190.0, -436.0
73.988530304, 1079.0, 207.0, -473.0
74.00779328, 1006.0, 160.0, -472.0
74.027056256, 949.0, 131.0, -444.0
74.046319104, 890.0, 121.0, -424.0
74.06558208, 860.0, 94.0, -406.0
74.084845056, 798.0, 60.0, -404.0
74.104108032, 687.0, 51.0, -380.0
74.123371008, 625.0, 24.0, -365.0
74.142633984, 615.0, -2.0, -359.0
74.16189696, 594.0, -44.0, -343.0
74.181159936, 604.0, -75.0, -341.0
74.200422912, 579.0, -128.0, -367.0
74.21968576, 581.0, -233.0, -384.0
74.238948736, 683.0, -282.0, -394.0
74.258211712, 679.0, -371.0, -415.0
74.277474688, 623.0, -425.0, -435.0
74.296737664, 540.0, -404.0, -483.0
74.31600064, 369.0, -475.0, -574.0
74.335263626, 448.0, -626.0, -626.0
74.35452608, 612.0, -772.0, -509.0
74.373788544, 533.0, -922.0, -388.0
74.393051008, 419.0, -1016.0, -449.0
74.412313472, 417.0, -1018.0, -522.0
74.431575936, 667.0, -1019.0, -597.0
74.4508384, 891.0, -1010.0, -747.0
74.470100736, 909.0, -914.0, -867.0
74.4893632, 903.0, -778.0, -895.0
74.508625664, 773.0, -617.0, -909.0
74.527888128, 662.0, -436.0, -953.0
74.547150592, 760.0, -399.0, -956.0
74.566413056, 881.0, -307.0, -910.0
74.58567552, 1016.0, -143.0, -820.0
74.604937984, 907.0, 23.0, -755.0
74.624200448, 742.0, 161.0, -731.0
74.643462912, 910.0, 326.0, -693.0
74.662725376, 733.0, 178.0, -796.0
74.68198784, 611.0, 27.0, -594.0
74.701250176, 1114.0, 460.0, -479.0
74.72051264, 721.0, 253.0, -501.0
74.739775104, 692.0, 145.0, -199.0
74.759037568, 860.0, 247.0, -184.0
74.778300032, 918.0, 416.0, -234.0
74.797562496, 853.0, 232.0, -211.0
74.81682496, 846.0, 259.0, -264.0
74.836087424, 866.0, 329.0, -276.0
74.855349888, 831.0, 233.0, -354.0
74.874612352, 831.0, 232.0, -397.0
74.893874816, 807.0, 300.0, -428.0
74.91313728, 849.0, 381.0, -483.0
74.932399616, 760.0, 281.0, -528.0
74.95166208, 765.0, 191.0, -480.0
74.970924544, 783.0, 274.0, -523.0
74.990187008, 881.0, 199.0, -607.0
75.009449472, 843.0, 200.0, -682.0
75.028711936, 880.0, 115.0, -677.0
75.0479744, 1002.0, 100.0, -694.0
75.067236864, 1166.0, -1.0, -714.0
75.086499328, 1033.0, -211.0, -760.0
75.105761792, 913.0, -386.0, -791.0
75.125024256, 1014.0, -379.0, -792.0
75.144286592, 957.0, -502.0, -752.0
75.163549056, 913.0, -612.0, -688.0
75.18281152, 822.0, -625.0, -626.0
75.202073984, 799.0, -551.0, -574.0
75.221336448, 735.0, -591.0, -491.0
75.240598912, 654.0, -683.0, -377.0
75.259861376, 626.0, -752.0, -302.0
75.27912384, 655.0, -755.0, -227.0
75.298386304, 668.0, -784.0, -133.0
75.317648768, 766.0, -858.0, -54.0
75.336911232, 844.0, -827.0, -49.0
75.356173696, 851.0, -710.0, -42.0
75.375436032, 757.0, -679.0, -1.0
75.394698496, 702.0, -651.0, 72.0
75.41396096, 670.0, -613.0, 36.0
75.433223424, 650.0, -580.0, 8.0
75.452485888, 673.0, -571.0, 70.0
75.471748352, 702.0, -553.0, 57.0
75.491010804, 698.0, -548.0, 37.0
75.51027328, 723.0, -550.0, 88.0
75.529535744, 763.0, -576.0, 141.0
75.54879808, 766.0, -649.0, 149.0
75.568060544, 767.0, -640.0, 91.0
75.587323008, 754.0, -666.0, -5.0
75.606585344, 761.0, -605.0, -10.0
75.625847808, 703.0, -586.0, -87.0
75.645110272, 643.0, -608.0, -67.0
75.664372608, 608.0, -629.0, -31.0
75.683635072, 639.0, -660.0, -103.0
75.702897408, 628.0, -604.0, -199.0
75.722159872, 683.0, -554.0, -278.0
75.741422336, 837.0, -512.0, -261.0
75.760684672, 915.0, -373.0, -253.0
75.779947136, 998.0, -348.0, -364.0
75.7992096, 1109.0, -359.0, -402.0
75.818471936, 1149.0, -338.0, -332.0
75.8377344, 1093.0, -180.0, -224.0
75.856996864, 1080.0, -102.0, -256.0
75.8762592, 1071.0, 11.0, -299.0
75.895521664, 1165.0, 71.0, -269.0
75.914784128, 1232.0, 52.0, -233.0
75.934046464, 1223.0, 13.0, -225.0
75.953308928, 1114.0, -68.0, -249.0
75.972571264, 1004.0, 11.0, -412.0
75.991833728, 978.0, -108.0, -447.0
76.011096192, 1019.0, -86.0, -350.0
76.030358528, 1013.0, -12.0, -410.0
76.049620992, 1017.0, 62.0, -402.0
76.068883456, 990.0, 118.0, -432.0
76.088145792, 1046.0, 182.0, -419.0
76.107408256, 973.0, 171.0, -387.0
76.12667072, 908.0, 69.0, -285.0
76.145933056, 906.0, 177.0, -307.0
76.16519552, 844.0, 197.0, -255.0
76.184457984, 799.0, 279.0, -180.0
76.20372032, 748.0, 289.0, -130.0
76.222982784, 743.0, 331.0, -135.0
76.24224512, 686.0, 252.0, -166.0
76.261507584, 692.0, 286.0, -193.0
76.280770048, 715.0, 319.0, -183.0
76.300032384, 755.0, 362.0, -150.0
76.319294848, 771.0, 358.0, -109.0
76.338557312, 810.0, 355.0, -109.0
76.357819648, 852.0, 378.0, -134.0
76.377082112, 853.0, 312.0, -178.0
76.396344576, 824.0, 279.0, -162.0
76.415606912, 869.0, 300.0, -124.0
76.434869376, 926.0, 328.0, -127.0
76.45413184, 992.0, 263.0, -230.0
76.473394176, 1060.0, 301.0, -356.0
76.49265664, 1101.0, 183.0, -483.0
76.511918976, 1109.0, 100.0, -460.0
76.53118144, 1045.0, 35.0, -486.0
76.550443904, 1073.0, -107.0, -510.0
76.56970624, 1147.0, -208.0, -511.0
76.588968704, 1059.0, -329.0, -598.0
76.608231168, 820.0, -457.0, -521.0
76.627493485, 823.0, -618.0, -442.0
76.646757632, 1050.0, -504.0, -481.0
76.66602176, 1168.0, -501.0, -461.0
76.685286016, 1117.0, -492.0, -421.0
76.704550144, 951.0, -522.0, -290.0
76.723814272, 737.0, -553.0, -252.0
76.7430784, 656.0, -572.0, -245.0
76.762342656, 675.0, -595.0, -232.0
76.781606784, 739.0, -622.0, -192.0
76.800870912, 781.0, -627.0, -143.0
76.820135168, 806.0, -650.0, -90.0
76.839399296, 829.0, -680.0, -61.0
76.858663424, 862.0, -688.0, -19.0
76.87792768, 831.0, -649.0, 18.0
76.897191808, 757.0, -658.0, 27.0
76.916455936, 700.0, -637.0, 77.0
76.935720064, 711.0, -654.0, 160.0
76.95498432, 734.0, -688.0, 275.0
76.974248448, 806.0, -709.0, 348.0
76.993512576, 758.0, -615.0, 320.0
77.012776832, 707.0, -586.0, 365.0
77.03204096, 705.0, -605.0, 396.0
77.051305088, 762.0, -648.0, 413.0
77.070569344, 763.0, -707.0, 394.0
77.089833472, 689.0, -754.0, 263.0
77.1090976, 643.0, -756.0, 141.0
77.128361728, 657.0, -729.0, 44.0
77.147625984, 706.0, -750.0, -27.0
77.166890112, 614.0, -691.0, -109.0
77.18615424, 620.0, -646.0, -207.0
77.205418496, 720.0, -503.0, -277.0
77.224682624, 928.0, -425.0, -270.0
77.243946752, 963.0, -411.0, -279.0
77.263211008, 1005.0, -435.0, -310.0
77.282475136, 1027.0, -395.0, -333.0
77.301739264, 1022.0, -308.0, -320.0
77.321003392, 1083.0, -219.0, -283.0
77.340267648, 1023.0, -96.0, -318.0
77.359531776, 990.0, -6.0, -319.0
77.378795904, 962.0, -3.0, -255.0
77.39806016, 949.0, 61.0, -233.0
77.417324288, 962.0, 140.0, -294.0
77.436588416, 1028.0, 111.0, -400.0
77.455852672, 956.0, -23.0, -450.0
77.4751168, 944.0, 14.0, -349.0
77.494380928, 894.0, 36.0, -208.0
77.513645056, 940.0, 122.0, -329.0
77.532909312, 991.0, 230.0, -483.0
77.55217344, 869.0, -34.0, -427.0
77.571437568, 921.0, -77.0, -357.0
77.590701824, 967.0, 152.0, -359.0
77.609965952, 830.0, 67.0, -453.0
77.62923008, 942.0, 59.0, -428.0
77.648494336, 922.0, 125.0, -332.0
77.667758464, 921.0, 288.0, -354.0
77.687022592, 926.0, 163.0, -401.0
77.70628672, 908.0, 130.0, -432.0
77.72555096, 888.0, 139.0, -331.0
77.74481344, 966.0, 325.0, -292.0
77.764075904, 886.0, 326.0, -305.0
77.78333824, 916.0, 213.0, -323.0
77.802600704, 947.0, 247.0, -315.0
77.821863168, 933.0, 335.0, -320.0
77.841125504, 910.0, 284.0, -318.0
77.860387968, 890.0, 258.0, -302.0
77.879650432, 921.0, 304.0, -308.0
77.898912768, 966.0, 333.0, -356.0
77.918175232, 946.0, 273.0, -427.0
77.937437696, 883.0, 196.0, -382.0
77.956700032, 941.0, 245.0, -372.0
77.975962496, 951.0, 245.0, -424.0
77.99522496, 887.0, 157.0, -487.0
78.014487296, 905.0, 168.0, -429.0
78.03374976, 961.0, 228.0, -468.0
78.053012224, 948.0, 138.0, -522.0
78.07227456, 906.0, 68.0, -542.0
78.091537024, 882.0, -38.0, -542.0
78.110799488, 878.0, -85.0, -592.0
78.130061824, 836.0, -157.0, -595.0
78.149324288, 871.0, -234.0, -609.0
78.168586752, 849.0, -308.0, -644.0
78.187849088, 806.0, -355.0, -641.0
78.207111552, 856.0, -404.0, -551.0
78.226374016, 878.0, -410.0, -474.0
78.245636352, 893.0, -420.0, -449.0
78.264898816, 905.0, -445.0, -414.0
78.28416128, 847.0, -488.0, -351.0
78.303423616, 798.0, -536.0, -282.0
78.32268608, 755.0, -576.0, -263.0
78.341948544, 765.0, -582.0, -240.0
78.36121088, 804.0, -664.0, -199.0
78.380473344, 769.0, -718.0, -137.0
78.399735808, 746.0, -788.0, -69.0
78.418998144, 804.0, -774.0, 6.0
78.438260608, 840.0, -770.0, 40.0
78.457523072, 779.0, -695.0, 31.0
78.476785408, 687.0, -652.0, 26.0
78.496047872, 676.0, -624.0, 34.0
78.515310336, 697.0, -615.0, 24.0
78.534572672, 725.0, -591.0, -2.0
78.553835136, 739.0, -594.0, 3.0
78.5730976, 769.0, -611.0, 17.0
78.592360064, 801.0, -650.0, -20.0
78.6116224, 869.0, -685.0, 9.0
78.630884864, 794.0, -711.0, -24.0
78.650147328, 765.0, -708.0, -94.0
78.669409664, 676.0, -690.0, -84.0
78.688672128, 647.0, -696.0, -181.0
78.707934592, 636.0, -676.0, -202.0
78.727196928, 704.0, -616.0, -279.0
78.746459392, 759.0, -564.0, -357.0
78.765721856, 889.0, -542.0, -346.0
78.784984192, 893.0, -500.0, -453.0
78.804246656, 828.0, -439.0, -494.0
78.82350912, 880.0, -360.0, -506.0
78.842771456, 972.0, -296.0, -509.0
78.86203392, 996.0, -252.0, -526.0
78.881296384, 995.0, -288.0, -537.0
78.90055872, 876.0, -228.0, -577.0
78.919821184, 868.0, -183.0, -557.0
78.939083648, 868.0, -132.0, -549.0
78.958345984, 748.0, -69.0, -541.0
78.977608379, 726.0, 5.0, -517.0
78.996871808, 867.0, 87.0, -547.0
79.016135296, 870.0, 121.0, -618.0
79.035398784, 834.0, 58.0, -561.0
79.054662272, 841.0, 104.0, -551.0
79.073925632, 749.0, 129.0, -619.0
79.09318912, 907.0, 224.0, -642.0
79.112452608, 800.0, -9.0, -604.0
79.131716096, 917.0, 152.0, -596.0
79.150979584, 998.0, 297.0, -760.0
79.170243072, 809.0, -32.0, -645.0
79.18950656, 882.0, -13.0, -550.0
79.20876992, 916.0, 198.0, -438.0
79.228033408, 944.0, 484.0, -516.0
79.247296896, 874.0, 85.0, -494.0
79.266560384, 841.0, 120.0, -421.0
79.285823872, 805.0, 154.0, -394.0
79.30508736, 844.0, 288.0, -378.0
79.324350848, 722.0, 337.0, -528.0
79.343614208, 781.0, 185.0, -538.0
79.362877696, 776.0, 156.0, -536.0
79.382141184, 711.0, 186.0, -602.0
79.401404672, 733.0, 178.0, -650.0
79.42066816, 783.0, 144.0, -642.0
79.439931648, 748.0, 134.0, -609.0
79.459195136, 728.0, 127.0, -509.0
79.478458496, 748.0, 230.0, -482.0
79.497721984, 837.0, 330.0, -477.0
79.516985472, 940.0, 299.0, -494.0
79.53624896, 869.0, 165.0, -563.0
79.555512448, 778.0, 147.0, -502.0
79.574775936, 789.0, 215.0, -497.0
79.594039424, 795.0, 295.0, -527.0
79.613302912, 850.0, 227.0, -562.0
79.632566272, 820.0, 266.0, -541.0
79.65182976, 941.0, 240.0, -586.0
79.671093248, 960.0, 148.0, -626.0
79.690356736, 855.0, -35.0, -637.0
79.709620224, 860.0, -160.0, -669.0
79.728883712, 852.0, -180.0, -736.0
79.7481472, 883.0, -344.0, -727.0
79.76741056, 909.0, -461.0, -639.0
79.786674048, 790.0, -500.0, -636.0
79.805937536, 759.0, -487.0, -670.0
79.825201024, 777.0, -447.0, -600.0
79.844464512, 791.0, -454.0, -510.0
79.863728, 784.0, -486.0, -469.0
79.882991488, 725.0, -641.0, -468.0
79.902254848, 652.0, -800.0, -415.0
79.921518336, 590.0, -912.0, -267.0
79.940781824, 580.0, -992.0, -116.0
79.960045312, 580.0, -972.0, 126.0
79.9793088, 699.0, -885.0, 303.0
79.998572288, 823.0, -775.0, 303.0
80.017835776, 795.0, -714.0, 269.0
80.037099136, 690.0, -653.0, 192.0
80.056362624, 682.0, -678.0, 120.0
80.075626172, 699.0, -645.0, 106.0
80.0948896, 687.0, -651.0, 154.0
80.114153088, 690.0, -681.0, 167.0
80.133416576, 697.0, -685.0, 73.0
80.152680064, 794.0, -696.0, 56.0
80.171943552, 821.0, -728.0, 60.0
80.19120704, 818.0, -736.0, 100.0
80.210470528, 802.0, -706.0, 21.0
80.229734016, 681.0, -672.0, -159.0
80.248997632, 546.0, -672.0, -230.0
80.26826112, 586.0, -648.0, -175.0
80.287524608, 713.0, -621.0, -212.0
80.306788096, 826.0, -575.0, -305.0
80.326051584, 914.0, -560.0, -381.0
80.345315072, 947.0, -526.0, -440.0
80.36457856, 883.0, -496.0, -478.0
80.383842048, 957.0, -384.0, -503.0
80.403105536, 954.0, -280.0, -452.0
80.422369024, 875.0, -217.0, -465.0
80.441632512, 911.0, -129.0, -447.0
80.460896, 944.0, -65.0, -407.0
80.480159488, 899.0, 54.0, -394.0
80.499422976, 941.0, 106.0, -436.0
80.518686592, 1020.0, 82.0, -459.0
80.53795008, 881.0, 89.0, -494.0
80.557213568, 849.0, 16.0, -393.0
80.576477056, 904.0, 34.0, -328.0
80.595740544, 1043.0, 269.0, -437.0
80.615004032, 925.0, 176.0, -467.0
80.63426752, 723.0, -193.0, -278.0
80.653531008, 901.0, 74.0, -342.0
80.672794496, 734.0, 113.0, -319.0
80.692057984, 902.0, 237.0, -323.0
80.711321472, 1023.0, 391.0, -494.0
80.73058496, 859.0, -83.0, -541.0
80.749848448, 919.0, -63.0, -529.0
80.769111936, 830.0, 17.0, -493.0
80.788375552, 789.0, 98.0, -491.0
80.80763904, 820.0, 156.0, -504.0
80.826902528, 881.0, 142.0, -463.0
80.846166016, 837.0, 224.0, -394.0
80.865429504, 848.0, 264.0, -398.0
80.884692992, 914.0, 254.0, -399.0
80.90395648, 915.0, 196.0, -399.0
80.923219968, 906.0, 167.0, -391.0
80.942483456, 881.0, 175.0, -383.0
80.961746944, 915.0, 249.0, -372.0
80.981010432, 967.0, 298.0, -409.0
81.00027392, 924.0, 209.0, -427.0
81.019537408, 860.0, 166.0, -389.0
81.038800896, 879.0, 262.0, -421.0
81.058064512, 889.0, 349.0, -521.0
81.077328, 857.0, 305.0, -548.0
81.096591488, 929.0, 232.0, -532.0
81.115854976, 891.0, 10.0, -470.0
81.135118464, 869.0, -64.0, -380.0
81.154381952, 877.0, 27.0, -413.0
81.173645503, 874.0, 87.0, -500.0
81.192908416, 923.0, 64.0, -566.0
81.212171392, 1109.0, -59.0, -690.0
81.231434368, 1162.0, -135.0, -626.0
81.250697344, 919.0, -308.0, -618.0
81.26996032, 845.0, -375.0, -581.0
81.289223168, 878.0, -361.0, -605.0
81.308486144, 828.0, -377.0, -592.0
81.32774912, 836.0, -445.0, -545.0
81.347012096, 934.0, -484.0, -473.0
81.366275072, 934.0, -495.0, -457.0
81.385538048, 854.0, -550.0, -442.0
81.404801024, 773.0, -557.0, -358.0
81.424064, 701.0, -568.0, -302.0
81.443326976, 626.0, -627.0, -265.0
81.462589824, 538.0, -702.0, -198.0
81.4818528, 560.0, -761.0, -127.0
81.501115776, 643.0, -827.0, -45.0
81.520378752, 726.0, -864.0, 80.0
81.539641728, 756.0, -786.0, 203.0
81.558904704, 799.0, -747.0, 189.0
81.57816768, 789.0, -735.0, 234.0
81.597430656, 762.0, -700.0, 363.0
81.616693632, 773.0, -705.0, 379.0
81.63595648, 698.0, -667.0, 360.0
81.655219456, 618.0, -749.0, 377.0
81.674482432, 642.0, -765.0, 368.0
81.693745408, 631.0, -738.0, 241.0
81.713008384, 645.0, -774.0, 86.0
81.73227136, 679.0, -783.0, 23.0
81.751534336, 770.0, -815.0, -33.0
81.770797312, 846.0, -775.0, -76.0
81.790060288, 785.0, -739.0, -169.0
81.809323136, 709.0, -703.0, -223.0
81.828586112, 745.0, -609.0, -226.0
81.847849088, 817.0, -540.0, -247.0
81.867112064, 844.0, -461.0, -298.0
81.88637504, 935.0, -436.0, -309.0
81.905638016, 936.0, -434.0, -356.0
81.924900992, 1009.0, -391.0, -390.0
81.944163968, 998.0, -305.0, -409.0
81.963426944, 953.0, -169.0, -382.0
81.982689792, 930.0, -108.0, -290.0
82.001952768, 927.0, -51.0, -272.0
82.021215744, 914.0, 68.0, -242.0
82.04047872, 940.0, 120.0, -264.0
82.059741696, 902.0, 144.0, -306.0
82.079004672, 875.0, 82.0, -267.0
82.098267648, 849.0, 11.0, -304.0
82.117530624, 865.0, 4.0, -404.0
82.136793472, 861.0, -126.0, -503.0
82.156056448, 866.0, -131.0, -530.0
82.175319424, 837.0, -168.0, -447.0
82.1945824, 927.0, -124.0, -501.0
82.213845376, 916.0, -95.0, -506.0
82.233108352, 911.0, -82.0, -504.0
82.252371328, 944.0, -36.0, -552.0
82.271634304, 911.0, -80.0, -539.0
82.290897277, 952.0, -58.0, -457.0
82.310157824, 940.0, 17.0, -395.0
82.329418368, 1059.0, 129.0, -500.0
82.348678912, 930.0, 27.0, -600.0
82.367939456, 840.0, -141.0, -417.0
82.3872, 850.0, -45.0, -389.0
82.406460544, 980.0, 147.0, -397.0
82.425721088, 1023.0, 258.0, -546.0
82.444981632, 945.0, -117.0, -467.0
82.464242304, 902.0, 3.0, -346.0
82.483502848, 853.0, 130.0, -245.0
82.502763392, 804.0, 237.0, -198.0
82.522023936, 790.0, 293.0, -231.0
82.54128448, 828.0, 311.0, -356.0
82.560545024, 881.0, 188.0, -424.0
82.579805568, 876.0, 148.0, -401.0
82.599066112, 853.0, 176.0, -388.0
82.618326656, 826.0, 259.0, -378.0
82.6375872, 884.0, 351.0, -424.0
82.656847744, 1020.0, 383.0, -460.0
82.676108288, 956.0, 148.0, -588.0
82.695368832, 891.0, 26.0, -552.0
82.714629376, 928.0, 0.0, -581.0
82.73388992, 932.0, 48.0, -691.0
82.753150464, 996.0, -26.0, -677.0
82.772411136, 911.0, -226.0, -672.0
82.79167168, 992.0, -317.0, -668.0
82.810932224, 1004.0, -373.0, -692.0
82.830192768, 859.0, -424.0, -695.0
82.849453312, 786.0, -440.0, -614.0
82.868713856, 829.0, -463.0, -565.0
82.8879744, 877.0, -505.0, -523.0
82.907234944, 817.0, -549.0, -489.0
82.926495488, 762.0, -551.0, -466.0
82.945756032, 739.0, -600.0, -422.0
82.965016576, 776.0, -667.0, -360.0
82.98427712, 752.0, -726.0, -296.0
83.003537664, 717.0, -784.0, -209.0
83.022798208, 685.0, -769.0, -159.0
83.042058752, 682.0, -813.0, -114.0
83.061319424, 687.0, -827.0, -74.0
83.080579968, 755.0, -783.0, -3.0
83.099840512, 793.0, -753.0, 43.0
83.119101056, 751.0, -708.0, 49.0
83.1383616, 658.0, -665.0, 62.0
83.157622144, 711.0, -643.0, 71.0
83.176882688, 776.0, -612.0, 102.0
83.196143232, 798.0, -617.0, 203.0
83.215403776, 738.0, -634.0, 232.0
83.23466432, 680.0, -640.0, 270.0
83.253924864, 650.0, -648.0, 282.0
83.273185408, 631.0, -698.0, 225.0
83.292445952, 673.0, -706.0, 142.0
83.311706496, 703.0, -700.0, 42.0
83.33096704, 769.0, -680.0, -17.0
83.350227712, 827.0, -668.0, -63.0
83.369488256, 854.0, -653.0, -110.0
83.388748758, 767.0, -638.0, -148.0
83.408011648, 715.0, -618.0, -150.0
83.427274496, 747.0, -593.0, -135.0
83.446537216, 823.0, -588.0, -156.0
83.465800064, 916.0, -598.0, -160.0
83.485062912, 1046.0, -533.0, -153.0
83.504325632, 995.0, -546.0, -296.0
83.52358848, 819.0, -540.0, -389.0
83.542851328, 835.0, -388.0, -349.0
83.562114048, 929.0, -279.0, -313.0
83.581376896, 1013.0, -260.0, -324.0
83.600639744, 957.0, -262.0, -389.0
83.619902464, 877.0, -202.0, -326.0
83.639165312, 977.0, -66.0, -319.0
83.65842816, 1014.0, -29.0, -365.0
83.67769088, 954.0, -46.0, -400.0
83.696953728, 994.0, 32.0, -325.0
83.716216448, 932.0, 94.0, -263.0
83.735479296, 1000.0, 115.0, -300.0
83.754742144, 746.0, 133.0, -450.0
83.774004864, 696.0, 50.0, -338.0
83.793267712, 897.0, 174.0, -300.0
83.81253056, 951.0, 311.0, -494.0
83.83179328, 816.0, 177.0, -432.0
83.851056128, 728.0, -24.0, -325.0
83.870318976, 698.0, 177.0, -393.0
83.889581696, 894.0, 545.0, -520.0
83.908844544, 752.0, 78.0, -456.0
83.928107392, 788.0, 158.0, -379.0
83.947370112, 690.0, 298.0, -293.0
83.96663296, 789.0, 568.0, -378.0
83.985895808, 748.0, 508.0, -432.0
84.005158528, 777.0, 485.0, -424.0
84.024421376, 762.0, 478.0, -480.0
84.043684224, 859.0, 539.0, -536.0
84.062946944, 898.0, 533.0, -614.0
84.082209792, 852.0, 454.0, -630.0
84.10147264, 848.0, 411.0, -649.0
84.12073536, 901.0, 472.0, -693.0
84.139998208, 879.0, 480.0, -715.0
84.159261056, 873.0, 446.0, -757.0
84.178523776, 805.0, 407.0, -777.0
84.197786624, 819.0, 428.0, -763.0
84.217049344, 828.0, 466.0, -729.0
84.236312192, 796.0, 449.0, -740.0
84.25557504, 689.0, 450.0, -745.0
84.27483776, 646.0, 392.0, -790.0
84.294100608, 566.0, 345.0, -816.0
84.313363456, 441.0, 19.0, -789.0
84.332626176, 354.0, 24.0, -662.0
84.351889024, 376.0, 9.0, -634.0
84.371151872, 420.0, -2.0, -618.0
84.390414592, 358.0, -210.0, -522.0
84.40967744, 304.0, -527.0, -610.0
84.428940288, 542.0, -626.0, -614.0
84.448203008, 706.0, -503.0, -716.0
84.467465856, 914.0, -528.0, -789.0
84.486728704, 1126.0, -439.0, -722.0
84.505991376, 1206.0, -250.0, -677.0
84.525253504, 1182.0, -121.0, -625.0
84.544515584, 1090.0, -33.0, -598.0
84.563777536, 965.0, 25.0, -623.0
84.583039616, 868.0, 29.0, -631.0
84.602301568, 787.0, 51.0, -634.0
84.621563648, 725.0, 53.0, -624.0
84.6408256, 677.0, 26.0, -639.0
84.66008768, 633.0, -9.0, -670.0
84.679349632, 638.0, -36.0, -695.0
84.698611712, 672.0, -41.0, -704.0
84.717873664, 699.0, -59.0, -710.0
84.737135744, 703.0, -84.0, -700.0
84.756397696, 692.0, -107.0, -716.0
84.775659776, 708.0, -125.0, -693.0
84.794921856, 701.0, -139.0, -683.0
84.814183808, 693.0, -135.0, -685.0
84.833445888, 720.0, -125.0, -682.0
84.85270784, 736.0, -105.0, -684.0
84.87196992, 727.0, -99.0, -675.0
84.891231872, 715.0, -72.0, -688.0
84.910493952, 681.0, -83.0, -705.0
84.929755904, 666.0, -65.0, -719.0
84.949017984, 699.0, -43.0, -715.0
84.968279936, 708.0, -32.0, -698.0
84.987542016, 694.0, -34.0, -694.0
85.006803968, 700.0, -37.0, -692.0
85.026066048, 705.0, -34.0, -685.0
85.045328128, 703.0, -49.0, -690.0
85.06459008, 705.0, -60.0, -687.0
85.08385216, 717.0, -71.0, -687.0
85.103114112, 741.0, -67.0, -687.0
85.122376192, 740.0, -42.0, -678.0
85.141638144, 732.0, -29.0, -676.0
85.160900224, 723.0, -38.0, -681.0
85.180162176, 717.0, -41.0, -681.0
85.199424256, 705.0, -67.0, -697.0
85.218686208, 701.0, -74.0, -690.0
85.237948288, 708.0, -73.0, -688.0
85.257210368, 703.0, -85.0, -693.0
85.27647232, 688.0, -74.0, -705.0
85.2957344, 697.0, -63.0, -708.0
85.314996352, 718.0, -50.0, -701.0
85.334258432, 686.0, -47.0, -706.0
85.353520384, 679.0, -39.0, -703.0
85.372782464, 687.0, -19.0, -702.0
85.392044416, 689.0, -11.0, -705.0
85.411306496, 697.0, -18.0, -704.0
85.430568448, 704.0, -21.0, -686.0
85.449830528, 698.0, -51.0, -688.0
85.46909248, 710.0, -74.0, -702.0
85.48835456, 716.0, -57.0, -683.0
85.50761664, 716.0, -30.0, -688.0
85.526878592, 702.0, -38.0, -689.0
85.546140672, 702.0, -41.0, -695.0
85.565402624, 698.0, -52.0, -696.0
85.584664704, 704.0, -58.0, -699.0
85.603926656, 689.0, -75.0, -686.0
85.623188736, 694.0, -84.0, -684.0
85.642450688, 712.0, -98.0, -684.0
85.661712768, 730.0, -96.0, -673.0
85.68097472, 741.0, -93.0, -667.0
85.7002368, 745.0, -90.0, -655.0
85.719498752, 756.0, -85.0, -651.0
85.738760832, 742.0, -89.0, -663.0
85.758022912, 735.0, -91.0, -665.0
85.777284864, 730.0, -77.0, -668.0
85.796546944, 697.0, -90.0, -679.0
85.815808896, 708.0, -84.0, -663.0
85.835070976, 742.0, -103.0, -687.0
85.854332928, 748.0, -118.0, -661.0
85.873595008, 753.0, -133.0, -635.0
85.89285696, 740.0, -149.0, -639.0
85.912118913, 739.0, -160.0, -641.0
85.931380736, 786.0, -153.0, -626.0
85.95064256, 814.0, -134.0, -622.0
85.969904512, 801.0, -122.0, -609.0
85.989166336, 801.0, -82.0, -623.0
86.00842816, 795.0, -51.0, -656.0
86.027689984, 769.0, -19.0, -663.0
86.046951936, 746.0, 11.0, -674.0
86.06621376, 703.0, 26.0, -679.0
86.085475584, 674.0, 43.0, -708.0
86.104737408, 634.0, 26.0, -736.0
86.12399936, 615.0, 30.0, -743.0
86.143261184, 604.0, 7.0, -761.0
86.162523008, 593.0, -1.0, -771.0
86.18178496, 578.0, -5.0, -767.0
86.201046784, 595.0, -2.0, -769.0
86.220308608, 620.0, -11.0, -753.0
86.239570432, 643.0, -10.0, -743.0
86.258832384, 657.0, -10.0, -732.0
86.278094208, 657.0, -11.0, -733.0
86.297356032, 676.0, -18.0, -724.0
86.316617984, 722.0, -17.0, -701.0
86.335879808, 736.0, -19.0, -702.0
86.355141632, 761.0, -49.0, -682.0
86.374403456, 726.0, -6.0, -707.0
86.393665408, 644.0, -58.0, -701.0
86.412927232, 674.0, -25.0, -688.0
86.432189056, 719.0, -5.0, -692.0
86.45145088, 734.0, 5.0, -698.0
86.470712832, 714.0, 8.0, -694.0
86.489974656, 699.0, 3.0, -696.0
86.50923648, 702.0, -5.0, -694.0
86.528498432, 706.0, 2.0, -715.0
86.547760256, 701.0, 3.0, -730.0
86.56702208, 683.0, 4.0, -725.0
86.586283904, 667.0, -3.0, -724.0
86.605545856, 657.0, -13.0, -723.0
86.62480768, 666.0, -22.0, -731.0
86.644069504, 680.0, -24.0, -725.0
86.663331456, 670.0, -18.0, -730.0
86.68259328, 668.0, -22.0, -733.0
86.701855104, 677.0, -19.0, -726.0
86.721116928, 670.0, -26.0, -734.0
86.74037888, 669.0, -19.0, -734.0
86.759640704, 674.0, -18.0, -729.0
86.778902528, 677.0, -11.0, -715.0
86.798164352, 678.0, 0.0, -718.0
86.817426304, 686.0, 7.0, -723.0
86.836688128, 694.0, 2.0, -729.0
86.855949952, 689.0, -6.0, -721.0
86.875211904, 681.0, -13.0, -717.0
86.894473728, 684.0, -17.0, -720.0
86.913735552, 693.0, -34.0, -716.0
86.932997376, 687.0, -26.0, -723.0
86.952259328, 700.0, -9.0, -723.0
86.971521152, 729.0, 0.0, -701.0
86.990782976, 742.0, 10.0, -689.0
87.010044928, 696.0, 0.0, -694.0
87.029306752, 714.0, -13.0, -747.0
87.048568576, 716.0, -29.0, -752.0
87.0678304, 664.0, -21.0, -748.0
87.087092352, 641.0, -6.0, -713.0
87.106354176, 583.0, -14.0, -775.0
87.125616, 613.0, -44.0, -832.0
87.144877824, 570.0, -72.0, -802.0
87.164139776, 543.0, -118.0, -764.0
87.1834016, 526.0, -113.0, -757.0
87.202663424, 510.0, -110.0, -814.0
87.221925376, 553.0, -129.0, -796.0
87.2411872, 575.0, -136.0, -742.0
87.260449024, 555.0, -170.0, -808.0
87.279710848, 604.0, -128.0, -786.0
87.298972793, 687.0, -82.0, -736.0
87.318235904, 678.0, -79.0, -715.0
87.337499008, 648.0, -91.0, -785.0
87.356762112, 655.0, -60.0, -783.0
87.376025216, 681.0, -48.0, -761.0
87.39528832, 690.0, -23.0, -735.0
87.414551424, 670.0, -21.0, -711.0
87.433814528, 649.0, -30.0, -703.0
87.45307776, 607.0, -29.0, -773.0
87.472340864, 616.0, 14.0, -796.0
87.491603968, 696.0, 26.0, -779.0
87.510867072, 733.0, 12.0, -744.0
87.530130176, 669.0, 18.0, -762.0
87.54939328, 607.0, -54.0, -780.0
87.568656384, 529.0, -44.0, -791.0
87.587919488, 608.0, -78.0, -780.0
87.607182592, 569.0, -52.0, -771.0
87.626445696, 547.0, -8.0, -787.0
87.6457088, 559.0, 14.0, -785.0
87.664971904, 584.0, -1.0, -798.0
87.684235136, 585.0, -5.0, -815.0
87.70349824, 572.0, 31.0, -782.0
87.722761344, 616.0, -9.0, -757.0
87.742024448, 621.0, -32.0, -799.0
87.761287552, 616.0, -53.0, -818.0
87.780550656, 518.0, -13.0, -838.0
87.79981376, 432.0, -30.0, -793.0
87.819076864, 586.0, 9.0, -808.0
87.838339968, 616.0, -10.0, -871.0
87.857603072, 555.0, -9.0, -767.0
87.876866176, 524.0, -13.0, -763.0
87.89612928, 574.0, -26.0, -730.0
87.915392384, 678.0, -10.0, -775.0
87.934655616, 758.0, -53.0, -766.0
87.95391872, 696.0, -52.0, -683.0
87.973181824, 683.0, -53.0, -671.0
87.992444928, 746.0, -90.0, -724.0
88.011708032, 710.0, -70.0, -659.0
88.030971136, 738.0, -97.0, -652.0
88.05023424, 743.0, -112.0, -640.0
88.069497344, 748.0, -118.0, -643.0
88.088760448, 778.0, -122.0, -642.0
88.108023552, 762.0, -129.0, -588.0
88.127286656, 819.0, -127.0, -575.0
88.14654976, 832.0, -112.0, -592.0
88.165812992, 855.0, -251.0, -647.0
88.185076096, 898.0, -402.0, -721.0
88.2043392, 952.0, -336.0, -638.0
88.223602304, 855.0, -158.0, -493.0
88.242865408, 736.0, -55.0, -521.0
88.262128512, 761.0, -132.0, -536.0
88.281391616, 892.0, -140.0, -638.0
88.30065472, 865.0, -69.0, -570.0
88.319917824, 621.0, -6.0, -589.0
88.339180928, 550.0, -30.0, -793.0
88.358444032, 472.0, 9.0, -692.0
88.377707136, 558.0, 46.0, -817.0
88.39697024, 610.0, 44.0, -851.0
88.416233472, 616.0, 78.0, -780.0
88.435496576, 577.0, 96.0, -765.0
88.454759647, 540.0, 75.0, -800.0
88.47402368, 535.0, 55.0, -781.0
88.49328768, 592.0, 28.0, -774.0
88.512551808, 664.0, 4.0, -782.0
88.531815808, 690.0, -19.0, -766.0
88.551079808, 648.0, -35.0, -768.0
88.570343808, 591.0, -34.0, -772.0
88.589607936, 598.0, -45.0, -790.0
88.608871936, 641.0, -41.0, -775.0
88.628135936, 653.0, -44.0, -747.0
88.647399936, 632.0, -54.0, -770.0
88.666664064, 603.0, -41.0, -786.0
88.685928064, 564.0, -27.0, -779.0
88.705192064, 580.0, -3.0, -783.0
88.724456064, 632.0, -8.0, -790.0
88.743720192, 630.0, -8.0, -797.0
88.762984192, 620.0, 11.0, -789.0
88.782248192, 608.0, 10.0, -772.0
88.801512192, 602.0, 12.0, -789.0
88.82077632, 610.0, -1.0, -791.0
88.84004032, 614.0, -3.0, -786.0
88.85930432, 606.0, -15.0, -795.0
88.87856832, 591.0, -21.0, -790.0
88.897832448, 577.0, -42.0, -776.0
88.917096448, 551.0, -23.0, -828.0
88.936360448, 451.0, -18.0, -886.0
88.955624448, 459.0, -48.0, -819.0
88.974888576, 596.0, -22.0, -788.0
88.994152576, 622.0, 11.0, -829.0
89.013416576, 599.0, 13.0, -826.0
89.032680576, 583.0, 20.0, -826.0
89.051944704, 570.0, 33.0, -840.0
89.071208704, 562.0, 36.0, -805.0
89.090472704, 557.0, 24.0, -789.0
89.109736704, 566.0, 27.0, -796.0
89.129000832, 555.0, 28.0, -813.0
89.148264832, 536.0, 17.0, -817.0
89.167528832, 549.0, 15.0, -825.0
89.186792832, 557.0, 0.0, -810.0
89.20605696, 579.0, 16.0, -805.0
89.22532096, 589.0, 22.0, -796.0
89.24458496, 597.0, 1.0, -778.0
89.26384896, 621.0, 16.0, -780.0
89.283113088, 610.0, 18.0, -799.0
89.302377088, 571.0, 11.0, -795.0
89.321641088, 588.0, 5.0, -796.0
89.340905088, 609.0, -20.0, -763.0
89.360169216, 639.0, -1.0, -756.0
89.379433216, 642.0, -32.0, -711.0
89.398697216, 652.0, -46.0, -735.0
89.417961216, 655.0, -75.0, -748.0
89.437225344, 697.0, -102.0, -741.0
89.456489344, 753.0, -127.0, -699.0
89.475753344, 762.0, -104.0, -668.0
89.495017344, 737.0, -128.0, -687.0
89.514281472, 711.0, -204.0, -748.0
89.533545472, 795.0, -239.0, -727.0
89.552809472, 793.0, -155.0, -645.0
89.572073472, 736.0, -85.0, -656.0
89.5913376, 618.0, -91.0, -682.0
89.6106016, 596.0, -125.0, -653.0
89.6298656, 671.0, -105.0, -730.0
89.6491296, 769.0, -110.0, -800.0
89.668393728, 759.0, -98.0, -746.0
89.687657728, 647.0, -75.0, -760.0
89.706921728, 539.0, -61.0, -779.0
89.726185728, 496.0, -55.0, -778.0
89.745449798, 538.0, -55.0, -795.0
89.764713216, 580.0, -48.0, -794.0
89.783976576, 597.0, -57.0, -792.0
89.803240064, 604.0, -76.0, -801.0
89.822503424, 604.0, -74.0, -801.0
89.841766912, 604.0, -73.0, -811.0
89.861030272, 592.0, -74.0, -796.0
89.880293632, 567.0, -73.0, -790.0
89.89955712, 570.0, -61.0, -789.0
89.91882048, 595.0, -63.0, -791.0
89.938083968, 612.0, -69.0, -800.0
89.957347328, 595.0, -51.0, -804.0
89.976610688, 564.0, -23.0, -787.0
89.995874176, 556.0, -5.0, -789.0
90.015137536, 574.0, -5.0, -810.0
90.034401024, 586.0, -14.0, -830.0
90.053664384, 565.0, -4.0, -826.0
90.072927744, 539.0, 1.0, -826.0
90.092191232, 498.0, 10.0, -844.0
90.111454592, 499.0, 7.0, -848.0
90.130717952, 498.0, 7.0, -849.0
90.14998144, 486.0, -2.0, -857.0
90.1692448, 472.0, -2.0, -863.0
90.188508288, 469.0, -6.0, -865.0
90.207771648, 478.0, -10.0, -863.0
90.227035008, 484.0, -13.0, -862.0
90.246298496, 482.0, -6.0, -858.0
90.265561856, 483.0, -2.0, -862.0
90.284825344, 495.0, -8.0, -856.0
90.304088704, 518.0, -5.0, -863.0
90.323352064, 512.0, -12.0, -862.0
90.342615552, 509.0, -10.0, -848.0
90.361878912, 506.0, -12.0, -837.0
90.3811424, 514.0, -19.0, -840.0
90.40040576, 516.0, -24.0, -851.0
90.41966912, 527.0, -26.0, -848.0
90.438932608, 528.0, -30.0, -851.0
90.458195968, 515.0, -24.0, -855.0
90.477459456, 511.0, -20.0, -845.0
90.496722816, 513.0, -21.0, -847.0
90.515986176, 512.0, -23.0, -840.0
90.535249664, 517.0, -26.0, -854.0
90.554513024, 504.0, -25.0, -850.0
90.573776512, 506.0, -22.0, -856.0
90.593039872, 485.0, -27.0, -858.0
90.612303232, 469.0, -25.0, -855.0
90.63156672, 506.0, -16.0, -857.0
90.65083008, 520.0, -29.0, -866.0
90.67009344, 501.0, -21.0, -868.0
90.689356928, 477.0, 10.0, -867.0
90.708620288, 491.0, 38.0, -855.0
90.727883776, 535.0, -14.0, -862.0
90.747147136, 728.0, -5.0, -860.0
90.766410496, 863.0, 70.0, -840.0
90.785673984, 950.0, 9.0, -794.0
90.804937344, 1177.0, 61.0, -736.0
90.824200832, 1211.0, 109.0, -757.0
90.843464192, 1175.0, 91.0, -846.0
90.862727552, 411.0, 129.0, -778.0
90.88199104, 79.0, 151.0, -711.0
90.9012544, 525.0, 215.0, -505.0
90.920517888, 906.0, 58.0, -513.0
90.939781248, 1178.0, -221.0, -731.0
90.959044608, 1138.0, -195.0, -612.0
90.978308096, 900.0, -136.0, -489.0
90.997571456, 662.0, -110.0, -474.0
91.016834944, 457.0, -164.0, -499.0
91.036098304, 405.0, -240.0, -433.0
91.0553617, 392.0, -279.0, -350.0
91.074623616, 470.0, -339.0, -327.0
91.093885568, 586.0, -403.0, -352.0
91.11314752, 670.0, -428.0, -346.0
91.1324096, 704.0, -473.0, -340.0
91.151671552, 723.0, -453.0, -305.0
91.170933504, 679.0, -474.0, -318.0
91.190195456, 621.0, -503.0, -327.0
91.209457408, 526.0, -567.0, -341.0
91.228719488, 375.0, -494.0, -290.0
91.24798144, 2.0, -832.0, -718.0
91.267243392, 1494.0, -837.0, -267.0
91.286505344, 3064.0, -422.0, -142.0
91.305767296, 1160.0, -490.0, -104.0
91.325029376, 232.0, -460.0, -386.0
91.344291328, 385.0, -490.0, -513.0
91.36355328, 447.0, -530.0, -297.0
91.382815232, 687.0, -492.0, -422.0
91.402077184, 923.0, -476.0, -396.0
91.421339264, 909.0, -450.0, -307.0
91.440601216, 848.0, -395.0, -354.0
91.459863168, 843.0, -329.0, -430.0
91.47912512, 930.0, -318.0, -428.0
91.498387072, 941.0, -321.0, -403.0
91.517649152, 874.0, -329.0, -414.0
91.536911104, 819.0, -332.0, -399.0
91.556173056, 780.0, -349.0, -376.0
91.575435008, 793.0, -380.0, -383.0
91.59469696, 815.0, -394.0, -366.0
91.61395904, 832.0, -372.0, -355.0
91.633220992, 856.0, -380.0, -355.0
91.652482944, 851.0, -385.0, -382.0
91.671744896, 841.0, -392.0, -385.0
91.691006848, 834.0, -396.0, -373.0
91.7102688, 828.0, -389.0, -370.0
91.72953088, 823.0, -377.0, -374.0
91.748792832, 826.0, -386.0, -377.0
91.768054784, 833.0, -392.0, -384.0
91.787316736, 828.0, -382.0, -376.0
91.806578688, 828.0, -382.0, -371.0
91.825840768, 835.0, -383.0, -369.0
91.84510272, 826.0, -388.0, -367.0
91.864364672, 825.0, -388.0, -361.0
91.883626624, 827.0, -394.0, -372.0
91.902888576, 827.0, -393.0, -376.0
91.922150656, 829.0, -402.0, -384.0
91.941412608, 828.0, -396.0, -379.0
91.96067456, 822.0, -396.0, -375.0
91.979936512, 817.0, -399.0, -382.0
91.999198464, 811.0, -402.0, -384.0
92.018460544, 807.0, -404.0, -381.0
92.037722496, 819.0, -403.0, -378.0
92.056984448, 824.0, -400.0, -377.0
92.0762464, 825.0, -405.0, -377.0
92.095508352, 820.0, -408.0, -376.0
92.114770432, 815.0, -403.0, -373.0
92.134032384, 819.0, -408.0, -380.0
92.153294336, 822.0, -405.0, -377.0
92.172556288, 824.0, -403.0, -373.0
92.19181824, 817.0, -408.0, -379.0
92.21108032, 807.0, -404.0, -382.0
92.230342272, 806.0, -394.0, -379.0
92.249604284, 811.0, -399.0, -382.0
92.268868608, 822.0, -401.0, -377.0
92.288132992, 826.0, -399.0, -375.0
92.307397376, 830.0, -402.0, -371.0
92.326661888, 820.0, -401.0, -365.0
92.345926272, 816.0, -401.0, -369.0
92.365190656, 813.0, -407.0, -373.0
92.38445504, 820.0, -407.0, -374.0
92.403719424, 817.0, -412.0, -375.0
92.422983808, 813.0, -411.0, -374.0
92.44224832, 811.0, -412.0, -378.0
92.461512704, 810.0, -406.0, -378.0
92.480777088, 809.0, -407.0, -375.0
92.500041472, 815.0, -403.0, -372.0
92.519305856, 824.0, -399.0, -371.0
92.538570368, 823.0, -404.0, -374.0
92.557834752, 815.0, -399.0, -379.0
92.577099136, 813.0, -403.0, -379.0
92.59636352, 825.0, -402.0, -381.0
92.615627904, 820.0, -405.0, -376.0
92.634892288, 820.0, -406.0, -382.0
92.6541568, 815.0, -402.0, -384.0
92.673421184, 810.0, -405.0, -383.0
92.692685568, 810.0, -406.0, -381.0
92.711949952, 809.0, -405.0, -374.0
92.731214336, 821.0, -415.0, -374.0
92.750478848, 823.0, -409.0, -377.0
92.769743232, 817.0, -406.0, -378.0
92.789007616, 814.0, -405.0, -379.0
92.808272, 819.0, -402.0, -371.0
92.827536384, 819.0, -412.0, -371.0
92.846800768, 816.0, -406.0, -366.0
92.86606528, 815.0, -410.0, -373.0
92.885329664, 821.0, -404.0, -375.0
92.904594048, 820.0, -408.0, -373.0
92.923858432, 811.0, -406.0, -375.0
92.943122816, 813.0, -404.0, -379.0
92.962387328, 819.0, -408.0, -375.0
92.981651712, 820.0, -410.0, -378.0
93.000916096, 818.0, -414.0, -378.0
93.02018048, 815.0, -408.0, -374.0
93.039444864, 811.0, -413.0, -373.0
93.058709248, 809.0, -413.0, -375.0
93.07797376, 814.0, -410.0, -377.0
93.097238144, 821.0, -410.0, -373.0
93.116502528, 819.0, -412.0, -372.0
93.135766912, 819.0, -407.0, -374.0
93.155031296, 811.0, -410.0, -375.0
93.174295808, 809.0, -410.0, -379.0
93.193560192, 817.0, -412.0, -367.0
93.212824576, 818.0, -412.0, -374.0
93.23208896, 818.0, -410.0, -370.0
93.251353344, 814.0, -415.0, -372.0
93.270617728, 816.0, -413.0, -374.0
93.28988224, 810.0, -413.0, -372.0
93.309146624, 816.0, -417.0, -370.0
93.328411008, 816.0, -419.0, -374.0
93.347675392, 813.0, -411.0, -375.0
93.366939776, 808.0, -420.0, -373.0
93.386204288, 815.0, -420.0, -370.0
93.405468672, 810.0, -417.0, -376.0
93.424733056, 810.0, -416.0, -372.0
93.44399744, 814.0, -417.0, -375.0
93.463261824, 815.0, -413.0, -375.0
93.482526208, 811.0, -413.0, -374.0
93.50179072, 813.0, -416.0, -378.0
93.521055104, 807.0, -413.0, -374.0
93.540319488, 816.0, -418.0, -376.0
93.559583872, 812.0, -418.0, -380.0
93.578848256, 812.0, -413.0, -373.0
93.598112768, 811.0, -414.0, -375.0
93.617377152, 804.0, -416.0, -379.0
93.636641536, 805.0, -419.0, -383.0
93.65590592, 812.0, -416.0, -375.0
93.675170304, 811.0, -412.0, -373.0
93.694434688, 814.0, -415.0, -373.0
93.7136992, 810.0, -414.0, -378.0
93.732963584, 807.0, -418.0, -376.0
93.752227968, 804.0, -419.0, -376.0
93.771492352, 810.0, -418.0, -382.0
93.790756736, 810.0, -413.0, -380.0
93.810021248, 813.0, -416.0, -375.0
93.829285632, 807.0, -415.0, -376.0
93.848550016, 813.0, -418.0, -376.0
93.8678144, 810.0, -413.0, -379.0
93.887078784, 809.0, -415.0, -382.0
93.906343168, 809.0, -416.0, -378.0
93.92560768, 808.0, -420.0, -381.0
93.944872064, 811.0, -416.0, -384.0
93.964136448, 811.0, -415.0, -379.0
93.983400832, 808.0, -421.0, -379.0
94.002665216, 808.0, -416.0, -384.0
94.021929728, 812.0, -412.0, -383.0
94.041194112, 814.0, -413.0, -386.0
94.060458496, 808.0, -412.0, -384.0
94.079722969, 808.0, -411.0, -381.0
94.098987392, 809.0, -412.0, -388.0
94.118251776, 810.0, -413.0, -384.0
94.13751616, 814.0, -415.0, -380.0
94.156780672, 808.0, -414.0, -384.0
94.176045056, 808.0, -414.0, -382.0
94.19530944, 819.0, -416.0, -383.0
94.214573824, 812.0, -412.0, -379.0
94.233838208, 810.0, -414.0, -382.0
94.25310272, 811.0, -409.0, -387.0
94.272367104, 813.0, -414.0, -382.0
94.291631488, 815.0, -407.0, -379.0
94.310895872, 811.0, -408.0, -383.0
94.330160256, 814.0, -407.0, -379.0
94.349424768, 814.0, -410.0, -385.0
94.368689152, 809.0, -412.0, -383.0
94.387953536, 810.0, -416.0, -385.0
94.40721792, 812.0, -412.0, -382.0
94.426482432, 816.0, -416.0, -379.0
94.445746816, 812.0, -412.0, -382.0
94.4650112, 811.0, -407.0, -390.0
94.484275584, 817.0, -409.0, -388.0
94.503539968, 812.0, -409.0, -385.0
94.52280448, 811.0, -414.0, -386.0
94.542068864, 803.0, -413.0, -386.0
94.561333248, 804.0, -414.0, -384.0
94.580597632, 813.0, -409.0, -387.0
94.599862016, 812.0, -409.0, -389.0
94.619126528, 808.0, -409.0, -384.0
94.638390912, 810.0, -405.0, -387.0
94.657655296, 814.0, -406.0, -386.0
94.67691968, 813.0, -404.0, -384.0
94.696184064, 810.0, -407.0, -387.0
94.715448576, 815.0, -408.0, -382.0
94.73471296, 814.0, -406.0, -387.0
94.753977344, 810.0, -410.0, -389.0
94.773241728, 810.0, -410.0, -388.0
94.792506112, 813.0, -403.0, -382.0
94.811770624, 815.0, -411.0, -390.0
94.831035008, 810.0, -413.0, -383.0
94.850299392, 808.0, -413.0, -385.0
94.869563776, 810.0, -411.0, -388.0
94.88882816, 810.0, -410.0, -382.0
94.908092672, 809.0, -412.0, -384.0
94.927357056, 818.0, -410.0, -381.0
94.94662144, 814.0, -407.0, -380.0
94.965885824, 812.0, -411.0, -376.0
94.985150208, 800.0, -413.0, -386.0
95.00441472, 812.0, -414.0, -381.0
95.023679104, 812.0, -411.0, -382.0
95.042943488, 810.0, -414.0, -380.0
95.062207872, 812.0, -416.0, -379.0
95.081472384, 812.0, -417.0, -380.0
95.100736768, 807.0, -416.0, -383.0
95.120001152, 808.0, -411.0, -383.0
95.139265536, 811.0, -419.0, -379.0
95.15852992, 811.0, -423.0, -384.0
95.177794432, 812.0, -418.0, -382.0
95.197058816, 812.0, -418.0, -382.0
95.2163232, 808.0, -414.0, -382.0
95.235587584, 804.0, -413.0, -381.0
95.254851968, 806.0, -414.0, -378.0
95.27411648, 812.0, -416.0, -377.0
95.293380864, 815.0, -418.0, -378.0
95.312645248, 814.0, -416.0, -377.0
95.331909632, 813.0, -416.0, -375.0
95.351174016, 810.0, -415.0, -380.0
95.370438528, 805.0, -421.0, -376.0
95.389702912, 806.0, -418.0, -382.0
95.408967296, 807.0, -416.0, -381.0
95.42823168, 807.0, -419.0, -378.0
95.447496064, 806.0, -418.0, -380.0
95.466760576, 808.0, -416.0, -383.0
95.48602496, 810.0, -416.0, -380.0
95.505289344, 808.0, -416.0, -383.0
95.524553728, 808.0, -415.0, -378.0
95.543818112, 809.0, -421.0, -381.0
95.563082624, 810.0, -415.0, -378.0
95.582347008, 805.0, -416.0, -379.0
95.601611392, 807.0, -420.0, -381.0
95.620875776, 810.0, -423.0, -385.0
95.640140288, 812.0, -415.0, -380.0
95.659404672, 808.0, -418.0, -381.0
95.678669056, 808.0, -423.0, -382.0
95.69793344, 809.0, -416.0, -381.0
95.717197824, 805.0, -420.0, -387.0
95.736462336, 805.0, -419.0, -386.0
95.75572672, 805.0, -419.0, -390.0
95.774991104, 804.0, -420.0, -386.0
95.794255488, 803.0, -420.0, -389.0
95.813519872, 809.0, -418.0, -387.0
95.832784384, 807.0, -413.0, -387.0
95.852048768, 814.0, -418.0, -381.0
95.871313152, 804.0, -418.0, -385.0
95.890577536, 805.0, -416.0, -387.0
95.90984192, 805.0, -411.0, -378.0
95.929106432, 808.0, -418.0, -381.0
95.948370816, 807.0, -416.0, -385.0
95.9676352, 810.0, -415.0, -380.0
95.986899602, 805.0, -411.0, -379.0
96.006162816, 808.0, -409.0, -383.0
96.025426048, 809.0, -417.0, -383.0
96.04468928, 809.0, -420.0, -389.0
96.063952512, 807.0, -416.0, -383.0
96.083215616, 807.0, -411.0, -386.0
96.102478848, 808.0, -417.0, -393.0
96.12174208, 807.0, -415.0, -385.0
96.141005312, 811.0, -414.0, -384.0
96.160268544, 812.0, -414.0, -382.0
96.179531776, 805.0, -414.0, -383.0
96.198795008, 807.0, -413.0, -386.0
96.21805824, 811.0, -416.0, -384.0
96.237321344, 811.0, -415.0, -387.0
96.256584576, 807.0, -420.0, -387.0
96.275847808, 809.0, -417.0, -385.0
96.29511104, 809.0, -417.0, -381.0
96.314374272, 809.0, -417.0, -385.0
96.333637504, 804.0, -416.0, -382.0
96.352900736, 809.0, -417.0, -385.0
96.372163968, 807.0, -421.0, -386.0
96.391427072, 811.0, -417.0, -386.0
96.410690304, 806.0, -418.0, -386.0
96.429953536, 806.0, -416.0, -381.0
96.449216768, 808.0, -413.0, -387.0
96.46848, 814.0, -412.0, -387.0
96.487743232, 805.0, -413.0, -381.0
96.507006464, 805.0, -409.0, -379.0
96.526269696, 808.0, -415.0, -386.0
96.5455328, 812.0, -415.0, -382.0
96.564796032, 815.0, -410.0, -385.0
96.584059264, 808.0, -413.0, -385.0
96.603322496, 807.0, -410.0, -387.0
96.622585728, 810.0, -413.0, -383.0
96.64184896, 809.0, -413.0, -383.0
96.661112192, 808.0, -417.0, -391.0
96.680375424, 813.0, -416.0, -397.0
96.699638528, 814.0, -410.0, -393.0
96.71890176, 806.0, -415.0, -387.0
96.738164992, 807.0, -408.0, -388.0
96.757428224, 811.0, -412.0, -384.0
96.776691456, 812.0, -414.0, -382.0
96.795954688, 810.0, -408.0, -382.0
96.81521792, 809.0, -410.0, -383.0
96.834481152, 808.0, -412.0, -378.0
96.853744256, 810.0, -419.0, -377.0
96.873007488, 813.0, -414.0, -379.0
96.89227072, 810.0, -412.0, -378.0
96.911533952, 814.0, -412.0, -384.0
96.930797184, 816.0, -416.0, -381.0
96.950060416, 810.0, -413.0, -386.0
96.969323648, 808.0, -408.0, -386.0
96.98858688, 805.0, -410.0, -390.0
97.007849984, 808.0, -414.0, -385.0
97.027113216, 811.0, -413.0, -387.0
97.046376448, 814.0, -411.0, -384.0
97.06563968, 810.0, -414.0, -384.0
97.084902912, 810.0, -415.0, -379.0
97.104166144, 813.0, -415.0, -379.0
97.123429376, 809.0, -410.0, -380.0
97.142692608, 810.0, -411.0, -374.0
97.161955712, 819.0, -418.0, -374.0
97.181218944, 814.0, -414.0, -377.0
97.200482176, 810.0, -410.0, -385.0
97.219745408, 810.0, -411.0, -384.0
97.23900864, 810.0, -410.0, -379.0
97.258271872, 810.0, -411.0, -381.0
97.277535104, 811.0, -413.0, -391.0
97.296798336, 807.0, -409.0, -388.0
97.31606144, 806.0, -413.0, -389.0
97.335324672, 810.0, -413.0, -390.0
97.354587904, 812.0, -406.0, -387.0
97.373851136, 810.0, -404.0, -379.0
97.393114368, 812.0, -407.0, -382.0
97.4123776, 815.0, -408.0, -380.0
97.431640832, 814.0, -413.0, -379.0
97.450904064, 817.0, -411.0, -376.0
97.470167168, 817.0, -415.0, -376.0
97.4894304, 811.0, -415.0, -376.0
97.508693632, 813.0, -415.0, -383.0
97.527956864, 813.0, -408.0, -377.0
97.547220096, 809.0, -412.0, -384.0
97.566483328, 809.0, -413.0, -385.0
97.58574656, 806.0, -412.0, -379.0
97.605009792, 809.0, -418.0, -384.0
97.624272896, 811.0, -415.0, -384.0
97.643536128, 812.0, -420.0, -381.0
97.66279936, 816.0, -417.0, -378.0
97.682062592, 810.0, -418.0, -374.0
97.701325824, 816.0, -420.0, -375.0
97.720589056, 811.0, -422.0, -374.0
97.739852288, 816.0, -420.0, -371.0
97.75911552, 812.0, -416.0, -374.0
97.778378624, 809.0, -420.0, -380.0
97.797641856, 812.0, -420.0, -377.0
97.816905088, 810.0, -422.0, -372.0
97.836168332, 813.0, -418.0, -381.0
97.855431552, 811.0, -420.0, -376.0
97.874694784, 809.0, -420.0, -377.0
97.893958016, 809.0, -420.0, -379.0
97.913221248, 806.0, -423.0, -377.0
97.93248448, 807.0, -419.0, -377.0
97.951747712, 809.0, -423.0, -372.0
97.971011072, 806.0, -421.0, -377.0
97.990274304, 811.0, -420.0, -371.0
98.009537536, 811.0, -425.0, -373.0
98.028800768, 809.0, -422.0, -372.0
98.048064, 806.0, -420.0, -370.0
98.067327232, 806.0, -420.0, -379.0
98.086590464, 809.0, -421.0, -375.0
98.105853696, 815.0, -422.0, -376.0
98.125116928, 808.0, -429.0, -375.0
98.14438016, 808.0, -420.0, -377.0
98.16364352, 810.0, -417.0, -379.0
98.182906752, 808.0, -419.0, -374.0
98.202169984, 802.0, -423.0, -381.0
98.221433216, 809.0, -420.0, -378.0
98.240696448, 806.0, -422.0, -374.0
98.25995968, 809.0, -427.0, -376.0
98.279222912, 808.0, -421.0, -375.0
98.298486144, 812.0, -418.0, -379.0
98.317749376, 806.0, -420.0, -380.0
98.337012608, 807.0, -419.0, -381.0
98.35627584, 806.0, -418.0, -377.0
98.3755392, 805.0, -423.0, -382.0
98.394802432, 811.0, -421.0, -380.0
98.414065664, 806.0, -421.0, -383.0
98.433328896, 809.0, -421.0, -379.0
98.452592128, 811.0, -419.0, -383.0
98.47185536, 809.0, -420.0, -386.0
98.491118592, 808.0, -421.0, -382.0
98.510381824, 802.0, -421.0, -383.0
98.529645056, 808.0, -426.0, -383.0
98.548908288, 809.0, -421.0, -383.0
98.568171648, 805.0, -419.0, -377.0
98.58743488, 807.0, -417.0, -380.0
98.606698112, 811.0, -414.0, -377.0
98.625961344, 809.0, -415.0, -375.0
98.645224576, 810.0, -416.0, -375.0
98.664487808, 811.0, -420.0, -376.0
98.68375104, 811.0, -418.0, -378.0
98.703014272, 808.0, -420.0, -380.0
98.722277504, 807.0, -425.0, -383.0
98.741540736, 805.0, -422.0, -380.0
98.760803968, 812.0, -419.0, -380.0
98.780067328, 811.0, -418.0, -380.0
98.79933056, 810.0, -415.0, -378.0
98.818593792, 809.0, -419.0, -385.0
98.837857024, 812.0, -413.0, -386.0
98.857120256, 810.0, -415.0, -382.0
98.876383488, 809.0, -410.0, -383.0
98.89564672, 813.0, -415.0, -380.0
98.914909952, 807.0, -417.0, -385.0
98.934173184, 811.0, -413.0, -382.0
98.953436416, 812.0, -413.0, -382.0
98.972699648, 808.0, -409.0, -384.0
98.991963008, 810.0, -408.0, -387.0
99.01122624, 810.0, -410.0, -384.0
99.030489472, 809.0, -412.0, -388.0
99.049752704, 812.0, -412.0, -381.0
99.069015936, 813.0, -408.0, -382.0
99.088279168, 810.0, -419.0, -382.0
99.1075424, 812.0, -412.0, -380.0
99.126805632, 812.0, -418.0, -380.0
99.146068864, 808.0, -413.0, -381.0
99.165332096, 812.0, -413.0, -387.0
99.184595456, 808.0, -412.0, -386.0
99.203858688, 808.0, -412.0, -381.0
99.22312192, 811.0, -412.0, -386.0
99.242385152, 807.0, -409.0, -383.0
99.261648384, 808.0, -405.0, -382.0
99.280911616, 810.0, -417.0, -379.0
99.300174848, 810.0, -417.0, -381.0
99.31943808, 811.0, -414.0, -374.0
99.338701312, 813.0, -417.0, -379.0
99.357964544, 815.0, -418.0, -376.0
99.377227776, 816.0, -418.0, -379.0
99.396491136, 811.0, -416.0, -379.0
99.415754368, 814.0, -415.0, -376.0
99.4350176, 807.0, -417.0, -381.0
99.454280832, 806.0, -414.0, -387.0
99.473544064, 807.0, -414.0, -384.0
99.492807296, 809.0, -412.0, -382.0
99.512070528, 813.0, -416.0, -382.0
99.53133376, 810.0, -417.0, -377.0
99.550596992, 811.0, -411.0, -376.0
99.569860224, 810.0, -419.0, -374.0
99.589123584, 817.0, -410.0, -376.0
99.608386816, 813.0, -416.0, -376.0
99.627650048, 815.0, -416.0, -372.0
99.64691328, 813.0, -416.0, -374.0
99.666176512, 819.0, -417.0, -376.0
99.685439744, 808.0, -420.0, -374.0
99.704702976, 815.0, -419.0, -375.0
99.723966208, 811.0, -416.0, -374.0
99.74322944, 810.0, -420.0, -374.0
99.762492672, 812.0, -421.0, -374.0
99.781755904, 815.0, -421.0, -379.0
99.801019264, 813.0, -420.0, -373.0
99.820282496, 807.0, -419.0, -372.0
99.839545728, 810.0, -425.0, -372.0
99.85880896, 812.0, -417.0, -370.0
99.878072192, 813.0, -422.0, -371.0
99.897335424, 809.0, -422.0, -369.0
99.916598698, 812.0, -424.0, -374.0
99.935862144, 810.0, -426.0, -377.0
99.955125632, 810.0, -422.0, -371.0
99.974389248, 811.0, -422.0, -374.0
99.993652736, 808.0, -421.0, -372.0
100.012916352, 805.0, -424.0, -374.0
100.03217984, 808.0, -420.0, -372.0
100.051443456, 806.0, -423.0, -378.0
100.070706944, 807.0, -419.0, -379.0
100.08997056, 810.0, -424.0, -370.0
100.109234048, 809.0, -426.0, -375.0
100.128497664, 810.0, -427.0, -371.0
100.147761152, 810.0, -420.0, -372.0
100.167024768, 807.0, -425.0, -373.0
100.186288256, 812.0, -419.0, -370.0
100.205551872, 808.0, -418.0, -368.0
100.22481536, 811.0, -422.0, -372.0
100.244078976, 806.0, -420.0, -373.0
100.263342464, 808.0, -424.0, -370.0
100.28260608, 805.0, -426.0, -375.0
100.301869568, 810.0, -424.0, -379.0
100.321133056, 808.0, -428.0, -377.0
100.340396672, 809.0, -425.0, -378.0
100.35966016, 806.0, -423.0, -377.0
100.378923776, 803.0, -425.0, -374.0
100.398187264, 815.0, -423.0, -379.0
100.41745088, 811.0, -422.0, -374.0
100.436714368, 805.0, -424.0, -375.0
100.455977984, 803.0, -419.0, -373.0
100.475241472, 807.0, -419.0, -371.0
100.494505088, 809.0, -427.0, -375.0
100.513768576, 806.0, -431.0, -376.0
100.533032192, 806.0, -427.0, -377.0
100.55229568, 807.0, -421.0, -376.0
100.571559296, 808.0, -427.0, -374.0
100.590822784, 808.0, -425.0, -374.0
100.6100864, 808.0, -421.0, -379.0
100.629349888, 808.0, -420.0, -378.0
100.648613376, 805.0, -422.0, -377.0
100.667876992, 807.0, -420.0, -378.0
100.68714048, 809.0, -420.0, -378.0
100.706404096, 808.0, -418.0, -376.0
100.725667584, 808.0, -422.0, -374.0
100.7449312, 805.0, -422.0, -375.0
100.764194688, 808.0, -420.0, -375.0
100.783458304, 814.0, -417.0, -372.0
100.802721792, 812.0, -417.0, -372.0
100.821985408, 812.0, -414.0, -375.0
100.841248896, 811.0, -415.0, -375.0
100.860512512, 809.0, -415.0, -377.0
100.879776, 808.0, -416.0, -380.0
100.899039616, 808.0, -414.0, -379.0
100.918303104, 811.0, -417.0, -384.0
100.93756672, 807.0, -420.0, -389.0
100.956830208, 805.0, -416.0, -386.0
100.976093824, 812.0, -417.0, -383.0
100.995357312, 811.0, -417.0, -380.0
101.0146208, 809.0, -415.0, -381.0
101.033884416, 813.0, -413.0, -382.0
101.053147904, 815.0, -412.0, -378.0
101.07241152, 811.0, -420.0, -375.0
101.091675008, 807.0, -417.0, -373.0
101.110938624, 811.0, -420.0, -379.0
101.130202112, 812.0, -422.0, -375.0
101.149465728, 813.0, -416.0, -374.0
101.168729216, 813.0, -415.0, -373.0
101.187992832, 812.0, -418.0, -376.0
101.20725632, 809.0, -420.0, -376.0
101.226519936, 814.0, -420.0, -379.0
101.245783424, 808.0, -412.0, -379.0
101.26504704, 810.0, -419.0, -380.0
101.284310528, 807.0, -417.0, -379.0
101.303574144, 809.0, -417.0, -373.0
101.322837632, 812.0, -416.0, -376.0
101.34210112, 814.0, -420.0, -379.0
101.361364736, 815.0, -417.0, -379.0
101.380628224, 813.0, -415.0, -377.0
101.39989184, 813.0, -417.0, -373.0
101.419155328, 812.0, -419.0, -374.0
101.438418944, 817.0, -415.0, -378.0
101.457682432, 807.0, -415.0, -381.0
101.476946048, 807.0, -419.0, -378.0
101.496209536, 809.0, -416.0, -376.0
101.515473152, 814.0, -414.0, -378.0
101.53473664, 814.0, -417.0, -381.0
101.554000256, 807.0, -413.0, -380.0
101.573263744, 811.0, -417.0, -380.0
101.59252736, 812.0, -416.0, -373.0
101.611790848, 815.0, -418.0, -374.0
101.631054464, 810.0, -423.0, -371.0
101.650317952, 811.0, -415.0, -369.0
101.669581568, 813.0, -422.0, -368.0
101.688845056, 815.0, -423.0, -367.0
101.708108544, 816.0, -420.0, -363.0
101.72737216, 815.0, -426.0, -363.0
101.746635648, 812.0, -422.0, -370.0
101.765899264, 813.0, -422.0, -375.0
101.785162752, 812.0, -422.0, -371.0
101.804426368, 811.0, -422.0, -368.0
101.823689856, 813.0, -425.0, -373.0
101.842953472, 806.0, -422.0, -369.0
101.86221696, 809.0, -427.0, -373.0
101.881480576, 808.0, -422.0, -374.0
101.900744064, 812.0, -417.0, -376.0
101.920007738, 805.0, -418.0, -371.0
101.939268992, 807.0, -417.0, -370.0
101.958530304, 812.0, -419.0, -373.0
101.977791488, 811.0, -425.0, -372.0
101.9970528, 810.0, -422.0, -368.0
102.016313984, 810.0, -421.0, -372.0
102.035575296, 811.0, -428.0, -373.0
102.05483648, 812.0, -423.0, -369.0
102.074097792, 816.0, -428.0, -370.0
102.093358976, 810.0, -426.0, -372.0
102.112620288, 808.0, -427.0, -370.0
102.131881472, 808.0, -431.0, -372.0
102.151142784, 812.0, -427.0, -368.0
102.170403968, 807.0, -425.0, -376.0
102.18966528, 809.0, -428.0, -368.0
102.208926592, 808.0, -432.0, -369.0
102.228187776, 811.0, -428.0, -368.0
102.247449088, 810.0, -430.0, -367.0
102.266710272, 809.0, -426.0, -367.0
102.285971584, 806.0, -429.0, -364.0
102.305232768, 806.0, -423.0, -368.0
102.32449408, 809.0, -430.0, -371.0
102.343755264, 810.0, -429.0, -367.0
102.363016576, 807.0, -430.0, -366.0
102.38227776, 809.0, -431.0, -370.0
102.401539072, 812.0, -430.0, -368.0
102.420800256, 805.0, -429.0, -371.0
102.440061568, 802.0, -429.0, -373.0
102.459322752, 804.0, -430.0, -374.0
102.478584064, 808.0, -433.0, -369.0
102.497845376, 814.0, -432.0, -369.0
102.51710656, 813.0, -428.0, -369.0
102.536367872, 811.0, -426.0, -368.0
102.555629056, 807.0, -428.0, -368.0
102.574890368, 809.0, -425.0, -369.0
102.594151552, 811.0, -425.0, -369.0
102.613412864, 813.0, -428.0, -371.0
102.632674048, 809.0, -430.0, -368.0
102.65193536, 809.0, -427.0, -372.0
102.671196544, 811.0, -428.0, -373.0
102.690457856, 808.0, -424.0, -371.0
102.70971904, 806.0, -427.0, -374.0
102.728980352, 804.0, -425.0, -371.0
102.748241664, 807.0, -426.0, -377.0
102.767502848, 809.0, -424.0, -370.0
102.78676416, 804.0, -427.0, -369.0
102.806025344, 810.0, -426.0, -369.0
102.825286656, 813.0, -427.0, -374.0
102.84454784, 815.0, -426.0, -372.0
102.863809152, 807.0, -422.0, -368.0
102.883070336, 806.0, -423.0, -372.0
102.902331648, 809.0, -423.0, -369.0
102.921592832, 811.0, -421.0, -375.0
102.940854144, 809.0, -424.0, -376.0
102.960115328, 804.0, -419.0, -377.0
102.97937664, 805.0, -422.0, -369.0
102.998637824, 810.0, -424.0, -369.0
103.017899136, 813.0, -427.0, -373.0
103.037160448, 810.0, -424.0, -377.0
103.056421632, 807.0, -421.0, -377.0
103.075682944, 808.0, -422.0, -383.0
103.094944128, 809.0, -416.0, -383.0
103.11420544, 810.0, -420.0, -383.0
103.133466624, 809.0, -416.0, -379.0
103.152727936, 807.0, -413.0, -379.0
103.17198912, 809.0, -419.0, -377.0
103.191250432, 813.0, -418.0, -379.0
103.210511616, 813.0, -418.0, -373.0
103.229772928, 810.0, -415.0, -372.0
103.249034112, 812.0, -419.0, -378.0
103.268295424, 811.0, -420.0, -375.0
103.287556736, 818.0, -417.0, -378.0
103.30681792, 810.0, -417.0, -373.0
103.326079232, 809.0, -419.0, -377.0
103.345340416, 807.0, -414.0, -384.0
103.364601728, 808.0, -414.0, -379.0
103.383862912, 810.0, -415.0, -379.0
103.403124224, 811.0, -421.0, -375.0
103.422385408, 804.0, -420.0, -383.0
103.44164672, 806.0, -418.0, -377.0
103.460907904, 811.0, -419.0, -379.0
103.480169216, 815.0, -422.0, -377.0
103.4994304, 812.0, -418.0, -375.0
103.518691712, 810.0, -418.0, -375.0
103.537952896, 812.0, -417.0, -369.0
103.557214208, 813.0, -420.0, -377.0
103.57647552, 811.0, -415.0, -371.0
103.595736704, 813.0, -418.0, -376.0
103.614998016, 812.0, -420.0, -376.0
103.6342592, 808.0, -420.0, -372.0
103.653520512, 809.0, -418.0, -378.0
103.672781696, 813.0, -423.0, -376.0
103.692043008, 813.0, -425.0, -382.0
103.711304192, 809.0, -418.0, -377.0
103.730565504, 808.0, -416.0, -377.0
103.749826688, 808.0, -416.0, -376.0
103.769088, 815.0, -418.0, -376.0
103.788349184, 811.0, -427.0, -383.0
103.807610496, 804.0, -420.0, -379.0
103.826871808, 809.0, -416.0, -376.0
103.846132996, 812.0, -416.0, -372.0
103.865395968, 814.0, -418.0, -373.0
103.884658944, 812.0, -420.0, -372.0
103.90392192, 814.0, -420.0, -370.0
103.923184896, 815.0, -420.0, -371.0
103.942448, 810.0, -420.0, -376.0
103.961710976, 812.0, -420.0, -374.0
103.980973952, 809.0, -421.0, -372.0
104.000236928, 809.0, -424.0, -372.0
104.019499904, 813.0, -422.0, -371.0
104.03876288, 813.0, -424.0, -371.0
104.058025856, 813.0, -422.0, -368.0
104.077288832, 812.0, -427.0, -371.0
104.096551936, 812.0, -423.0, -369.0
104.115814912, 815.0, -425.0, -370.0
104.135077888, 807.0, -422.0, -366.0
104.154340864, 808.0, -423.0, -369.0
104.17360384, 807.0, -419.0, -369.0
104.192866816, 816.0, -429.0, -368.0
104.212129792, 814.0, -423.0, -364.0
104.231392768, 811.0, -421.0, -367.0
104.250655872, 807.0, -428.0, -372.0
104.269918848, 807.0, -431.0, -370.0
104.289181824, 808.0, -433.0, -368.0
104.3084448, 811.0, -430.0, -370.0
104.327707776, 807.0, -427.0, -369.0
104.346970752, 809.0, -430.0, -368.0
104.366233728, 806.0, -427.0, -369.0
104.385496832, 808.0, -430.0, -373.0
104.404759808, 810.0, -429.0, -370.0
104.424022784, 809.0, -431.0, -371.0
104.44328576, 806.0, -423.0, -359.0
104.462548736, 807.0, -426.0, -367.0
104.481811712, 805.0, -425.0, -367.0
104.501074688, 805.0, -423.0, -367.0
104.520337664, 809.0, -428.0, -366.0
104.539600768, 807.0, -430.0, -364.0
104.558863744, 807.0, -429.0, -370.0
104.57812672, 811.0, -431.0, -366.0
104.597389696, 808.0, -428.0, -368.0
104.616652672, 810.0, -424.0, -360.0
104.635915648, 807.0, -428.0, -371.0
104.655178624, 805.0, -431.0, -369.0
104.674441728, 806.0, -425.0, -369.0
104.693704704, 807.0, -430.0, -374.0
104.71296768, 808.0, -427.0, -378.0
104.732230656, 810.0, -432.0, -373.0
104.751493632, 807.0, -433.0, -376.0
104.770756608, 805.0, -433.0, -369.0
104.790019584, 805.0, -426.0, -368.0
104.80928256, 804.0, -427.0, -372.0
104.828545664, 806.0, -427.0, -366.0
104.84780864, 806.0, -430.0, -371.0
104.867071616, 809.0, -428.0, -372.0
104.886334592, 811.0, -423.0, -369.0
104.905597568, 808.0, -431.0, -365.0
104.924860544, 807.0, -434.0, -368.0
104.94412352, 811.0, -432.0, -371.0
104.963386496, 806.0, -431.0, -369.0
104.9826496, 811.0, -423.0, -370.0
105.001912576, 809.0, -426.0, -370.0
105.021175552, 811.0, -426.0, -368.0
105.040438528, 810.0, -421.0, -373.0
105.059701504, 810.0, -428.0, -371.0
105.07896448, 807.0, -425.0, -373.0
105.098227456, 806.0, -421.0, -378.0
105.11749056, 812.0, -422.0, -376.0
105.136753536, 808.0, -424.0, -374.0
105.156016512, 811.0, -421.0, -374.0
105.175279488, 807.0, -422.0, -371.0
105.194542464, 810.0, -423.0, -373.0
105.21380544, 811.0, -419.0, -369.0
105.233068416, 816.0, -423.0, -373.0
105.252331392, 810.0, -422.0, -378.0
105.271594496, 809.0, -418.0, -372.0
105.290857472, 809.0, -422.0, -375.0
105.310120448, 811.0, -419.0, -376.0
105.329383424, 807.0, -424.0, -381.0
105.3486464, 809.0, -420.0, -375.0
105.367909376, 813.0, -423.0, -377.0
105.387172352, 809.0, -424.0, -374.0
105.406435328, 808.0, -417.0, -377.0
105.425698432, 810.0, -420.0, -379.0
105.444961408, 811.0, -423.0, -371.0
105.464224384, 808.0, -418.0, -379.0
105.48348736, 810.0, -418.0, -372.0
105.502750336, 810.0, -422.0, -371.0
105.522013312, 808.0, -419.0, -371.0
105.541276288, 812.0, -421.0, -377.0
105.560539392, 809.0, -421.0, -373.0
105.579802368, 812.0, -425.0, -372.0
105.599065344, 807.0, -424.0, -378.0
105.61832832, 814.0, -421.0, -373.0
105.637591296, 812.0, -421.0, -374.0
105.656854272, 809.0, -420.0, -375.0
105.676117248, 810.0, -420.0, -375.0
105.695380224, 809.0, -423.0, -378.0
105.714643328, 812.0, -417.0, -378.0
105.733906288, 812.0, -423.0, -378.0
105.753170048, 814.0, -424.0, -378.0
105.772433792, 809.0, -420.0, -374.0
105.791697536, 811.0, -422.0, -372.0
105.81096128, 816.0, -419.0, -372.0
105.830224896, 813.0, -421.0, -373.0
105.84948864, 809.0, -416.0, -370.0
105.868752384, 809.0, -420.0, -374.0
105.888016128, 809.0, -423.0, -364.0
105.907279872, 817.0, -422.0, -372.0
105.926543616, 812.0, -425.0, -371.0
105.945807232, 813.0, -423.0, -372.0
105.965070976, 809.0, -428.0, -367.0
105.98433472, 808.0, -426.0, -365.0
106.003598464, 812.0, -426.0, -371.0
106.022862208, 809.0, -425.0, -374.0
106.042125952, 808.0, -426.0, -368.0
106.061389696, 810.0, -426.0, -367.0
106.080653312, 812.0, -428.0, -364.0
106.099917056, 812.0, -427.0, -369.0
106.1191808, 809.0, -428.0, -366.0
106.138444544, 810.0, -426.0, -362.0
106.157708288, 810.0, -424.0, -367.0
106.176972032, 810.0, -425.0, -371.0
106.196235776, 805.0, -430.0, -374.0
106.215499392, 807.0, -432.0, -365.0
106.234763136, 807.0, -433.0, -364.0
106.25402688, 814.0, -430.0, -370.0
106.273290624, 810.0, -432.0, -366.0
106.292554368, 813.0, -424.0, -369.0
106.311818112, 805.0, -423.0, -373.0
106.331081728, 806.0, -422.0, -368.0
106.350345472, 807.0, -424.0, -369.0
106.369609216, 809.0, -427.0, -370.0
106.38887296, 807.0, -428.0, -371.0
106.408136704, 808.0, -423.0, -368.0
106.427400448, 808.0, -428.0, -367.0
106.446664192, 810.0, -424.0, -368.0
106.465927808, 810.0, -430.0, -372.0
106.485191552, 806.0, -429.0, -372.0
106.504455296, 810.0, -428.0, -372.0
106.52371904, 803.0, -425.0, -374.0
106.542982784, 804.0, -431.0, -375.0
106.562246528, 803.0, -429.0, -380.0
106.581510144, 806.0, -424.0, -379.0
106.600773888, 808.0, -423.0, -379.0
106.620037632, 805.0, -422.0, -380.0
106.639301376, 804.0, -420.0, -382.0
106.65856512, 804.0, -422.0, -379.0
106.677828864, 805.0, -424.0, -377.0
106.697092608, 807.0, -428.0, -382.0
106.716356224, 806.0, -426.0, -380.0
106.735619968, 807.0, -425.0, -383.0
106.754883712, 810.0, -418.0, -381.0
106.774147456, 809.0, -423.0, -373.0
106.7934112, 804.0, -419.0, -374.0
106.812674944, 808.0, -423.0, -370.0
106.83193856, 811.0, -428.0, -372.0
106.851202304, 811.0, -420.0, -379.0
106.870466048, 811.0, -427.0, -367.0
106.889729792, 809.0, -422.0, -368.0
106.908993536, 811.0, -425.0, -375.0
106.92825728, 811.0, -423.0, -375.0
106.947521024, 811.0, -420.0, -371.0
106.96678464, 809.0, -420.0, -372.0
106.986048384, 810.0, -421.0, -379.0
107.005312128, 807.0, -420.0, -372.0
107.024575872, 812.0, -417.0, -376.0
107.043839616, 814.0, -424.0, -368.0
107.06310336, 809.0, -422.0, -375.0
107.082367104, 805.0, -422.0, -371.0
107.10163072, 813.0, -416.0, -368.0
107.120894464, 811.0, -424.0, -371.0
107.140158208, 815.0, -416.0, -372.0
107.159421952, 813.0, -419.0, -368.0
107.178685696, 811.0, -424.0, -371.0
107.19794944, 814.0, -419.0, -372.0
107.217213056, 809.0, -423.0, -374.0
107.2364768, 807.0, -419.0, -378.0
107.255740544, 809.0, -418.0, -373.0
107.275004288, 812.0, -419.0, -376.0
107.294268032, 810.0, -421.0, -372.0
107.313531776, 811.0, -422.0, -374.0
107.33279552, 811.0, -428.0, -374.0
107.352059136, 814.0, -420.0, -373.0
107.37132288, 809.0, -423.0, -369.0
107.390586624, 814.0, -419.0, -369.0
107.409850368, 809.0, -421.0, -366.0
107.429114112, 813.0, -418.0, -366.0
107.448377856, 812.0, -423.0, -365.0
107.467641472, 812.0, -422.0, -366.0
107.486905216, 811.0, -427.0, -367.0
107.50616896, 811.0, -423.0, -375.0
107.525432704, 813.0, -423.0, -373.0
107.544696448, 812.0, -421.0, -378.0
107.563960192, 809.0, -429.0, -376.0
107.583223936, 806.0, -422.0, -376.0
107.602487552, 806.0, -422.0, -377.0
107.621751296, 807.0, -419.0, -373.0
107.64101504, 808.0, -424.0, -368.0
107.660278744, 814.0, -420.0, -370.0
107.6795424, 811.0, -424.0, -373.0
107.698806016, 809.0, -418.0, -375.0
107.71806976, 808.0, -424.0, -364.0
107.737333376, 808.0, -424.0, -366.0
107.756596992, 811.0, -421.0, -369.0
107.775860736, 822.0, -427.0, -365.0
107.795124352, 811.0, -420.0, -371.0
107.814388096, 808.0, -423.0, -371.0
107.833651712, 809.0, -421.0, -371.0
107.852915328, 813.0, -424.0, -366.0
107.872179072, 811.0, -425.0, -368.0
107.891442688, 813.0, -424.0, -362.0
107.910706304, 811.0, -426.0, -368.0
107.929970048, 814.0, -422.0, -365.0
107.949233664, 814.0, -427.0, -365.0
107.968497408, 815.0, -428.0, -364.0
107.987761024, 815.0, -424.0, -358.0
108.00702464, 810.0, -427.0, -362.0
108.026288384, 811.0, -428.0, -360.0
108.045552, 811.0, -423.0, -361.0
108.064815616, 812.0, -429.0, -366.0
108.08407936, 810.0, -427.0, -367.0
108.103342976, 807.0, -431.0, -367.0
108.122606592, 807.0, -429.0, -366.0
108.141870336, 809.0, -431.0, -368.0
108.161133952, 809.0, -429.0, -365.0
108.180397696, 814.0, -430.0, -369.0
108.199661312, 807.0, -430.0, -365.0
108.218924928, 806.0, -430.0, -367.0
108.238188672, 807.0, -433.0, -368.0
108.257452288, 809.0, -433.0, -365.0
108.276715904, 817.0, -432.0, -362.0
108.295979648, 812.0, -431.0, -364.0
108.315243264, 808.0, -432.0, -363.0
108.334507008, 806.0, -427.0, -365.0
108.353770624, 806.0, -430.0, -363.0
108.37303424, 811.0, -434.0, -362.0
108.392297984, 807.0, -428.0, -368.0
108.4115616, 805.0, -433.0, -368.0
108.430825216, 807.0, -431.0, -370.0
108.45008896, 812.0, -431.0, -368.0
108.469352576, 810.0, -432.0, -373.0
108.488616192, 809.0, -429.0, -373.0
108.507879936, 804.0, -428.0, -372.0
108.527143552, 808.0, -429.0, -375.0
108.546407296, 808.0, -427.0, -376.0
108.565670912, 807.0, -431.0, -373.0
108.584934528, 805.0, -427.0, -374.0
108.604198272, 803.0, -431.0, -374.0
108.623461888, 807.0, -427.0, -371.0
108.642725504, 811.0, -426.0, -373.0
108.661989248, 806.0, -428.0, -371.0
108.681252864, 806.0, -426.0, -372.0
108.70051648, 806.0, -429.0, -376.0
108.719780224, 806.0, -426.0, -373.0
108.73904384, 810.0, -432.0, -373.0
108.758307584, 808.0, -430.0, -370.0
108.7775712, 808.0, -428.0, -365.0
108.796834816, 814.0, -428.0, -369.0
108.81609856, 810.0, -428.0, -370.0
108.835362176, 807.0, -425.0, -370.0
108.854625792, 813.0, -426.0, -369.0
108.873889536, 809.0, -423.0, -371.0
108.893153152, 809.0, -425.0, -373.0
108.912416896, 811.0, -422.0, -369.0
108.931680512, 812.0, -425.0, -376.0
108.950944128, 812.0, -422.0, -371.0
108.970207872, 808.0, -421.0, -368.0
108.989471488, 808.0, -421.0, -373.0
109.008735104, 815.0, -422.0, -370.0
109.027998848, 809.0, -422.0, -371.0
109.047262464, 811.0, -420.0, -368.0
109.06652608, 812.0, -424.0, -370.0
109.085789824, 816.0, -425.0, -368.0
109.10505344, 806.0, -420.0, -370.0
109.124317184, 814.0, -421.0, -375.0
109.1435808, 836.0, -426.0, -339.0
109.162844416, 868.0, -451.0, -342.0
109.18210816, 799.0, -477.0, -339.0
109.201371776, 815.0, -554.0, -334.0
109.220635392, 856.0, -548.0, -405.0
109.239899136, 798.0, -592.0, -432.0
109.259162752, 740.0, -579.0, -482.0
109.278426496, 685.0, -591.0, -540.0
109.297690112, 589.0, -577.0, -620.0
109.316953728, 612.0, -595.0, -629.0
109.336217433, 649.0, -381.0, -557.0
109.355481344, 758.0, -612.0, -419.0
109.374745216, 1628.0, -1993.0, -463.0
109.394009216, 733.0, 187.0, -671.0
109.413273088, 510.0, -251.0, -547.0
109.432537088, 386.0, -141.0, -404.0
109.45180096, 378.0, -11.0, -447.0
109.47106496, 555.0, 57.0, -321.0
109.490328832, 651.0, 74.0, -249.0
109.509592832, 429.0, 1.0, -331.0
109.528856704, 660.0, 8.0, -335.0
109.548120704, 1196.0, 49.0, -221.0
109.567384576, 1462.0, 25.0, -68.0
109.586648448, 1421.0, 87.0, -26.0
109.605912448, 1241.0, 43.0, -141.0
109.62517632, 1118.0, -22.0, -187.0
109.64444032, 1165.0, -36.0, -174.0
109.663704192, 1216.0, -108.0, -217.0
109.682968192, 1083.0, -158.0, -304.0
109.702232064, 968.0, -175.0, -335.0
109.721496064, 908.0, -136.0, -354.0
109.740759936, 881.0, -130.0, -386.0
109.760023936, 862.0, -140.0, -398.0
109.779287808, 880.0, -127.0, -417.0
109.798551808, 883.0, -120.0, -429.0
109.81781568, 870.0, -110.0, -443.0
109.837079552, 892.0, -108.0, -452.0
109.856343552, 896.0, -108.0, -440.0
109.875607424, 875.0, -105.0, -433.0
109.894871424, 881.0, -115.0, -414.0
109.914135296, 898.0, -103.0, -396.0
109.933399296, 914.0, -108.0, -399.0
109.952663168, 923.0, -123.0, -395.0
109.971927168, 911.0, -150.0, -403.0
109.99119104, 904.0, -166.0, -400.0
110.01045504, 869.0, -176.0, -389.0
110.029718912, 846.0, -182.0, -414.0
110.048982784, 899.0, -180.0, -442.0
110.068246784, 916.0, -171.0, -410.0
110.087510656, 873.0, -156.0, -400.0
110.106774656, 871.0, -166.0, -414.0
110.126038528, 872.0, -157.0, -416.0
110.145302528, 888.0, -176.0, -416.0
110.1645664, 875.0, -174.0, -421.0
110.1838304, 874.0, -174.0, -431.0
110.203094272, 897.0, -170.0, -417.0
110.222358272, 899.0, -171.0, -406.0
110.241622144, 891.0, -159.0, -405.0
110.260886144, 892.0, -166.0, -408.0
110.280150016, 892.0, -168.0, -397.0
110.299413888, 893.0, -164.0, -392.0
110.318677888, 887.0, -176.0, -401.0
110.33794176, 894.0, -174.0, -397.0
110.35720576, 898.0, -181.0, -401.0
110.376469632, 885.0, -178.0, -411.0
110.395733632, 890.0, -182.0, -403.0
110.414997504, 884.0, -184.0, -409.0
110.434261504, 890.0, -188.0, -408.0
110.453525376, 892.0, -180.0, -399.0
110.472789376, 887.0, -198.0, -414.0
110.492053248, 904.0, -198.0, -420.0
110.51131712, 899.0, -173.0, -402.0
110.53058112, 897.0, -174.0, -404.0
110.54984506, 887.0, -148.0, -424.0
110.569108864, 895.0, -117.0, -440.0
110.588372608, 894.0, -97.0, -429.0
110.607636352, 882.0, -95.0, -454.0
110.626900096, 872.0, -109.0, -462.0
110.646163712, 886.0, -113.0, -468.0
110.665427456, 852.0, -107.0, -495.0
110.6846912, 820.0, -95.0, -482.0
110.703954944, 814.0, -73.0, -497.0
110.723218688, 830.0, -88.0, -504.0
110.742482432, 841.0, -88.0, -508.0
110.761746048, 843.0, -90.0, -508.0
110.781009792, 850.0, -81.0, -500.0
110.800273536, 849.0, -69.0, -490.0
110.81953728, 840.0, -68.0, -481.0
110.838801024, 832.0, -79.0, -490.0
110.858064768, 877.0, -86.0, -498.0
110.877328512, 896.0, -82.0, -468.0
110.896592128, 876.0, -83.0, -475.0
110.915855872, 856.0, -91.0, -471.0
110.935119616, 857.0, -84.0, -481.0
110.95438336, 859.0, -93.0, -486.0
110.973647104, 870.0, -113.0, -490.0
110.992910848, 863.0, -108.0, -485.0
111.012174592, 859.0, -104.0, -493.0
111.031438208, 847.0, -101.0, -492.0
111.050701952, 839.0, -92.0, -503.0
111.069965696, 851.0, -89.0, -500.0
111.08922944, 858.0, -89.0, -493.0
111.108493184, 857.0, -81.0, -489.0
111.127756928, 850.0, -82.0, -489.0
111.147020544, 854.0, -85.0, -490.0
111.166284288, 860.0, -85.0, -495.0
111.185548032, 860.0, -94.0, -494.0
111.204811776, 854.0, -88.0, -493.0
111.22407552, 857.0, -94.0, -498.0
111.243339264, 851.0, -84.0, -495.0
111.262603008, 848.0, -89.0, -497.0
111.281866624, 856.0, -96.0, -495.0
111.301130368, 850.0, -87.0, -496.0
111.320394112, 848.0, -91.0, -497.0
111.339657856, 848.0, -90.0, -495.0
111.3589216, 853.0, -90.0, -501.0
111.378185344, 855.0, -86.0, -492.0
111.39744896, 856.0, -91.0, -492.0
111.416712704, 865.0, -96.0, -496.0
111.435976448, 854.0, -95.0, -485.0
111.455240192, 854.0, -96.0, -491.0
111.474503936, 858.0, -87.0, -489.0
111.49376768, 862.0, -87.0, -492.0
111.513031424, 859.0, -94.0, -494.0
111.53229504, 857.0, -87.0, -498.0
111.551558784, 847.0, -82.0, -497.0
111.570822528, 853.0, -88.0, -498.0
111.590086272, 860.0, -86.0, -498.0
111.609350016, 856.0, -88.0, -497.0
111.62861376, 843.0, -95.0, -499.0
111.647877376, 847.0, -92.0, -501.0
111.66714112, 846.0, -95.0, -495.0
111.686404864, 850.0, -100.0, -504.0
111.705668608, 849.0, -91.0, -495.0
111.724932352, 858.0, -90.0, -500.0
111.744196096, 855.0, -92.0, -497.0
111.76345984, 854.0, -86.0, -496.0
111.782723456, 848.0, -86.0, -496.0
111.8019872, 849.0, -80.0, -495.0
111.821250944, 864.0, -72.0, -485.0
111.840514688, 879.0, -78.0, -473.0
111.859778432, 884.0, -83.0, -463.0
111.879042176, 894.0, -85.0, -469.0
111.89830592, 885.0, -93.0, -481.0
111.917569536, 882.0, -110.0, -501.0
111.93683328, 849.0, -100.0, -500.0
111.956097024, 839.0, -100.0, -523.0
111.975360768, 818.0, -106.0, -533.0
111.994624512, 800.0, -104.0, -559.0
112.013888256, 790.0, -100.0, -556.0
112.033151872, 802.0, -90.0, -557.0
112.052415616, 798.0, -98.0, -568.0
112.07167936, 784.0, -103.0, -582.0
112.090943024, 764.0, -112.0, -591.0
112.11020672, 764.0, -98.0, -591.0
112.129470464, 785.0, -86.0, -579.0
112.148734208, 789.0, -78.0, -567.0
112.167997952, 810.0, -72.0, -562.0
112.187261568, 827.0, -76.0, -546.0
112.206525312, 826.0, -90.0, -525.0
112.225789056, 849.0, -95.0, -508.0
112.2450528, 874.0, -108.0, -495.0
112.264316544, 877.0, -115.0, -499.0
112.283580288, 871.0, -115.0, -505.0
112.302843904, 856.0, -126.0, -514.0
112.322107648, 843.0, -114.0, -512.0
112.341371392, 829.0, -118.0, -521.0
112.360635136, 823.0, -111.0, -534.0
112.37989888, 827.0, -100.0, -532.0
112.399162624, 834.0, -100.0, -531.0
112.418426368, 826.0, -95.0, -533.0
112.437689984, 821.0, -102.0, -536.0
112.456953728, 808.0, -93.0, -536.0
112.476217472, 774.0, -108.0, -559.0
112.495481216, 834.0, -105.0, -524.0
112.51474496, 863.0, -85.0, -526.0
112.534008704, 863.0, -64.0, -522.0
112.553272448, 823.0, -44.0, -547.0
112.572536064, 776.0, -60.0, -545.0
112.591799808, 781.0, -93.0, -531.0
112.611063552, 857.0, -99.0, -550.0
112.630327296, 861.0, -88.0, -534.0
112.64959104, 822.0, -108.0, -534.0
112.668854784, 814.0, -112.0, -513.0
112.6881184, 827.0, -110.0, -510.0
112.707382144, 836.0, -121.0, -504.0
112.726645888, 871.0, -118.0, -492.0
112.745909632, 887.0, -134.0, -487.0
112.765173376, 859.0, -123.0, -473.0
112.78443712, 858.0, -135.0, -485.0
112.803700864, 875.0, -129.0, -473.0
112.82296448, 869.0, -138.0, -472.0
112.842228224, 860.0, -153.0, -474.0
112.861491968, 867.0, -146.0, -462.0
112.880755712, 876.0, -153.0, -461.0
112.900019456, 876.0, -158.0, -466.0
112.9192832, 876.0, -159.0, -469.0
112.938546816, 852.0, -151.0, -463.0
112.95781056, 850.0, -150.0, -479.0
112.977074304, 848.0, -154.0, -475.0
112.996338048, 857.0, -144.0, -488.0
113.015601792, 861.0, -139.0, -483.0
113.034865536, 848.0, -141.0, -494.0
113.05412928, 836.0, -141.0, -496.0
113.073392896, 825.0, -141.0, -496.0
113.09265664, 831.0, -130.0, -495.0
113.111920384, 851.0, -128.0, -487.0
113.131184128, 858.0, -127.0, -487.0
113.150447872, 850.0, -127.0, -489.0
113.169711616, 847.0, -133.0, -486.0
113.188975232, 855.0, -130.0, -490.0
113.208238976, 849.0, -135.0, -484.0
113.22750272, 851.0, -148.0, -481.0
113.246766464, 856.0, -155.0, -476.0
113.266030208, 856.0, -166.0, -473.0
113.285293952, 857.0, -180.0, -464.0
113.304557696, 858.0, -181.0, -460.0
113.323821312, 859.0, -189.0, -456.0
113.343085056, 852.0, -187.0, -453.0
113.3623488, 862.0, -186.0, -468.0
113.381612544, 883.0, -184.0, -474.0
113.400876288, 865.0, -165.0, -460.0
113.420140032, 840.0, -164.0, -468.0
113.439403776, 849.0, -158.0, -471.0
113.458667392, 855.0, -158.0, -465.0
113.477931136, 861.0, -159.0, -463.0
113.49719488, 860.0, -169.0, -454.0
113.516458624, 864.0, -163.0, -453.0
113.535722368, 870.0, -161.0, -466.0
113.554986112, 867.0, -165.0, -465.0
113.574249728, 858.0, -174.0, -462.0
113.593513472, 856.0, -176.0, -463.0
113.612777216, 853.0, -174.0, -453.0
113.632040988, 867.0, -173.0, -442.0
113.651305088, 872.0, -189.0, -460.0
113.670569216, 897.0, -183.0, -462.0
113.689833216, 898.0, -181.0, -462.0
113.709097344, 879.0, -168.0, -461.0
113.728361344, 882.0, -165.0, -446.0
113.747625472, 903.0, -153.0, -450.0
113.766889472, 915.0, -131.0, -453.0
113.7861536, 933.0, -107.0, -451.0
113.8054176, 926.0, -63.0, -432.0
113.824681728, 929.0, -54.0, -450.0
113.843945728, 921.0, -50.0, -468.0
113.863209856, 917.0, -53.0, -487.0
113.882473856, 920.0, -57.0, -522.0
113.901737984, 854.0, -54.0, -557.0
113.921001984, 816.0, 4.0, -562.0
113.940266112, 777.0, -16.0, -585.0
113.959530112, 653.0, -69.0, -689.0
113.97879424, 467.0, -122.0, -832.0
113.99805824, 405.0, -119.0, -896.0
114.017322368, 439.0, -110.0, -875.0
114.036586368, 533.0, -67.0, -808.0
114.055850496, 645.0, -7.0, -776.0
114.075114496, 767.0, 0.0, -750.0
114.094378624, 913.0, 72.0, -706.0
114.113642624, 1001.0, 91.0, -671.0
114.132906752, 1049.0, 102.0, -696.0
114.152170752, 990.0, 75.0, -756.0
114.17143488, 617.0, 4.0, -814.0
114.190699008, 264.0, 16.0, -834.0
114.209963008, 265.0, 37.0, -636.0
114.229227136, 580.0, 7.0, -470.0
114.248491136, 638.0, -120.0, -531.0
114.267755264, 695.0, -299.0, -536.0
114.287019264, 679.0, -440.0, -528.0
114.306283392, 482.0, -528.0, -562.0
114.325547392, 341.0, -596.0, -742.0
114.34481152, 466.0, -617.0, -869.0
114.36407552, 956.0, -542.0, -944.0
114.383339648, 1138.0, -447.0, -708.0
114.402603648, 650.0, -190.0, -713.0
114.421867776, 306.0, -243.0, -708.0
114.441131776, 259.0, -453.0, -757.0
114.460395904, 319.0, -506.0, -744.0
114.479659904, 488.0, -446.0, -727.0
114.498924032, 612.0, -288.0, -708.0
114.518188032, 621.0, -119.0, -690.0
114.53745216, 671.0, -50.0, -681.0
114.55671616, 729.0, -66.0, -701.0
114.575980288, 782.0, -92.0, -701.0
114.595244288, 786.0, -120.0, -676.0
114.614508416, 792.0, -135.0, -653.0
114.633772416, 805.0, -149.0, -622.0
114.653036544, 815.0, -165.0, -614.0
114.672300544, 827.0, -162.0, -604.0
114.691564672, 816.0, -187.0, -603.0
114.7108288, 787.0, -200.0, -605.0
114.7300928, 756.0, -193.0, -615.0
114.749356836, 746.0, -195.0, -629.0
114.7686208, 735.0, -193.0, -648.0
114.7878848, 714.0, -190.0, -655.0
114.807148928, 684.0, -183.0, -668.0
114.826412928, 671.0, -189.0, -673.0
114.845677056, 667.0, -191.0, -678.0
114.864941056, 672.0, -188.0, -673.0
114.884205184, 687.0, -195.0, -671.0
114.903469184, 714.0, -199.0, -668.0
114.922733312, 733.0, -197.0, -650.0
114.941997312, 736.0, -201.0, -650.0
114.96126144, 725.0, -203.0, -654.0
114.98052544, 709.0, -205.0, -655.0
114.999789568, 695.0, -206.0, -662.0
115.019053568, 688.0, -206.0, -670.0
115.038317568, 688.0, -196.0, -673.0
115.057581696, 699.0, -191.0, -667.0
115.076845696, 701.0, -196.0, -671.0
115.096109824, 709.0, -196.0, -665.0
115.115373824, 710.0, -201.0, -658.0
115.134637952, 715.0, -202.0, -658.0
115.153901952, 714.0, -197.0, -653.0
115.17316608, 713.0, -197.0, -662.0
115.19243008, 724.0, -194.0, -668.0
115.211694208, 700.0, -197.0, -681.0
115.230958208, 677.0, -189.0, -675.0
115.250222336, 676.0, -182.0, -678.0
115.269486336, 694.0, -184.0, -678.0
115.288750336, 705.0, -182.0, -679.0
115.308014464, 699.0, -186.0, -676.0
115.327278464, 683.0, -189.0, -680.0
115.346542592, 671.0, -191.0, -682.0
115.365806592, 680.0, -184.0, -680.0
115.38507072, 691.0, -186.0, -679.0
115.40433472, 700.0, -180.0, -677.0
115.423598848, 703.0, -185.0, -677.0
115.442862848, 697.0, -188.0, -681.0
115.462126976, 692.0, -188.0, -682.0
115.481390976, 689.0, -188.0, -678.0
115.500655104, 695.0, -179.0, -684.0
115.519919104, 699.0, -181.0, -687.0
115.539183104, 698.0, -182.0, -683.0
115.558447232, 685.0, -180.0, -684.0
115.577711232, 681.0, -182.0, -684.0
115.59697536, 680.0, -177.0, -694.0
115.61623936, 686.0, -180.0, -685.0
115.635503488, 689.0, -186.0, -686.0
115.654767488, 687.0, -188.0, -683.0
115.674031616, 689.0, -182.0, -684.0
115.693295616, 686.0, -187.0, -684.0
115.712559744, 687.0, -182.0, -685.0
115.731823744, 686.0, -181.0, -685.0
115.751087744, 683.0, -181.0, -687.0
115.770351872, 688.0, -185.0, -687.0
115.789615872, 695.0, -189.0, -685.0
115.80888, 692.0, -188.0, -684.0
115.828144, 685.0, -187.0, -684.0
115.847408128, 687.0, -184.0, -692.0
115.866672128, 688.0, -183.0, -687.0
115.885936256, 688.0, -183.0, -685.0
115.905200256, 687.0, -183.0, -688.0
115.924464384, 684.0, -183.0, -686.0
115.943728384, 683.0, -181.0, -691.0
115.962992512, 682.0, -179.0, -689.0
115.982256512, 683.0, -180.0, -695.0
116.001520512, 680.0, -174.0, -693.0
116.02078464, 678.0, -181.0, -692.0
116.04004864, 682.0, -177.0, -695.0
116.059312768, 679.0, -179.0, -698.0
116.078576768, 673.0, -176.0, -693.0
116.097840896, 675.0, -179.0, -696.0
116.117104896, 680.0, -179.0, -696.0
116.136369024, 683.0, -180.0, -699.0
116.155633024, 682.0, -178.0, -692.0
116.174897152, 676.0, -181.0, -694.0
116.194161152, 683.0, -177.0, -695.0
116.21342528, 681.0, -177.0, -692.0
116.23268928, 686.0, -177.0, -686.0
116.25195328, 689.0, -180.0, -686.0
116.271217408, 690.0, -188.0, -687.0
116.290481408, 680.0, -191.0, -686.0
116.309745536, 675.0, -185.0, -687.0
116.329009536, 681.0, -187.0, -691.0
116.348273664, 686.0, -193.0, -685.0
116.367537664, 680.0, -190.0, -691.0
116.386801792, 680.0, -192.0, -688.0
116.406065792, 679.0, -191.0, -692.0
116.42532992, 681.0, -177.0, -695.0
116.44459392, 718.0, -175.0, -707.0
116.463858083, 812.0, -171.0, -715.0
116.483120384, 942.0, -92.0, -719.0
116.50238272, 1197.0, -44.0, -628.0
116.521645184, 1162.0, -51.0, -538.0
116.54090752, 1158.0, -195.0, -729.0
116.560169856, 1404.0, -320.0, -785.0
116.579432192, 1154.0, -372.0, -746.0
116.598694656, 1436.0, -583.0, -583.0
116.617956992, 1854.0, -364.0, -451.0
116.637219328, 1454.0, -407.0, -415.0
116.656481792, 1105.0, -527.0, -546.0
116.675744128, 687.0, -397.0, -368.0
116.695006464, 493.0, -324.0, -274.0
116.7142688, 387.0, -251.0, -260.0
116.733531264, 249.0, -172.0, -265.0
116.7527936, 85.0, -93.0, -146.0
116.772055936, -47.0, -109.0, -112.0
116.7913184, -77.0, -130.0, -114.0
116.810580736, -39.0, -172.0, -105.0
116.829843072, 64.0, -301.0, -211.0
116.849105408, 225.0, -375.0, -344.0
116.868367872, 341.0, -332.0, -346.0
116.887630208, 352.0, -184.0, -307.0
116.906892544, 555.0, -124.0, -335.0
116.926155008, 944.0, -90.0, -291.0
116.945417344, 1262.0, -199.0, -294.0
116.96467968, 1630.0, -386.0, -84.0
116.983942016, 1961.0, -604.0, 92.0
117.00320448, 2314.0, -702.0, 214.0
117.022466816, 2562.0, -634.0, 141.0
117.041729152, 2268.0, -640.0, -51.0
117.060991616, 1791.0, -562.0, -155.0
117.080253952, 1422.0, -474.0, -192.0
117.099516288, 1150.0, -420.0, -194.0
117.118778624, 910.0, -366.0, -198.0
117.138041088, 677.0, -326.0, -199.0
117.157303424, 423.0, -267.0, -154.0
117.17656576, 198.0, -229.0, -164.0
117.195828224, 71.0, -224.0, -188.0
117.21509056, 12.0, -246.0, -167.0
117.234352896, 28.0, -248.0, -195.0
117.253615232, 80.0, -202.0, -236.0
117.272877696, 125.0, -244.0, -254.0
117.292140032, 180.0, -248.0, -246.0
117.311402368, 344.0, -198.0, -258.0
117.330664832, 600.0, -110.0, -274.0
117.349927168, 909.0, -16.0, -258.0
117.369189504, 1197.0, -23.0, -257.0
117.38845184, 1488.0, -170.0, -267.0
117.407714304, 1655.0, -398.0, -142.0
117.42697664, 1814.0, -563.0, 45.0
117.446238976, 2106.0, -680.0, 122.0
117.46550144, 2236.0, -661.0, 108.0
117.484763776, 2042.0, -612.0, -16.0
117.504026112, 1755.0, -534.0, -114.0
117.523288448, 1466.0, -481.0, -172.0
117.542550912, 1220.0, -437.0, -217.0
117.561813328, 974.0, -376.0, -244.0
117.581076224, 754.0, -329.0, -217.0
117.600339072, 545.0, -269.0, -192.0
117.61960192, 326.0, -221.0, -177.0
117.638864768, 158.0, -168.0, -146.0
117.658127616, 41.0, -174.0, -180.0
117.677390464, 26.0, -192.0, -207.0
117.696653312, 69.0, -194.0, -198.0
117.71591616, 124.0, -185.0, -210.0
117.735179008, 187.0, -187.0, -255.0
117.754441856, 328.0, -227.0, -306.0
117.773704704, 478.0, -192.0, -264.0
117.792967552, 676.0, -82.0, -276.0
117.8122304, 945.0, -68.0, -296.0
117.831493248, 1213.0, -103.0, -321.0
117.850756224, 1440.0, -232.0, -318.0
117.870019072, 1613.0, -401.0, -116.0
117.88928192, 1869.0, -536.0, 69.0
117.908544768, 2189.0, -691.0, 112.0
117.927807616, 2252.0, -612.0, 49.0
117.947070464, 1961.0, -619.0, -38.0
117.966333312, 1690.0, -588.0, -137.0
117.98559616, 1422.0, -520.0, -195.0
118.004859008, 1169.0, -456.0, -214.0
118.024121856, 920.0, -405.0, -246.0
118.043384704, 696.0, -366.0, -257.0
118.062647552, 494.0, -307.0, -239.0
118.0819104, 309.0, -241.0, -227.0
118.101173248, 175.0, -205.0, -231.0
118.120436096, 85.0, -182.0, -254.0
118.139698944, 38.0, -144.0, -230.0
118.158961792, 44.0, -141.0, -218.0
118.17822464, 130.0, -186.0, -267.0
118.197487488, 270.0, -236.0, -344.0
118.216750336, 415.0, -232.0, -360.0
118.236013184, 577.0, -209.0, -342.0
118.255276032, 726.0, -143.0, -389.0
118.27453888, 828.0, -135.0, -424.0
118.293801728, 953.0, -116.0, -431.0
118.313064576, 1102.0, -112.0, -424.0
118.332327424, 1157.0, -362.0, -526.0
118.351590272, 945.0, -533.0, -313.0
118.37085312, 1083.0, -664.0, -151.0
118.390116096, 1552.0, -636.0, -135.0
118.409378944, 1822.0, -567.0, -303.0
118.428641792, 1674.0, -528.0, -442.0
118.44790464, 1431.0, -444.0, -454.0
118.467167488, 1214.0, -368.0, -442.0
118.486430336, 1053.0, -311.0, -460.0
118.505693184, 1021.0, -264.0, -513.0
118.524956032, 1031.0, -214.0, -541.0
118.54421888, 1011.0, -147.0, -560.0
118.563481728, 907.0, -99.0, -572.0
118.582744576, 879.0, -31.0, -542.0
118.602007424, 846.0, 82.0, -502.0
118.621270272, 744.0, 189.0, -407.0
118.640533076, 690.0, 262.0, -352.0
118.659794048, 660.0, 297.0, -367.0
118.679054976, 664.0, 386.0, -342.0
118.698316032, 715.0, 435.0, -269.0
118.71757696, 702.0, 425.0, -231.0
118.736837888, 636.0, 454.0, -236.0
118.756098816, 652.0, 510.0, -225.0
118.775359872, 720.0, 530.0, -188.0
118.7946208, 746.0, 539.0, -163.0
118.813881728, 689.0, 547.0, -182.0
118.833142656, 732.0, 540.0, -140.0
118.852403712, 741.0, 551.0, -143.0
118.87166464, 757.0, 568.0, -125.0
118.890925568, 761.0, 577.0, -130.0
118.910186496, 744.0, 607.0, -136.0
118.929447552, 816.0, 601.0, -165.0
118.94870848, 805.0, 566.0, -179.0
118.967969408, 775.0, 556.0, -133.0
118.987230336, 774.0, 605.0, -130.0
119.006491392, 732.0, 654.0, -137.0
119.02575232, 747.0, 611.0, -124.0
119.045013248, 779.0, 555.0, -125.0
119.064274176, 823.0, 611.0, -113.0
119.083535232, 770.0, 643.0, -134.0
119.10279616, 792.0, 663.0, -106.0
119.122057088, 819.0, 741.0, -75.0
119.141318016, 819.0, 763.0, -131.0
119.160579072, 784.0, 693.0, -245.0
119.17984, 801.0, 681.0, -352.0
119.199100928, 838.0, 650.0, -422.0
119.218361856, 779.0, 637.0, -413.0
119.237622912, 788.0, 656.0, -372.0
119.25688384, 780.0, 668.0, -332.0
119.276144768, 731.0, 666.0, -192.0
119.295405696, 674.0, 587.0, -100.0
119.314666752, 671.0, 533.0, -151.0
119.33392768, 623.0, 501.0, -213.0
119.353188608, 722.0, 500.0, -288.0
119.372449536, 798.0, 580.0, -272.0
119.391710592, 704.0, 629.0, -71.0
119.41097152, 686.0, 606.0, 3.0
119.430232448, 735.0, 515.0, -60.0
119.449493376, 807.0, 420.0, -137.0
119.468754432, 856.0, 312.0, -214.0
119.48801536, 782.0, 298.0, -318.0
119.507276288, 691.0, 353.0, -341.0
119.526537216, 696.0, 388.0, -304.0
119.545798272, 726.0, 393.0, -286.0
119.5650592, 709.0, 397.0, -355.0
119.584320128, 684.0, 482.0, -390.0
119.603581056, 677.0, 533.0, -394.0
119.622842112, 660.0, 478.0, -424.0
119.64210304, 662.0, 487.0, -444.0
119.661363968, 646.0, 516.0, -485.0
119.680624896, 631.0, 561.0, -484.0
119.699885952, 705.0, 580.0, -460.0
119.71914688, 767.0, 548.0, -461.0
119.738407808, 629.0, 440.0, -511.0
119.757668736, 196.0, 470.0, -962.0
119.776929792, 723.0, -24.0, -1224.0
119.79619072, 1385.0, -65.0, -948.0
119.815451661, 1512.0, -36.0, -861.0
119.834713472, 1433.0, -47.0, -942.0
119.853975296, 546.0, -109.0, -1166.0
119.873237248, 639.0, 91.0, -990.0
119.892499072, 667.0, -38.0, -749.0
119.911760896, 411.0, -77.0, -768.0
119.93102272, 49.0, 18.0, -815.0
119.950284672, 66.0, 11.0, -833.0
119.969546496, 373.0, -77.0, -887.0
119.98880832, 602.0, -87.0, -842.0
120.008070272, 572.0, -54.0, -828.0
120.027332096, 462.0, -34.0, -855.0
120.04659392, 459.0, -35.0, -872.0
120.065855872, 538.0, -56.0, -878.0
120.085117696, 586.0, -66.0, -845.0
120.10437952, 623.0, -81.0, -817.0
120.123641344, 666.0, -83.0, -799.0
120.142903296, 653.0, -76.0, -785.0
120.16216512, 624.0, -62.0, -777.0
120.181426944, 590.0, -49.0, -798.0
120.200688896, 544.0, -37.0, -822.0
120.21995072, 535.0, -26.0, -831.0
120.239212544, 551.0, -24.0, -824.0
120.258474496, 554.0, -19.0, -833.0
120.27773632, 535.0, -25.0, -834.0
120.296998144, 543.0, -19.0, -830.0
120.316259968, 547.0, -22.0, -832.0
120.33552192, 535.0, -14.0, -812.0
120.354783744, 555.0, -5.0, -816.0
120.374045568, 576.0, -6.0, -829.0
120.39330752, 571.0, -20.0, -828.0
120.412569344, 565.0, -14.0, -824.0
120.431831168, 564.0, -6.0, -826.0
120.451092992, 556.0, -8.0, -826.0
120.470354944, 538.0, -3.0, -823.0
120.489616768, 533.0, -13.0, -830.0
120.508878592, 538.0, -9.0, -834.0
120.528140544, 545.0, -17.0, -826.0
120.547402368, 551.0, -16.0, -826.0
120.566664192, 546.0, -21.0, -823.0
120.585926144, 545.0, -24.0, -827.0
120.605187968, 541.0, -24.0, -835.0
120.624449792, 538.0, -20.0, -836.0
120.643711616, 539.0, -13.0, -830.0
120.662973568, 547.0, -16.0, -831.0
120.682235392, 540.0, -15.0, -836.0
120.701497216, 529.0, -23.0, -834.0
120.720759168, 532.0, -13.0, -829.0
120.740020992, 536.0, -15.0, -837.0
120.759282816, 543.0, -10.0, -831.0
120.778544768, 548.0, -12.0, -827.0
120.797806592, 546.0, -15.0, -830.0
120.817068416, 545.0, -13.0, -828.0
120.83633024, 542.0, -16.0, -831.0
120.855592192, 545.0, -8.0, -831.0
120.874854016, 546.0, -10.0, -830.0
120.89411584, 548.0, -5.0, -827.0
120.913377792, 549.0, -9.0, -825.0
120.932639616, 549.0, -7.0, -832.0
120.95190144, 548.0, -2.0, -824.0
120.971163392, 549.0, -2.0, -829.0
120.990425216, 555.0, -7.0, -825.0
121.00968704, 556.0, 1.0, -818.0
121.028948864, 561.0, -1.0, -825.0
121.048210816, 559.0, 0.0, -825.0
121.06747264, 556.0, 0.0, -825.0
121.086734464, 556.0, 0.0, -826.0
121.105996416, 553.0, 0.0, -823.0
121.125258275, 552.0, 1.0, -823.0
121.144524288, 554.0, 1.0, -823.0
121.163790336, 556.0, 11.0, -823.0
121.183056384, 557.0, 0.0, -820.0
121.202322432, 553.0, 7.0, -830.0
121.221588352, 550.0, 1.0, -827.0
121.2408544, 555.0, 3.0, -826.0
121.260120448, 549.0, -6.0, -823.0
121.279386496, 554.0, 2.0, -827.0
121.298652544, 555.0, 7.0, -829.0
121.317918592, 558.0, 5.0, -828.0
121.33718464, 548.0, -2.0, -836.0
121.35645056, 545.0, 5.0, -826.0
121.375716608, 551.0, 2.0, -829.0
121.394982656, 556.0, 4.0, -821.0
121.414248704, 558.0, -3.0, -823.0
121.433514752, 555.0, 3.0, -818.0
121.4527808, 560.0, 6.0, -818.0
121.47204672, 561.0, 7.0, -826.0
121.491312768, 555.0, 8.0, -825.0
121.510578816, 548.0, 5.0, -827.0
121.529844864, 551.0, 10.0, -825.0
121.549110912, 553.0, 7.0, -831.0
121.56837696, 551.0, 10.0, -822.0
121.587643008, 555.0, 9.0, -824.0
121.606908928, 557.0, 8.0, -824.0
121.626174976, 554.0, 10.0, -824.0
121.645441024, 558.0, 7.0, -825.0
121.664707072, 553.0, 6.0, -827.0
121.68397312, 554.0, 9.0, -827.0
121.703239168, 549.0, 2.0, -825.0
121.722505216, 558.0, 6.0, -819.0
121.741771136, 554.0, 1.0, -824.0
121.761037184, 554.0, 0.0, -825.0
121.780303232, 557.0, 4.0, -827.0
121.79956928, 557.0, 0.0, -827.0
121.818835328, 554.0, 3.0, -825.0
121.838101376, 553.0, -1.0, -829.0
121.857367424, 554.0, 3.0, -828.0
121.876633344, 552.0, -6.0, -828.0
121.895899392, 550.0, -2.0, -826.0
121.91516544, 550.0, -3.0, -826.0
121.934431488, 554.0, -7.0, -826.0
121.953697536, 554.0, -13.0, -825.0
121.972963584, 552.0, -9.0, -823.0
121.992229632, 551.0, -10.0, -823.0
122.011495552, 554.0, -10.0, -822.0
122.0307616, 555.0, -7.0, -825.0
122.050027648, 550.0, -9.0, -824.0
122.069293696, 555.0, -9.0, -826.0
122.088559744, 552.0, -8.0, -821.0
122.107825792, 550.0, -9.0, -827.0
122.127091712, 551.0, -11.0, -828.0
122.14635776, 554.0, -5.0, -831.0
122.165623808, 550.0, -6.0, -825.0
122.184889856, 553.0, -1.0, -828.0
122.204155904, 550.0, -2.0, -825.0
122.223421952, 549.0, -1.0, -827.0
122.242688, 554.0, 1.0, -823.0
122.26195392, 555.0, 0.0, -825.0
122.281219968, 550.0, -4.0, -823.0
122.300486016, 550.0, -2.0, -825.0
122.319752064, 548.0, -6.0, -829.0
122.339018112, 550.0, -13.0, -829.0
122.35828416, 551.0, -7.0, -824.0
122.377550208, 550.0, -13.0, -827.0
122.396816128, 553.0, -8.0, -827.0
122.416082176, 555.0, -8.0, -828.0
122.435348224, 546.0, 0.0, -826.0
122.454614272, 553.0, -8.0, -825.0
122.47388032, 554.0, -2.0, -820.0
122.493146368, 550.0, -2.0, -824.0
122.512412416, 552.0, -1.0, -822.0
122.531678336, 555.0, 4.0, -826.0
122.550944384, 557.0, 8.0, -821.0
122.570210432, 556.0, 8.0, -822.0
122.58947648, 553.0, 7.0, -830.0
122.608742528, 553.0, 11.0, -821.0
122.628008576, 552.0, 3.0, -822.0
122.647274624, 554.0, 2.0, -826.0
122.666540544, 557.0, 5.0, -828.0
122.685806592, 561.0, 3.0, -823.0
122.70507264, 558.0, 4.0, -820.0
122.724338688, 551.0, 3.0, -823.0
122.743604736, 557.0, 7.0, -820.0
122.762870784, 559.0, 6.0, -825.0
122.782136704, 554.0, 4.0, -817.0
122.801402752, 561.0, 8.0, -822.0
122.8206688, 563.0, 6.0, -822.0
122.839934848, 557.0, 5.0, -824.0
122.859200896, 558.0, 8.0, -824.0
122.878466944, 563.0, 3.0, -823.0
122.897732992, 559.0, 3.0, -817.0
122.916998912, 555.0, 5.0, -821.0
122.93626496, 556.0, 6.0, -822.0
122.955531008, 556.0, 2.0, -823.0
122.974797056, 560.0, 6.0, -821.0
122.994063104, 558.0, 8.0, -820.0
123.013328128, 557.0, 8.0, -822.0
123.032593152, 563.0, 1.0, -820.0
123.051858048, 562.0, 2.0, -822.0
123.071123072, 565.0, 3.0, -820.0
123.090388096, 563.0, 7.0, -824.0
123.109652992, 559.0, 8.0, -820.0
123.128918016, 558.0, 4.0, -823.0
123.14818304, 555.0, 3.0, -825.0
123.167447936, 553.0, 8.0, -820.0
123.18671296, 558.0, 9.0, -821.0
123.205977984, 557.0, 5.0, -823.0
123.22524288, 559.0, 9.0, -821.0
123.244507904, 560.0, 6.0, -820.0
123.263772928, 557.0, 9.0, -823.0
123.283037824, 557.0, 4.0, -822.0
123.302302848, 558.0, 8.0, -824.0
123.321567744, 559.0, 9.0, -821.0
123.340832768, 560.0, 6.0, -817.0
123.360097792, 562.0, 5.0, -817.0
123.379362688, 563.0, 3.0, -820.0
123.398627712, 560.0, 9.0, -822.0
123.417892736, 560.0, 11.0, -821.0
123.437157632, 557.0, 8.0, -822.0
123.456422656, 556.0, 8.0, -824.0
123.47568768, 557.0, 4.0, -822.0
123.494952576, 558.0, 7.0, -822.0
123.5142176, 557.0, 7.0, -818.0
123.533482624, 553.0, 2.0, -818.0
123.55274752, 558.0, 4.0, -819.0
123.572012544, 561.0, 2.0, -818.0
123.591277568, 560.0, 5.0, -823.0
123.610542464, 561.0, 5.0, -816.0
123.629807488, 560.0, 2.0, -822.0
123.649072512, 559.0, -2.0, -821.0
123.668337408, 560.0, 1.0, -822.0
123.687602432, 556.0, 3.0, -822.0
123.706867456, 559.0, 0.0, -824.0
123.726132352, 556.0, 6.0, -826.0
123.745397376, 554.0, 1.0, -823.0
123.7646624, 549.0, 4.0, -823.0
123.783927296, 554.0, 6.0, -820.0
123.80319232, 555.0, 2.0, -823.0
123.822457216, 562.0, 1.0, -824.0
123.84172224, 555.0, -2.0, -829.0
123.860987264, 552.0, 0.0, -824.0
123.88025216, 554.0, 2.0, -824.0
123.899517184, 554.0, -1.0, -824.0
123.918782208, 555.0, -1.0, -819.0
123.938047104, 555.0, -2.0, -817.0
123.957312128, 554.0, -7.0, -821.0
123.976577152, 555.0, -6.0, -823.0
123.995842048, 561.0, -7.0, -820.0
124.015107072, 561.0, 0.0, -822.0
124.034372096, 556.0, -5.0, -825.0
124.053636992, 550.0, -2.0, -822.0
124.072902016, 556.0, -1.0, -822.0
124.09216704, 556.0, -3.0, -822.0
124.111431936, 554.0, -1.0, -828.0
124.13069696, 554.0, 0.0, -824.0
124.149961984, 550.0, -3.0, -821.0
124.16922688, 555.0, 3.0, -825.0
124.188491904, 553.0, -3.0, -824.0
124.207756928, 552.0, 1.0, -827.0
124.227021824, 555.0, 4.0, -824.0
124.246286848, 556.0, 1.0, -831.0
124.265551872, 552.0, -1.0, -825.0
124.284816768, 555.0, -2.0, -822.0
124.304081792, 555.0, -1.0, -821.0
124.323346688, 556.0, -2.0, -819.0
124.342611712, 559.0, -3.0, -826.0
124.361876736, 555.0, 4.0, -824.0
124.381141632, 557.0, 6.0, -828.0
124.400406656, 552.0, 1.0, -823.0
124.41967168, 551.0, -1.0, -827.0
124.438936576, 553.0, 2.0, -824.0
124.4582016, 555.0, 7.0, -822.0
124.477466624, 556.0, 2.0, -827.0
124.49673152, 555.0, 9.0, -824.0
124.515996544, 551.0, 9.0, -822.0
124.535261568, 557.0, 8.0, -820.0
124.554526464, 559.0, 6.0, -823.0
124.573791488, 552.0, 4.0, -823.0
124.593056512, 558.0, 8.0, -818.0
124.612321408, 557.0, 9.0, -823.0
124.631586432, 555.0, 8.0, -822.0
124.650851456, 559.0, 8.0, -822.0
124.670116352, 559.0, 10.0, -819.0
124.689381376, 560.0, 11.0, -825.0
124.7086464, 560.0, 11.0, -821.0
124.727911296, 559.0, 10.0, -817.0
124.74717632, 557.0, 10.0, -820.0
124.766441344, 556.0, 12.0, -824.0
124.78570624, 555.0, 14.0, -825.0
124.804971264, 559.0, 14.0, -820.0
124.82423616, 559.0, 10.0, -818.0
124.843501184, 555.0, 12.0, -822.0
124.862766208, 559.0, 8.0, -821.0
124.882031104, 565.0, 7.0, -829.0
124.901296128, 561.0, 7.0, -817.0
124.920561152, 558.0, 7.0, -819.0
124.939826048, 558.0, 6.0, -820.0
124.959091072, 557.0, 8.0, -819.0
124.978356096, 562.0, 0.0, -820.0
124.997620992, 563.0, 7.0, -822.0
125.016886016, 557.0, 11.0, -822.0
125.03615104, 555.0, 9.0, -821.0
125.055415936, 558.0, 8.0, -819.0
125.07468096, 558.0, 11.0, -825.0
125.093945984, 558.0, 13.0, -823.0
125.11321088, 556.0, 19.0, -821.0
125.132475904, 560.0, 17.0, -819.0
125.151740928, 563.0, 12.0, -822.0
125.171005824, 561.0, 8.0, -826.0
125.190270848, 556.0, 12.0, -823.0
125.209535872, 559.0, 9.0, -821.0
125.228800768, 557.0, 9.0, -817.0
125.248065792, 558.0, 7.0, -820.0
125.267330816, 558.0, 8.0, -820.0
125.286595712, 560.0, 8.0, -822.0
125.305860736, 560.0, 11.0, -819.0
125.325125632, 559.0, 10.0, -823.0
125.344390656, 562.0, 9.0, -821.0
125.36365568, 561.0, 9.0, -824.0
125.382920588, 558.0, 16.0, -824.0
125.402185728, 549.0, 10.0, -825.0
125.42145088, 558.0, 16.0, -820.0
125.440715904, 560.0, 10.0, -818.0
125.459981056, 558.0, 10.0, -819.0
125.479246208, 563.0, 4.0, -819.0
125.498511232, 560.0, 10.0, -823.0
125.517776384, 560.0, 2.0, -819.0
125.537041408, 561.0, 2.0, -816.0
125.55630656, 559.0, 4.0, -820.0
125.575571712, 556.0, 1.0, -819.0
125.594836736, 562.0, 5.0, -826.0
125.614101888, 563.0, 6.0, -827.0
125.63336704, 560.0, 4.0, -823.0
125.652632064, 555.0, 4.0, -826.0
125.671897216, 553.0, 3.0, -820.0
125.691162368, 557.0, 10.0, -819.0
125.710427392, 561.0, 6.0, -818.0
125.729692544, 556.0, 4.0, -822.0
125.748957568, 557.0, 4.0, -819.0
125.76822272, 555.0, 4.0, -820.0
125.787487872, 561.0, 5.0, -819.0
125.806752896, 555.0, 1.0, -822.0
125.826018048, 557.0, 1.0, -822.0
125.8452832, 558.0, -1.0, -825.0
125.864548224, 557.0, 1.0, -819.0
125.883813376, 562.0, -2.0, -819.0
125.9030784, 559.0, 1.0, -821.0
125.922343552, 555.0, -3.0, -821.0
125.941608704, 556.0, 4.0, -825.0
125.960873728, 558.0, 5.0, -817.0
125.98013888, 557.0, 0.0, -822.0
125.999404032, 553.0, -3.0, -822.0
126.018669056, 556.0, 2.0, -823.0
126.037934208, 554.0, 5.0, -827.0
126.05719936, 554.0, 3.0, -823.0
126.076464384, 554.0, 1.0, -824.0
126.095729536, 553.0, 5.0, -825.0
126.11499456, 551.0, -1.0, -827.0
126.134259712, 560.0, 1.0, -824.0
126.153524864, 559.0, -3.0, -817.0
126.172789888, 554.0, 5.0, -824.0
126.19205504, 546.0, 6.0, -826.0
126.211320192, 547.0, 11.0, -833.0
126.230585216, 537.0, 16.0, -836.0
126.249850368, 472.0, 13.0, -849.0
126.26911552, 501.0, 29.0, -834.0
126.288380544, 593.0, 25.0, -844.0
126.307645696, 603.0, 28.0, -796.0
126.32691072, 537.0, 25.0, -800.0
126.346175872, 516.0, 11.0, -826.0
126.365441024, 545.0, 10.0, -793.0
126.384706048, 596.0, -1.0, -796.0
126.4039712, 629.0, -5.0, -790.0
126.423236352, 613.0, -17.0, -790.0
126.442501376, 612.0, -24.0, -780.0
126.461766528, 622.0, -39.0, -763.0
126.481031552, 639.0, -51.0, -760.0
126.500296704, 627.0, -60.0, -747.0
126.519561856, 662.0, -61.0, -738.0
126.53882688, 690.0, -53.0, -736.0
126.558092032, 703.0, -60.0, -727.0
126.577357184, 674.0, -58.0, -739.0
126.596622208, 667.0, -55.0, -734.0
126.61588736, 655.0, -50.0, -747.0
126.635152512, 656.0, -54.0, -743.0
126.654417536, 656.0, -68.0, -740.0
126.673682688, 658.0, -89.0, -744.0
126.692947712, 651.0, -97.0, -750.0
126.712212864, 660.0, -103.0, -740.0
126.731478016, 661.0, -98.0, -735.0
126.75074304, 661.0, -93.0, -736.0
126.770008192, 658.0, -85.0, -742.0
126.789273344, 657.0, -94.0, -742.0
126.808538368, 662.0, -91.0, -751.0
126.82780352, 652.0, -90.0, -757.0
126.847068672, 642.0, -81.0, -744.0
126.866333696, 630.0, -78.0, -755.0
126.885598848, 617.0, -68.0, -762.0
126.904863872, 627.0, -62.0, -755.0
126.924129024, 641.0, -58.0, -756.0
126.943394176, 645.0, -50.0, -759.0
126.9626592, 638.0, -41.0, -762.0
126.981924352, 627.0, -39.0, -770.0
127.001189418, 612.0, -36.0, -771.0
127.020455808, 606.0, -31.0, -776.0
127.03972224, 613.0, -36.0, -775.0
127.058988544, 614.0, -39.0, -776.0
127.078254976, 621.0, -38.0, -775.0
127.09752128, 615.0, -39.0, -776.0
127.116787712, 611.0, -29.0, -780.0
127.136054016, 616.0, -27.0, -776.0
127.155320448, 615.0, -36.0, -784.0
127.174586752, 611.0, -34.0, -780.0
127.193853184, 606.0, -18.0, -774.0
127.213119488, 601.0, -25.0, -782.0
127.23238592, 603.0, -30.0, -773.0
127.251652224, 621.0, -31.0, -772.0
127.270918656, 630.0, -37.0, -767.0
127.29018496, 639.0, -47.0, -761.0
127.309451392, 646.0, -40.0, -760.0
127.328717696, 636.0, -34.0, -762.0
127.347984128, 621.0, -42.0, -767.0
127.367250432, 634.0, -35.0, -763.0
127.386516864, 640.0, -35.0, -767.0
127.405783168, 624.0, -31.0, -769.0
127.4250496, 623.0, -36.0, -769.0
127.444315904, 623.0, -35.0, -775.0
127.463582336, 615.0, -42.0, -774.0
127.48284864, 612.0, -36.0, -775.0
127.502115072, 605.0, -31.0, -781.0
127.521381376, 612.0, -30.0, -777.0
127.540647808, 625.0, -27.0, -767.0
127.559914112, 621.0, -35.0, -762.0
127.579180544, 620.0, -36.0, -778.0
127.598446848, 634.0, -41.0, -759.0
127.61771328, 629.0, -45.0, -764.0
127.636979584, 649.0, -59.0, -750.0
127.656246016, 656.0, -69.0, -749.0
127.67551232, 655.0, -74.0, -758.0
127.694778752, 651.0, -72.0, -756.0
127.714045056, 647.0, -63.0, -762.0
127.733311488, 619.0, -67.0, -776.0
127.752577792, 599.0, -39.0, -764.0
127.771844224, 612.0, -48.0, -774.0
127.791110528, 618.0, -41.0, -775.0
127.81037696, 635.0, -39.0, -774.0
127.829643264, 628.0, -33.0, -778.0
127.848909696, 612.0, -31.0, -780.0
127.868176, 607.0, -34.0, -777.0
127.887442432, 618.0, -29.0, -773.0
127.906708736, 625.0, -35.0, -775.0
127.925975168, 613.0, -39.0, -784.0
127.945241472, 606.0, -41.0, -780.0
127.964507904, 605.0, -40.0, -772.0
127.983774208, 612.0, -40.0, -782.0
128.00304064, 614.0, -42.0, -781.0
128.022306944, 608.0, -41.0, -781.0
128.041573376, 612.0, -34.0, -781.0
128.06083968, 618.0, -33.0, -790.0
128.080106112, 598.0, -26.0, -790.0
128.099372416, 595.0, -15.0, -781.0
128.118638848, 588.0, -15.0, -784.0
128.137905152, 590.0, -16.0, -786.0
128.157171584, 607.0, -34.0, -775.0
128.176437888, 636.0, -44.0, -760.0
128.19570432, 647.0, -58.0, -753.0
128.214970624, 654.0, -74.0, -755.0
128.234237056, 648.0, -78.0, -739.0
128.25350336, 660.0, -81.0, -743.0
128.272769792, 674.0, -87.0, -734.0
128.292036096, 697.0, -97.0, -741.0
128.311302528, 679.0, -81.0, -740.0
128.330568832, 637.0, -93.0, -773.0
128.349835264, 596.0, -52.0, -755.0
128.369101568, 611.0, -47.0, -766.0
128.388368, 625.0, -45.0, -773.0
128.407634304, 629.0, -46.0, -781.0
128.426900736, 620.0, -40.0, -775.0
128.44616704, 613.0, -36.0, -779.0
128.465433472, 597.0, -31.0, -784.0
128.484699776, 597.0, -35.0, -780.0
128.503966208, 623.0, -35.0, -778.0
128.523232512, 622.0, -34.0, -785.0
128.542498944, 613.0, -30.0, -775.0
128.561765248, 610.0, -23.0, -773.0
128.58103168, 613.0, -22.0, -771.0
128.600297984, 616.0, -32.0, -781.0
128.619564416, 622.0, -43.0, -788.0
128.63883072, 599.0, -21.0, -783.0
128.658097094, 604.0, -25.0, -772.0
128.677362432, 614.0, -22.0, -774.0
128.696627712, 618.0, -33.0, -773.0
128.71589312, 632.0, -34.0, -761.0
128.7351584, 629.0, -41.0, -760.0
128.754423808, 643.0, -53.0, -751.0
128.773689088, 657.0, -60.0, -750.0
128.792954496, 659.0, -68.0, -744.0
128.812219776, 672.0, -74.0, -740.0
128.831485184, 671.0, -70.0, -741.0
128.850750464, 671.0, -80.0, -750.0
128.870015872, 664.0, -81.0, -753.0
128.889281152, 613.0, -76.0, -772.0
128.90854656, 590.0, -41.0, -760.0
128.92781184, 629.0, -41.0, -763.0
128.947077248, 648.0, -46.0, -773.0
128.966342528, 636.0, -48.0, -774.0
128.985607808, 620.0, -32.0, -771.0
129.004873216, 602.0, -25.0, -776.0
129.024138496, 603.0, -17.0, -776.0
129.043403904, 618.0, -27.0, -777.0
129.062669184, 623.0, -31.0, -789.0
129.081934592, 610.0, -14.0, -785.0
129.101199872, 589.0, -12.0, -790.0
129.12046528, 576.0, -13.0, -791.0
129.13973056, 587.0, -31.0, -792.0
129.158995968, 609.0, -33.0, -779.0
129.178261248, 606.0, -34.0, -781.0
129.197526656, 601.0, -31.0, -772.0
129.216791936, 618.0, -34.0, -771.0
129.236057216, 627.0, -43.0, -758.0
129.255322624, 644.0, -55.0, -752.0
129.274587904, 659.0, -64.0, -752.0
129.293853312, 657.0, -71.0, -738.0
129.313118592, 675.0, -85.0, -733.0
129.332384, 683.0, -89.0, -744.0
129.35164928, 687.0, -89.0, -737.0
129.370914688, 682.0, -96.0, -747.0
129.390179968, 668.0, -86.0, -752.0
129.409445376, 616.0, -81.0, -775.0
129.428710656, 581.0, -44.0, -768.0
129.447976064, 592.0, -45.0, -773.0
129.467241344, 623.0, -39.0, -780.0
129.486506752, 638.0, -49.0, -772.0
129.505772032, 626.0, -44.0, -769.0
129.525037312, 601.0, -42.0, -777.0
129.54430272, 603.0, -31.0, -771.0
129.563568, 612.0, -33.0, -777.0
129.582833408, 619.0, -45.0, -778.0
129.602098688, 623.0, -49.0, -779.0
129.621364096, 607.0, -34.0, -782.0
129.640629376, 596.0, -30.0, -788.0
129.659894784, 578.0, -33.0, -790.0
129.679160064, 592.0, -37.0, -790.0
129.698425472, 603.0, -32.0, -783.0
129.717690752, 603.0, -25.0, -780.0
129.73695616, 613.0, -33.0, -776.0
129.75622144, 620.0, -43.0, -763.0
129.77548672, 642.0, -47.0, -764.0
129.794752128, 649.0, -57.0, -752.0
129.814017408, 654.0, -77.0, -741.0
129.833282816, 658.0, -79.0, -749.0
129.852548096, 667.0, -79.0, -734.0
129.871813504, 676.0, -84.0, -749.0
129.891078784, 663.0, -87.0, -744.0
129.910344192, 656.0, -76.0, -750.0
129.929609472, 645.0, -64.0, -758.0
129.94887488, 617.0, -69.0, -777.0
129.96814016, 574.0, -50.0, -777.0
129.987405568, 606.0, -44.0, -780.0
130.006670848, 622.0, -44.0, -782.0
130.025936256, 615.0, -37.0, -782.0
130.045201536, 610.0, -34.0, -787.0
130.064466816, 606.0, -30.0, -780.0
130.083732224, 608.0, -35.0, -780.0
130.102997504, 625.0, -38.0, -769.0
130.122262912, 628.0, -44.0, -774.0
130.141528235, 617.0, -41.0, -777.0
130.160791168, 611.0, -38.0, -786.0
130.180054144, 585.0, -27.0, -783.0
130.19931712, 598.0, -34.0, -785.0
130.218580224, 607.0, -38.0, -788.0
130.2378432, 604.0, -39.0, -782.0
130.257106176, 607.0, -32.0, -779.0
130.276369152, 610.0, -16.0, -780.0
130.295632128, 609.0, -23.0, -778.0
130.314895104, 622.0, -23.0, -768.0
130.334158208, 634.0, -30.0, -768.0
130.353421184, 634.0, -32.0, -761.0
130.37268416, 637.0, -44.0, -759.0
130.391947136, 645.0, -57.0, -755.0
130.411210112, 657.0, -73.0, -748.0
130.430473216, 674.0, -87.0, -738.0
130.449736192, 672.0, -94.0, -740.0
130.468999168, 669.0, -96.0, -746.0
130.488262144, 662.0, -95.0, -761.0
130.50752512, 643.0, -78.0, -764.0
130.526788096, 585.0, -72.0, -768.0
130.5460512, 597.0, -48.0, -778.0
130.565314176, 622.0, -44.0, -775.0
130.584577152, 626.0, -39.0, -769.0
130.603840128, 626.0, -41.0, -780.0
130.623103104, 617.0, -31.0, -769.0
130.642366208, 609.0, -28.0, -774.0
130.661629184, 624.0, -27.0, -771.0
130.68089216, 626.0, -39.0, -771.0
130.700155136, 626.0, -43.0, -779.0
130.719418112, 615.0, -44.0, -778.0
130.738681088, 615.0, -47.0, -774.0
130.757944192, 615.0, -46.0, -775.0
130.777207168, 606.0, -49.0, -781.0
130.796470144, 617.0, -42.0, -777.0
130.81573312, 609.0, -37.0, -783.0
130.834996096, 600.0, -24.0, -781.0
130.8542592, 606.0, -26.0, -778.0
130.873522176, 612.0, -20.0, -782.0
130.892785152, 617.0, -21.0, -772.0
130.912048128, 626.0, -21.0, -767.0
130.931311104, 625.0, -28.0, -761.0
130.95057408, 622.0, -37.0, -761.0
130.969837184, 638.0, -43.0, -758.0
130.98910016, 650.0, -55.0, -761.0
131.008363136, 653.0, -67.0, -754.0
131.027626112, 659.0, -78.0, -753.0
131.046889088, 663.0, -79.0, -755.0
131.066152192, 663.0, -98.0, -756.0
131.085415168, 652.0, -87.0, -763.0
131.104678144, 598.0, -83.0, -778.0
131.12394112, 599.0, -51.0, -757.0
131.143204096, 622.0, -59.0, -770.0
131.162467072, 634.0, -48.0, -777.0
131.181730176, 639.0, -53.0, -784.0
131.200993152, 611.0, -35.0, -770.0
131.220256128, 605.0, -38.0, -772.0
131.239519104, 607.0, -30.0, -771.0
131.25878208, 624.0, -37.0, -777.0
131.278045184, 620.0, -44.0, -781.0
131.29730816, 606.0, -45.0, -782.0
131.316571136, 600.0, -42.0, -778.0
131.335834112, 611.0, -47.0, -777.0
131.355097088, 616.0, -48.0, -780.0
131.374360064, 601.0, -50.0, -779.0
131.393623168, 604.0, -51.0, -770.0
131.412886144, 616.0, -59.0, -773.0
131.43214912, 623.0, -58.0, -762.0
131.451412096, 633.0, -63.0, -763.0
131.470675072, 641.0, -69.0, -761.0
131.489938176, 645.0, -58.0, -755.0
131.509201152, 637.0, -55.0, -765.0
131.528464128, 640.0, -49.0, -765.0
131.547727104, 630.0, -45.0, -774.0
131.56699008, 626.0, -40.0, -766.0
131.586253056, 611.0, -44.0, -771.0
131.60551616, 608.0, -43.0, -781.0
131.624779136, 603.0, -49.0, -780.0
131.644042112, 610.0, -45.0, -778.0
131.663305088, 614.0, -48.0, -772.0
131.682568064, 620.0, -55.0, -764.0
131.701831174, 630.0, -61.0, -768.0
131.72109632, 634.0, -71.0, -766.0
131.740361472, 641.0, -62.0, -758.0
131.759626624, 636.0, -67.0, -760.0
131.778891648, 628.0, -69.0, -771.0
131.7981568, 639.0, -73.0, -779.0
131.817421952, 637.0, -59.0, -765.0
131.836687104, 587.0, -61.0, -782.0
131.855952256, 611.0, -42.0, -781.0
131.87521728, 623.0, -41.0, -771.0
131.894482432, 622.0, -45.0, -775.0
131.913747584, 626.0, -45.0, -769.0
131.933012736, 620.0, -45.0, -773.0
131.952277888, 619.0, -44.0, -771.0
131.971542912, 625.0, -48.0, -777.0
131.990808064, 607.0, -47.0, -772.0
132.010073216, 607.0, -39.0, -770.0
132.029338368, 617.0, -34.0, -775.0
132.04860352, 625.0, -45.0, -771.0
132.067868544, 627.0, -42.0, -765.0
132.087133696, 631.0, -42.0, -775.0
132.106398848, 620.0, -39.0, -775.0
132.125664, 614.0, -36.0, -773.0
132.144929152, 616.0, -35.0, -777.0
132.164194176, 620.0, -38.0, -774.0
132.183459328, 618.0, -41.0, -767.0
132.20272448, 621.0, -37.0, -776.0
132.221989632, 618.0, -34.0, -777.0
132.241254784, 618.0, -37.0, -772.0
132.260519808, 617.0, -37.0, -774.0
132.27978496, 619.0, -40.0, -773.0
132.299050112, 619.0, -36.0, -779.0
132.318315264, 621.0, -40.0, -776.0
132.337580416, 618.0, -39.0, -769.0
132.35684544, 617.0, -44.0, -771.0
132.376110592, 620.0, -45.0, -772.0
132.395375744, 625.0, -49.0, -774.0
132.414640896, 624.0, -41.0, -772.0
132.433906048, 616.0, -41.0, -778.0
132.453171072, 619.0, -39.0, -775.0
132.472436224, 618.0, -40.0, -774.0
132.491701376, 615.0, -36.0, -775.0
132.510966528, 612.0, -42.0, -777.0
132.53023168, 617.0, -43.0, -775.0
132.549496704, 618.0, -43.0, -775.0
132.568761856, 618.0, -45.0, -771.0
132.588027008, 616.0, -41.0, -775.0
132.60729216, 612.0, -38.0, -777.0
132.626557312, 610.0, -41.0, -776.0
132.645822336, 625.0, -41.0, -774.0
132.665087488, 622.0, -48.0, -774.0
132.68435264, 627.0, -45.0, -768.0
132.703617792, 624.0, -41.0, -775.0
132.722882944, 619.0, -41.0, -769.0
132.742147968, 619.0, -42.0, -775.0
132.76141312, 618.0, -41.0, -769.0
132.780678272, 616.0, -40.0, -775.0
132.799943424, 613.0, -46.0, -778.0
132.819208576, 621.0, -41.0, -775.0
132.8384736, 619.0, -49.0, -774.0
132.857738752, 619.0, -42.0, -775.0
132.877003904, 619.0, -45.0, -777.0
132.896269056, 619.0, -42.0, -777.0
132.915534208, 617.0, -41.0, -776.0
132.934799232, 618.0, -43.0, -777.0
132.954064384, 614.0, -41.0, -775.0
132.973329536, 610.0, -42.0, -770.0
132.992594688, 618.0, -47.0, -779.0
133.01185984, 620.0, -46.0, -777.0
133.031124864, 620.0, -46.0, -773.0
133.050390016, 618.0, -49.0, -772.0
133.069655168, 616.0, -44.0, -776.0
133.08892032, 614.0, -41.0, -775.0
133.108185472, 611.0, -45.0, -779.0
133.127450496, 615.0, -46.0, -778.0
133.146715648, 615.0, -50.0, -772.0
133.1659808, 618.0, -40.0, -776.0
133.185245952, 619.0, -32.0, -776.0
133.204511104, 615.0, -36.0, -769.0
133.223776128, 624.0, -53.0, -771.0
133.24304128, 628.0, -62.0, -771.0
133.262306432, 628.0, -64.0, -774.0
133.281571584, 618.0, -80.0, -776.0
133.300836736, 610.0, -93.0, -792.0
133.32010176, 629.0, -88.0, -789.0
133.339366912, 605.0, -91.0, -794.0
133.358632042, 587.0, -92.0, -800.0
133.377896704, 571.0, -95.0, -810.0
133.397161344, 571.0, -98.0, -806.0
133.416425984, 576.0, -97.0, -803.0
133.435690624, 597.0, -109.0, -800.0
133.454955264, 606.0, -103.0, -800.0
133.474219904, 588.0, -118.0, -806.0
133.493484544, 577.0, -114.0, -804.0
133.512749184, 583.0, -112.0, -811.0
133.532013952, 577.0, -116.0, -793.0
133.551278592, 566.0, -132.0, -789.0
133.570543232, 551.0, -144.0, -779.0
133.589807872, 554.0, -146.0, -776.0
133.609072512, 564.0, -140.0, -759.0
133.628337152, 609.0, -147.0, -742.0
133.647601792, 628.0, -157.0, -733.0
133.666866432, 625.0, -169.0, -724.0
133.686131072, 635.0, -177.0, -742.0
133.705395712, 628.0, -169.0, -771.0
133.724660352, 600.0, -160.0, -778.0
133.743924992, 602.0, -161.0, -785.0
133.763189632, 595.0, -154.0, -774.0
133.782454272, 586.0, -128.0, -753.0
133.80171904, 575.0, -132.0, -733.0
133.82098368, 573.0, -131.0, -721.0
133.84024832, 579.0, -146.0, -722.0
133.85951296, 576.0, -154.0, -741.0
133.8787776, 593.0, -169.0, -748.0
133.89804224, 661.0, -177.0, -776.0
133.91730688, 715.0, -173.0, -785.0
133.93657152, 727.0, -178.0, -798.0
133.95583616, 680.0, -164.0, -782.0
133.9751008, 617.0, -150.0, -750.0
133.99436544, 603.0, -147.0, -738.0
134.01363008, 615.0, -137.0, -729.0
134.03289472, 621.0, -124.0, -727.0
134.05215936, 623.0, -120.0, -725.0
134.071424128, 615.0, -127.0, -742.0
134.090688768, 595.0, -127.0, -744.0
134.109953408, 613.0, -140.0, -744.0
134.129218048, 638.0, -154.0, -739.0
134.148482688, 639.0, -162.0, -737.0
134.167747328, 659.0, -164.0, -734.0
134.187011968, 655.0, -169.0, -727.0
134.206276608, 664.0, -160.0, -715.0
134.225541248, 681.0, -157.0, -704.0
134.244805888, 674.0, -165.0, -724.0
134.264070528, 660.0, -157.0, -736.0
134.283335168, 652.0, -149.0, -750.0
134.302599808, 663.0, -132.0, -745.0
134.321864448, 663.0, -124.0, -733.0
134.341129216, 650.0, -118.0, -735.0
134.360393856, 632.0, -117.0, -739.0
134.379658496, 637.0, -117.0, -740.0
134.398923136, 658.0, -124.0, -729.0
134.418187776, 671.0, -126.0, -727.0
134.437452416, 653.0, -128.0, -727.0
134.456717056, 656.0, -138.0, -718.0
134.475981696, 657.0, -146.0, -722.0
134.495246336, 665.0, -152.0, -721.0
134.514510976, 666.0, -153.0, -720.0
134.533775616, 661.0, -154.0, -723.0
134.553040256, 656.0, -151.0, -727.0
134.572304896, 653.0, -156.0, -728.0
134.591569536, 656.0, -156.0, -728.0
134.610834304, 652.0, -156.0, -734.0
134.630098944, 652.0, -155.0, -726.0
134.649363584, 657.0, -147.0, -731.0
134.668628224, 655.0, -146.0, -727.0
134.687892864, 651.0, -143.0, -724.0
134.707157504, 654.0, -146.0, -727.0
134.726422144, 661.0, -144.0, -730.0
134.745686784, 654.0, -150.0, -732.0
134.764951424, 654.0, -152.0, -731.0
134.784216064, 646.0, -147.0, -734.0
134.803480704, 646.0, -141.0, -734.0
134.822745344, 642.0, -149.0, -739.0
134.842009984, 641.0, -145.0, -735.0
134.861274624, 640.0, -144.0, -742.0
134.880539392, 641.0, -149.0, -742.0
134.899804032, 646.0, -149.0, -737.0
134.919068672, 640.0, -151.0, -742.0
134.938333312, 634.0, -149.0, -750.0
134.957597952, 632.0, -147.0, -747.0
134.976862592, 638.0, -148.0, -744.0
134.996127211, 632.0, -148.0, -744.0
