0.0, 387.0, -94.0, -906.0
0.01923072, 390.0, -93.0, -910.0
0.038461568, 386.0, -93.0, -910.0
0.057692288, 387.0, -87.0, -911.0
0.076923136, 389.0, -91.0, -909.0
0.096153856, 393.0, -96.0, -909.0
0.115384576, 390.0, -93.0, -911.0
0.134615424, 389.0, -93.0, -913.0
0.153846144, 386.0, -91.0, -911.0
0.173076864, 387.0, -89.0, -911.0
0.192307712, 392.0, -92.0, -909.0
0.211538432, 391.0, -87.0, -908.0
0.23076928, 390.0, -87.0, -909.0
0.25, 384.0, -91.0, -912.0
0.26923072, 388.0, -90.0, -907.0
0.288461568, 389.0, -87.0, -905.0
0.307692288, 392.0, -92.0, -910.0
0.326923136, 383.0, -89.0, -910.0
0.346153856, 387.0, -88.0, -912.0
0.365384576, 391.0, -88.0, -907.0
0.384615424, 393.0, -99.0, -909.0
0.403846144, 392.0, -88.0, -911.0
0.423076864, 393.0, -90.0, -903.0
0.442307712, 392.0, -93.0, -909.0
0.461538432, 391.0, -92.0, -911.0
0.48076928, 389.0, -93.0, -907.0
0.5, 388.0, -87.0, -910.0
0.51923072, 389.0, -89.0, -909.0
0.538461568, 392.0, -91.0, -911.0
0.557692288, 392.0, -95.0, -912.0
0.576923136, 385.0, -91.0, -909.0
0.596153856, 389.0, -87.0, -912.0
0.615384576, 391.0, -89.0, -910.0
0.634615424, 388.0, -87.0, -910.0
0.653846144, 390.0, -87.0, -909.0
0.673076864, 392.0, -88.0, -910.0
0.692307712, 389.0, -85.0, -908.0
0.711538432, 386.0, -93.0, -911.0
0.73076928, 385.0, -91.0, -905.0
0.75, 385.0, -90.0, -910.0
0.76923072, 391.0, -92.0, -909.0
0.788461568, 390.0, -90.0, -912.0
0.807692288, 388.0, -92.0, -909.0
0.826923136, 386.0, -91.0, -908.0
0.846153856, 391.0, -87.0, -909.0
0.865384576, 391.0, -92.0, -909.0
0.884615424, 388.0, -89.0, -908.0
0.903846144, 385.0, -94.0, -912.0
0.923076864, 381.0, -92.0, -914.0
0.942307712, 381.0, -89.0, -914.0
0.961538432, 381.0, -90.0, -915.0
0.98076928, 390.0, -90.0, -909.0
1.0, 387.0, -93.0, -907.0
1.01923072, 388.0, -94.0, -914.0
1.038461568, 379.0, -89.0, -916.0
1.057692288, 386.0, -85.0, -912.0
1.076923136, 387.0, -91.0, -914.0
1.096153856, 385.0, -91.0, -912.0
1.115384576, 386.0, -93.0, -909.0
1.134615424, 388.0, -94.0, -913.0
1.153846144, 388.0, -89.0, -911.0
1.173076864, 387.0, -91.0, -911.0
1.192307712, 386.0, -94.0, -915.0
1.211538432, 389.0, -93.0, -914.0
1.23076928, 386.0, -92.0, -905.0
1.25, 380.0, -94.0, -915.0
1.26923072, 375.0, -91.0, -915.0
1.288461568, 379.0, -91.0, -914.0
1.307692288, 382.0, -93.0, -911.0
1.326923136, 383.0, -92.0, -915.0
1.346153856, 380.0, -95.0, -916.0
1.365384576, 375.0, -95.0, -911.0
1.384615424, 375.0, -87.0, -914.0
1.403846144, 380.0, -91.0, -915.0
1.423076864, 385.0, -94.0, -912.0
1.442307712, 386.0, -93.0, -911.0
1.461538432, 381.0, -91.0, -913.0
1.48076928, 386.0, -89.0, -911.0
1.5, 381.0, -88.0, -911.0
1.51923072, 381.0, -90.0, -915.0
1.538461568, 388.0, -89.0, -910.0
1.557692288, 387.0, -90.0, -909.0
1.576923136, 389.0, -89.0, -912.0
1.596153856, 382.0, -88.0, -909.0
1.615384576, 385.0, -94.0, -911.0
1.634615424, 387.0, -87.0, -912.0
1.653846144, 385.0, -93.0, -914.0
1.673076864, 384.0, -97.0, -912.0
1.692307712, 382.0, -93.0, -909.0
1.711538432, 378.0, -90.0, -911.0
1.73076928, 380.0, -92.0, -909.0
1.75, 385.0, -93.0, -913.0
1.76923072, 386.0, -92.0, -915.0
1.788461568, 386.0, -94.0, -913.0
1.807692288, 382.0, -95.0, -908.0
1.826923136, 380.0, -87.0, -911.0
1.846153856, 381.0, -90.0, -913.0
1.865384576, 388.0, -91.0, -908.0
1.884615471, 391.0, -92.0, -910.0
1.903883392, 391.0, -94.0, -912.0
1.92315136, 384.0, -88.0, -911.0
1.942419328, 383.0, -92.0, -909.0
1.961687296, 385.0, -87.0, -909.0
1.980955264, 389.0, -90.0, -908.0
2.000223232, 387.0, -90.0, -907.0
2.019491328, 387.0, -90.0, -911.0
2.038759296, 387.0, -92.0, -907.0
2.058027264, 387.0, -97.0, -912.0
2.077295232, 380.0, -92.0, -909.0
2.0965632, 382.0, -90.0, -913.0
2.115831168, 383.0, -93.0, -914.0
2.135099136, 386.0, -92.0, -915.0
2.154367104, 382.0, -93.0, -912.0
2.173635072, 382.0, -91.0, -908.0
2.19290304, 382.0, -93.0, -913.0
2.212171008, 382.0, -93.0, -910.0
2.231438976, 385.0, -92.0, -912.0
2.250707072, 388.0, -90.0, -908.0
2.26997504, 387.0, -90.0, -910.0
2.289243008, 391.0, -90.0, -909.0
2.308510976, 396.0, -91.0, -907.0
2.327778944, 390.0, -91.0, -909.0
2.347046912, 389.0, -88.0, -910.0
2.36631488, 389.0, -91.0, -910.0
2.385582848, 388.0, -86.0, -909.0
2.404850816, 392.0, -91.0, -906.0
2.424118784, 391.0, -89.0, -906.0
2.443386752, 390.0, -94.0, -907.0
2.462654848, 384.0, -94.0, -908.0
2.481922816, 386.0, -92.0, -909.0
2.501190784, 389.0, -91.0, -910.0
2.520458752, 386.0, -95.0, -917.0
2.53972672, 385.0, -94.0, -911.0
2.558994688, 380.0, -91.0, -913.0
2.578262656, 386.0, -91.0, -909.0
2.597530624, 389.0, -86.0, -909.0
2.616798592, 384.0, -97.0, -910.0
2.63606656, 391.0, -92.0, -910.0
2.655334528, 384.0, -89.0, -911.0
2.674602496, 397.0, -89.0, -910.0
2.693870592, 393.0, -90.0, -906.0
2.71313856, 392.0, -91.0, -911.0
2.732406528, 393.0, -89.0, -907.0
2.751674496, 395.0, -89.0, -902.0
2.770942464, 388.0, -91.0, -909.0
2.790210432, 392.0, -89.0, -908.0
2.8094784, 392.0, -93.0, -907.0
2.828746368, 395.0, -93.0, -909.0
2.848014336, 391.0, -91.0, -908.0
2.867282304, 385.0, -97.0, -913.0
2.886550272, 387.0, -93.0, -911.0
2.905818368, 388.0, -94.0, -910.0
2.925086336, 384.0, -95.0, -909.0
2.944354304, 390.0, -95.0, -908.0
2.963622272, 389.0, -95.0, -909.0
2.98289024, 385.0, -89.0, -915.0
3.002158208, 387.0, -94.0, -912.0
3.021426176, 389.0, -92.0, -907.0
3.040694144, 391.0, -93.0, -911.0
3.059962112, 393.0, -91.0, -913.0
3.07923008, 391.0, -91.0, -906.0
3.098498048, 390.0, -92.0, -912.0
3.117766144, 388.0, -92.0, -909.0
3.137034112, 388.0, -92.0, -906.0
3.15630208, 394.0, -89.0, -911.0
3.175570048, 391.0, -88.0, -909.0
3.194838016, 391.0, -89.0, -909.0
3.214105984, 383.0, -91.0, -910.0
3.233373952, 388.0, -94.0, -908.0
3.25264192, 392.0, -92.0, -905.0
3.271909888, 388.0, -94.0, -909.0
3.291177856, 381.0, -92.0, -913.0
3.310445824, 387.0, -91.0, -909.0
3.329713792, 383.0, -91.0, -912.0
3.348981888, 383.0, -95.0, -910.0
3.368249856, 387.0, -92.0, -912.0
3.387517824, 387.0, -87.0, -910.0
3.406785792, 388.0, -91.0, -913.0
3.42605376, 384.0, -92.0, -908.0
3.445321728, 380.0, -89.0, -914.0
3.464589696, 385.0, -90.0, -911.0
3.483857664, 390.0, -87.0, -913.0
3.503125632, 392.0, -90.0, -915.0
3.5223936, 387.0, -94.0, -912.0
3.541661568, 386.0, -90.0, -910.0
3.560929664, 386.0, -88.0, -909.0
3.580197632, 387.0, -88.0, -909.0
3.5994656, 383.0, -91.0, -909.0
3.618733568, 386.0, -87.0, -907.0
3.638001536, 386.0, -95.0, -911.0
3.657269504, 382.0, -92.0, -910.0
3.676537472, 379.0, -94.0, -912.0
3.69580544, 380.0, -92.0, -914.0
3.715073408, 383.0, -89.0, -914.0
3.734341376, 382.0, -96.0, -915.0
3.753609344, 379.0, -94.0, -914.0
3.772877312, 378.0, -95.0, -911.0
3.792145408, 380.0, -92.0, -913.0
3.811413376, 382.0, -90.0, -913.0
3.830681344, 385.0, -95.0, -909.0
3.849949312, 384.0, -95.0, -915.0
3.86921728, 383.0, -94.0, -913.0
3.888485248, 383.0, -93.0, -917.0
3.907753216, 382.0, -92.0, -915.0
3.927021184, 384.0, -93.0, -916.0
3.946289152, 386.0, -93.0, -912.0
3.96555712, 383.0, -93.0, -910.0
3.984825088, 382.0, -95.0, -911.0
4.004093184, 381.0, -96.0, -910.0
4.023361162, 381.0, -91.0, -910.0
4.042630144, 376.0, -88.0, -915.0
4.061899136, 377.0, -95.0, -909.0
4.081168128, 381.0, -91.0, -910.0
4.10043712, 383.0, -88.0, -912.0
4.119706112, 379.0, -87.0, -915.0
4.138975104, 379.0, -90.0, -916.0
4.158244096, 378.0, -93.0, -914.0
4.177513088, 380.0, -93.0, -915.0
4.19678208, 379.0, -93.0, -914.0
4.216051072, 384.0, -94.0, -917.0
4.235320064, 383.0, -95.0, -911.0
4.254589056, 384.0, -93.0, -914.0
4.273858048, 384.0, -91.0, -911.0
4.29312704, 386.0, -94.0, -913.0
4.312396032, 389.0, -89.0, -907.0
4.331665024, 387.0, -93.0, -911.0
4.350934016, 384.0, -90.0, -912.0
4.370203136, 383.0, -91.0, -910.0
4.389472128, 380.0, -89.0, -913.0
4.40874112, 384.0, -87.0, -910.0
4.428010112, 385.0, -93.0, -916.0
4.447279104, 382.0, -92.0, -907.0
4.466548096, 378.0, -90.0, -910.0
4.485817088, 380.0, -92.0, -912.0
4.50508608, 384.0, -92.0, -912.0
4.524355072, 384.0, -94.0, -911.0
4.543624064, 380.0, -89.0, -915.0
4.562893056, 378.0, -89.0, -914.0
4.582162048, 383.0, -93.0, -909.0
4.60143104, 389.0, -92.0, -912.0
4.620700032, 391.0, -94.0, -909.0
4.639969024, 380.0, -94.0, -908.0
4.659238016, 382.0, -92.0, -913.0
4.678507008, 386.0, -98.0, -912.0
4.697776, 381.0, -86.0, -913.0
4.717044992, 373.0, -90.0, -913.0
4.736313984, 382.0, -89.0, -906.0
4.755582976, 395.0, -93.0, -909.0
4.774851968, 396.0, -96.0, -911.0
4.79412096, 380.0, -80.0, -912.0
4.813389952, 351.0, -78.0, -917.0
4.832658944, 347.0, -93.0, -912.0
4.851927936, 376.0, -85.0, -914.0
4.871196928, 388.0, -72.0, -919.0
4.89046592, 378.0, -86.0, -914.0
4.909734912, 381.0, -89.0, -901.0
4.929003904, 420.0, -83.0, -900.0
4.948272896, 454.0, -77.0, -890.0
4.967541888, 446.0, -85.0, -896.0
4.98681088, 430.0, -79.0, -892.0
5.00608, 421.0, -88.0, -897.0
5.025348992, 448.0, -80.0, -867.0
5.044617984, 429.0, -71.0, -870.0
5.063886976, 504.0, -69.0, -872.0
5.083155968, 471.0, -98.0, -908.0
5.10242496, 352.0, -72.0, -920.0
5.121693952, 292.0, -110.0, -921.0
5.140962944, 340.0, -108.0, -923.0
5.160231936, 414.0, -94.0, -903.0
5.179500928, 452.0, -97.0, -889.0
5.19876992, 450.0, -97.0, -888.0
5.218038912, 434.0, -102.0, -898.0
5.237307904, 418.0, -105.0, -901.0
5.256576896, 405.0, -105.0, -903.0
5.275845888, 395.0, -103.0, -899.0
5.29511488, 412.0, -102.0, -896.0
5.314383872, 428.0, -102.0, -888.0
5.333652864, 430.0, -96.0, -896.0
5.352921856, 407.0, -112.0, -903.0
5.372190848, 385.0, -117.0, -903.0
5.39145984, 388.0, -123.0, -903.0
5.410728832, 390.0, -127.0, -908.0
5.429997824, 375.0, -127.0, -908.0
5.449266816, 380.0, -125.0, -907.0
5.468535808, 382.0, -119.0, -903.0
5.4878048, 387.0, -121.0, -905.0
5.507073792, 389.0, -133.0, -903.0
5.526342784, 392.0, -123.0, -899.0
5.545611776, 401.0, -116.0, -905.0
5.564880768, 411.0, -119.0, -901.0
5.58414976, 412.0, -121.0, -896.0
5.603418752, 404.0, -129.0, -904.0
5.622687744, 394.0, -123.0, -901.0
5.641956864, 380.0, -118.0, -903.0
5.661225856, 378.0, -120.0, -912.0
5.680494848, 388.0, -126.0, -903.0
5.69976384, 391.0, -124.0, -901.0
5.719032798, 403.0, -117.0, -896.0
5.738301312, 405.0, -120.0, -895.0
5.757569792, 407.0, -124.0, -901.0
5.776838144, 413.0, -127.0, -896.0
5.796106624, 420.0, -125.0, -897.0
5.815375104, 419.0, -113.0, -895.0
5.834643456, 439.0, -79.0, -893.0
5.853911936, 393.0, -81.0, -916.0
5.873180416, 374.0, -124.0, -905.0
5.892448768, 355.0, -129.0, -904.0
5.911717248, 344.0, -107.0, -921.0
5.930985728, 354.0, -126.0, -918.0
5.95025408, 381.0, -124.0, -892.0
5.96952256, 413.0, -122.0, -903.0
5.98879104, 400.0, -124.0, -911.0
6.00805952, 385.0, -128.0, -902.0
6.027327872, 389.0, -125.0, -894.0
6.046596352, 399.0, -114.0, -895.0
6.065864832, 409.0, -112.0, -891.0
6.085133184, 414.0, -115.0, -887.0
6.104401664, 431.0, -116.0, -878.0
6.123670144, 451.0, -121.0, -866.0
6.142938496, 484.0, -105.0, -861.0
6.162206976, 501.0, -94.0, -852.0
6.181475456, 504.0, -90.0, -859.0
6.200743808, 496.0, -95.0, -852.0
6.220012288, 489.0, -100.0, -853.0
6.239280768, 496.0, -96.0, -852.0
6.25854912, 510.0, -90.0, -844.0
6.2778176, 517.0, -93.0, -850.0
6.29708608, 517.0, -96.0, -846.0
6.316354432, 507.0, -105.0, -846.0
6.335622912, 514.0, -97.0, -843.0
6.354891392, 531.0, -86.0, -833.0
6.374159744, 549.0, -76.0, -836.0
6.393428224, 535.0, -83.0, -837.0
6.412696704, 519.0, -98.0, -845.0
6.431965184, 514.0, -101.0, -839.0
6.451233536, 533.0, -81.0, -824.0
6.470502016, 549.0, -77.0, -837.0
6.489770496, 535.0, -90.0, -839.0
6.509038848, 525.0, -89.0, -831.0
6.528307328, 533.0, -82.0, -829.0
6.547575808, 541.0, -82.0, -835.0
6.56684416, 531.0, -90.0, -837.0
6.58611264, 523.0, -93.0, -835.0
6.60538112, 515.0, -85.0, -840.0
6.624649472, 508.0, -78.0, -843.0
6.643917952, 513.0, -77.0, -842.0
6.663186432, 498.0, -86.0, -872.0
6.682454784, 507.0, -76.0, -870.0
6.701723264, 473.0, -81.0, -862.0
6.720991744, 427.0, -128.0, -833.0
6.740260096, 481.0, -102.0, -838.0
6.759528576, 576.0, -74.0, -836.0
6.778797056, 602.0, -65.0, -813.0
6.798065408, 525.0, -51.0, -847.0
6.817333888, 521.0, -50.0, -817.0
6.836602368, 571.0, -47.0, -800.0
6.85587072, 606.0, -64.0, -815.0
6.8751392, 604.0, -69.0, -797.0
6.89440768, 592.0, -67.0, -805.0
6.91367616, 588.0, -74.0, -819.0
6.932944512, 562.0, -78.0, -820.0
6.952212992, 541.0, -77.0, -818.0
6.971481472, 526.0, -81.0, -831.0
6.990749824, 519.0, -76.0, -831.0
7.010018304, 521.0, -84.0, -839.0
7.029286784, 512.0, -92.0, -837.0
7.048555136, 531.0, -90.0, -836.0
7.067823616, 537.0, -88.0, -827.0
7.087092096, 538.0, -82.0, -833.0
7.106360448, 535.0, -81.0, -835.0
7.125628928, 533.0, -82.0, -832.0
7.144897408, 536.0, -85.0, -835.0
7.16416576, 533.0, -84.0, -837.0
7.18343424, 538.0, -81.0, -831.0
7.20270272, 538.0, -78.0, -829.0
7.22197105, 536.0, -81.0, -835.0
7.241238144, 529.0, -88.0, -836.0
7.260505216, 525.0, -85.0, -834.0
7.279772288, 521.0, -89.0, -841.0
7.29903936, 522.0, -79.0, -839.0
7.318306304, 525.0, -78.0, -836.0
7.337573376, 524.0, -82.0, -836.0
7.356840448, 522.0, -79.0, -839.0
7.37610752, 514.0, -90.0, -838.0
7.395374592, 517.0, -91.0, -837.0
7.414641664, 521.0, -83.0, -837.0
7.433908608, 527.0, -80.0, -844.0
7.45317568, 526.0, -76.0, -838.0
7.472442752, 524.0, -78.0, -838.0
7.491709824, 518.0, -81.0, -841.0
7.510976896, 514.0, -80.0, -844.0
7.530243968, 508.0, -88.0, -844.0
7.54951104, 505.0, -85.0, -846.0
7.568777984, 512.0, -85.0, -847.0
7.588045056, 519.0, -79.0, -843.0
7.607312128, 514.0, -79.0, -846.0
7.6265792, 520.0, -89.0, -842.0
7.645846272, 523.0, -85.0, -837.0
7.665113344, 533.0, -87.0, -840.0
7.684380288, 527.0, -81.0, -838.0
7.70364736, 520.0, -84.0, -841.0
7.722914432, 514.0, -84.0, -840.0
7.742181504, 511.0, -87.0, -841.0
7.761448576, 520.0, -79.0, -839.0
7.780715648, 524.0, -84.0, -841.0
7.79998272, 525.0, -81.0, -836.0
7.819249664, 521.0, -81.0, -840.0
7.838516736, 521.0, -78.0, -842.0
7.857783808, 517.0, -82.0, -843.0
7.87705088, 514.0, -81.0, -843.0
7.896317952, 518.0, -78.0, -846.0
7.915585024, 513.0, -76.0, -841.0
7.934851968, 510.0, -74.0, -851.0
7.95411904, 512.0, -81.0, -845.0
7.973386112, 517.0, -78.0, -845.0
7.992653184, 524.0, -82.0, -841.0
8.011920256, 522.0, -77.0, -843.0
8.031187328, 515.0, -80.0, -839.0
8.0504544, 517.0, -82.0, -843.0
8.069721344, 515.0, -83.0, -847.0
8.088988416, 516.0, -75.0, -844.0
8.108255488, 517.0, -79.0, -840.0
8.12752256, 517.0, -75.0, -844.0
8.146789632, 519.0, -82.0, -842.0
8.166056704, 527.0, -76.0, -836.0
8.185323648, 520.0, -80.0, -842.0
8.20459072, 515.0, -76.0, -838.0
8.223857792, 509.0, -84.0, -846.0
8.243124864, 508.0, -80.0, -846.0
8.262391936, 526.0, -75.0, -837.0
8.281659008, 530.0, -73.0, -839.0
8.30092608, 531.0, -75.0, -840.0
8.320193024, 524.0, -77.0, -841.0
8.339460096, 512.0, -82.0, -845.0
8.358727168, 520.0, -74.0, -841.0
8.37799424, 523.0, -77.0, -845.0
8.397261312, 518.0, -79.0, -841.0
8.416528384, 519.0, -82.0, -841.0
8.435795328, 528.0, -79.0, -845.0
8.4550624, 524.0, -78.0, -843.0
8.474329472, 517.0, -81.0, -843.0
8.493596544, 515.0, -85.0, -841.0
8.512863616, 516.0, -81.0, -841.0
8.532130688, 523.0, -83.0, -842.0
8.55139776, 518.0, -84.0, -839.0
8.570664704, 519.0, -84.0, -841.0
8.589931776, 511.0, -85.0, -843.0
8.609198848, 515.0, -82.0, -845.0
8.62846592, 519.0, -76.0, -838.0
8.647732992, 520.0, -83.0, -845.0
8.667000064, 516.0, -74.0, -847.0
8.686267008, 511.0, -80.0, -847.0
8.70553408, 518.0, -80.0, -844.0
8.724801152, 517.0, -80.0, -846.0
8.744068224, 517.0, -81.0, -837.0
8.763335296, 520.0, -81.0, -843.0
8.782602368, 523.0, -80.0, -842.0
8.80186944, 526.0, -75.0, -841.0
8.821136384, 531.0, -82.0, -835.0
8.840403456, 530.0, -81.0, -837.0
8.859670528, 520.0, -86.0, -839.0
8.8789376, 521.0, -85.0, -846.0
8.898204672, 514.0, -73.0, -840.0
8.917471744, 514.0, -77.0, -845.0
8.936738688, 510.0, -73.0, -843.0
8.95600576, 510.0, -83.0, -848.0
8.975272832, 506.0, -78.0, -844.0
8.994539904, 508.0, -71.0, -845.0
9.013806976, 504.0, -72.0, -846.0
9.033073968, 505.0, -78.0, -849.0
9.052342272, 517.0, -86.0, -845.0
9.071610624, 525.0, -74.0, -843.0
9.090878976, 521.0, -70.0, -847.0
9.110147328, 513.0, -79.0, -843.0
9.12941568, 534.0, -79.0, -831.0
9.148684032, 553.0, -72.0, -829.0
9.167952384, 560.0, -74.0, -832.0
9.187220736, 538.0, -80.0, -833.0
9.206489088, 519.0, -84.0, -843.0
9.22575744, 508.0, -77.0, -847.0
9.245025792, 515.0, -68.0, -844.0
9.264294144, 518.0, -80.0, -841.0
9.283562496, 525.0, -81.0, -842.0
9.302830848, 529.0, -79.0, -834.0
9.3220992, 530.0, -82.0, -835.0
9.341367552, 529.0, -79.0, -838.0
9.360635904, 522.0, -77.0, -840.0
9.379904256, 530.0, -73.0, -833.0
9.399172608, 535.0, -74.0, -827.0
9.41844096, 538.0, -76.0, -836.0
9.437709312, 525.0, -78.0, -835.0
9.456977664, 526.0, -79.0, -837.0
9.476246016, 532.0, -74.0, -834.0
9.495514368, 530.0, -71.0, -838.0
9.51478272, 523.0, -74.0, -844.0
9.534051072, 523.0, -77.0, -839.0
9.553319424, 535.0, -73.0, -829.0
9.572587776, 541.0, -74.0, -839.0
9.591856128, 530.0, -81.0, -845.0
9.61112448, 523.0, -77.0, -843.0
9.630392832, 528.0, -72.0, -831.0
9.649661184, 539.0, -74.0, -835.0
9.668929536, 529.0, -77.0, -837.0
9.688197888, 527.0, -88.0, -835.0
9.70746624, 517.0, -85.0, -841.0
9.726734592, 520.0, -83.0, -840.0
9.746002944, 524.0, -81.0, -836.0
9.765271296, 530.0, -74.0, -834.0
9.784539648, 515.0, -78.0, -841.0
9.803808, 511.0, -86.0, -842.0
9.823076352, 508.0, -83.0, -843.0
9.842344704, 522.0, -82.0, -842.0
9.861613056, 529.0, -79.0, -841.0
9.880881408, 520.0, -81.0, -841.0
9.90014976, 507.0, -83.0, -850.0
9.919418112, 509.0, -78.0, -850.0
9.938686464, 511.0, -74.0, -849.0
9.957954816, 512.0, -79.0, -848.0
9.977223168, 506.0, -81.0, -846.0
9.99649152, 511.0, -78.0, -846.0
10.015759872, 512.0, -78.0, -848.0
10.035028224, 518.0, -73.0, -849.0
10.054296576, 512.0, -77.0, -847.0
10.073564928, 508.0, -81.0, -844.0
10.09283328, 510.0, -84.0, -848.0
10.112101632, 523.0, -83.0, -842.0
10.131369984, 518.0, -74.0, -838.0
10.150638336, 515.0, -76.0, -839.0
10.169906688, 514.0, -81.0, -841.0
10.18917504, 516.0, -79.0, -842.0
10.208443392, 512.0, -74.0, -847.0
10.227711744, 515.0, -70.0, -841.0
10.246980096, 516.0, -80.0, -844.0
10.26624832, 520.0, -79.0, -844.0
10.285516672, 521.0, -74.0, -840.0
10.304785024, 524.0, -78.0, -835.0
10.324053376, 524.0, -74.0, -841.0
10.343321728, 525.0, -78.0, -839.0
10.36259008, 513.0, -83.0, -844.0
10.381858432, 519.0, -78.0, -841.0
10.401126784, 528.0, -72.0, -837.0
10.420395136, 531.0, -74.0, -844.0
10.439663488, 522.0, -79.0, -841.0
10.45893184, 519.0, -81.0, -841.0
10.478200192, 523.0, -79.0, -842.0
10.497468544, 526.0, -80.0, -839.0
10.516736896, 519.0, -81.0, -840.0
10.536005248, 512.0, -79.0, -845.0
10.5552736, 519.0, -76.0, -839.0
10.574541952, 518.0, -74.0, -841.0
10.593810304, 522.0, -79.0, -839.0
10.613078656, 525.0, -83.0, -839.0
10.632347008, 523.0, -78.0, -842.0
10.65161536, 515.0, -82.0, -839.0
10.670883712, 513.0, -85.0, -848.0
10.690152064, 507.0, -81.0, -848.0
10.709420416, 518.0, -78.0, -846.0
10.728688768, 523.0, -79.0, -841.0
10.74795712, 522.0, -79.0, -850.0
10.767225472, 520.0, -84.0, -844.0
10.786493824, 514.0, -75.0, -843.0
10.805762176, 522.0, -76.0, -843.0
10.825030528, 517.0, -78.0, -846.0
10.84429896, 511.0, -80.0, -848.0
10.863567488, 508.0, -87.0, -849.0
10.882835968, 515.0, -80.0, -846.0
10.902104448, 527.0, -78.0, -838.0
10.921372928, 530.0, -79.0, -841.0
10.940641408, 515.0, -85.0, -842.0
10.959909888, 508.0, -82.0, -844.0
10.979178368, 512.0, -78.0, -843.0
10.998446848, 517.0, -81.0, -842.0
11.017715328, 518.0, -85.0, -844.0
11.036983808, 518.0, -79.0, -838.0
11.056252288, 520.0, -81.0, -838.0
11.075520768, 520.0, -76.0, -846.0
11.094789248, 516.0, -79.0, -843.0
11.114057728, 514.0, -80.0, -842.0
11.133326208, 524.0, -76.0, -845.0
11.152594688, 526.0, -80.0, -843.0
11.171863168, 523.0, -79.0, -840.0
11.191131648, 528.0, -84.0, -844.0
11.210400128, 536.0, -84.0, -848.0
11.229668608, 553.0, -101.0, -855.0
11.248937088, 550.0, -58.0, -836.0
11.268205568, 514.0, -57.0, -850.0
11.287474048, 482.0, -75.0, -856.0
11.306742528, 522.0, -71.0, -859.0
11.326011008, 584.0, -71.0, -847.0
11.345279488, 550.0, -88.0, -864.0
11.364547968, 549.0, -102.0, -850.0
11.383816448, 569.0, -106.0, -874.0
11.403084928, 601.0, -91.0, -873.0
11.422353408, 655.0, -156.0, -833.0
11.441621888, 615.0, -222.0, -864.0
11.460890368, 572.0, -142.0, -844.0
11.480158848, 450.0, -96.0, -776.0
11.499427328, 565.0, -124.0, -841.0
11.518695808, 703.0, -26.0, -766.0
11.537964288, 771.0, 120.0, -803.0
11.557232768, 797.0, 113.0, -828.0
11.576501248, 693.0, 75.0, -688.0
11.5957696, 540.0, 91.0, -623.0
11.61503808, 502.0, 126.0, -667.0
11.63430656, 501.0, 162.0, -687.0
11.65357504, 506.0, 216.0, -699.0
11.67284352, 530.0, 286.0, -731.0
11.692112, 551.0, 307.0, -763.0
11.71138048, 535.0, 280.0, -771.0
11.73064896, 509.0, 234.0, -778.0
11.74991744, 462.0, 207.0, -800.0
11.76918592, 444.0, 232.0, -789.0
11.7884544, 479.0, 256.0, -784.0
11.80772288, 526.0, 264.0, -813.0
11.82699136, 567.0, 255.0, -815.0
11.84625984, 591.0, 211.0, -812.0
11.86552832, 583.0, 221.0, -814.0
11.8847968, 507.0, 233.0, -806.0
11.90406528, 450.0, 211.0, -840.0
11.92333376, 453.0, 161.0, -862.0
11.94260224, 503.0, 108.0, -889.0
11.96187072, 560.0, 126.0, -878.0
11.9811392, 548.0, 170.0, -854.0
12.00040768, 528.0, 179.0, -846.0
12.01967616, 502.0, 167.0, -839.0
12.03894464, 499.0, 169.0, -836.0
12.05821312, 507.0, 153.0, -851.0
12.0774816, 533.0, 155.0, -861.0
12.096750049, 552.0, 148.0, -864.0
12.116018304, 540.0, 152.0, -858.0
12.135286528, 544.0, 141.0, -850.0
12.15455488, 527.0, 155.0, -833.0
12.173823104, 507.0, 166.0, -840.0
12.193091456, 507.0, 165.0, -846.0
12.21235968, 512.0, 162.0, -846.0
12.231628032, 526.0, 171.0, -840.0
12.250896256, 512.0, 170.0, -845.0
12.270164608, 495.0, 168.0, -838.0
12.289432832, 509.0, 169.0, -833.0
12.308701184, 531.0, 171.0, -830.0
12.327969408, 534.0, 179.0, -826.0
12.34723776, 514.0, 165.0, -840.0
12.366505984, 524.0, 166.0, -835.0
12.385774336, 535.0, 159.0, -841.0
12.40504256, 527.0, 162.0, -842.0
12.424310912, 528.0, 171.0, -838.0
12.443579136, 528.0, 166.0, -824.0
12.462847488, 534.0, 167.0, -830.0
12.482115712, 534.0, 174.0, -822.0
12.501384064, 544.0, 177.0, -825.0
12.520652288, 542.0, 169.0, -833.0
12.53992064, 534.0, 175.0, -825.0
12.559188864, 532.0, 166.0, -817.0
12.578457216, 539.0, 160.0, -819.0
12.59772544, 552.0, 156.0, -830.0
12.616993792, 547.0, 150.0, -837.0
12.636262016, 545.0, 155.0, -830.0
12.655530368, 541.0, 153.0, -827.0
12.674798592, 533.0, 150.0, -831.0
12.694066944, 536.0, 154.0, -825.0
12.713335168, 553.0, 155.0, -834.0
12.73260352, 552.0, 149.0, -832.0
12.751871744, 540.0, 143.0, -834.0
12.771139968, 531.0, 150.0, -828.0
12.79040832, 533.0, 159.0, -825.0
12.809676544, 543.0, 165.0, -821.0
12.828944896, 548.0, 156.0, -823.0
12.84821312, 542.0, 146.0, -830.0
12.867481472, 529.0, 158.0, -830.0
12.886749696, 521.0, 157.0, -832.0
12.906018048, 525.0, 158.0, -830.0
12.925286272, 542.0, 153.0, -826.0
12.944554624, 545.0, 155.0, -831.0
12.963822848, 554.0, 172.0, -824.0
12.9830912, 543.0, 170.0, -816.0
13.002359424, 526.0, 170.0, -823.0
13.021627776, 525.0, 161.0, -820.0
13.040896, 541.0, 157.0, -829.0
13.060164352, 561.0, 157.0, -831.0
13.079432576, 559.0, 163.0, -822.0
13.098700928, 542.0, 165.0, -824.0
13.117969152, 532.0, 161.0, -822.0
13.137237504, 543.0, 159.0, -821.0
13.156505728, 548.0, 160.0, -825.0
13.17577408, 549.0, 158.0, -835.0
13.195042304, 545.0, 154.0, -826.0
13.214310656, 540.0, 154.0, -826.0
13.23357888, 528.0, 162.0, -821.0
13.252847232, 533.0, 153.0, -826.0
13.272115456, 539.0, 152.0, -829.0
13.291383808, 550.0, 158.0, -827.0
13.310652032, 541.0, 163.0, -828.0
13.329920384, 539.0, 153.0, -838.0
13.349188608, 534.0, 151.0, -830.0
13.36845696, 537.0, 157.0, -825.0
13.387725184, 540.0, 167.0, -832.0
13.406993408, 541.0, 165.0, -829.0
13.42626176, 535.0, 158.0, -834.0
13.445529984, 530.0, 153.0, -835.0
13.464798336, 534.0, 153.0, -831.0
13.48406656, 540.0, 156.0, -823.0
13.503334912, 535.0, 158.0, -832.0
13.522603136, 528.0, 174.0, -832.0
13.541871488, 530.0, 168.0, -829.0
13.561139712, 536.0, 161.0, -819.0
13.580408064, 544.0, 162.0, -824.0
13.599676288, 531.0, 158.0, -829.0
13.61894464, 533.0, 162.0, -822.0
13.638212864, 535.0, 168.0, -825.0
13.657481216, 545.0, 176.0, -822.0
13.67674944, 554.0, 170.0, -822.0
13.696017792, 543.0, 164.0, -827.0
13.715286016, 533.0, 159.0, -825.0
13.734554368, 532.0, 167.0, -824.0
13.753822592, 546.0, 171.0, -831.0
13.773090944, 533.0, 167.0, -830.0
13.792359168, 532.0, 159.0, -832.0
13.81162752, 537.0, 164.0, -831.0
13.830895744, 548.0, 168.0, -829.0
13.850164096, 546.0, 169.0, -831.0
13.86943232, 537.0, 160.0, -828.0
13.888700672, 536.0, 163.0, -825.0
13.907968937, 544.0, 169.0, -821.0
13.927238528, 542.0, 169.0, -827.0
13.94650816, 538.0, 164.0, -824.0
13.96577792, 537.0, 167.0, -823.0
13.985047552, 540.0, 160.0, -826.0
14.004317184, 539.0, 161.0, -828.0
14.023586816, 539.0, 174.0, -821.0
14.042856576, 534.0, 171.0, -827.0
14.062126208, 538.0, 171.0, -826.0
14.08139584, 542.0, 164.0, -825.0
14.100665472, 544.0, 160.0, -826.0
14.119935232, 548.0, 173.0, -822.0
14.139204864, 542.0, 172.0, -824.0
14.158474496, 538.0, 167.0, -827.0
14.177744128, 536.0, 160.0, -827.0
14.197013888, 547.0, 163.0, -826.0
14.21628352, 549.0, 164.0, -826.0
14.235553152, 543.0, 170.0, -823.0
14.254822784, 537.0, 166.0, -821.0
14.274092544, 542.0, 163.0, -821.0
14.293362176, 543.0, 163.0, -826.0
14.312631808, 547.0, 161.0, -823.0
14.331901568, 548.0, 162.0, -827.0
14.3511712, 536.0, 163.0, -823.0
14.370440832, 533.0, 166.0, -828.0
14.389710464, 541.0, 171.0, -822.0
14.408980224, 550.0, 165.0, -823.0
14.428249856, 546.0, 164.0, -821.0
14.447519488, 537.0, 159.0, -826.0
14.46678912, 538.0, 161.0, -829.0
14.48605888, 543.0, 165.0, -817.0
14.505328512, 554.0, 170.0, -826.0
14.524598144, 556.0, 164.0, -825.0
14.543867776, 544.0, 161.0, -825.0
14.563137536, 539.0, 163.0, -822.0
14.582407168, 541.0, 172.0, -824.0
14.6016768, 544.0, 168.0, -824.0
14.62094656, 552.0, 160.0, -825.0
14.640216192, 553.0, 163.0, -827.0
14.659485824, 539.0, 168.0, -824.0
14.678755456, 536.0, 157.0, -825.0
14.698025216, 537.0, 161.0, -827.0
14.717294848, 542.0, 165.0, -829.0
14.73656448, 553.0, 161.0, -821.0
14.755834112, 546.0, 167.0, -821.0
14.775103872, 532.0, 164.0, -822.0
14.794373504, 533.0, 163.0, -820.0
14.813643136, 541.0, 167.0, -820.0
14.832912768, 551.0, 167.0, -819.0
14.852182528, 549.0, 171.0, -813.0
14.87145216, 547.0, 166.0, -825.0
14.890721792, 537.0, 162.0, -825.0
14.909991424, 541.0, 167.0, -827.0
14.929261184, 549.0, 165.0, -823.0
14.948530816, 550.0, 161.0, -819.0
14.967800448, 547.0, 160.0, -828.0
14.987070208, 543.0, 157.0, -827.0
15.00633984, 545.0, 173.0, -822.0
15.025609472, 548.0, 164.0, -820.0
15.044879104, 546.0, 169.0, -824.0
15.064148864, 544.0, 160.0, -823.0
15.083418496, 544.0, 157.0, -830.0
15.102688128, 543.0, 162.0, -827.0
15.12195776, 551.0, 168.0, -825.0
15.14122752, 543.0, 160.0, -817.0
15.160497152, 536.0, 154.0, -821.0
15.179766784, 541.0, 156.0, -824.0
15.199036416, 548.0, 159.0, -820.0
15.218306176, 547.0, 161.0, -823.0
15.237575808, 540.0, 154.0, -818.0
15.25684544, 543.0, 159.0, -825.0
15.276115072, 546.0, 164.0, -818.0
15.295384832, 550.0, 158.0, -823.0
15.314654464, 542.0, 157.0, -825.0
15.333924096, 537.0, 153.0, -823.0
15.353193856, 546.0, 153.0, -826.0
15.372463488, 555.0, 150.0, -823.0
15.39173312, 547.0, 149.0, -824.0
15.411002752, 542.0, 156.0, -822.0
15.430272512, 539.0, 154.0, -822.0
15.449542144, 552.0, 154.0, -824.0
15.468811776, 566.0, 152.0, -820.0
15.488081408, 562.0, 153.0, -817.0
15.507351168, 549.0, 163.0, -814.0
15.5266208, 544.0, 152.0, -819.0
15.545890432, 536.0, 151.0, -815.0
15.565160064, 548.0, 154.0, -822.0
15.584429824, 554.0, 151.0, -812.0
15.603699456, 561.0, 149.0, -813.0
15.622969088, 561.0, 144.0, -813.0
15.64223872, 558.0, 145.0, -814.0
15.66150848, 556.0, 152.0, -811.0
15.680778112, 563.0, 140.0, -810.0
15.700047744, 555.0, 146.0, -821.0
15.719317521, 550.0, 144.0, -812.0
15.738584832, 554.0, 131.0, -826.0
15.75785216, 568.0, 134.0, -822.0
15.777119488, 586.0, 139.0, -827.0
15.796386816, 563.0, 126.0, -813.0
15.815654272, 552.0, 146.0, -810.0
15.8349216, 596.0, 144.0, -810.0
15.854188928, 602.0, 131.0, -825.0
15.873456256, 573.0, 151.0, -804.0
15.892723584, 552.0, 147.0, -804.0
15.911990912, 533.0, 151.0, -812.0
15.93125824, 556.0, 141.0, -807.0
15.950525568, 568.0, 120.0, -833.0
15.969793024, 567.0, 144.0, -829.0
15.989060352, 554.0, 140.0, -813.0
16.00832768, 546.0, 136.0, -812.0
16.027595008, 555.0, 147.0, -808.0
16.046862336, 560.0, 147.0, -812.0
16.066129664, 565.0, 146.0, -812.0
16.085396992, 557.0, 146.0, -815.0
16.10466432, 556.0, 151.0, -808.0
16.123931776, 558.0, 145.0, -810.0
16.143199104, 560.0, 143.0, -817.0
16.162466432, 561.0, 145.0, -817.0
16.18173376, 560.0, 145.0, -816.0
16.201001088, 550.0, 138.0, -818.0
16.220268416, 550.0, 137.0, -820.0
16.239535744, 555.0, 142.0, -819.0
16.258803072, 560.0, 145.0, -823.0
16.278070528, 559.0, 143.0, -817.0
16.297337856, 553.0, 149.0, -814.0
16.316605184, 562.0, 147.0, -814.0
16.335872512, 565.0, 144.0, -818.0
16.35513984, 567.0, 144.0, -815.0
16.374407168, 558.0, 139.0, -816.0
16.393674496, 554.0, 148.0, -814.0
16.412941824, 556.0, 143.0, -812.0
16.43220928, 560.0, 148.0, -813.0
16.451476608, 555.0, 145.0, -817.0
16.470743936, 551.0, 145.0, -816.0
16.490011264, 556.0, 145.0, -816.0
16.509278592, 556.0, 146.0, -812.0
16.52854592, 561.0, 143.0, -816.0
16.547813248, 560.0, 143.0, -815.0
16.567080576, 559.0, 143.0, -819.0
16.586348032, 557.0, 142.0, -818.0
16.60561536, 556.0, 143.0, -820.0
16.624882688, 563.0, 143.0, -812.0
16.644150016, 561.0, 141.0, -819.0
16.663417344, 556.0, 142.0, -820.0
16.682684672, 556.0, 149.0, -818.0
16.701952, 564.0, 143.0, -814.0
16.721219328, 563.0, 142.0, -820.0
16.740486784, 564.0, 143.0, -808.0
16.759754112, 558.0, 144.0, -815.0
16.77902144, 558.0, 144.0, -815.0
16.798288768, 555.0, 140.0, -816.0
16.817556096, 557.0, 141.0, -815.0
16.836823424, 559.0, 145.0, -813.0
16.856090752, 564.0, 142.0, -814.0
16.87535808, 559.0, 144.0, -815.0
16.894625536, 560.0, 147.0, -811.0
16.913892864, 560.0, 139.0, -815.0
16.933160192, 564.0, 151.0, -812.0
16.95242752, 559.0, 145.0, -812.0
16.971694848, 561.0, 142.0, -822.0
16.990962176, 559.0, 147.0, -814.0
17.010229504, 558.0, 144.0, -817.0
17.029496832, 557.0, 148.0, -818.0
17.048764288, 555.0, 150.0, -817.0
17.068031616, 559.0, 147.0, -818.0
17.087298944, 558.0, 149.0, -821.0
17.106566272, 553.0, 147.0, -819.0
17.1258336, 559.0, 146.0, -816.0
17.145100928, 554.0, 145.0, -818.0
17.164368256, 559.0, 148.0, -815.0
17.183635584, 554.0, 149.0, -817.0
17.20290304, 557.0, 140.0, -819.0
17.222170368, 555.0, 146.0, -816.0
17.241437696, 560.0, 153.0, -812.0
17.260705024, 563.0, 149.0, -812.0
17.279972352, 556.0, 152.0, -813.0
17.29923968, 559.0, 151.0, -814.0
17.318507008, 561.0, 151.0, -814.0
17.337774336, 557.0, 155.0, -822.0
17.357041792, 556.0, 147.0, -816.0
17.376309119, 558.0, 155.0, -816.0
17.395577216, 553.0, 153.0, -817.0
17.414845312, 552.0, 150.0, -822.0
17.434113408, 546.0, 145.0, -823.0
17.453381376, 553.0, 150.0, -822.0
17.472649472, 553.0, 158.0, -822.0
17.491917568, 553.0, 155.0, -824.0
17.511185664, 550.0, 149.0, -821.0
17.53045376, 550.0, 145.0, -820.0
17.549721856, 556.0, 152.0, -815.0
17.568989824, 554.0, 151.0, -817.0
17.58825792, 547.0, 147.0, -822.0
17.607526016, 547.0, 145.0, -822.0
17.626794112, 547.0, 152.0, -818.0
17.646062208, 549.0, 155.0, -818.0
17.665330304, 553.0, 156.0, -816.0
17.684598272, 551.0, 150.0, -816.0
17.703866368, 547.0, 149.0, -821.0
17.723134464, 552.0, 152.0, -818.0
17.74240256, 557.0, 148.0, -820.0
17.761670656, 551.0, 149.0, -819.0
17.780938752, 545.0, 147.0, -824.0
17.80020672, 551.0, 154.0, -821.0
17.819474816, 551.0, 151.0, -819.0
17.838742912, 554.0, 149.0, -821.0
17.858011008, 555.0, 149.0, -820.0
17.877279104, 557.0, 149.0, -816.0
17.8965472, 551.0, 145.0, -822.0
17.915815168, 552.0, 148.0, -819.0
17.935083264, 552.0, 147.0, -821.0
17.95435136, 556.0, 144.0, -818.0
17.973619456, 555.0, 146.0, -819.0
17.992887552, 556.0, 147.0, -821.0
18.012155648, 547.0, 151.0, -823.0
18.031423616, 550.0, 144.0, -821.0
18.050691712, 550.0, 146.0, -817.0
18.069959808, 550.0, 149.0, -815.0
18.089227904, 548.0, 154.0, -821.0
18.108496, 541.0, 148.0, -821.0
18.127764096, 550.0, 147.0, -819.0
18.147032064, 554.0, 153.0, -817.0
18.16630016, 551.0, 156.0, -822.0
18.185568256, 548.0, 152.0, -826.0
18.204836352, 550.0, 149.0, -819.0
18.224104448, 552.0, 145.0, -822.0
18.243372416, 553.0, 152.0, -821.0
18.262640512, 548.0, 149.0, -825.0
18.281908608, 549.0, 149.0, -821.0
18.301176704, 549.0, 147.0, -821.0
18.3204448, 549.0, 147.0, -822.0
18.339712896, 559.0, 145.0, -821.0
18.358980864, 557.0, 145.0, -821.0
18.37824896, 556.0, 147.0, -822.0
18.397517056, 553.0, 149.0, -819.0
18.416785152, 553.0, 145.0, -816.0
18.436053248, 557.0, 152.0, -820.0
18.455321344, 551.0, 152.0, -817.0
18.474589312, 552.0, 144.0, -819.0
18.493857408, 545.0, 149.0, -818.0
18.513125504, 551.0, 151.0, -819.0
18.5323936, 548.0, 156.0, -819.0
18.551661696, 549.0, 151.0, -819.0
18.570929792, 556.0, 146.0, -821.0
18.59019776, 555.0, 152.0, -818.0
18.609465856, 553.0, 149.0, -821.0
18.628733952, 555.0, 150.0, -819.0
18.648002048, 552.0, 152.0, -822.0
18.667270144, 553.0, 151.0, -820.0
18.68653824, 558.0, 149.0, -827.0
18.705806208, 557.0, 148.0, -820.0
18.725074304, 553.0, 154.0, -820.0
18.7443424, 547.0, 149.0, -822.0
18.763610496, 555.0, 149.0, -821.0
18.782878592, 555.0, 149.0, -823.0
18.802146688, 549.0, 155.0, -817.0
18.821414656, 556.0, 156.0, -816.0
18.840682752, 553.0, 154.0, -816.0
18.859950848, 552.0, 155.0, -815.0
18.879218944, 550.0, 151.0, -816.0
18.89848704, 549.0, 159.0, -817.0
18.917755136, 553.0, 153.0, -814.0
18.937023104, 554.0, 153.0, -815.0
18.9562912, 555.0, 151.0, -817.0
18.975559296, 554.0, 154.0, -820.0
18.994827392, 551.0, 154.0, -816.0
19.014095488, 551.0, 151.0, -824.0
19.033363456, 548.0, 151.0, -818.0
19.052631552, 542.0, 150.0, -824.0
19.071899648, 554.0, 155.0, -819.0
19.091167744, 556.0, 157.0, -818.0
19.11043584, 554.0, 164.0, -824.0
19.129703936, 552.0, 155.0, -821.0
19.148971904, 548.0, 155.0, -816.0
19.16824, 561.0, 151.0, -817.0
19.187508096, 556.0, 157.0, -818.0
19.206776192, 545.0, 156.0, -821.0
19.226044288, 550.0, 159.0, -819.0
19.245312312, 549.0, 155.0, -817.0
19.264580352, 552.0, 150.0, -816.0
19.283848448, 557.0, 157.0, -815.0
19.303116544, 554.0, 156.0, -818.0
19.322384768, 547.0, 157.0, -817.0
19.341652864, 549.0, 152.0, -815.0
19.36092096, 553.0, 153.0, -815.0
19.380189056, 560.0, 157.0, -815.0
19.399457152, 555.0, 151.0, -818.0
19.418725376, 549.0, 157.0, -817.0
19.437993472, 554.0, 151.0, -818.0
19.457261568, 558.0, 153.0, -815.0
19.476529664, 556.0, 156.0, -820.0
19.49579776, 549.0, 154.0, -820.0
19.515065984, 553.0, 150.0, -821.0
19.53433408, 561.0, 156.0, -817.0
19.553602176, 556.0, 151.0, -817.0
19.572870272, 556.0, 154.0, -816.0
19.592138368, 552.0, 150.0, -815.0
19.611406592, 555.0, 147.0, -815.0
19.630674688, 556.0, 155.0, -817.0
19.649942784, 563.0, 160.0, -813.0
19.66921088, 555.0, 158.0, -818.0
19.688478976, 551.0, 151.0, -813.0
19.7077472, 555.0, 156.0, -817.0
19.727015296, 562.0, 156.0, -816.0
19.746283392, 554.0, 151.0, -817.0
19.765551488, 552.0, 157.0, -820.0
19.784819584, 550.0, 147.0, -817.0
19.804087808, 557.0, 151.0, -816.0
19.823355904, 557.0, 155.0, -824.0
19.842624, 554.0, 153.0, -820.0
19.861892096, 550.0, 150.0, -818.0
19.881160192, 556.0, 151.0, -820.0
19.900428416, 555.0, 148.0, -821.0
19.919696512, 552.0, 153.0, -820.0
19.938964608, 555.0, 156.0, -816.0
19.958232704, 554.0, 157.0, -819.0
19.9775008, 553.0, 153.0, -820.0
19.996769024, 549.0, 152.0, -820.0
20.01603712, 552.0, 150.0, -816.0
20.035305216, 559.0, 157.0, -818.0
20.054573312, 554.0, 158.0, -816.0
20.073841408, 550.0, 155.0, -815.0
20.093109632, 553.0, 151.0, -814.0
20.112377728, 555.0, 157.0, -817.0
20.131645824, 551.0, 161.0, -817.0
20.15091392, 557.0, 156.0, -811.0
20.170182016, 550.0, 160.0, -812.0
20.189450112, 545.0, 151.0, -820.0
20.208718336, 544.0, 150.0, -822.0
20.227986432, 554.0, 155.0, -819.0
20.247254528, 559.0, 158.0, -825.0
20.266522624, 549.0, 157.0, -822.0
20.28579072, 545.0, 152.0, -821.0
20.305058944, 553.0, 151.0, -820.0
20.32432704, 551.0, 149.0, -825.0
20.343595136, 552.0, 156.0, -823.0
20.362863232, 546.0, 154.0, -821.0
20.382131328, 549.0, 150.0, -819.0
20.401399552, 550.0, 150.0, -821.0
20.420667648, 547.0, 156.0, -819.0
20.439935744, 550.0, 154.0, -818.0
20.45920384, 546.0, 150.0, -818.0
20.478471936, 550.0, 149.0, -819.0
20.49774016, 553.0, 153.0, -819.0
20.517008256, 544.0, 154.0, -818.0
20.536276352, 545.0, 154.0, -822.0
20.555544448, 550.0, 154.0, -817.0
20.574812544, 556.0, 155.0, -820.0
20.594080768, 551.0, 158.0, -821.0
20.613348864, 549.0, 154.0, -823.0
20.63261696, 550.0, 151.0, -817.0
20.651885056, 557.0, 153.0, -821.0
20.671153152, 555.0, 144.0, -823.0
20.690421376, 554.0, 153.0, -820.0
20.709689472, 558.0, 155.0, -820.0
20.728957568, 552.0, 153.0, -822.0
20.748225664, 551.0, 151.0, -822.0
20.76749376, 553.0, 150.0, -818.0
20.786761984, 553.0, 152.0, -823.0
20.80603008, 548.0, 146.0, -819.0
20.825298176, 549.0, 158.0, -818.0
20.844566272, 546.0, 149.0, -816.0
20.863834368, 547.0, 152.0, -820.0
20.883102592, 551.0, 153.0, -821.0
20.902370688, 545.0, 154.0, -819.0
20.921638784, 553.0, 158.0, -819.0
20.94090688, 548.0, 157.0, -819.0
20.960174976, 554.0, 156.0, -817.0
20.9794432, 557.0, 155.0, -814.0
20.998711296, 558.0, 161.0, -818.0
21.017979392, 553.0, 153.0, -825.0
21.037247488, 547.0, 148.0, -823.0
21.056515584, 548.0, 156.0, -823.0
21.075783808, 548.0, 153.0, -826.0
21.095051904, 552.0, 153.0, -820.0
21.114320079, 553.0, 153.0, -822.0
21.133587712, 548.0, 158.0, -820.0
21.152855296, 549.0, 156.0, -822.0
21.17212288, 545.0, 152.0, -822.0
21.191390464, 555.0, 156.0, -816.0
21.210658048, 553.0, 152.0, -818.0
21.229925632, 553.0, 156.0, -822.0
21.249193216, 547.0, 153.0, -816.0
21.2684608, 548.0, 156.0, -819.0
21.287728384, 552.0, 162.0, -817.0
21.306995968, 553.0, 157.0, -819.0
21.326263552, 551.0, 157.0, -818.0
21.345531136, 548.0, 152.0, -821.0
21.36479872, 552.0, 152.0, -823.0
21.384066304, 554.0, 156.0, -818.0
21.403333888, 552.0, 158.0, -821.0
21.422601472, 549.0, 152.0, -819.0
21.441869184, 549.0, 148.0, -821.0
21.461136768, 553.0, 156.0, -820.0
21.480404352, 554.0, 157.0, -821.0
21.499671936, 553.0, 154.0, -821.0
21.51893952, 551.0, 147.0, -824.0
21.538207104, 552.0, 152.0, -822.0
21.557474688, 556.0, 156.0, -822.0
21.576742272, 554.0, 163.0, -817.0
21.596009856, 546.0, 159.0, -817.0
21.61527744, 550.0, 159.0, -816.0
21.634545024, 550.0, 152.0, -814.0
21.653812608, 553.0, 160.0, -818.0
21.673080192, 553.0, 158.0, -818.0
21.692347776, 548.0, 156.0, -815.0
21.71161536, 548.0, 155.0, -816.0
21.730882944, 552.0, 155.0, -820.0
21.750150528, 559.0, 153.0, -813.0
21.769418112, 550.0, 162.0, -821.0
21.788685696, 545.0, 159.0, -822.0
21.80795328, 543.0, 155.0, -821.0
21.827220864, 555.0, 159.0, -816.0
21.846488448, 558.0, 158.0, -820.0
21.865756032, 551.0, 158.0, -825.0
21.885023616, 550.0, 159.0, -821.0
21.9042912, 549.0, 156.0, -822.0
21.923558784, 554.0, 155.0, -819.0
21.942826368, 557.0, 158.0, -823.0
21.962093952, 554.0, 160.0, -818.0
21.981361536, 546.0, 157.0, -817.0
22.00062912, 551.0, 159.0, -820.0
22.019896704, 547.0, 155.0, -821.0
22.039164288, 550.0, 152.0, -824.0
22.058431872, 552.0, 155.0, -821.0
22.077699584, 555.0, 152.0, -818.0
22.096967168, 550.0, 156.0, -819.0
22.116234752, 549.0, 158.0, -817.0
22.135502336, 553.0, 156.0, -821.0
22.15476992, 549.0, 156.0, -818.0
22.174037504, 548.0, 153.0, -819.0
22.193305088, 548.0, 160.0, -820.0
22.212572672, 549.0, 155.0, -822.0
22.231840256, 553.0, 156.0, -820.0
22.25110784, 550.0, 159.0, -819.0
22.270375424, 550.0, 160.0, -824.0
22.289643008, 546.0, 155.0, -821.0
22.308910592, 552.0, 160.0, -819.0
22.328178176, 557.0, 155.0, -822.0
22.34744576, 551.0, 154.0, -821.0
22.366713344, 543.0, 157.0, -820.0
22.385980928, 550.0, 157.0, -818.0
22.405248512, 554.0, 155.0, -819.0
22.424516096, 553.0, 152.0, -821.0
22.44378368, 548.0, 159.0, -820.0
22.463051264, 549.0, 157.0, -819.0
22.482318848, 548.0, 155.0, -819.0
22.501586432, 548.0, 156.0, -818.0
22.520854016, 549.0, 159.0, -818.0
22.5401216, 552.0, 155.0, -820.0
22.559389184, 552.0, 150.0, -819.0
22.578656768, 554.0, 155.0, -819.0
22.597924352, 551.0, 154.0, -823.0
22.617191936, 549.0, 160.0, -823.0
22.63645952, 548.0, 154.0, -821.0
22.655727104, 548.0, 157.0, -826.0
22.674994816, 549.0, 155.0, -823.0
22.6942624, 552.0, 152.0, -820.0
22.713529984, 551.0, 152.0, -820.0
22.732797568, 548.0, 155.0, -824.0
22.752065152, 553.0, 156.0, -818.0
22.771332736, 549.0, 151.0, -820.0
22.79060032, 553.0, 157.0, -819.0
22.809867904, 551.0, 154.0, -820.0
22.829135488, 545.0, 159.0, -821.0
22.848403072, 546.0, 159.0, -820.0
22.867670656, 545.0, 155.0, -823.0
22.88693824, 550.0, 153.0, -821.0
22.906205824, 558.0, 167.0, -814.0
22.925473351, 547.0, 162.0, -817.0
22.944741376, 539.0, 157.0, -819.0
22.964009344, 547.0, 160.0, -820.0
22.983277312, 554.0, 165.0, -819.0
23.002545152, 558.0, 164.0, -818.0
23.02181312, 544.0, 162.0, -818.0
23.041081088, 548.0, 159.0, -822.0
23.060349056, 550.0, 154.0, -824.0
23.079617024, 550.0, 159.0, -823.0
23.098884992, 554.0, 156.0, -825.0
23.118152832, 545.0, 159.0, -824.0
23.1374208, 546.0, 157.0, -822.0
23.156688768, 551.0, 159.0, -817.0
23.175956736, 552.0, 159.0, -820.0
23.195224704, 558.0, 159.0, -816.0
23.214492672, 547.0, 158.0, -820.0
23.233760512, 547.0, 155.0, -820.0
23.25302848, 549.0, 155.0, -818.0
23.272296448, 551.0, 158.0, -819.0
23.291564416, 557.0, 160.0, -821.0
23.310832384, 551.0, 156.0, -816.0
23.330100224, 549.0, 149.0, -821.0
23.349368192, 546.0, 160.0, -819.0
23.36863616, 550.0, 159.0, -817.0
23.387904128, 546.0, 165.0, -819.0
23.407172096, 547.0, 154.0, -817.0
23.426440064, 555.0, 157.0, -819.0
23.445707904, 553.0, 159.0, -818.0
23.464975872, 548.0, 160.0, -821.0
23.48424384, 551.0, 153.0, -821.0
23.503511808, 558.0, 152.0, -818.0
23.522779776, 556.0, 158.0, -817.0
23.542047616, 551.0, 160.0, -823.0
23.561315584, 550.0, 155.0, -822.0
23.580583552, 549.0, 153.0, -822.0
23.59985152, 555.0, 156.0, -819.0
23.619119488, 550.0, 161.0, -822.0
23.638387456, 551.0, 162.0, -812.0
23.657655296, 552.0, 162.0, -815.0
23.676923264, 554.0, 157.0, -817.0
23.696191232, 553.0, 161.0, -817.0
23.7154592, 552.0, 157.0, -819.0
23.734727168, 555.0, 164.0, -815.0
23.753995136, 550.0, 162.0, -812.0
23.773262976, 551.0, 160.0, -820.0
23.792530944, 554.0, 164.0, -815.0
23.811798912, 551.0, 163.0, -818.0
23.83106688, 552.0, 159.0, -818.0
23.850334848, 549.0, 159.0, -822.0
23.869602688, 550.0, 163.0, -818.0
23.888870656, 550.0, 157.0, -821.0
23.908138624, 555.0, 161.0, -820.0
23.927406592, 553.0, 159.0, -815.0
23.94667456, 555.0, 157.0, -816.0
23.965942528, 555.0, 159.0, -819.0
23.985210368, 554.0, 155.0, -816.0
24.004478336, 558.0, 158.0, -819.0
24.023746304, 555.0, 159.0, -821.0
24.043014272, 552.0, 162.0, -813.0
24.06228224, 545.0, 158.0, -817.0
24.08155008, 551.0, 159.0, -816.0
24.100818048, 554.0, 160.0, -814.0
24.120086016, 551.0, 158.0, -815.0
24.139353984, 555.0, 159.0, -819.0
24.158621952, 555.0, 163.0, -816.0
24.17788992, 552.0, 162.0, -815.0
24.19715776, 554.0, 161.0, -815.0
24.216425728, 548.0, 159.0, -816.0
24.235693696, 553.0, 163.0, -815.0
24.254961664, 551.0, 161.0, -814.0
24.274229632, 551.0, 163.0, -819.0
24.2934976, 552.0, 161.0, -818.0
24.31276544, 550.0, 161.0, -814.0
24.332033408, 551.0, 159.0, -816.0
24.351301376, 552.0, 157.0, -820.0
24.370569344, 557.0, 161.0, -822.0
24.389837312, 557.0, 162.0, -817.0
24.409105152, 547.0, 157.0, -821.0
24.42837312, 551.0, 156.0, -815.0
24.447641088, 554.0, 154.0, -816.0
24.466909056, 557.0, 162.0, -817.0
24.486177024, 553.0, 161.0, -821.0
24.505444992, 547.0, 164.0, -818.0
24.524712832, 547.0, 159.0, -819.0
24.5439808, 549.0, 165.0, -817.0
24.563248768, 545.0, 160.0, -817.0
24.582516736, 549.0, 164.0, -821.0
24.601784704, 552.0, 163.0, -814.0
24.621052544, 549.0, 163.0, -822.0
24.640320512, 552.0, 165.0, -821.0
24.65958848, 548.0, 164.0, -816.0
24.678856448, 548.0, 167.0, -821.0
24.698124416, 549.0, 165.0, -819.0
24.717392384, 552.0, 162.0, -817.0
24.736660195, 548.0, 160.0, -826.0
24.755927936, 547.0, 163.0, -819.0
24.775195648, 548.0, 159.0, -824.0
24.794463488, 549.0, 157.0, -825.0
24.8137312, 550.0, 157.0, -823.0
24.83299904, 547.0, 159.0, -820.0
24.852266752, 549.0, 159.0, -820.0
24.871534592, 554.0, 156.0, -820.0
24.890802304, 557.0, 159.0, -818.0
24.910070016, 546.0, 163.0, -823.0
24.929337856, 540.0, 162.0, -819.0
24.948605568, 548.0, 158.0, -824.0
24.967873408, 551.0, 160.0, -819.0
24.98714112, 552.0, 162.0, -818.0
25.00640896, 551.0, 160.0, -819.0
25.025676672, 544.0, 162.0, -820.0
25.044944384, 545.0, 156.0, -822.0
25.064212224, 553.0, 160.0, -823.0
25.083479936, 555.0, 162.0, -818.0
25.102747776, 548.0, 163.0, -824.0
25.122015488, 547.0, 150.0, -822.0
25.141283328, 551.0, 158.0, -823.0
25.16055104, 556.0, 161.0, -818.0
25.179818752, 549.0, 159.0, -825.0
25.199086592, 544.0, 156.0, -825.0
25.218354304, 545.0, 156.0, -823.0
25.237622144, 550.0, 158.0, -817.0
25.256889856, 549.0, 159.0, -817.0
25.276157696, 551.0, 162.0, -823.0
25.295425408, 552.0, 161.0, -818.0
25.31469312, 546.0, 161.0, -818.0
25.33396096, 551.0, 160.0, -814.0
25.353228672, 550.0, 159.0, -818.0
25.372496512, 551.0, 162.0, -815.0
25.391764224, 550.0, 159.0, -823.0
25.411031936, 551.0, 160.0, -812.0
25.430299776, 549.0, 160.0, -820.0
25.449567488, 544.0, 166.0, -817.0
25.468835328, 547.0, 164.0, -820.0
25.48810304, 548.0, 160.0, -818.0
25.50737088, 547.0, 160.0, -824.0
25.526638592, 546.0, 160.0, -823.0
25.545906304, 554.0, 161.0, -822.0
25.565174144, 547.0, 161.0, -820.0
25.584441856, 547.0, 159.0, -821.0
25.603709696, 549.0, 151.0, -822.0
25.622977408, 551.0, 166.0, -817.0
25.642245248, 544.0, 170.0, -824.0
25.66151296, 550.0, 161.0, -807.0
25.680780672, 554.0, 152.0, -816.0
25.700048512, 561.0, 160.0, -823.0
25.719316224, 559.0, 160.0, -812.0
25.738584064, 543.0, 158.0, -812.0
25.757851776, 553.0, 159.0, -814.0
25.777119616, 553.0, 160.0, -811.0
25.796387328, 567.0, 161.0, -811.0
25.81565504, 571.0, 158.0, -814.0
25.83492288, 555.0, 156.0, -815.0
25.854190592, 553.0, 159.0, -809.0
25.873458432, 557.0, 148.0, -814.0
25.892726144, 565.0, 153.0, -814.0
25.911993984, 564.0, 151.0, -825.0
25.931261696, 556.0, 154.0, -820.0
25.950529408, 554.0, 153.0, -814.0
25.969797248, 553.0, 151.0, -813.0
25.98906496, 568.0, 158.0, -815.0
26.0083328, 563.0, 158.0, -816.0
26.027600512, 552.0, 149.0, -824.0
26.046868352, 555.0, 148.0, -821.0
26.066136064, 561.0, 146.0, -819.0
26.085403776, 561.0, 158.0, -815.0
26.104671616, 555.0, 159.0, -811.0
26.123939328, 556.0, 154.0, -815.0
26.143207168, 560.0, 145.0, -813.0
26.16247488, 563.0, 153.0, -814.0
26.18174272, 561.0, 160.0, -816.0
26.201010432, 558.0, 155.0, -811.0
26.220278144, 555.0, 156.0, -813.0
26.239545984, 557.0, 156.0, -806.0
26.258813696, 569.0, 157.0, -810.0
26.278081536, 568.0, 157.0, -815.0
26.297349248, 559.0, 151.0, -816.0
26.316617088, 559.0, 152.0, -813.0
26.3358848, 561.0, 150.0, -818.0
26.355152512, 563.0, 150.0, -819.0
26.374420352, 562.0, 153.0, -818.0
26.393688064, 559.0, 153.0, -818.0
26.412955904, 556.0, 152.0, -816.0
26.432223616, 559.0, 150.0, -817.0
26.451491328, 556.0, 152.0, -814.0
26.470759168, 561.0, 157.0, -812.0
26.49002688, 565.0, 161.0, -811.0
26.50929472, 561.0, 159.0, -809.0
26.528562432, 555.0, 151.0, -810.0
26.547830249, 557.0, 158.0, -811.0
26.567099264, 557.0, 157.0, -810.0
26.586368256, 562.0, 160.0, -815.0
26.605637248, 554.0, 150.0, -814.0
26.62490624, 558.0, 159.0, -813.0
26.644175232, 562.0, 164.0, -811.0
26.663444224, 560.0, 154.0, -814.0
26.682713216, 560.0, 156.0, -813.0
26.701982208, 561.0, 158.0, -816.0
26.7212512, 564.0, 156.0, -818.0
26.740520192, 560.0, 157.0, -813.0
26.759789184, 565.0, 157.0, -814.0
26.779058048, 559.0, 154.0, -817.0
26.79832704, 558.0, 155.0, -815.0
26.817596032, 560.0, 153.0, -815.0
26.836865024, 557.0, 155.0, -814.0
26.856134016, 568.0, 156.0, -815.0
26.875403008, 563.0, 156.0, -809.0
26.894672, 555.0, 155.0, -812.0
26.913940992, 554.0, 155.0, -810.0
26.933209984, 556.0, 158.0, -813.0
26.952478976, 561.0, 155.0, -816.0
26.971747968, 556.0, 159.0, -810.0
26.99101696, 553.0, 152.0, -814.0
27.010285952, 560.0, 157.0, -814.0
27.029554944, 559.0, 160.0, -812.0
27.048823936, 556.0, 154.0, -815.0
27.068092928, 553.0, 157.0, -815.0
27.08736192, 550.0, 152.0, -814.0
27.106630912, 557.0, 148.0, -818.0
27.125899904, 565.0, 157.0, -817.0
27.145168896, 554.0, 159.0, -813.0
27.16443776, 553.0, 149.0, -816.0
27.183706752, 556.0, 149.0, -817.0
27.202975744, 564.0, 153.0, -816.0
27.222244736, 566.0, 159.0, -817.0
27.241513728, 554.0, 154.0, -819.0
27.26078272, 552.0, 149.0, -812.0
27.280051712, 557.0, 153.0, -818.0
27.299320704, 561.0, 160.0, -814.0
27.318589696, 561.0, 162.0, -815.0
27.337858688, 555.0, 152.0, -817.0
27.35712768, 555.0, 147.0, -816.0
27.376396672, 557.0, 154.0, -816.0
27.395665664, 558.0, 160.0, -812.0
27.414934656, 556.0, 157.0, -817.0
27.434203648, 555.0, 153.0, -816.0
27.45347264, 559.0, 152.0, -814.0
27.472741632, 559.0, 153.0, -818.0
27.492010624, 561.0, 155.0, -818.0
27.511279616, 555.0, 156.0, -819.0
27.530548608, 554.0, 158.0, -820.0
27.5498176, 554.0, 152.0, -814.0
27.569086464, 557.0, 149.0, -821.0
27.588355456, 558.0, 151.0, -819.0
27.607624448, 555.0, 152.0, -820.0
27.62689344, 555.0, 154.0, -815.0
27.646162432, 558.0, 153.0, -817.0
27.665431424, 560.0, 153.0, -817.0
27.684700416, 557.0, 150.0, -817.0
27.703969408, 558.0, 158.0, -811.0
27.7232384, 556.0, 158.0, -813.0
27.742507392, 559.0, 155.0, -812.0
27.761776384, 559.0, 148.0, -820.0
27.781045376, 560.0, 154.0, -810.0
27.800314368, 557.0, 162.0, -813.0
27.81958336, 552.0, 155.0, -810.0
27.838852352, 558.0, 157.0, -816.0
27.858121344, 565.0, 158.0, -807.0
27.877390336, 562.0, 155.0, -813.0
27.896659328, 546.0, 152.0, -815.0
27.91592832, 552.0, 155.0, -819.0
27.935197312, 556.0, 157.0, -816.0
27.954466176, 557.0, 162.0, -822.0
27.973735168, 558.0, 154.0, -817.0
27.99300416, 555.0, 158.0, -818.0
28.012273152, 554.0, 157.0, -814.0
28.031542144, 561.0, 159.0, -816.0
28.050811136, 556.0, 157.0, -819.0
28.070080128, 547.0, 152.0, -816.0
28.08934912, 558.0, 156.0, -809.0
28.108618112, 565.0, 162.0, -816.0
28.127887104, 555.0, 164.0, -813.0
28.147156096, 557.0, 156.0, -814.0
28.166425088, 551.0, 157.0, -812.0
28.18569408, 556.0, 160.0, -814.0
28.204963072, 560.0, 162.0, -812.0
28.224232064, 556.0, 156.0, -815.0
28.243501056, 553.0, 157.0, -816.0
28.262770048, 557.0, 153.0, -813.0
28.28203904, 561.0, 161.0, -813.0
28.301308032, 562.0, 160.0, -815.0
28.320577024, 553.0, 159.0, -816.0
28.339846016, 562.0, 156.0, -812.0
28.35911488, 558.0, 159.0, -816.0
28.378383872, 557.0, 155.0, -816.0
28.397652881, 557.0, 157.0, -814.0
28.416922368, 559.0, 156.0, -812.0
28.436191872, 555.0, 158.0, -817.0
28.455461376, 550.0, 158.0, -817.0
28.474730752, 556.0, 155.0, -815.0
28.494000256, 556.0, 155.0, -813.0
28.51326976, 561.0, 154.0, -816.0
28.532539264, 559.0, 155.0, -817.0
28.551808768, 560.0, 160.0, -816.0
28.571078144, 555.0, 156.0, -811.0
28.590347648, 559.0, 159.0, -814.0
28.609617152, 560.0, 154.0, -814.0
28.628886656, 559.0, 150.0, -812.0
28.64815616, 557.0, 160.0, -814.0
28.667425664, 560.0, 157.0, -812.0
28.68669504, 569.0, 159.0, -815.0
28.705964544, 564.0, 161.0, -814.0
28.725234048, 556.0, 158.0, -816.0
28.744503552, 558.0, 159.0, -813.0
28.763773056, 565.0, 156.0, -816.0
28.783042432, 562.0, 158.0, -815.0
28.802311936, 560.0, 154.0, -812.0
28.82158144, 556.0, 157.0, -815.0
28.840850944, 553.0, 156.0, -815.0
28.860120448, 557.0, 158.0, -815.0
28.879389824, 557.0, 161.0, -818.0
28.898659328, 560.0, 153.0, -813.0
28.917928832, 560.0, 159.0, -810.0
28.937198336, 559.0, 161.0, -811.0
28.95646784, 556.0, 157.0, -810.0
28.975737344, 557.0, 160.0, -808.0
28.99500672, 557.0, 157.0, -813.0
29.014276224, 559.0, 155.0, -812.0
29.033545728, 560.0, 157.0, -810.0
29.052815232, 557.0, 153.0, -817.0
29.072084736, 558.0, 163.0, -814.0
29.091354112, 559.0, 158.0, -817.0
29.110623616, 566.0, 157.0, -812.0
29.12989312, 564.0, 158.0, -816.0
29.149162624, 565.0, 156.0, -811.0
29.168432128, 564.0, 159.0, -818.0
29.187701504, 563.0, 159.0, -815.0
29.206971008, 559.0, 155.0, -816.0
29.226240512, 557.0, 158.0, -816.0
29.245510016, 558.0, 158.0, -816.0
29.26477952, 553.0, 160.0, -817.0
29.284049024, 558.0, 160.0, -816.0
29.3033184, 566.0, 158.0, -818.0
29.322587904, 556.0, 161.0, -819.0
29.341857408, 545.0, 164.0, -816.0
29.361126912, 550.0, 162.0, -813.0
29.380396416, 554.0, 165.0, -816.0
29.399665792, 542.0, 171.0, -806.0
29.418935296, 548.0, 162.0, -821.0
29.4382048, 562.0, 159.0, -820.0
29.457474304, 556.0, 156.0, -814.0
29.476743808, 555.0, 163.0, -816.0
29.496013184, 556.0, 163.0, -817.0
29.515282688, 553.0, 161.0, -817.0
29.534552192, 560.0, 166.0, -813.0
29.553821696, 553.0, 155.0, -816.0
29.5730912, 558.0, 163.0, -818.0
29.592360576, 565.0, 168.0, -810.0
29.61163008, 568.0, 157.0, -814.0
29.630899584, 561.0, 166.0, -808.0
29.650169088, 558.0, 166.0, -812.0
29.669438592, 546.0, 162.0, -813.0
29.688708096, 553.0, 161.0, -820.0
29.707977472, 567.0, 161.0, -814.0
29.727246976, 569.0, 162.0, -806.0
29.74651648, 557.0, 161.0, -812.0
29.765785984, 551.0, 167.0, -813.0
29.785055488, 554.0, 160.0, -818.0
29.804324864, 560.0, 163.0, -817.0
29.823594368, 555.0, 168.0, -812.0
29.842863872, 553.0, 156.0, -817.0
29.862133376, 555.0, 162.0, -815.0
29.88140288, 558.0, 165.0, -819.0
29.900672256, 560.0, 158.0, -815.0
29.91994176, 555.0, 161.0, -816.0
29.939211264, 553.0, 160.0, -819.0
29.958480768, 555.0, 157.0, -814.0
29.977750272, 556.0, 158.0, -818.0
29.997019776, 555.0, 160.0, -819.0
30.016289152, 550.0, 159.0, -821.0
30.035558656, 549.0, 158.0, -817.0
30.05482816, 576.0, 163.0, -817.0
30.074097664, 565.0, 130.0, -827.0
30.093367168, 525.0, 168.0, -822.0
30.112636544, 563.0, 175.0, -793.0
30.131906048, 552.0, 152.0, -818.0
30.151175552, 544.0, 168.0, -809.0
30.170445027, 543.0, 163.0, -826.0
30.189712, 576.0, 154.0, -828.0
30.208978944, 588.0, 140.0, -802.0
30.228245888, 572.0, 164.0, -810.0
30.24751296, 520.0, 189.0, -795.0
30.266779904, 511.0, 176.0, -820.0
30.286046848, 555.0, 186.0, -800.0
30.305313792, 592.0, 143.0, -818.0
30.324580864, 596.0, 138.0, -825.0
30.343847808, 566.0, 152.0, -823.0
30.363114752, 557.0, 169.0, -804.0
30.382381696, 550.0, 180.0, -798.0
30.401648768, 560.0, 158.0, -807.0
30.420915712, 554.0, 178.0, -822.0
30.440182656, 553.0, 157.0, -819.0
30.4594496, 568.0, 163.0, -825.0
30.478716672, 566.0, 164.0, -811.0
30.497983616, 544.0, 173.0, -804.0
30.51725056, 537.0, 170.0, -795.0
30.536517504, 543.0, 165.0, -816.0
30.555784576, 574.0, 162.0, -818.0
30.57505152, 576.0, 167.0, -814.0
30.594318464, 586.0, 143.0, -823.0
30.613585408, 551.0, 159.0, -822.0
30.63285248, 543.0, 175.0, -805.0
30.652119424, 560.0, 163.0, -801.0
30.671386368, 559.0, 160.0, -820.0
30.690653312, 555.0, 160.0, -825.0
30.709920384, 562.0, 155.0, -816.0
30.729187328, 561.0, 156.0, -805.0
30.748454272, 557.0, 168.0, -803.0
30.767721216, 554.0, 163.0, -814.0
30.78698816, 560.0, 167.0, -817.0
30.806255232, 580.0, 161.0, -815.0
30.825522176, 573.0, 143.0, -821.0
30.84478912, 543.0, 156.0, -827.0
30.864056064, 548.0, 168.0, -807.0
30.883323136, 556.0, 165.0, -794.0
30.90259008, 573.0, 158.0, -811.0
30.921857024, 575.0, 160.0, -814.0
30.941123968, 570.0, 161.0, -812.0
30.96039104, 555.0, 155.0, -807.0
30.979657984, 554.0, 158.0, -818.0
30.998924928, 548.0, 148.0, -820.0
31.018191872, 607.0, 165.0, -810.0
31.037458944, 598.0, 168.0, -783.0
31.056725888, 496.0, 141.0, -872.0
31.075992832, 495.0, 181.0, -818.0
31.095259776, 577.0, 170.0, -774.0
31.114526848, 573.0, 158.0, -818.0
31.133793792, 556.0, 168.0, -829.0
31.153060736, 559.0, 158.0, -814.0
31.17232768, 560.0, 149.0, -815.0
31.191594752, 558.0, 162.0, -822.0
31.210861696, 553.0, 163.0, -815.0
31.23012864, 553.0, 155.0, -811.0
31.249395584, 560.0, 156.0, -815.0
31.268662656, 573.0, 161.0, -819.0
31.2879296, 571.0, 159.0, -815.0
31.307196544, 560.0, 159.0, -810.0
31.326463488, 548.0, 153.0, -810.0
31.34573056, 561.0, 159.0, -818.0
31.364997504, 564.0, 157.0, -816.0
31.384264448, 563.0, 157.0, -817.0
31.403531392, 552.0, 159.0, -815.0
31.422798336, 550.0, 157.0, -813.0
31.442065408, 553.0, 167.0, -817.0
31.461332352, 558.0, 158.0, -810.0
31.480599296, 564.0, 157.0, -821.0
31.49986624, 557.0, 164.0, -817.0
31.519133312, 554.0, 161.0, -804.0
31.538400256, 557.0, 162.0, -806.0
31.5576672, 555.0, 164.0, -812.0
31.576934198, 561.0, 170.0, -808.0
31.596202112, 563.0, 160.0, -809.0
31.61547008, 560.0, 158.0, -817.0
31.63473792, 559.0, 158.0, -818.0
31.654005888, 467.0, 173.0, -826.0
31.673273856, 543.0, 157.0, -728.0
31.692541696, 662.0, 123.0, -823.0
31.711809664, 610.0, 109.0, -949.0
31.731077504, 487.0, 230.0, -814.0
31.750345472, 491.0, 160.0, -735.0
31.76961344, 562.0, 135.0, -779.0
31.78888128, 609.0, 180.0, -833.0
31.808149248, 573.0, 155.0, -856.0
31.827417216, 555.0, 135.0, -820.0
31.846685056, 546.0, 162.0, -809.0
31.865953024, 536.0, 172.0, -806.0
31.885220864, 545.0, 170.0, -801.0
31.904488832, 555.0, 153.0, -818.0
31.9237568, 562.0, 157.0, -832.0
31.94302464, 560.0, 156.0, -826.0
31.962292608, 553.0, 163.0, -811.0
31.981560576, 546.0, 160.0, -814.0
32.000828416, 548.0, 162.0, -820.0
32.020096384, 553.0, 155.0, -820.0
32.039364352, 562.0, 155.0, -816.0
32.058632192, 555.0, 164.0, -816.0
32.07790016, 550.0, 158.0, -814.0
32.097168, 551.0, 156.0, -816.0
32.116435968, 562.0, 157.0, -812.0
32.135703936, 557.0, 157.0, -818.0
32.154971776, 549.0, 153.0, -819.0
32.174239744, 545.0, 153.0, -818.0
32.193507712, 557.0, 156.0, -816.0
32.212775552, 559.0, 157.0, -817.0
32.23204352, 555.0, 161.0, -816.0
32.25131136, 548.0, 156.0, -819.0
32.270579328, 552.0, 158.0, -810.0
32.289847296, 552.0, 157.0, -816.0
32.309115136, 561.0, 159.0, -818.0
32.328383104, 552.0, 156.0, -818.0
32.347651072, 555.0, 151.0, -818.0
32.366918912, 555.0, 159.0, -819.0
32.38618688, 560.0, 155.0, -818.0
32.405454848, 552.0, 158.0, -816.0
32.424722688, 551.0, 152.0, -816.0
32.443990656, 558.0, 152.0, -818.0
32.463258496, 555.0, 158.0, -817.0
32.482526464, 555.0, 157.0, -817.0
32.501794432, 554.0, 156.0, -821.0
32.521062272, 557.0, 152.0, -815.0
32.54033024, 561.0, 150.0, -817.0
32.559598208, 564.0, 157.0, -817.0
32.578866048, 556.0, 153.0, -816.0
32.598134016, 556.0, 150.0, -814.0
32.617401856, 560.0, 152.0, -812.0
32.636669824, 555.0, 159.0, -815.0
32.655937792, 557.0, 158.0, -815.0
32.675205632, 554.0, 146.0, -815.0
32.6944736, 557.0, 154.0, -813.0
32.713741568, 562.0, 154.0, -815.0
32.733009408, 555.0, 159.0, -816.0
32.752277376, 554.0, 151.0, -818.0
32.771545216, 567.0, 158.0, -813.0
32.790813184, 558.0, 157.0, -815.0
32.810081152, 569.0, 155.0, -808.0
32.829348992, 560.0, 148.0, -811.0
32.84861696, 550.0, 147.0, -824.0
32.867884928, 558.0, 163.0, -815.0
32.887152768, 560.0, 159.0, -810.0
32.906420736, 556.0, 157.0, -817.0
32.925688704, 558.0, 154.0, -814.0
32.944956544, 564.0, 152.0, -818.0
32.964224512, 566.0, 146.0, -816.0
32.983492352, 570.0, 146.0, -815.0
33.00276032, 571.0, 165.0, -810.0
33.022028288, 563.0, 170.0, -812.0
33.041296128, 552.0, 165.0, -815.0
33.060564096, 549.0, 151.0, -819.0
33.079832064, 553.0, 157.0, -816.0
33.099099904, 552.0, 174.0, -822.0
33.11836786, 536.0, 182.0, -825.0
33.137634816, 521.0, 180.0, -824.0
33.15690176, 527.0, 170.0, -823.0
33.176168832, 534.0, 161.0, -829.0
33.195435776, 530.0, 171.0, -828.0
33.21470272, 523.0, 178.0, -828.0
33.233969792, 515.0, 170.0, -834.0
33.253236736, 527.0, 152.0, -828.0
33.27250368, 530.0, 160.0, -834.0
33.291770752, 528.0, 157.0, -832.0
33.311037696, 533.0, 170.0, -824.0
33.33030464, 538.0, 176.0, -825.0
33.349571712, 535.0, 179.0, -827.0
33.368838656, 535.0, 175.0, -826.0
33.3881056, 540.0, 165.0, -821.0
33.407372672, 549.0, 166.0, -819.0
33.426639616, 555.0, 169.0, -816.0
33.44590656, 555.0, 169.0, -821.0
33.465173632, 553.0, 167.0, -816.0
33.484440576, 557.0, 171.0, -816.0
33.50370752, 565.0, 175.0, -816.0
33.522974592, 570.0, 176.0, -813.0
33.542241536, 565.0, 174.0, -815.0
33.56150848, 556.0, 171.0, -820.0
33.580775552, 570.0, 173.0, -807.0
33.600042496, 569.0, 178.0, -813.0
33.61930944, 558.0, 176.0, -810.0
33.638576512, 552.0, 179.0, -816.0
33.657843456, 555.0, 175.0, -812.0
33.6771104, 550.0, 182.0, -810.0
33.696377472, 551.0, 184.0, -815.0
33.715644416, 545.0, 183.0, -815.0
33.73491136, 552.0, 174.0, -813.0
33.754178432, 547.0, 173.0, -815.0
33.773445376, 548.0, 180.0, -810.0
33.792712448, 544.0, 180.0, -815.0
33.811979392, 550.0, 179.0, -816.0
33.831246336, 553.0, 184.0, -817.0
33.850513408, 550.0, 183.0, -815.0
33.869780352, 549.0, 174.0, -812.0
33.889047296, 550.0, 177.0, -814.0
33.908314368, 553.0, 182.0, -812.0
33.927581312, 551.0, 186.0, -809.0
33.946848256, 546.0, 179.0, -816.0
33.966115328, 548.0, 178.0, -816.0
33.985382272, 548.0, 168.0, -818.0
34.004649216, 554.0, 173.0, -820.0
34.023916288, 546.0, 176.0, -823.0
34.043183232, 548.0, 170.0, -818.0
34.062450176, 556.0, 170.0, -818.0
34.081717248, 557.0, 175.0, -821.0
34.100984192, 551.0, 173.0, -817.0
34.120251136, 545.0, 175.0, -820.0
34.139518208, 548.0, 170.0, -811.0
34.158785152, 554.0, 177.0, -816.0
34.178052096, 551.0, 177.0, -814.0
34.197319168, 552.0, 178.0, -816.0
34.216586112, 551.0, 174.0, -816.0
34.235853056, 550.0, 178.0, -811.0
34.255120128, 552.0, 179.0, -810.0
34.274387072, 555.0, 180.0, -813.0
34.293654016, 548.0, 169.0, -815.0
34.312921088, 550.0, 174.0, -815.0
34.332188032, 554.0, 176.0, -812.0
34.351454976, 555.0, 177.0, -817.0
34.370722048, 558.0, 172.0, -817.0
34.389988992, 556.0, 171.0, -815.0
34.409255936, 559.0, 174.0, -817.0
34.428523008, 556.0, 172.0, -817.0
34.447789952, 561.0, 166.0, -816.0
34.467056896, 555.0, 165.0, -818.0
34.486323968, 555.0, 169.0, -815.0
34.505590912, 551.0, 168.0, -816.0
34.524857856, 555.0, 168.0, -818.0
34.544124928, 553.0, 160.0, -819.0
34.563391872, 551.0, 158.0, -818.0
34.582658816, 555.0, 165.0, -814.0
34.601925888, 554.0, 166.0, -816.0
34.621192832, 555.0, 165.0, -816.0
34.640459776, 555.0, 168.0, -814.0
34.659726848, 555.0, 163.0, -811.0
34.678993792, 554.0, 167.0, -816.0
34.698260736, 551.0, 169.0, -817.0
34.717527808, 549.0, 168.0, -815.0
34.736794752, 551.0, 166.0, -817.0
34.756061696, 560.0, 172.0, -817.0
34.775328768, 555.0, 174.0, -814.0
34.794595712, 552.0, 166.0, -817.0
34.813862656, 555.0, 166.0, -819.0
34.833129728, 563.0, 167.0, -812.0
34.852396672, 559.0, 170.0, -816.0
34.871663616, 555.0, 170.0, -819.0
34.890930688, 551.0, 168.0, -820.0
34.910197632, 557.0, 170.0, -815.0
34.929464668, 555.0, 163.0, -821.0
34.948732032, 554.0, 164.0, -815.0
34.96799936, 554.0, 165.0, -814.0
34.98726656, 554.0, 165.0, -812.0
35.006533888, 557.0, 171.0, -815.0
35.025801088, 554.0, 168.0, -814.0
35.045068416, 557.0, 167.0, -815.0
35.064335616, 555.0, 170.0, -812.0
35.083602944, 555.0, 169.0, -813.0
35.102870144, 550.0, 169.0, -818.0
35.122137472, 548.0, 163.0, -810.0
35.141404672, 554.0, 174.0, -816.0
35.160672, 565.0, 162.0, -816.0
35.1799392, 565.0, 162.0, -813.0
35.199206528, 562.0, 162.0, -816.0
35.218473728, 554.0, 165.0, -815.0
35.237741056, 552.0, 166.0, -799.0
35.257008256, 551.0, 171.0, -812.0
35.276275584, 551.0, 173.0, -813.0
35.295542784, 554.0, 163.0, -822.0
35.314810112, 562.0, 165.0, -819.0
35.334077312, 569.0, 168.0, -816.0
35.35334464, 563.0, 160.0, -812.0
35.37261184, 570.0, 160.0, -807.0
35.391879168, 564.0, 167.0, -803.0
35.411146368, 560.0, 171.0, -799.0
35.430413696, 568.0, 164.0, -806.0
35.449680896, 576.0, 167.0, -797.0
35.468948224, 573.0, 168.0, -804.0
35.488215424, 570.0, 168.0, -801.0
35.507482752, 570.0, 161.0, -802.0
35.52675008, 576.0, 160.0, -806.0
35.54601728, 576.0, 156.0, -805.0
35.565284608, 571.0, 156.0, -803.0
35.584551808, 572.0, 161.0, -800.0
35.603819136, 580.0, 161.0, -799.0
35.623086336, 580.0, 158.0, -799.0
35.642353664, 582.0, 157.0, -794.0
35.661620864, 586.0, 155.0, -803.0
35.680888192, 596.0, 150.0, -812.0
35.700155392, 599.0, 144.0, -812.0
35.71942272, 578.0, 150.0, -801.0
35.73868992, 557.0, 157.0, -796.0
35.757957248, 557.0, 163.0, -802.0
35.777224448, 580.0, 152.0, -803.0
35.796491776, 593.0, 157.0, -806.0
35.815758976, 583.0, 151.0, -807.0
35.835026304, 570.0, 156.0, -800.0
35.854293504, 572.0, 152.0, -799.0
35.873560832, 578.0, 161.0, -797.0
35.892828032, 573.0, 147.0, -798.0
35.91209536, 578.0, 156.0, -798.0
35.93136256, 582.0, 148.0, -802.0
35.950629888, 577.0, 154.0, -799.0
35.969897088, 581.0, 159.0, -795.0
35.989164416, 574.0, 154.0, -805.0
36.008431616, 570.0, 147.0, -805.0
36.027698944, 574.0, 152.0, -803.0
36.046966272, 582.0, 159.0, -797.0
36.066233472, 581.0, 150.0, -803.0
36.0855008, 570.0, 154.0, -802.0
36.104768, 566.0, 149.0, -801.0
36.124035328, 578.0, 157.0, -802.0
36.143302528, 581.0, 161.0, -803.0
36.162569856, 577.0, 158.0, -807.0
36.181837056, 573.0, 154.0, -805.0
36.201104384, 584.0, 152.0, -796.0
36.220371584, 582.0, 154.0, -803.0
36.239638912, 573.0, 155.0, -802.0
36.258906112, 573.0, 154.0, -800.0
36.27817344, 580.0, 153.0, -802.0
36.29744064, 578.0, 157.0, -801.0
36.316707968, 574.0, 156.0, -802.0
36.335975168, 568.0, 153.0, -802.0
36.355242496, 572.0, 152.0, -799.0
36.374509696, 582.0, 154.0, -798.0
36.393777024, 584.0, 153.0, -803.0
36.413044224, 578.0, 153.0, -804.0
36.432311552, 568.0, 158.0, -801.0
36.451578752, 564.0, 152.0, -803.0
36.47084608, 573.0, 157.0, -805.0
36.49011328, 579.0, 150.0, -805.0
36.509380608, 574.0, 153.0, -806.0
36.528647808, 571.0, 154.0, -800.0
36.547915136, 569.0, 152.0, -803.0
36.567182336, 569.0, 152.0, -802.0
36.586449664, 574.0, 145.0, -815.0
36.605716992, 578.0, 141.0, -811.0
36.624984192, 577.0, 143.0, -812.0
36.64425152, 565.0, 134.0, -807.0
36.66351872, 572.0, 157.0, -794.0
36.682786048, 596.0, 165.0, -798.0
36.702053248, 592.0, 135.0, -801.0
36.721320576, 579.0, 143.0, -798.0
36.740587776, 571.0, 157.0, -796.0
36.759854965, 563.0, 163.0, -803.0
36.779123328, 573.0, 154.0, -805.0
36.79839168, 588.0, 141.0, -807.0
36.817660032, 574.0, 135.0, -795.0
36.836928384, 560.0, 157.0, -794.0
36.856196736, 572.0, 153.0, -804.0
36.875465216, 579.0, 149.0, -810.0
36.894733568, 588.0, 136.0, -813.0
36.91400192, 580.0, 146.0, -802.0
36.933270272, 582.0, 147.0, -804.0
36.952538624, 571.0, 150.0, -798.0
36.971806976, 573.0, 150.0, -800.0
36.991075328, 582.0, 144.0, -803.0
37.01034368, 581.0, 147.0, -801.0
37.02961216, 573.0, 142.0, -806.0
37.048880512, 576.0, 141.0, -803.0
37.068148864, 575.0, 144.0, -800.0
37.087417216, 573.0, 143.0, -799.0
37.106685568, 575.0, 148.0, -799.0
37.12595392, 575.0, 145.0, -800.0
37.145222272, 585.0, 145.0, -806.0
37.164490624, 584.0, 150.0, -802.0
37.183758976, 579.0, 145.0, -801.0
37.203027456, 572.0, 148.0, -801.0
37.222295808, 573.0, 148.0, -798.0
37.24156416, 579.0, 151.0, -802.0
37.260832512, 579.0, 140.0, -804.0
37.280100864, 578.0, 147.0, -804.0
37.299369216, 579.0, 145.0, -801.0
37.318637568, 571.0, 146.0, -808.0
37.33790592, 578.0, 149.0, -804.0
37.3571744, 580.0, 149.0, -801.0
37.376442752, 583.0, 144.0, -802.0
37.395711104, 578.0, 148.0, -804.0
37.414979456, 571.0, 151.0, -804.0
37.434247808, 567.0, 141.0, -806.0
37.45351616, 571.0, 149.0, -802.0
37.472784512, 577.0, 147.0, -799.0
37.492052864, 576.0, 147.0, -805.0
37.511321344, 574.0, 142.0, -801.0
37.530589696, 583.0, 145.0, -807.0
37.549858048, 583.0, 153.0, -804.0
37.5691264, 576.0, 153.0, -800.0
37.588394752, 571.0, 141.0, -798.0
37.607663104, 574.0, 145.0, -796.0
37.626931456, 585.0, 151.0, -800.0
37.646199808, 580.0, 154.0, -806.0
37.66546816, 579.0, 152.0, -802.0
37.68473664, 571.0, 142.0, -803.0
37.704004992, 575.0, 141.0, -806.0
37.723273344, 575.0, 145.0, -805.0
37.742541696, 577.0, 144.0, -804.0
37.761810048, 582.0, 148.0, -807.0
37.7810784, 578.0, 145.0, -804.0
37.800346752, 573.0, 146.0, -796.0
37.819615104, 576.0, 143.0, -799.0
37.838883584, 578.0, 147.0, -800.0
37.858151936, 582.0, 147.0, -805.0
37.877420288, 580.0, 145.0, -803.0
37.89668864, 572.0, 149.0, -799.0
37.915956992, 575.0, 148.0, -800.0
37.935225344, 576.0, 146.0, -796.0
37.954493696, 582.0, 148.0, -797.0
37.973762048, 582.0, 154.0, -800.0
37.9930304, 573.0, 148.0, -800.0
38.01229888, 566.0, 146.0, -800.0
38.031567232, 581.0, 146.0, -797.0
38.050835584, 586.0, 151.0, -799.0
38.070103936, 570.0, 147.0, -800.0
38.089372288, 574.0, 144.0, -799.0
38.10864064, 577.0, 146.0, -808.0
38.127908992, 585.0, 147.0, -803.0
38.147177344, 577.0, 146.0, -800.0
38.166445824, 575.0, 151.0, -804.0
38.185714176, 574.0, 147.0, -800.0
38.204982528, 576.0, 148.0, -805.0
38.22425088, 586.0, 148.0, -802.0
38.243519232, 584.0, 150.0, -804.0
38.262787584, 580.0, 145.0, -800.0
38.282055936, 573.0, 146.0, -797.0
38.301324288, 577.0, 150.0, -802.0
38.32059264, 582.0, 151.0, -799.0
38.33986112, 587.0, 153.0, -797.0
38.359129472, 582.0, 150.0, -798.0
38.378397824, 577.0, 151.0, -798.0
38.397666176, 575.0, 150.0, -801.0
38.416934528, 575.0, 153.0, -801.0
38.43620288, 577.0, 150.0, -804.0
38.455471232, 579.0, 145.0, -804.0
38.474739584, 584.0, 148.0, -803.0
38.494008064, 579.0, 150.0, -802.0
38.513276416, 580.0, 155.0, -796.0
38.532544768, 574.0, 150.0, -799.0
38.55181312, 579.0, 147.0, -803.0
38.571081481, 581.0, 143.0, -801.0
38.590348288, 588.0, 150.0, -800.0
38.609615104, 576.0, 155.0, -800.0
38.62888192, 569.0, 144.0, -801.0
38.648148736, 575.0, 147.0, -802.0
38.667415552, 583.0, 150.0, -798.0
38.686682368, 584.0, 152.0, -801.0
38.705949184, 586.0, 147.0, -801.0
38.725216, 604.0, 148.0, -806.0
38.744482816, 607.0, 144.0, -816.0
38.763749632, 618.0, 135.0, -825.0
38.783016576, 603.0, 116.0, -855.0
38.802283392, 586.0, 95.0, -841.0
38.821550208, 617.0, 110.0, -839.0
38.840817024, 572.0, 117.0, -853.0
38.86008384, 581.0, 106.0, -870.0
38.879350656, 568.0, 82.0, -914.0
38.898617472, 562.0, 89.0, -910.0
38.917884288, 584.0, 123.0, -874.0
38.937151104, 567.0, 172.0, -802.0
38.95641792, 583.0, 205.0, -765.0
38.975684736, 568.0, 232.0, -761.0
38.994951552, 620.0, 228.0, -735.0
39.014218368, 599.0, 198.0, -746.0
39.033485184, 597.0, 129.0, -711.0
39.052752, 618.0, 153.0, -644.0
39.072018816, 690.0, 272.0, -625.0
39.091285632, 704.0, 353.0, -630.0
39.110552448, 607.0, 251.0, -581.0
39.129819264, 591.0, 130.0, -473.0
39.14908608, 684.0, 243.0, -602.0
39.168353024, 685.0, 352.0, -637.0
39.18761984, 698.0, 362.0, -612.0
39.206886656, 679.0, 362.0, -628.0
39.226153472, 646.0, 328.0, -670.0
39.245420288, 599.0, 240.0, -767.0
39.264687104, 630.0, 170.0, -814.0
39.28395392, 726.0, 138.0, -812.0
39.303220736, 768.0, 131.0, -813.0
39.322487552, 669.0, 127.0, -833.0
39.341754368, 621.0, 111.0, -851.0
39.361021184, 610.0, 77.0, -846.0
39.380288, 653.0, 43.0, -849.0
39.399554816, 661.0, 79.0, -855.0
39.418821632, 652.0, 112.0, -808.0
39.438088448, 626.0, 136.0, -768.0
39.457355264, 627.0, 133.0, -755.0
39.47662208, 662.0, 107.0, -737.0
39.495888896, 686.0, 88.0, -686.0
39.515155712, 708.0, 85.0, -675.0
39.534422656, 719.0, 103.0, -658.0
39.553689472, 731.0, 110.0, -644.0
39.572956288, 742.0, 73.0, -640.0
39.592223104, 758.0, 62.0, -656.0
39.61148992, 835.0, 48.0, -601.0
39.630756736, 889.0, -7.0, -613.0
39.650023552, 863.0, -12.0, -652.0
39.669290368, 868.0, -52.0, -630.0
39.688557184, 814.0, -184.0, -669.0
39.707824, 783.0, -214.0, -720.0
39.727090816, 785.0, -103.0, -669.0
39.746357632, 745.0, -26.0, -591.0
39.765624448, 715.0, -69.0, -556.0
39.784891264, 659.0, -68.0, -597.0
39.80415808, 691.0, -70.0, -580.0
39.823424896, 804.0, -33.0, -521.0
39.842691771, 870.0, -80.0, -449.0
39.861960576, 881.0, -239.0, -558.0
39.88122944, 893.0, -242.0, -684.0
39.900498176, 940.0, -135.0, -653.0
39.91976704, 880.0, -98.0, -536.0
39.939035776, 780.0, -144.0, -554.0
39.95830464, 784.0, -156.0, -531.0
39.977573504, 779.0, -210.0, -498.0
39.99684224, 733.0, -252.0, -574.0
40.016111104, 702.0, -291.0, -634.0
40.035379968, 697.0, -338.0, -689.0
40.054648704, 809.0, -268.0, -695.0
40.073917568, 862.0, -140.0, -675.0
40.093186304, 858.0, -119.0, -664.0
40.112455168, 787.0, -100.0, -755.0
40.131724032, 716.0, -45.0, -738.0
40.150992768, 698.0, -17.0, -690.0
40.170261632, 681.0, 34.0, -706.0
40.189530368, 624.0, 66.0, -720.0
40.208799232, 629.0, 128.0, -721.0
40.228068096, 589.0, 170.0, -691.0
40.247336832, 527.0, 197.0, -673.0
40.266605696, 526.0, 217.0, -664.0
40.28587456, 552.0, 219.0, -674.0
40.305143296, 562.0, 221.0, -636.0
40.32441216, 582.0, 212.0, -641.0
40.343680896, 576.0, 156.0, -648.0
40.36294976, 601.0, 185.0, -639.0
40.382218624, 665.0, 160.0, -665.0
40.40148736, 702.0, 54.0, -694.0
40.420756224, 691.0, -39.0, -718.0
40.440025088, 780.0, -71.0, -708.0
40.459293824, 792.0, -62.0, -710.0
40.478562688, 695.0, -99.0, -738.0
40.497831424, 675.0, -125.0, -758.0
40.517100288, 708.0, -160.0, -748.0
40.536369152, 722.0, -201.0, -744.0
40.555637888, 728.0, -217.0, -761.0
40.574906752, 697.0, -221.0, -770.0
40.594175488, 712.0, -179.0, -756.0
40.613444352, 718.0, -144.0, -770.0
40.632713216, 673.0, -104.0, -783.0
40.651981952, 587.0, -43.0, -733.0
40.671250816, 552.0, -80.0, -764.0
40.69051968, 551.0, -167.0, -789.0
40.709788416, 590.0, -176.0, -801.0
40.72905728, 625.0, -148.0, -809.0
40.748326016, 597.0, -99.0, -790.0
40.76759488, 521.0, -92.0, -754.0
40.786863744, 542.0, -89.0, -724.0
40.80613248, 593.0, -145.0, -737.0
40.825401344, 599.0, -223.0, -792.0
40.84467008, 750.0, -302.0, -820.0
40.863938944, 307.0, -284.0, -856.0
40.883207808, 359.0, -257.0, -829.0
40.902476544, 452.0, -237.0, -823.0
40.921745408, 482.0, -232.0, -833.0
40.941014272, 584.0, -260.0, -915.0
40.960283008, 492.0, -216.0, -891.0
40.979551872, 493.0, -139.0, -820.0
40.998820608, 503.0, -154.0, -831.0
41.018089488, 520.0, -162.0, -857.0
41.037357696, 561.0, -162.0, -864.0
41.05662592, 592.0, -148.0, -848.0
41.075894016, 591.0, -153.0, -849.0
41.09516224, 571.0, -140.0, -858.0
41.114430336, 532.0, -140.0, -842.0
41.13369856, 499.0, -141.0, -841.0
41.152966656, 476.0, -140.0, -859.0
41.17223488, 457.0, -141.0, -862.0
41.191502976, 450.0, -142.0, -867.0
41.2107712, 449.0, -133.0, -871.0
41.230039424, 435.0, -130.0, -872.0
41.24930752, 441.0, -129.0, -865.0
41.268575744, 460.0, -128.0, -872.0
41.28784384, 461.0, -129.0, -875.0
41.307112064, 455.0, -140.0, -874.0
41.32638016, 444.0, -153.0, -875.0
41.345648384, 427.0, -153.0, -877.0
41.364916608, 418.0, -149.0, -883.0
41.384184704, 417.0, -137.0, -883.0
41.403452928, 414.0, -137.0, -893.0
41.422721024, 398.0, -137.0, -883.0
41.441989248, 403.0, -137.0, -881.0
41.461257344, 416.0, -136.0, -887.0
41.480525568, 419.0, -151.0, -885.0
41.499793664, 419.0, -155.0, -881.0
41.519061888, 432.0, -148.0, -878.0
41.538330112, 428.0, -146.0, -880.0
41.557598208, 432.0, -142.0, -876.0
41.576866432, 442.0, -143.0, -877.0
41.596134528, 433.0, -142.0, -875.0
41.615402752, 441.0, -147.0, -875.0
41.634670848, 463.0, -141.0, -871.0
41.653939072, 467.0, -141.0, -872.0
41.673207168, 455.0, -141.0, -870.0
41.692475392, 455.0, -141.0, -865.0
41.711743616, 464.0, -144.0, -865.0
41.731011712, 466.0, -140.0, -867.0
41.750279936, 459.0, -140.0, -865.0
41.769548032, 471.0, -136.0, -854.0
41.788816256, 467.0, -140.0, -855.0
41.808084352, 469.0, -141.0, -859.0
41.827352576, 483.0, -140.0, -856.0
41.846620672, 485.0, -134.0, -849.0
41.865888896, 488.0, -137.0, -850.0
41.88515712, 494.0, -139.0, -854.0
41.904425216, 490.0, -139.0, -850.0
41.92369344, 496.0, -140.0, -844.0
41.942961536, 501.0, -148.0, -844.0
41.96222976, 505.0, -136.0, -841.0
41.981497856, 511.0, -132.0, -847.0
42.00076608, 506.0, -140.0, -841.0
42.020034304, 518.0, -142.0, -832.0
42.0393024, 537.0, -147.0, -836.0
42.058570624, 534.0, -148.0, -833.0
42.07783872, 526.0, -147.0, -832.0
42.097106944, 524.0, -156.0, -830.0
42.11637504, 523.0, -159.0, -832.0
42.135643264, 516.0, -147.0, -834.0
42.15491136, 507.0, -133.0, -832.0
42.174179584, 511.0, -126.0, -832.0
42.193447808, 517.0, -131.0, -835.0
42.212715904, 522.0, -133.0, -836.0
42.231984128, 530.0, -131.0, -831.0
42.251252224, 517.0, -135.0, -834.0
42.270520448, 515.0, -140.0, -838.0
42.289788544, 516.0, -133.0, -828.0
42.309056768, 517.0, -134.0, -831.0
42.328324864, 524.0, -133.0, -830.0
42.347593088, 534.0, -141.0, -823.0
42.366861312, 527.0, -149.0, -840.0
42.386129408, 537.0, -149.0, -828.0
42.405397632, 540.0, -153.0, -845.0
42.424665728, 541.0, -157.0, -849.0
42.443933952, 524.0, -145.0, -828.0
42.463202048, 508.0, -139.0, -820.0
42.482470272, 502.0, -143.0, -831.0
42.501738496, 542.0, -149.0, -806.0
42.521006592, 578.0, -136.0, -805.0
42.540274816, 536.0, -125.0, -831.0
42.559542912, 482.0, -114.0, -841.0
42.578811136, 481.0, -98.0, -838.0
42.598079232, 490.0, -98.0, -837.0
42.617347456, 487.0, -93.0, -820.0
42.636615552, 527.0, -105.0, -837.0
42.655883735, 561.0, -122.0, -842.0
42.675151104, 563.0, -134.0, -816.0
42.694418432, 496.0, -130.0, -826.0
42.71368576, 507.0, -116.0, -835.0
42.732953088, 527.0, -103.0, -830.0
42.752220288, 520.0, -122.0, -847.0
42.771487616, 514.0, -123.0, -830.0
42.790754944, 529.0, -110.0, -820.0
42.810022272, 533.0, -133.0, -854.0
42.8292896, 535.0, -145.0, -831.0
42.848556928, 516.0, -176.0, -806.0
42.867824256, 528.0, -166.0, -828.0
42.887091584, 535.0, -162.0, -841.0
42.906358784, 527.0, -179.0, -810.0
42.925626112, 527.0, -157.0, -835.0
42.94489344, 508.0, -143.0, -832.0
42.964160768, 499.0, -135.0, -839.0
42.983428096, 487.0, -129.0, -834.0
43.002695424, 514.0, -138.0, -836.0
43.021962752, 518.0, -134.0, -834.0
43.04123008, 520.0, -144.0, -843.0
43.06049728, 509.0, -138.0, -841.0
43.079764608, 499.0, -136.0, -848.0
43.099031936, 484.0, -135.0, -845.0
43.118299264, 486.0, -127.0, -848.0
43.137566592, 493.0, -121.0, -854.0
43.15683392, 487.0, -125.0, -856.0
43.176101248, 480.0, -128.0, -849.0
43.195368448, 475.0, -124.0, -858.0
43.214635776, 464.0, -131.0, -862.0
43.233903104, 476.0, -132.0, -857.0
43.253170432, 483.0, -128.0, -856.0
43.27243776, 484.0, -126.0, -861.0
43.291705088, 480.0, -133.0, -851.0
43.310972416, 478.0, -130.0, -855.0
43.330239744, 481.0, -135.0, -852.0
43.349506944, 474.0, -126.0, -854.0
43.368774272, 484.0, -126.0, -852.0
43.3880416, 488.0, -124.0, -848.0
43.407308928, 489.0, -122.0, -852.0
43.426576256, 491.0, -127.0, -849.0
43.445843584, 494.0, -127.0, -851.0
43.465110912, 489.0, -125.0, -850.0
43.48437824, 494.0, -123.0, -846.0
43.50364544, 507.0, -120.0, -845.0
43.522912768, 513.0, -117.0, -849.0
43.542180096, 510.0, -134.0, -851.0
43.561447424, 504.0, -127.0, -844.0
43.580714752, 496.0, -124.0, -848.0
43.59998208, 495.0, -127.0, -848.0
43.619249408, 499.0, -123.0, -848.0
43.638516608, 505.0, -126.0, -844.0
43.657783936, 505.0, -126.0, -846.0
43.677051264, 501.0, -130.0, -848.0
43.696318592, 496.0, -127.0, -848.0
43.71558592, 495.0, -125.0, -846.0
43.734853248, 503.0, -130.0, -849.0
43.754120576, 500.0, -125.0, -846.0
43.773387904, 501.0, -126.0, -850.0
43.792655104, 487.0, -128.0, -850.0
43.811922432, 490.0, -130.0, -846.0
43.83118976, 492.0, -126.0, -851.0
43.850457088, 492.0, -127.0, -850.0
43.869724416, 492.0, -129.0, -848.0
43.888991744, 495.0, -127.0, -846.0
43.908259072, 500.0, -127.0, -849.0
43.9275264, 501.0, -123.0, -845.0
43.9467936, 497.0, -124.0, -848.0
43.966060928, 491.0, -126.0, -852.0
43.985328256, 492.0, -128.0, -852.0
44.004595584, 492.0, -125.0, -852.0
44.023862912, 497.0, -128.0, -852.0
44.04313024, 499.0, -129.0, -848.0
44.062397568, 498.0, -123.0, -849.0
44.081664768, 496.0, -125.0, -852.0
44.100932096, 490.0, -124.0, -851.0
44.120199424, 490.0, -129.0, -851.0
44.139466752, 490.0, -129.0, -850.0
44.15873408, 488.0, -125.0, -854.0
44.178001408, 489.0, -125.0, -848.0
44.197268736, 487.0, -123.0, -852.0
44.216536064, 496.0, -126.0, -850.0
44.235803264, 497.0, -122.0, -850.0
44.255070592, 486.0, -124.0, -848.0
44.27433792, 489.0, -124.0, -849.0
44.293605248, 495.0, -126.0, -852.0
44.312872576, 498.0, -127.0, -852.0
44.33213982, 497.0, -126.0, -853.0
44.351407232, 495.0, -125.0, -852.0
44.370674688, 501.0, -124.0, -850.0
44.389942144, 498.0, -128.0, -846.0
44.4092096, 493.0, -126.0, -851.0
44.428476928, 499.0, -120.0, -849.0
44.447744384, 490.0, -121.0, -847.0
44.46701184, 496.0, -122.0, -854.0
44.486279296, 497.0, -121.0, -850.0
44.505546752, 499.0, -123.0, -848.0
44.524814208, 503.0, -120.0, -850.0
44.544081536, 500.0, -118.0, -850.0
44.563348992, 493.0, -117.0, -852.0
44.582616448, 484.0, -120.0, -857.0
44.601883904, 480.0, -119.0, -849.0
44.62115136, 486.0, -119.0, -855.0
44.640418816, 492.0, -123.0, -853.0
44.659686144, 488.0, -123.0, -849.0
44.6789536, 488.0, -119.0, -850.0
44.698221056, 483.0, -118.0, -853.0
44.717488512, 483.0, -117.0, -854.0
44.736755968, 485.0, -120.0, -851.0
44.756023424, 490.0, -125.0, -855.0
44.775290752, 493.0, -125.0, -852.0
44.794558208, 496.0, -124.0, -848.0
44.813825664, 500.0, -124.0, -855.0
44.83309312, 495.0, -124.0, -855.0
44.852360576, 495.0, -128.0, -854.0
44.871628032, 494.0, -116.0, -853.0
44.890895488, 493.0, -119.0, -857.0
44.910162816, 495.0, -122.0, -849.0
44.929430272, 495.0, -117.0, -852.0
44.948697728, 491.0, -116.0, -851.0
44.967965184, 493.0, -117.0, -850.0
44.98723264, 497.0, -111.0, -853.0
45.006500096, 494.0, -123.0, -855.0
45.025767424, 491.0, -118.0, -847.0
45.04503488, 485.0, -118.0, -850.0
45.064302336, 492.0, -125.0, -853.0
45.083569792, 494.0, -122.0, -852.0
45.102837248, 489.0, -121.0, -848.0
45.122104704, 485.0, -122.0, -852.0
45.141372032, 491.0, -121.0, -848.0
45.160639488, 496.0, -122.0, -851.0
45.179906944, 495.0, -117.0, -852.0
45.1991744, 500.0, -117.0, -850.0
45.218441856, 494.0, -120.0, -852.0
45.237709312, 497.0, -118.0, -847.0
45.256976768, 494.0, -116.0, -852.0
45.276244096, 496.0, -120.0, -851.0
45.295511552, 498.0, -126.0, -851.0
45.314779008, 501.0, -122.0, -847.0
45.334046464, 498.0, -118.0, -851.0
45.35331392, 496.0, -119.0, -852.0
45.372581376, 489.0, -119.0, -851.0
45.391848704, 495.0, -118.0, -849.0
45.41111616, 495.0, -124.0, -850.0
45.430383616, 492.0, -125.0, -847.0
45.449651072, 488.0, -128.0, -848.0
45.468918528, 492.0, -125.0, -850.0
45.488185984, 496.0, -125.0, -851.0
45.507453312, 495.0, -123.0, -851.0
45.526720768, 494.0, -121.0, -850.0
45.545988224, 490.0, -123.0, -856.0
45.56525568, 493.0, -119.0, -851.0
45.584523136, 496.0, -123.0, -849.0
45.603790592, 499.0, -125.0, -851.0
45.62305792, 495.0, -125.0, -846.0
45.642325376, 494.0, -121.0, -849.0
45.661592832, 494.0, -118.0, -854.0
45.680860288, 498.0, -115.0, -852.0
45.700127744, 497.0, -127.0, -854.0
45.7193952, 487.0, -124.0, -849.0
45.738662656, 487.0, -125.0, -851.0
45.757929984, 497.0, -125.0, -853.0
45.77719744, 494.0, -127.0, -847.0
45.796464896, 492.0, -128.0, -849.0
45.815732352, 487.0, -124.0, -853.0
45.834999808, 486.0, -127.0, -851.0
45.854267264, 488.0, -125.0, -854.0
45.873534592, 486.0, -125.0, -846.0
45.892802048, 487.0, -126.0, -853.0
45.912069504, 487.0, -124.0, -855.0
45.93133696, 484.0, -119.0, -854.0
45.950604416, 491.0, -122.0, -852.0
45.969871872, 496.0, -119.0, -852.0
45.9891392, 501.0, -121.0, -851.0
46.008406656, 496.0, -121.0, -851.0
46.027674112, 494.0, -121.0, -850.0
46.046941568, 493.0, -122.0, -855.0
46.066209024, 493.0, -123.0, -854.0
46.08547648, 500.0, -119.0, -848.0
46.104743808, 498.0, -125.0, -852.0
46.124011264, 499.0, -125.0, -855.0
46.14327872, 492.0, -124.0, -846.0
46.162546176, 495.0, -122.0, -848.0
46.181813632, 491.0, -125.0, -850.0
46.201081088, 493.0, -119.0, -849.0
46.220348544, 490.0, -116.0, -849.0
46.239615872, 494.0, -121.0, -849.0
46.258883328, 495.0, -122.0, -848.0
46.278150784, 490.0, -123.0, -850.0
46.29741824, 486.0, -126.0, -849.0
46.316685685, 490.0, -120.0, -853.0
46.335953024, 496.0, -117.0, -854.0
46.355220352, 497.0, -116.0, -851.0
46.374487552, 496.0, -119.0, -846.0
46.39375488, 495.0, -117.0, -848.0
46.41302208, 494.0, -121.0, -850.0
46.432289408, 498.0, -122.0, -848.0
46.451556608, 503.0, -125.0, -854.0
46.470823936, 505.0, -123.0, -848.0
46.490091136, 498.0, -123.0, -851.0
46.509358464, 497.0, -120.0, -853.0
46.528625792, 499.0, -123.0, -853.0
46.547892992, 492.0, -126.0, -851.0
46.56716032, 489.0, -125.0, -848.0
46.58642752, 491.0, -122.0, -849.0
46.605694848, 500.0, -127.0, -847.0
46.624962048, 498.0, -118.0, -850.0
46.644229376, 497.0, -119.0, -850.0
46.663496704, 492.0, -122.0, -848.0
46.682763904, 492.0, -122.0, -848.0
46.702031232, 493.0, -121.0, -848.0
46.721298432, 501.0, -118.0, -851.0
46.74056576, 500.0, -122.0, -846.0
46.75983296, 497.0, -122.0, -847.0
46.779100288, 492.0, -112.0, -851.0
46.798367488, 495.0, -120.0, -847.0
46.817634816, 500.0, -124.0, -851.0
46.836902144, 501.0, -125.0, -847.0
46.856169344, 501.0, -119.0, -843.0
46.875436672, 500.0, -119.0, -848.0
46.894703872, 502.0, -120.0, -847.0
46.9139712, 503.0, -122.0, -846.0
46.9332384, 499.0, -124.0, -846.0
46.952505728, 498.0, -125.0, -849.0
46.971773056, 500.0, -122.0, -850.0
46.991040256, 498.0, -123.0, -845.0
47.010307584, 501.0, -125.0, -846.0
47.029574784, 500.0, -125.0, -847.0
47.048842112, 495.0, -124.0, -851.0
47.068109312, 496.0, -125.0, -846.0
47.08737664, 495.0, -118.0, -850.0
47.10664384, 496.0, -119.0, -851.0
47.125911168, 493.0, -125.0, -846.0
47.145178496, 501.0, -121.0, -849.0
47.164445696, 498.0, -117.0, -846.0
47.183713024, 492.0, -123.0, -849.0
47.202980224, 495.0, -123.0, -850.0
47.222247552, 494.0, -115.0, -847.0
47.241514752, 505.0, -121.0, -850.0
47.26078208, 507.0, -128.0, -851.0
47.280049408, 503.0, -122.0, -848.0
47.299316608, 495.0, -117.0, -847.0
47.318583936, 497.0, -124.0, -849.0
47.337851136, 498.0, -120.0, -848.0
47.357118464, 503.0, -122.0, -854.0
47.376385664, 498.0, -123.0, -845.0
47.395652992, 492.0, -127.0, -847.0
47.414920192, 498.0, -121.0, -852.0
47.43418752, 496.0, -122.0, -850.0
47.453454848, 495.0, -124.0, -849.0
47.472722048, 493.0, -121.0, -848.0
47.491989376, 497.0, -121.0, -848.0
47.511256576, 498.0, -118.0, -848.0
47.530523904, 496.0, -123.0, -852.0
47.549791104, 492.0, -119.0, -846.0
47.569058432, 495.0, -116.0, -851.0
47.58832576, 496.0, -123.0, -854.0
47.60759296, 499.0, -119.0, -850.0
47.626860288, 498.0, -125.0, -851.0
47.646127488, 491.0, -124.0, -854.0
47.665394816, 492.0, -121.0, -853.0
47.684662016, 494.0, -124.0, -856.0
47.703929344, 493.0, -125.0, -853.0
47.723196544, 494.0, -124.0, -852.0
47.742463872, 494.0, -129.0, -854.0
47.7617312, 493.0, -128.0, -852.0
47.7809984, 490.0, -122.0, -854.0
47.800265728, 486.0, -124.0, -855.0
47.819532928, 482.0, -123.0, -848.0
47.838800256, 483.0, -125.0, -853.0
47.858067456, 488.0, -123.0, -850.0
47.877334784, 491.0, -123.0, -854.0
47.896601984, 494.0, -124.0, -853.0
47.915869312, 490.0, -123.0, -853.0
47.93513664, 483.0, -122.0, -851.0
47.95440384, 460.0, -120.0, -847.0
47.973671168, 481.0, -113.0, -858.0
47.992938368, 494.0, -130.0, -859.0
48.012205696, 508.0, -120.0, -848.0
48.031472896, 504.0, -119.0, -859.0
48.050740224, 506.0, -116.0, -837.0
48.070007552, 527.0, -121.0, -841.0
48.089274752, 521.0, -129.0, -835.0
48.10854208, 542.0, -104.0, -811.0
48.12780928, 544.0, -103.0, -843.0
48.147076608, 525.0, -113.0, -842.0
48.166343808, 515.0, -99.0, -812.0
48.185611058, 509.0, -102.0, -823.0
48.204879872, 527.0, -112.0, -836.0
48.224148736, 563.0, -104.0, -839.0
48.2434176, 544.0, -110.0, -824.0
48.262686464, 511.0, -110.0, -826.0
48.281955328, 509.0, -85.0, -816.0
48.301224192, 543.0, -101.0, -844.0
48.320493056, 553.0, -97.0, -826.0
48.33976192, 538.0, -103.0, -811.0
48.359030784, 531.0, -102.0, -822.0
48.378299648, 537.0, -105.0, -833.0
48.397568512, 536.0, -100.0, -830.0
48.416837376, 540.0, -93.0, -827.0
48.43610624, 539.0, -104.0, -800.0
48.455375104, 549.0, -106.0, -819.0
48.474643968, 537.0, -104.0, -828.0
48.493912832, 541.0, -105.0, -833.0
48.513181696, 553.0, -97.0, -847.0
48.53245056, 554.0, -95.0, -840.0
48.551719424, 536.0, -94.0, -828.0
48.570988288, 549.0, -115.0, -801.0
48.590257152, 553.0, -101.0, -836.0
48.609526016, 530.0, -104.0, -846.0
48.62879488, 518.0, -84.0, -818.0
48.648063744, 533.0, -92.0, -812.0
48.667332608, 547.0, -100.0, -833.0
48.686601472, 547.0, -91.0, -827.0
48.705870336, 536.0, -107.0, -819.0
48.7251392, 541.0, -111.0, -827.0
48.744408064, 547.0, -114.0, -820.0
48.763676928, 538.0, -108.0, -826.0
48.782945792, 539.0, -112.0, -828.0
48.802214656, 523.0, -107.0, -822.0
48.82148352, 525.0, -99.0, -826.0
48.840752384, 553.0, -98.0, -824.0
48.860021248, 555.0, -95.0, -821.0
48.879290112, 554.0, -101.0, -833.0
48.898558976, 539.0, -111.0, -829.0
48.91782784, 532.0, -107.0, -826.0
48.937096704, 538.0, -108.0, -830.0
48.956365568, 541.0, -106.0, -840.0
48.975634432, 531.0, -128.0, -831.0
48.994903296, 507.0, -110.0, -814.0
49.01417216, 522.0, -86.0, -823.0
49.033441024, 547.0, -99.0, -836.0
49.052709888, 548.0, -106.0, -826.0
49.071978752, 545.0, -106.0, -821.0
49.091247616, 539.0, -108.0, -817.0
49.11051648, 546.0, -104.0, -825.0
49.129785344, 550.0, -102.0, -823.0
49.149054208, 540.0, -99.0, -825.0
49.168323072, 531.0, -104.0, -827.0
49.187591936, 536.0, -98.0, -821.0
49.2068608, 539.0, -106.0, -829.0
49.226129664, 545.0, -103.0, -829.0
49.245398528, 549.0, -112.0, -825.0
49.264667392, 552.0, -94.0, -826.0
49.283936256, 545.0, -105.0, -826.0
49.30320512, 546.0, -107.0, -825.0
49.322473984, 540.0, -110.0, -827.0
49.341742848, 534.0, -107.0, -828.0
49.361011712, 534.0, -106.0, -825.0
49.380280576, 530.0, -105.0, -827.0
49.39954944, 533.0, -102.0, -826.0
49.418818176, 540.0, -106.0, -826.0
49.43808704, 542.0, -105.0, -821.0
49.457355904, 546.0, -110.0, -825.0
49.476624768, 542.0, -107.0, -827.0
49.495893632, 536.0, -110.0, -823.0
49.515162496, 530.0, -110.0, -822.0
49.53443136, 534.0, -109.0, -824.0
49.553700224, 539.0, -106.0, -824.0
49.572969088, 543.0, -107.0, -826.0
49.592237952, 547.0, -103.0, -820.0
49.611506816, 547.0, -106.0, -825.0
49.63077568, 545.0, -106.0, -825.0
49.650044544, 537.0, -108.0, -822.0
49.669313408, 542.0, -104.0, -823.0
49.688582272, 545.0, -101.0, -821.0
49.707851136, 551.0, -113.0, -825.0
49.72712, 548.0, -108.0, -823.0
49.746388864, 542.0, -108.0, -826.0
49.765657728, 541.0, -103.0, -819.0
49.784926685, 541.0, -107.0, -825.0
49.804195712, 539.0, -101.0, -825.0
49.823464704, 541.0, -107.0, -824.0
49.842733696, 542.0, -110.0, -826.0
49.86200256, 544.0, -110.0, -817.0
49.881271552, 542.0, -107.0, -821.0
49.900540544, 535.0, -104.0, -826.0
49.919809536, 538.0, -103.0, -823.0
49.939078528, 541.0, -105.0, -821.0
49.958347392, 548.0, -109.0, -817.0
49.977616384, 552.0, -111.0, -823.0
49.996885376, 545.0, -105.0, -822.0
50.016154368, 543.0, -108.0, -821.0
50.03542336, 541.0, -107.0, -823.0
50.054692352, 540.0, -106.0, -823.0
50.073961216, 549.0, -105.0, -821.0
50.093230208, 556.0, -108.0, -824.0
50.1124992, 552.0, -100.0, -821.0
50.131768192, 551.0, -104.0, -816.0
50.151037184, 545.0, -104.0, -818.0
50.170306048, 544.0, -106.0, -820.0
50.18957504, 537.0, -105.0, -821.0
50.208844032, 545.0, -110.0, -819.0
50.228113024, 548.0, -112.0, -826.0
50.247382016, 544.0, -107.0, -824.0
50.26665088, 538.0, -105.0, -818.0
50.285919872, 549.0, -104.0, -820.0
50.305188864, 551.0, -105.0, -825.0
50.324457856, 545.0, -104.0, -819.0
50.343726848, 545.0, -104.0, -821.0
50.36299584, 540.0, -103.0, -819.0
50.382264704, 550.0, -109.0, -820.0
50.401533696, 548.0, -111.0, -818.0
50.420802688, 552.0, -111.0, -820.0
50.44007168, 555.0, -103.0, -825.0
50.459340672, 544.0, -105.0, -827.0
50.478609536, 536.0, -103.0, -825.0
50.497878528, 547.0, -105.0, -815.0
50.51714752, 540.0, -97.0, -816.0
50.536416512, 551.0, -95.0, -821.0
50.555685504, 560.0, -96.0, -812.0
50.574954368, 566.0, -111.0, -822.0
50.59422336, 562.0, -110.0, -818.0
50.613492352, 541.0, -112.0, -828.0
50.632761344, 527.0, -110.0, -826.0
50.652030336, 527.0, -108.0, -831.0
50.6712992, 531.0, -109.0, -825.0
50.690568192, 531.0, -105.0, -828.0
50.709837184, 522.0, -104.0, -830.0
50.729106176, 530.0, -96.0, -832.0
50.748375168, 535.0, -101.0, -832.0
50.76764416, 532.0, -112.0, -828.0
50.786913024, 525.0, -108.0, -826.0
50.806182016, 524.0, -110.0, -825.0
50.825451008, 535.0, -108.0, -831.0
50.84472, 542.0, -113.0, -830.0
50.863988992, 528.0, -106.0, -827.0
50.883257856, 526.0, -108.0, -828.0
50.902526848, 542.0, -108.0, -827.0
50.92179584, 558.0, -115.0, -826.0
50.941064832, 551.0, -111.0, -823.0
50.960333824, 542.0, -113.0, -821.0
50.979602688, 534.0, -111.0, -829.0
50.99887168, 526.0, -110.0, -829.0
51.018140672, 526.0, -108.0, -826.0
51.037409664, 535.0, -107.0, -831.0
51.056678656, 539.0, -104.0, -825.0
51.075947648, 541.0, -105.0, -825.0
51.095216512, 539.0, -108.0, -828.0
51.114485504, 527.0, -114.0, -826.0
51.133754496, 524.0, -109.0, -820.0
51.153023488, 530.0, -107.0, -827.0
51.17229248, 539.0, -107.0, -823.0
51.191561344, 538.0, -106.0, -820.0
51.210830336, 541.0, -104.0, -822.0
51.230099328, 550.0, -107.0, -821.0
51.24936832, 544.0, -110.0, -826.0
51.268637312, 540.0, -109.0, -825.0
51.287906176, 540.0, -106.0, -822.0
51.307175168, 536.0, -103.0, -826.0
51.32644416, 549.0, -99.0, -822.0
51.345713152, 545.0, -103.0, -828.0
51.364982144, 541.0, -110.0, -826.0
51.384251008, 538.0, -122.0, -824.0
51.40352, 537.0, -111.0, -826.0
51.422788992, 533.0, -106.0, -829.0
51.442057984, 528.0, -97.0, -830.0
51.461326976, 528.0, -110.0, -828.0
51.480595968, 526.0, -110.0, -829.0
51.499864832, 535.0, -112.0, -824.0
51.519133824, 539.0, -110.0, -827.0
51.538402816, 541.0, -110.0, -826.0
51.557671808, 540.0, -106.0, -821.0
51.5769408, 538.0, -105.0, -829.0
51.596209657, 540.0, -100.0, -821.0
51.615479424, 555.0, -106.0, -821.0
51.634749184, 559.0, -108.0, -818.0
51.654018944, 559.0, -109.0, -826.0
51.673288704, 545.0, -107.0, -822.0
51.692558464, 541.0, -107.0, -819.0
51.711828224, 550.0, -110.0, -819.0
51.731097984, 544.0, -102.0, -818.0
51.750367744, 548.0, -102.0, -820.0
51.769637504, 554.0, -106.0, -818.0
51.788907264, 554.0, -111.0, -823.0
51.808177024, 548.0, -111.0, -819.0
51.827446784, 547.0, -110.0, -818.0
51.846716544, 546.0, -108.0, -817.0
51.865986304, 544.0, -110.0, -817.0
51.885256064, 546.0, -113.0, -816.0
51.904525824, 550.0, -111.0, -818.0
51.923795584, 549.0, -105.0, -821.0
51.943065344, 546.0, -106.0, -820.0
51.962335104, 549.0, -108.0, -814.0
51.981604864, 545.0, -104.0, -821.0
52.000874624, 545.0, -104.0, -823.0
52.020144384, 539.0, -103.0, -817.0
52.039414144, 541.0, -102.0, -824.0
52.058683904, 545.0, -104.0, -817.0
52.077953664, 555.0, -105.0, -818.0
52.097223424, 557.0, -106.0, -818.0
52.116493184, 552.0, -106.0, -815.0
52.135762944, 544.0, -109.0, -825.0
52.155032704, 540.0, -105.0, -819.0
52.174302464, 550.0, -111.0, -818.0
52.193572224, 550.0, -103.0, -824.0
52.212841984, 551.0, -104.0, -821.0
52.232111744, 544.0, -106.0, -814.0
52.251381504, 551.0, -111.0, -816.0
52.270651264, 552.0, -107.0, -822.0
52.289921024, 547.0, -103.0, -818.0
52.309190784, 540.0, -108.0, -818.0
52.328460544, 539.0, -109.0, -817.0
52.347730304, 541.0, -110.0, -822.0
52.367000064, 545.0, -109.0, -817.0
52.386269824, 553.0, -101.0, -818.0
52.405539584, 550.0, -100.0, -816.0
52.424809344, 547.0, -108.0, -817.0
52.444079104, 554.0, -103.0, -813.0
52.463348864, 553.0, -106.0, -821.0
52.482618624, 548.0, -105.0, -819.0
52.501888384, 552.0, -105.0, -818.0
52.521158144, 556.0, -104.0, -816.0
52.540427904, 561.0, -101.0, -819.0
52.559697664, 553.0, -102.0, -818.0
52.578967424, 544.0, -107.0, -813.0
52.598237184, 549.0, -109.0, -819.0
52.617506944, 546.0, -111.0, -816.0
52.636776704, 549.0, -108.0, -817.0
52.656046464, 552.0, -107.0, -819.0
52.675316224, 545.0, -106.0, -815.0
52.694585984, 557.0, -98.0, -809.0
52.713855744, 555.0, -115.0, -816.0
52.733125504, 545.0, -116.0, -819.0
52.752395264, 541.0, -107.0, -811.0
52.771665024, 553.0, -103.0, -819.0
52.790934784, 549.0, -101.0, -817.0
52.810204544, 548.0, -104.0, -815.0
52.829474304, 550.0, -102.0, -818.0
52.848744064, 553.0, -105.0, -813.0
52.868013824, 558.0, -110.0, -816.0
52.887283584, 555.0, -114.0, -815.0
52.906553344, 550.0, -109.0, -821.0
52.925823104, 552.0, -105.0, -816.0
52.945092864, 553.0, -109.0, -821.0
52.964362624, 554.0, -103.0, -815.0
52.983632384, 545.0, -101.0, -820.0
53.002902144, 545.0, -107.0, -812.0
53.022171904, 541.0, -120.0, -840.0
53.041441664, 543.0, -121.0, -773.0
53.060711424, 571.0, -118.0, -828.0
53.079981184, 605.0, -107.0, -817.0
53.099250944, 585.0, -121.0, -804.0
53.118520704, 565.0, -104.0, -806.0
53.137790464, 552.0, -104.0, -818.0
53.157060224, 544.0, -103.0, -825.0
53.176329984, 533.0, -91.0, -820.0
53.195599744, 520.0, -77.0, -832.0
53.214869504, 553.0, -104.0, -822.0
53.234139264, 535.0, -112.0, -838.0
53.253409024, 503.0, -119.0, -829.0
53.272678784, 506.0, -128.0, -829.0
53.291948544, 524.0, -135.0, -831.0
53.311218304, 523.0, -129.0, -835.0
53.330488087, 522.0, -128.0, -828.0
53.3497568, 529.0, -107.0, -824.0
53.369025536, 541.0, -107.0, -830.0
53.388294272, 549.0, -106.0, -836.0
53.407563008, 546.0, -109.0, -831.0
53.426831744, 538.0, -107.0, -828.0
53.44610048, 527.0, -119.0, -834.0
53.465369216, 520.0, -119.0, -837.0
53.484637952, 509.0, -126.0, -836.0
53.503906688, 503.0, -126.0, -836.0
53.523175424, 507.0, -129.0, -835.0
53.54244416, 511.0, -126.0, -834.0
53.561712896, 514.0, -124.0, -833.0
53.580981632, 507.0, -118.0, -837.0
53.600250368, 505.0, -118.0, -845.0
53.619519104, 506.0, -121.0, -839.0
53.638787968, 511.0, -112.0, -836.0
53.658056704, 517.0, -118.0, -844.0
53.67732544, 523.0, -114.0, -839.0
53.696594176, 520.0, -119.0, -834.0
53.715862912, 518.0, -125.0, -840.0
53.735131648, 522.0, -125.0, -832.0
53.754400384, 521.0, -116.0, -838.0
53.77366912, 523.0, -116.0, -835.0
53.792937856, 529.0, -118.0, -837.0
53.812206592, 527.0, -121.0, -835.0
53.831475328, 524.0, -114.0, -835.0
53.850744064, 520.0, -120.0, -837.0
53.8700128, 517.0, -121.0, -837.0
53.889281536, 521.0, -121.0, -834.0
53.908550272, 518.0, -116.0, -841.0
53.927819008, 517.0, -110.0, -839.0
53.947087744, 514.0, -114.0, -834.0
53.96635648, 527.0, -115.0, -835.0
53.985625216, 533.0, -118.0, -835.0
54.004893952, 521.0, -112.0, -841.0
54.024162688, 507.0, -116.0, -834.0
54.043431424, 515.0, -123.0, -830.0
54.06270016, 517.0, -129.0, -839.0
54.081968896, 515.0, -123.0, -832.0
54.101237632, 512.0, -124.0, -834.0
54.120506368, 514.0, -121.0, -834.0
54.139775104, 519.0, -118.0, -834.0
54.15904384, 526.0, -115.0, -834.0
54.178312704, 524.0, -110.0, -835.0
54.19758144, 534.0, -111.0, -827.0
54.216850176, 539.0, -113.0, -834.0
54.236118912, 540.0, -111.0, -830.0
54.255387648, 529.0, -118.0, -835.0
54.274656384, 526.0, -117.0, -834.0
54.29392512, 522.0, -117.0, -831.0
54.313193856, 509.0, -122.0, -839.0
54.332462592, 504.0, -126.0, -835.0
54.351731328, 505.0, -126.0, -835.0
54.371000064, 513.0, -120.0, -833.0
54.3902688, 518.0, -122.0, -836.0
54.409537536, 531.0, -116.0, -831.0
54.428806272, 534.0, -122.0, -834.0
54.448075008, 529.0, -117.0, -832.0
54.467343744, 523.0, -116.0, -832.0
54.48661248, 522.0, -121.0, -836.0
54.505881216, 520.0, -115.0, -836.0
54.525149952, 523.0, -117.0, -832.0
54.544418688, 526.0, -116.0, -834.0
54.563687424, 534.0, -120.0, -834.0
54.58295616, 533.0, -119.0, -832.0
54.602224896, 528.0, -115.0, -840.0
54.621493632, 521.0, -113.0, -834.0
54.640762368, 517.0, -116.0, -838.0
54.660031104, 514.0, -120.0, -834.0
54.67929984, 523.0, -119.0, -833.0
54.698568576, 527.0, -118.0, -836.0
54.71783744, 528.0, -111.0, -835.0
54.737106176, 515.0, -115.0, -835.0
54.756374912, 514.0, -114.0, -835.0
54.775643648, 506.0, -119.0, -835.0
54.794912384, 513.0, -112.0, -831.0
54.81418112, 519.0, -117.0, -832.0
54.833449856, 525.0, -115.0, -832.0
54.852718592, 532.0, -119.0, -832.0
54.871987328, 522.0, -116.0, -836.0
54.891256064, 526.0, -114.0, -833.0
54.9105248, 525.0, -116.0, -829.0
54.929793536, 525.0, -110.0, -833.0
54.949062272, 529.0, -111.0, -835.0
54.968331008, 531.0, -117.0, -834.0
54.987599744, 533.0, -116.0, -835.0
55.00686848, 525.0, -113.0, -828.0
55.026137216, 530.0, -114.0, -833.0
55.045405952, 525.0, -113.0, -836.0
55.064674688, 528.0, -112.0, -833.0
55.083943424, 528.0, -116.0, -836.0
55.10321216, 526.0, -110.0, -835.0
55.122480896, 532.0, -112.0, -832.0
55.141749699, 528.0, -110.0, -830.0
55.16101824, 525.0, -113.0, -836.0
55.18028672, 521.0, -117.0, -831.0
55.1995552, 520.0, -115.0, -833.0
55.21882368, 515.0, -115.0, -834.0
55.23809216, 522.0, -110.0, -830.0
55.257360512, 526.0, -115.0, -830.0
55.276628992, 528.0, -107.0, -833.0
55.295897472, 524.0, -109.0, -832.0
55.315165952, 529.0, -115.0, -835.0
55.334434432, 528.0, -114.0, -830.0
55.353702912, 528.0, -117.0, -836.0
55.372971392, 531.0, -113.0, -832.0
55.392239872, 525.0, -112.0, -834.0
55.411508224, 522.0, -113.0, -831.0
55.430776704, 526.0, -117.0, -832.0
55.450045184, 528.0, -119.0, -838.0
55.469313664, 524.0, -115.0, -834.0
55.488582144, 523.0, -115.0, -836.0
55.507850624, 524.0, -113.0, -832.0
55.527119104, 525.0, -120.0, -836.0
55.546387584, 516.0, -114.0, -838.0
55.565655936, 511.0, -114.0, -834.0
55.584924416, 512.0, -117.0, -836.0
55.604192896, 522.0, -111.0, -835.0
55.623461376, 514.0, -116.0, -836.0
55.642729856, 510.0, -121.0, -836.0
55.661998336, 514.0, -113.0, -836.0
55.681266816, 517.0, -122.0, -838.0
55.700535296, 524.0, -120.0, -838.0
55.719803648, 524.0, -116.0, -840.0
55.739072128, 520.0, -116.0, -836.0
55.758340608, 522.0, -109.0, -836.0
55.777609088, 518.0, -118.0, -841.0
55.796877568, 516.0, -114.0, -836.0
55.816146048, 525.0, -116.0, -835.0
55.835414528, 525.0, -114.0, -841.0
55.854683008, 520.0, -115.0, -836.0
55.873951488, 519.0, -119.0, -833.0
55.89321984, 516.0, -113.0, -835.0
55.91248832, 515.0, -112.0, -839.0
55.9317568, 516.0, -114.0, -833.0
55.95102528, 515.0, -113.0, -838.0
55.97029376, 509.0, -109.0, -836.0
55.98956224, 519.0, -114.0, -838.0
56.00883072, 519.0, -113.0, -838.0
56.0280992, 520.0, -117.0, -833.0
56.047367552, 519.0, -111.0, -837.0
56.066636032, 519.0, -115.0, -836.0
56.085904512, 517.0, -116.0, -837.0
56.105172992, 519.0, -114.0, -839.0
56.124441472, 524.0, -107.0, -838.0
56.143709952, 525.0, -111.0, -835.0
56.162978432, 530.0, -113.0, -835.0
56.182246912, 526.0, -115.0, -835.0
56.201515264, 518.0, -113.0, -838.0
56.220783744, 521.0, -120.0, -835.0
56.240052224, 523.0, -117.0, -835.0
56.259320704, 518.0, -113.0, -836.0
56.278589184, 516.0, -109.0, -830.0
56.297857664, 521.0, -114.0, -835.0
56.317126144, 517.0, -113.0, -833.0
56.336394624, 518.0, -114.0, -834.0
56.355663104, 516.0, -115.0, -836.0
56.374931456, 516.0, -112.0, -837.0
56.394199936, 515.0, -116.0, -834.0
56.413468416, 515.0, -115.0, -839.0
56.432736896, 523.0, -111.0, -838.0
56.452005376, 522.0, -115.0, -831.0
56.471273856, 524.0, -110.0, -835.0
56.490542336, 521.0, -111.0, -836.0
56.509810816, 522.0, -107.0, -836.0
56.529079168, 517.0, -117.0, -836.0
56.548347648, 518.0, -114.0, -838.0
56.567616128, 530.0, -113.0, -832.0
56.586884608, 530.0, -111.0, -835.0
56.606153088, 530.0, -112.0, -835.0
56.625421568, 525.0, -109.0, -833.0
56.644690048, 527.0, -111.0, -838.0
56.663958528, 520.0, -115.0, -841.0
56.68322688, 517.0, -116.0, -833.0
56.70249536, 523.0, -112.0, -837.0
56.72176384, 522.0, -114.0, -832.0
56.74103232, 519.0, -113.0, -837.0
56.7603008, 519.0, -114.0, -833.0
56.77956928, 518.0, -114.0, -834.0
56.79883776, 513.0, -115.0, -835.0
56.81810624, 517.0, -112.0, -835.0
56.837374592, 518.0, -111.0, -836.0
56.856643072, 521.0, -115.0, -835.0
56.875911552, 526.0, -111.0, -835.0
56.895180032, 525.0, -110.0, -835.0
56.914448512, 523.0, -111.0, -833.0
56.933716992, 534.0, -110.0, -835.0
56.952985365, 531.0, -111.0, -835.0
56.972253184, 527.0, -110.0, -832.0
56.991521024, 525.0, -112.0, -834.0
57.010788864, 528.0, -112.0, -836.0
57.030056704, 526.0, -113.0, -835.0
57.049324544, 526.0, -107.0, -836.0
57.068592384, 522.0, -115.0, -836.0
57.087860224, 526.0, -112.0, -834.0
57.107128064, 521.0, -110.0, -835.0
57.126395904, 519.0, -116.0, -831.0
57.145663744, 521.0, -113.0, -834.0
57.164931584, 520.0, -117.0, -832.0
57.184199424, 522.0, -117.0, -838.0
57.203467264, 518.0, -111.0, -837.0
57.222735104, 522.0, -107.0, -835.0
57.242002944, 529.0, -110.0, -831.0
57.261270784, 529.0, -117.0, -835.0
57.280538624, 519.0, -115.0, -833.0
57.299806464, 521.0, -114.0, -835.0
57.319074304, 525.0, -108.0, -834.0
57.338342144, 531.0, -107.0, -836.0
57.357609984, 528.0, -108.0, -836.0
57.376877824, 517.0, -117.0, -834.0
57.396145664, 516.0, -113.0, -836.0
57.415413504, 528.0, -115.0, -839.0
57.434681344, 523.0, -116.0, -837.0
57.453949184, 518.0, -111.0, -837.0
57.473217024, 522.0, -113.0, -838.0
57.492484864, 513.0, -114.0, -836.0
57.511752704, 512.0, -113.0, -836.0
57.531020544, 517.0, -107.0, -839.0
57.550288384, 517.0, -111.0, -837.0
57.569556224, 518.0, -118.0, -837.0
57.588824064, 520.0, -118.0, -831.0
57.608091904, 519.0, -116.0, -836.0
57.627359744, 518.0, -112.0, -833.0
57.646627584, 518.0, -110.0, -834.0
57.665895424, 515.0, -112.0, -838.0
57.685163264, 517.0, -112.0, -834.0
57.704431104, 523.0, -113.0, -839.0
57.723698944, 521.0, -119.0, -839.0
57.742966784, 514.0, -114.0, -837.0
57.762234624, 522.0, -112.0, -834.0
57.781502464, 525.0, -117.0, -839.0
57.800770304, 525.0, -109.0, -838.0
57.820038272, 521.0, -110.0, -836.0
57.839306112, 523.0, -114.0, -838.0
57.858573952, 518.0, -114.0, -838.0
57.877841792, 518.0, -116.0, -837.0
57.897109632, 515.0, -119.0, -837.0
57.916377472, 520.0, -112.0, -837.0
57.935645312, 521.0, -111.0, -838.0
57.954913152, 518.0, -108.0, -835.0
57.974180992, 514.0, -109.0, -841.0
57.993448832, 515.0, -113.0, -834.0
58.012716672, 521.0, -111.0, -837.0
58.031984512, 517.0, -113.0, -838.0
58.051252352, 520.0, -114.0, -837.0
58.070520192, 518.0, -112.0, -832.0
58.089788032, 514.0, -110.0, -835.0
58.109055872, 523.0, -110.0, -843.0
58.128323712, 530.0, -108.0, -838.0
58.147591552, 522.0, -110.0, -833.0
58.166859392, 523.0, -110.0, -834.0
58.186127232, 530.0, -113.0, -838.0
58.205395072, 523.0, -110.0, -836.0
58.224662912, 519.0, -114.0, -840.0
58.243930752, 520.0, -112.0, -838.0
58.263198592, 518.0, -110.0, -838.0
58.282466432, 520.0, -114.0, -841.0
58.301734272, 524.0, -114.0, -838.0
58.321002112, 523.0, -108.0, -836.0
58.340269952, 519.0, -109.0, -833.0
58.359537792, 520.0, -111.0, -837.0
58.378805632, 512.0, -113.0, -840.0
58.398073472, 511.0, -113.0, -838.0
58.417341312, 514.0, -116.0, -836.0
58.436609152, 516.0, -110.0, -838.0
58.455876992, 517.0, -110.0, -835.0
58.475144832, 522.0, -109.0, -833.0
58.494412672, 523.0, -113.0, -837.0
58.513680512, 519.0, -113.0, -836.0
58.532948352, 521.0, -112.0, -837.0
58.552216192, 517.0, -108.0, -835.0
58.571484032, 524.0, -106.0, -834.0
58.590751872, 522.0, -107.0, -837.0
58.610019712, 526.0, -108.0, -837.0
58.629287552, 523.0, -113.0, -835.0
58.648555392, 524.0, -114.0, -839.0
58.667823232, 521.0, -112.0, -836.0
58.687091072, 525.0, -113.0, -836.0
58.706358912, 522.0, -110.0, -838.0
58.725626752, 523.0, -111.0, -834.0
58.744894592, 521.0, -113.0, -841.0
58.764162432, 519.0, -115.0, -837.0
58.783430272, 518.0, -110.0, -830.0
58.802698112, 521.0, -113.0, -834.0
58.821965952, 519.0, -118.0, -832.0
58.841233792, 520.0, -114.0, -835.0
58.860501632, 522.0, -111.0, -839.0
58.879769472, 516.0, -113.0, -833.0
58.899037352, 518.0, -112.0, -838.0
58.918305536, 522.0, -113.0, -834.0
58.93757376, 523.0, -108.0, -836.0
58.956841856, 526.0, -108.0, -829.0
58.97611008, 524.0, -107.0, -838.0
58.995378176, 522.0, -112.0, -837.0
59.0146464, 523.0, -112.0, -832.0
59.033914624, 528.0, -110.0, -833.0
59.05318272, 528.0, -109.0, -839.0
59.072450944, 525.0, -111.0, -832.0
59.091719168, 523.0, -115.0, -834.0
59.110987264, 524.0, -111.0, -840.0
59.130255488, 516.0, -108.0, -838.0
59.149523584, 519.0, -113.0, -837.0
59.168791808, 515.0, -111.0, -834.0
59.188060032, 514.0, -118.0, -839.0
59.207328128, 515.0, -115.0, -835.0
59.226596352, 515.0, -113.0, -837.0
59.245864576, 519.0, -109.0, -837.0
59.265132672, 520.0, -107.0, -839.0
59.284400896, 515.0, -112.0, -839.0
59.303668992, 515.0, -111.0, -836.0
59.322937216, 520.0, -111.0, -838.0
59.34220544, 524.0, -114.0, -834.0
59.361473536, 521.0, -114.0, -835.0
59.38074176, 525.0, -111.0, -836.0
59.400009856, 526.0, -110.0, -832.0
59.41927808, 526.0, -109.0, -839.0
59.438546304, 525.0, -114.0, -840.0
59.4578144, 520.0, -115.0, -833.0
59.477082624, 516.0, -109.0, -838.0
59.496350848, 522.0, -114.0, -836.0
59.515618944, 521.0, -116.0, -833.0
59.534887168, 521.0, -114.0, -841.0
59.554155264, 527.0, -111.0, -842.0
59.573423488, 525.0, -105.0, -837.0
59.592691712, 511.0, -113.0, -840.0
59.611959808, 515.0, -112.0, -835.0
59.631228032, 512.0, -115.0, -838.0
59.650496128, 513.0, -110.0, -841.0
59.669764352, 508.0, -116.0, -837.0
59.689032576, 511.0, -112.0, -838.0
59.708300672, 514.0, -110.0, -838.0
59.727568896, 520.0, -108.0, -842.0
59.74683712, 515.0, -108.0, -844.0
59.766105216, 516.0, -112.0, -833.0
59.78537344, 518.0, -113.0, -832.0
59.804641536, 518.0, -113.0, -838.0
59.82390976, 520.0, -110.0, -834.0
59.843177984, 520.0, -111.0, -840.0
59.86244608, 516.0, -116.0, -835.0
59.881714304, 517.0, -115.0, -842.0
59.900982528, 518.0, -116.0, -839.0
59.920250624, 516.0, -115.0, -844.0
59.939518848, 512.0, -108.0, -840.0
59.958786944, 517.0, -113.0, -840.0
59.978055168, 512.0, -119.0, -838.0
59.997323392, 508.0, -114.0, -842.0
60.016591488, 509.0, -110.0, -842.0
60.035859712, 510.0, -115.0, -840.0
60.055127808, 509.0, -114.0, -843.0
60.074396032, 511.0, -114.0, -837.0
60.093664256, 515.0, -117.0, -840.0
60.112932352, 513.0, -111.0, -839.0
60.132200576, 516.0, -114.0, -843.0
60.1514688, 516.0, -110.0, -839.0
60.170736896, 518.0, -110.0, -839.0
60.19000512, 516.0, -110.0, -839.0
60.209273216, 514.0, -115.0, -839.0
60.22854144, 518.0, -112.0, -840.0
60.247809664, 519.0, -115.0, -840.0
60.26707776, 525.0, -116.0, -841.0
60.286345984, 518.0, -110.0, -836.0
60.30561408, 521.0, -113.0, -841.0
60.324882304, 518.0, -110.0, -839.0
60.344150528, 513.0, -113.0, -841.0
60.363418624, 513.0, -112.0, -834.0
60.382686848, 519.0, -115.0, -838.0
60.401955072, 515.0, -112.0, -838.0
60.421223168, 516.0, -113.0, -839.0
60.440491392, 519.0, -110.0, -840.0
60.459759488, 509.0, -111.0, -842.0
60.479027712, 513.0, -108.0, -838.0
60.498295936, 522.0, -110.0, -838.0
60.517564032, 524.0, -113.0, -844.0
60.536832256, 510.0, -112.0, -841.0
60.55610048, 512.0, -111.0, -836.0
60.575368576, 525.0, -110.0, -838.0
60.5946368, 525.0, -111.0, -843.0
60.613904896, 521.0, -108.0, -833.0
60.63317312, 526.0, -108.0, -842.0
60.652441344, 522.0, -110.0, -837.0
60.67170944, 521.0, -115.0, -844.0
60.690977664, 515.0, -113.0, -836.0
60.71024576, 522.0, -113.0, -839.0
60.729513984, 524.0, -114.0, -840.0
60.748782162, 516.0, -113.0, -842.0
60.768051072, 510.0, -112.0, -843.0
60.787319936, 516.0, -110.0, -839.0
60.806588672, 518.0, -115.0, -844.0
60.825857536, 518.0, -114.0, -834.0
60.845126272, 520.0, -119.0, -833.0
60.864395136, 518.0, -110.0, -836.0
60.883664, 514.0, -113.0, -839.0
60.902932736, 513.0, -112.0, -843.0
60.9222016, 516.0, -110.0, -842.0
60.941470336, 521.0, -111.0, -836.0
60.9607392, 519.0, -113.0, -838.0
60.980007936, 521.0, -111.0, -834.0
60.9992768, 522.0, -110.0, -838.0
61.018545664, 525.0, -110.0, -834.0
61.0378144, 525.0, -110.0, -836.0
61.057083264, 522.0, -118.0, -837.0
61.076352, 520.0, -111.0, -837.0
61.095620864, 522.0, -117.0, -836.0
61.114889728, 528.0, -114.0, -837.0
61.134158464, 526.0, -110.0, -833.0
61.153427328, 520.0, -112.0, -836.0
61.172696064, 519.0, -113.0, -836.0
61.191964928, 514.0, -108.0, -841.0
61.211233664, 521.0, -110.0, -836.0
61.230502528, 517.0, -114.0, -836.0
61.249771392, 513.0, -111.0, -838.0
61.269040128, 515.0, -107.0, -841.0
61.288308992, 517.0, -112.0, -834.0
61.307577728, 518.0, -114.0, -835.0
61.326846592, 522.0, -114.0, -837.0
61.346115456, 524.0, -112.0, -832.0
61.365384192, 522.0, -110.0, -837.0
61.384653056, 522.0, -114.0, -837.0
61.403921792, 522.0, -112.0, -836.0
61.423190656, 520.0, -109.0, -842.0
61.442459392, 521.0, -110.0, -837.0
61.461728256, 526.0, -114.0, -838.0
61.48099712, 525.0, -111.0, -834.0
61.500265856, 521.0, -112.0, -837.0
61.51953472, 518.0, -114.0, -836.0
61.538803456, 519.0, -112.0, -838.0
61.55807232, 519.0, -107.0, -838.0
61.577341184, 519.0, -113.0, -835.0
61.59660992, 516.0, -115.0, -839.0
61.615878784, 521.0, -107.0, -838.0
61.63514752, 516.0, -112.0, -836.0
61.654416384, 514.0, -113.0, -837.0
61.673685248, 513.0, -116.0, -839.0
61.692953984, 514.0, -114.0, -842.0
61.712222848, 515.0, -113.0, -840.0
61.731491584, 518.0, -114.0, -841.0
61.750760448, 519.0, -116.0, -836.0
61.770029184, 517.0, -108.0, -839.0
61.789298048, 526.0, -109.0, -840.0
61.808566912, 521.0, -108.0, -840.0
61.827835648, 517.0, -109.0, -835.0
61.847104512, 519.0, -111.0, -839.0
61.866373248, 522.0, -116.0, -839.0
61.885642112, 517.0, -113.0, -838.0
61.904910976, 519.0, -109.0, -841.0
61.924179712, 519.0, -115.0, -846.0
61.943448576, 519.0, -115.0, -841.0
61.962717312, 508.0, -111.0, -846.0
61.981986176, 512.0, -116.0, -839.0
62.001254912, 514.0, -114.0, -843.0
62.020523776, 515.0, -113.0, -841.0
62.03979264, 516.0, -112.0, -842.0
62.059061376, 510.0, -112.0, -838.0
62.07833024, 516.0, -115.0, -843.0
62.097598976, 513.0, -112.0, -836.0
62.11686784, 511.0, -113.0, -837.0
62.136136704, 513.0, -109.0, -841.0
62.15540544, 516.0, -111.0, -839.0
62.174674304, 514.0, -108.0, -836.0
62.19394304, 521.0, -115.0, -841.0
62.213211904, 517.0, -113.0, -836.0
62.23248064, 525.0, -113.0, -837.0
62.251749504, 521.0, -108.0, -837.0
62.271018368, 519.0, -113.0, -838.0
62.290287104, 523.0, -114.0, -838.0
62.309555968, 518.0, -109.0, -840.0
62.328824704, 521.0, -112.0, -842.0
62.348093568, 514.0, -110.0, -838.0
62.367362432, 517.0, -113.0, -837.0
62.386631168, 515.0, -109.0, -837.0
62.405900032, 516.0, -110.0, -836.0
62.425168768, 511.0, -109.0, -839.0
62.444437632, 513.0, -109.0, -839.0
62.463706368, 510.0, -115.0, -836.0
62.482975232, 515.0, -109.0, -838.0
62.502244096, 516.0, -106.0, -841.0
62.521512832, 515.0, -107.0, -839.0
62.540781696, 516.0, -111.0, -838.0
62.560050432, 516.0, -110.0, -841.0
62.579319296, 521.0, -112.0, -838.0
62.598588008, 518.0, -110.0, -839.0
62.617855488, 523.0, -105.0, -837.0
62.637122944, 523.0, -113.0, -836.0
62.656390272, 522.0, -107.0, -833.0
62.675657728, 522.0, -111.0, -835.0
62.694925184, 520.0, -115.0, -835.0
62.71419264, 527.0, -112.0, -837.0
62.733459968, 519.0, -108.0, -840.0
62.752727424, 521.0, -112.0, -840.0
62.77199488, 515.0, -108.0, -841.0
62.791262208, 519.0, -114.0, -838.0
62.810529664, 513.0, -113.0, -837.0
62.82979712, 511.0, -116.0, -843.0
62.849064576, 514.0, -114.0, -837.0
62.868331904, 515.0, -109.0, -838.0
62.88759936, 514.0, -113.0, -835.0
62.906866816, 513.0, -115.0, -840.0
62.926134144, 512.0, -112.0, -837.0
62.9454016, 518.0, -111.0, -833.0
62.964669056, 515.0, -110.0, -837.0
62.983936512, 515.0, -110.0, -834.0
63.00320384, 516.0, -114.0, -836.0
63.022471296, 521.0, -116.0, -838.0
63.041738752, 523.0, -111.0, -840.0
63.06100608, 526.0, -110.0, -834.0
63.080273536, 521.0, -108.0, -838.0
63.099540992, 524.0, -112.0, -838.0
63.118808448, 525.0, -111.0, -839.0
63.138075776, 520.0, -114.0, -837.0
63.157343232, 519.0, -109.0, -838.0
63.176610688, 518.0, -111.0, -836.0
63.195878016, 520.0, -113.0, -836.0
63.215145472, 520.0, -111.0, -841.0
63.234412928, 515.0, -113.0, -836.0
63.253680384, 514.0, -111.0, -838.0
63.272947712, 519.0, -114.0, -837.0
63.292215168, 518.0, -111.0, -837.0
63.311482624, 513.0, -114.0, -835.0
63.330749952, 514.0, -112.0, -835.0
63.350017408, 521.0, -114.0, -835.0
63.369284864, 518.0, -116.0, -839.0
63.38855232, 520.0, -109.0, -837.0
63.407819648, 519.0, -109.0, -836.0
63.427087104, 523.0, -114.0, -835.0
63.44635456, 522.0, -108.0, -840.0
63.465621888, 524.0, -114.0, -836.0
63.484889344, 522.0, -115.0, -840.0
63.5041568, 525.0, -110.0, -836.0
63.523424256, 522.0, -110.0, -837.0
63.542691584, 512.0, -112.0, -839.0
63.56195904, 513.0, -112.0, -842.0
63.581226496, 522.0, -110.0, -838.0
63.600493952, 531.0, -111.0, -831.0
63.61976128, 540.0, -112.0, -823.0
63.639028736, 528.0, -109.0, -837.0
63.658296192, 510.0, -108.0, -833.0
63.67756352, 520.0, -115.0, -832.0
63.696830976, 526.0, -114.0, -837.0
63.716098432, 527.0, -112.0, -837.0
63.735365888, 517.0, -106.0, -835.0
63.754633216, 517.0, -109.0, -839.0
63.773900672, 524.0, -116.0, -836.0
63.793168128, 535.0, -109.0, -837.0
63.812435456, 523.0, -110.0, -835.0
63.831702912, 514.0, -120.0, -837.0
63.850970368, 514.0, -114.0, -842.0
63.870237824, 510.0, -110.0, -844.0
63.889505152, 515.0, -110.0, -838.0
63.908772608, 524.0, -117.0, -839.0
63.928040064, 512.0, -119.0, -845.0
63.947307392, 499.0, -122.0, -841.0
63.966574848, 499.0, -123.0, -840.0
63.985842304, 512.0, -128.0, -838.0
64.00510976, 514.0, -124.0, -843.0
64.024377088, 504.0, -114.0, -838.0
64.043644544, 508.0, -114.0, -843.0
64.062912, 508.0, -108.0, -842.0
64.082179328, 512.0, -114.0, -839.0
64.101446784, 503.0, -117.0, -843.0
64.12071424, 507.0, -119.0, -841.0
64.139981696, 507.0, -122.0, -844.0
64.159249024, 506.0, -118.0, -842.0
64.17851648, 499.0, -117.0, -839.0
64.197783936, 511.0, -112.0, -841.0
64.217051264, 517.0, -113.0, -845.0
64.23631872, 512.0, -110.0, -838.0
64.255586176, 510.0, -112.0, -843.0
64.274853632, 512.0, -112.0, -841.0
64.29412096, 512.0, -113.0, -846.0
64.313388416, 515.0, -115.0, -843.0
64.332655872, 504.0, -115.0, -837.0
64.3519232, 510.0, -117.0, -843.0
64.371190656, 509.0, -117.0, -845.0
64.390458112, 511.0, -118.0, -841.0
64.409725568, 514.0, -119.0, -846.0
64.428992896, 509.0, -119.0, -842.0
64.448260352, 504.0, -116.0, -838.0
64.467527808, 505.0, -115.0, -844.0
64.486795136, 500.0, -123.0, -839.0
64.506062592, 503.0, -123.0, -842.0
64.525330048, 501.0, -121.0, -842.0
64.544597504, 504.0, -118.0, -848.0
64.56386481, 506.0, -112.0, -836.0
64.583131264, 512.0, -109.0, -838.0
64.602397696, 512.0, -109.0, -848.0
64.621664128, 517.0, -102.0, -836.0
64.640930688, 529.0, -100.0, -838.0
64.66019712, 535.0, -99.0, -838.0
64.679463552, 536.0, -100.0, -837.0
64.698729984, 533.0, -103.0, -839.0
64.717996416, 519.0, -105.0, -833.0
64.737262976, 519.0, -115.0, -837.0
64.756529408, 521.0, -115.0, -837.0
64.77579584, 518.0, -111.0, -837.0
64.795062272, 522.0, -114.0, -838.0
64.814328704, 509.0, -115.0, -846.0
64.833595264, 505.0, -115.0, -839.0
64.852861696, 508.0, -111.0, -841.0
64.872128128, 509.0, -110.0, -839.0
64.89139456, 515.0, -109.0, -843.0
64.91066112, 519.0, -102.0, -841.0
64.929927552, 517.0, -105.0, -837.0
64.949193984, 526.0, -105.0, -842.0
64.968460416, 519.0, -108.0, -840.0
64.987726848, 515.0, -108.0, -838.0
65.006993408, 510.0, -110.0, -844.0
65.02625984, 512.0, -110.0, -836.0
65.045526272, 523.0, -111.0, -839.0
65.064792704, 522.0, -107.0, -839.0
65.084059136, 522.0, -112.0, -838.0
65.103325696, 528.0, -110.0, -834.0
65.122592128, 524.0, -106.0, -839.0
65.14185856, 521.0, -108.0, -841.0
65.161124992, 524.0, -113.0, -835.0
65.180391424, 524.0, -113.0, -838.0
65.199657984, 523.0, -109.0, -837.0
65.218924416, 520.0, -111.0, -835.0
65.238190848, 518.0, -108.0, -832.0
65.25745728, 521.0, -111.0, -836.0
65.276723712, 521.0, -111.0, -838.0
65.295990272, 515.0, -111.0, -837.0
65.315256704, 517.0, -107.0, -837.0
65.334523136, 525.0, -111.0, -838.0
65.353789568, 526.0, -111.0, -840.0
65.373056, 518.0, -109.0, -836.0
65.39232256, 519.0, -110.0, -836.0
65.411588992, 521.0, -111.0, -837.0
65.430855424, 529.0, -111.0, -832.0
65.450121856, 528.0, -108.0, -837.0
65.469388416, 521.0, -105.0, -836.0
65.488654848, 520.0, -111.0, -835.0
65.50792128, 524.0, -114.0, -836.0
65.527187712, 524.0, -110.0, -836.0
65.546454144, 525.0, -110.0, -836.0
65.565720704, 522.0, -115.0, -837.0
65.584987136, 521.0, -108.0, -836.0
65.604253568, 515.0, -110.0, -840.0
65.62352, 516.0, -110.0, -838.0
65.642786432, 515.0, -111.0, -837.0
65.662052992, 524.0, -109.0, -836.0
65.681319424, 520.0, -114.0, -837.0
65.700585856, 522.0, -110.0, -840.0
65.719852288, 515.0, -109.0, -842.0
65.73911872, 510.0, -108.0, -837.0
65.75838528, 513.0, -111.0, -837.0
65.777651712, 516.0, -111.0, -839.0
65.796918144, 516.0, -111.0, -839.0
65.816184576, 517.0, -113.0, -836.0
65.835451008, 519.0, -116.0, -838.0
65.854717568, 523.0, -115.0, -837.0
65.873984, 525.0, -107.0, -836.0
65.893250432, 525.0, -106.0, -837.0
65.912516864, 523.0, -112.0, -837.0
65.931783296, 519.0, -108.0, -836.0
65.951049856, 521.0, -105.0, -836.0
65.970316288, 524.0, -108.0, -836.0
65.98958272, 525.0, -107.0, -836.0
66.008849152, 517.0, -110.0, -835.0
66.028115584, 517.0, -112.0, -840.0
66.047382144, 515.0, -110.0, -840.0
66.066648576, 509.0, -111.0, -836.0
66.085915008, 513.0, -109.0, -838.0
66.10518144, 511.0, -113.0, -843.0
66.124448, 515.0, -111.0, -842.0
66.143714432, 503.0, -111.0, -843.0
66.162980864, 507.0, -115.0, -843.0
66.182247296, 509.0, -111.0, -843.0
66.201513728, 512.0, -108.0, -842.0
66.220780288, 512.0, -107.0, -845.0
66.24004672, 509.0, -107.0, -842.0
66.259313152, 515.0, -105.0, -845.0
66.278579584, 508.0, -114.0, -844.0
66.297846016, 507.0, -110.0, -847.0
66.317112576, 513.0, -113.0, -846.0
66.336379008, 512.0, -106.0, -847.0
66.35564544, 506.0, -108.0, -844.0
66.374911872, 506.0, -109.0, -848.0
66.394178304, 505.0, -109.0, -842.0
66.41344482, 505.0, -105.0, -842.0
66.432711424, 508.0, -110.0, -846.0
66.451977984, 505.0, -110.0, -845.0
66.471244416, 505.0, -105.0, -847.0
66.490510976, 502.0, -108.0, -847.0
66.509777408, 498.0, -107.0, -843.0
66.529043968, 506.0, -110.0, -846.0
66.5483104, 503.0, -114.0, -844.0
66.56757696, 505.0, -108.0, -845.0
66.586843392, 511.0, -109.0, -845.0
66.606109952, 508.0, -104.0, -848.0
66.625376384, 511.0, -104.0, -838.0
66.644642944, 510.0, -104.0, -846.0
66.663909376, 512.0, -109.0, -845.0
66.683175936, 509.0, -106.0, -844.0
66.702442368, 516.0, -104.0, -846.0
66.721708928, 513.0, -113.0, -843.0
66.740975488, 512.0, -110.0, -844.0
66.76024192, 512.0, -109.0, -843.0
66.77950848, 506.0, -106.0, -845.0
66.798774912, 508.0, -110.0, -845.0
66.818041472, 509.0, -111.0, -842.0
66.837307904, 514.0, -111.0, -843.0
66.856574464, 520.0, -101.0, -841.0
66.875840896, 515.0, -101.0, -841.0
66.895107456, 508.0, -107.0, -845.0
66.914373888, 504.0, -112.0, -843.0
66.933640448, 502.0, -113.0, -846.0
66.95290688, 505.0, -111.0, -844.0
66.97217344, 508.0, -111.0, -841.0
66.99144, 505.0, -113.0, -845.0
67.010706432, 509.0, -113.0, -849.0
67.029972992, 513.0, -113.0, -841.0
67.049239424, 505.0, -114.0, -848.0
67.068505984, 508.0, -114.0, -836.0
67.087772416, 514.0, -110.0, -840.0
67.107038976, 518.0, -105.0, -838.0
67.126305408, 526.0, -105.0, -839.0
67.145571968, 524.0, -105.0, -842.0
67.1648384, 525.0, -107.0, -838.0
67.18410496, 521.0, -110.0, -844.0
67.203371392, 514.0, -109.0, -841.0
67.222637952, 521.0, -106.0, -837.0
67.241904384, 523.0, -108.0, -839.0
67.261170944, 522.0, -109.0, -840.0
67.280437504, 516.0, -105.0, -842.0
67.299703936, 513.0, -98.0, -842.0
67.318970496, 512.0, -105.0, -840.0
67.338236928, 510.0, -103.0, -842.0
67.357503488, 512.0, -104.0, -844.0
67.37676992, 507.0, -103.0, -843.0
67.39603648, 510.0, -107.0, -839.0
67.415302912, 507.0, -105.0, -839.0
67.434569472, 506.0, -109.0, -844.0
67.453835904, 511.0, -113.0, -840.0
67.473102464, 513.0, -112.0, -839.0
67.492368896, 515.0, -112.0, -842.0
67.511635456, 517.0, -103.0, -838.0
67.530901888, 519.0, -96.0, -844.0
67.550168448, 519.0, -105.0, -846.0
67.569435008, 515.0, -108.0, -840.0
67.58870144, 512.0, -113.0, -838.0
67.607968, 517.0, -110.0, -842.0
67.627234432, 516.0, -114.0, -836.0
67.646500992, 514.0, -122.0, -835.0
67.665767424, 522.0, -110.0, -838.0
67.685033984, 538.0, -91.0, -837.0
67.704300416, 540.0, -83.0, -840.0
67.723566976, 525.0, -82.0, -839.0
67.742833408, 514.0, -93.0, -840.0
67.762099968, 501.0, -117.0, -841.0
67.7813664, 494.0, -131.0, -840.0
67.80063296, 501.0, -125.0, -839.0
67.819899392, 510.0, -110.0, -845.0
67.839165952, 521.0, -105.0, -845.0
67.858432512, 518.0, -106.0, -838.0
67.877698944, 518.0, -103.0, -838.0
67.896965504, 521.0, -98.0, -845.0
67.916231936, 518.0, -105.0, -839.0
67.935498496, 517.0, -108.0, -832.0
67.954764928, 513.0, -106.0, -843.0
67.974031488, 521.0, -109.0, -839.0
67.99329792, 515.0, -105.0, -841.0
68.01256448, 515.0, -108.0, -837.0
68.031830912, 512.0, -105.0, -839.0
68.051097472, 515.0, -108.0, -843.0
68.070363904, 511.0, -109.0, -839.0
68.089630464, 515.0, -106.0, -841.0
68.108897024, 522.0, -99.0, -840.0
68.128163456, 521.0, -106.0, -838.0
68.147430016, 511.0, -109.0, -839.0
68.166696448, 511.0, -106.0, -837.0
68.185963008, 517.0, -110.0, -839.0
68.20522944, 516.0, -111.0, -838.0
68.22449586, 513.0, -111.0, -838.0
68.243762944, 514.0, -107.0, -840.0
68.263030016, 518.0, -111.0, -834.0
68.28229696, 523.0, -112.0, -840.0
68.301564032, 519.0, -118.0, -836.0
68.320830976, 526.0, -114.0, -830.0
68.340098048, 537.0, -111.0, -834.0
68.35936512, 535.0, -109.0, -835.0
68.378632064, 527.0, -105.0, -835.0
68.397899136, 528.0, -110.0, -835.0
68.41716608, 521.0, -110.0, -838.0
68.436433152, 522.0, -114.0, -835.0
68.455700224, 524.0, -115.0, -833.0
68.474967168, 528.0, -109.0, -834.0
68.49423424, 525.0, -110.0, -836.0
68.513501184, 517.0, -113.0, -841.0
68.532768256, 519.0, -113.0, -839.0
68.5520352, 522.0, -109.0, -840.0
68.571302272, 523.0, -104.0, -837.0
68.590569344, 525.0, -107.0, -838.0
68.609836288, 527.0, -108.0, -835.0
68.62910336, 517.0, -108.0, -832.0
68.648370304, 521.0, -107.0, -836.0
68.667637376, 532.0, -111.0, -833.0
68.686904448, 528.0, -104.0, -833.0
68.706171392, 528.0, -102.0, -840.0
68.725438464, 527.0, -101.0, -837.0
68.744705408, 529.0, -104.0, -834.0
68.76397248, 525.0, -106.0, -836.0
68.783239552, 527.0, -110.0, -832.0
68.802506496, 526.0, -109.0, -835.0
68.821773568, 522.0, -106.0, -836.0
68.841040512, 523.0, -106.0, -833.0
68.860307584, 523.0, -108.0, -834.0
68.879574656, 524.0, -110.0, -840.0
68.8988416, 522.0, -107.0, -834.0
68.918108672, 519.0, -105.0, -832.0
68.937375616, 520.0, -105.0, -838.0
68.956642688, 518.0, -108.0, -835.0
68.975909632, 523.0, -114.0, -831.0
68.995176704, 518.0, -109.0, -833.0
69.014443776, 526.0, -108.0, -833.0
69.03371072, 523.0, -106.0, -833.0
69.052977792, 522.0, -106.0, -840.0
69.072244736, 519.0, -108.0, -833.0
69.091511808, 527.0, -109.0, -835.0
69.11077888, 531.0, -110.0, -838.0
69.130045824, 525.0, -107.0, -838.0
69.149312896, 530.0, -109.0, -833.0
69.16857984, 531.0, -105.0, -835.0
69.187846912, 524.0, -111.0, -835.0
69.207113984, 523.0, -111.0, -834.0
69.226380928, 523.0, -110.0, -837.0
69.245648, 522.0, -110.0, -832.0
69.264914944, 521.0, -109.0, -835.0
69.284182016, 520.0, -109.0, -835.0
69.303449088, 527.0, -111.0, -833.0
69.322716032, 521.0, -116.0, -839.0
69.341983104, 517.0, -107.0, -837.0
69.361250048, 518.0, -109.0, -836.0
69.38051712, 518.0, -113.0, -834.0
69.399784192, 515.0, -108.0, -837.0
69.419051136, 512.0, -109.0, -841.0
69.438318208, 518.0, -115.0, -833.0
69.457585152, 525.0, -107.0, -841.0
69.476852224, 529.0, -109.0, -835.0
69.496119168, 524.0, -111.0, -838.0
69.51538624, 516.0, -106.0, -837.0
69.534653312, 523.0, -106.0, -836.0
69.553920256, 531.0, -111.0, -838.0
69.573187328, 533.0, -112.0, -836.0
69.592454272, 528.0, -110.0, -833.0
69.611721344, 525.0, -103.0, -835.0
69.630988416, 528.0, -101.0, -838.0
69.65025536, 527.0, -96.0, -836.0
69.669522432, 527.0, -100.0, -838.0
69.688789376, 522.0, -99.0, -838.0
69.708056448, 505.0, -104.0, -843.0
69.72732352, 504.0, -104.0, -835.0
69.746590464, 511.0, -107.0, -837.0
69.765857536, 512.0, -108.0, -843.0
69.78512448, 508.0, -108.0, -836.0
69.804391552, 509.0, -108.0, -837.0
69.823658624, 524.0, -107.0, -836.0
69.842925568, 518.0, -108.0, -846.0
69.86219264, 513.0, -105.0, -842.0
69.881459584, 515.0, -111.0, -836.0
69.900726656, 516.0, -111.0, -838.0
69.9199936, 525.0, -108.0, -840.0
69.939260672, 522.0, -100.0, -839.0
69.958527744, 519.0, -104.0, -838.0
69.977794688, 512.0, -106.0, -838.0
69.99706176, 512.0, -113.0, -840.0
70.016328704, 513.0, -117.0, -836.0
70.035595718, 520.0, -109.0, -843.0
70.054862592, 523.0, -107.0, -836.0
70.074129408, 522.0, -114.0, -839.0
70.093396224, 517.0, -108.0, -840.0
70.11266304, 520.0, -111.0, -836.0
70.131929856, 525.0, -105.0, -838.0
70.151196672, 527.0, -105.0, -833.0
70.170463616, 531.0, -109.0, -831.0
70.189730432, 528.0, -109.0, -834.0
70.208997248, 528.0, -106.0, -836.0
70.228264064, 525.0, -103.0, -830.0
70.24753088, 527.0, -104.0, -835.0
70.266797696, 526.0, -107.0, -832.0
70.286064512, 528.0, -110.0, -835.0
70.305331328, 528.0, -109.0, -832.0
70.324598144, 524.0, -106.0, -834.0
70.34386496, 529.0, -107.0, -831.0
70.363131904, 528.0, -104.0, -840.0
70.38239872, 527.0, -105.0, -836.0
70.401665536, 525.0, -109.0, -834.0
70.420932352, 526.0, -110.0, -833.0
70.440199168, 519.0, -108.0, -844.0
70.459465984, 516.0, -106.0, -836.0
70.4787328, 525.0, -104.0, -833.0
70.497999616, 519.0, -111.0, -840.0
70.517266432, 513.0, -112.0, -837.0
70.536533248, 516.0, -107.0, -833.0
70.555800064, 518.0, -106.0, -839.0
70.575067008, 523.0, -108.0, -837.0
70.594333824, 524.0, -112.0, -835.0
70.61360064, 525.0, -111.0, -837.0
70.632867456, 522.0, -106.0, -839.0
70.652134272, 526.0, -105.0, -832.0
70.671401088, 527.0, -107.0, -834.0
70.690667904, 529.0, -108.0, -835.0
70.70993472, 527.0, -105.0, -833.0
70.729201536, 533.0, -109.0, -837.0
70.748468352, 531.0, -108.0, -833.0
70.767735296, 525.0, -108.0, -835.0
70.787002112, 521.0, -109.0, -829.0
70.806268928, 530.0, -113.0, -836.0
70.825535744, 527.0, -110.0, -836.0
70.84480256, 523.0, -109.0, -835.0
70.864069376, 524.0, -105.0, -832.0
70.883336192, 524.0, -115.0, -839.0
70.902603008, 524.0, -112.0, -840.0
70.921869824, 518.0, -107.0, -839.0
70.94113664, 520.0, -108.0, -835.0
70.960403456, 517.0, -110.0, -835.0
70.9796704, 519.0, -113.0, -839.0
70.998937216, 519.0, -112.0, -832.0
71.018204032, 526.0, -112.0, -838.0
71.037470848, 524.0, -111.0, -835.0
71.056737664, 524.0, -110.0, -834.0
71.07600448, 518.0, -110.0, -837.0
71.095271296, 521.0, -109.0, -836.0
71.114538112, 526.0, -106.0, -838.0
71.133804928, 526.0, -106.0, -838.0
71.153071744, 523.0, -113.0, -833.0
71.172338688, 524.0, -109.0, -832.0
71.191605504, 528.0, -110.0, -832.0
71.21087232, 525.0, -105.0, -839.0
71.230139136, 523.0, -104.0, -834.0
71.249405952, 520.0, -109.0, -832.0
71.268672768, 520.0, -112.0, -841.0
71.287939584, 521.0, -110.0, -839.0
71.3072064, 518.0, -111.0, -836.0
71.326473216, 518.0, -116.0, -839.0
71.345740032, 516.0, -110.0, -836.0
71.365006848, 515.0, -108.0, -833.0
71.384273792, 512.0, -105.0, -838.0
71.403540608, 515.0, -110.0, -838.0
71.422807424, 515.0, -113.0, -840.0
71.44207424, 517.0, -116.0, -834.0
71.461341056, 518.0, -111.0, -839.0
71.480607872, 518.0, -109.0, -839.0
71.499874688, 520.0, -109.0, -838.0
71.519141504, 519.0, -108.0, -836.0
71.53840832, 525.0, -109.0, -835.0
71.557675136, 523.0, -110.0, -839.0
71.57694208, 521.0, -110.0, -838.0
71.596208896, 524.0, -109.0, -835.0
71.615475712, 516.0, -110.0, -841.0
71.634742528, 520.0, -108.0, -842.0
71.654009344, 519.0, -107.0, -840.0
71.67327616, 512.0, -112.0, -836.0
71.692542976, 519.0, -115.0, -836.0
71.711809792, 520.0, -110.0, -838.0
71.731076608, 519.0, -113.0, -840.0
71.750343424, 514.0, -112.0, -836.0
71.76961024, 513.0, -111.0, -841.0
71.788877184, 515.0, -109.0, -841.0
71.808144, 515.0, -109.0, -840.0
71.827410816, 514.0, -107.0, -837.0
71.846677632, 518.0, -108.0, -840.0
71.865944448, 523.0, -109.0, -836.0
71.885211264, 515.0, -109.0, -840.0
71.90447808, 516.0, -110.0, -836.0
71.923744896, 521.0, -110.0, -836.0
71.943011712, 521.0, -107.0, -840.0
71.962278528, 520.0, -105.0, -840.0
71.981545472, 522.0, -109.0, -837.0
72.000812288, 529.0, -109.0, -838.0
72.020079025, 524.0, -113.0, -842.0
72.039345408, 517.0, -110.0, -838.0
72.05861184, 522.0, -111.0, -839.0
72.077878272, 520.0, -107.0, -836.0
72.097144704, 522.0, -114.0, -834.0
72.116411136, 524.0, -109.0, -840.0
72.135677568, 518.0, -110.0, -837.0
72.154944, 517.0, -106.0, -840.0
72.174210432, 514.0, -113.0, -840.0
72.193476864, 518.0, -108.0, -838.0
72.212743296, 518.0, -110.0, -841.0
72.232009728, 517.0, -108.0, -839.0
72.25127616, 520.0, -112.0, -836.0
72.270542464, 522.0, -117.0, -840.0
72.289808896, 519.0, -119.0, -840.0
72.309075328, 522.0, -106.0, -837.0
72.32834176, 528.0, -100.0, -843.0
72.347608192, 532.0, -109.0, -837.0
72.366874624, 519.0, -110.0, -840.0
72.386141056, 501.0, -115.0, -847.0
72.405407488, 504.0, -120.0, -840.0
72.42467392, 510.0, -114.0, -846.0
72.443940352, 505.0, -107.0, -845.0
72.463206784, 512.0, -110.0, -844.0
72.482473216, 518.0, -112.0, -850.0
72.501739648, 503.0, -108.0, -851.0
72.52100608, 485.0, -114.0, -850.0
72.540272512, 469.0, -114.0, -849.0
72.559538944, 468.0, -105.0, -858.0
72.578805376, 476.0, -112.0, -857.0
72.598071808, 483.0, -110.0, -858.0
72.61733824, 488.0, -111.0, -851.0
72.636604672, 494.0, -115.0, -849.0
72.655871104, 493.0, -124.0, -853.0
72.675137536, 484.0, -122.0, -853.0
72.694403968, 474.0, -124.0, -854.0
72.7136704, 486.0, -117.0, -849.0
72.732936704, 490.0, -124.0, -848.0
72.752203136, 492.0, -128.0, -847.0
72.771469568, 494.0, -118.0, -842.0
72.790736, 512.0, -122.0, -848.0
72.810002432, 526.0, -111.0, -847.0
72.829268864, 518.0, -104.0, -848.0
72.848535296, 499.0, -105.0, -848.0
72.867801728, 488.0, -111.0, -844.0
72.88706816, 512.0, -117.0, -846.0
72.906334592, 528.0, -124.0, -846.0
72.925601024, 525.0, -122.0, -840.0
72.944867456, 518.0, -120.0, -838.0
72.964133888, 515.0, -116.0, -843.0
72.98340032, 522.0, -108.0, -842.0
73.002666752, 524.0, -106.0, -836.0
73.021933184, 521.0, -107.0, -835.0
73.041199616, 514.0, -114.0, -837.0
73.060466048, 516.0, -113.0, -837.0
73.07973248, 514.0, -114.0, -843.0
73.098998912, 512.0, -115.0, -841.0
73.118265344, 512.0, -109.0, -840.0
73.137531776, 507.0, -105.0, -845.0
73.156798208, 505.0, -108.0, -842.0
73.17606464, 505.0, -104.0, -847.0
73.195330944, 510.0, -113.0, -846.0
73.214597376, 510.0, -113.0, -842.0
73.233863808, 513.0, -113.0, -842.0
73.25313024, 511.0, -108.0, -842.0
73.272396672, 505.0, -113.0, -842.0
73.291663104, 510.0, -111.0, -845.0
73.310929536, 511.0, -112.0, -845.0
73.330195968, 514.0, -109.0, -847.0
73.3494624, 507.0, -104.0, -843.0
73.368728832, 512.0, -107.0, -840.0
73.387995264, 511.0, -113.0, -843.0
73.407261696, 507.0, -109.0, -849.0
73.426528128, 502.0, -112.0, -847.0
73.44579456, 500.0, -107.0, -845.0
73.465060992, 511.0, -109.0, -844.0
73.484327424, 517.0, -115.0, -844.0
73.503593856, 509.0, -109.0, -840.0
73.522860288, 500.0, -102.0, -844.0
73.54212672, 503.0, -107.0, -840.0
73.561393152, 520.0, -108.0, -845.0
73.580659584, 516.0, -112.0, -842.0
73.599926016, 507.0, -108.0, -845.0
73.619192448, 509.0, -101.0, -839.0
73.63845888, 512.0, -94.0, -840.0
73.657725184, 537.0, -107.0, -846.0
73.676991616, 521.0, -121.0, -847.0
73.696258048, 495.0, -126.0, -838.0
73.71552448, 492.0, -135.0, -847.0
73.734790912, 496.0, -121.0, -851.0
73.754057344, 507.0, -96.0, -844.0
73.773323776, 521.0, -89.0, -838.0
73.792590208, 515.0, -102.0, -841.0
73.81185664, 478.0, -117.0, -842.0
73.831123072, 440.0, -103.0, -849.0
73.850389504, 426.0, -115.0, -851.0
73.869655983, 444.0, -109.0, -826.0
73.888922368, 500.0, -101.0, -832.0
73.9081888, 554.0, -95.0, -828.0
73.927455104, 549.0, -105.0, -800.0
73.946721536, 602.0, -92.0, -789.0
73.965987968, 631.0, -110.0, -784.0
73.985254272, 694.0, -131.0, -791.0
74.004520704, 737.0, -131.0, -767.0
74.023787136, 713.0, -132.0, -760.0
74.04305344, 731.0, -146.0, -766.0
74.062319872, 717.0, -143.0, -756.0
74.081586304, 721.0, -107.0, -755.0
74.100852608, 693.0, -146.0, -762.0
74.12011904, 584.0, -149.0, -789.0
74.139385472, 565.0, -154.0, -783.0
74.158651776, 592.0, -133.0, -759.0
74.177918208, 620.0, -134.0, -779.0
74.19718464, 627.0, -163.0, -792.0
74.216450944, 620.0, -189.0, -768.0
74.235717376, 674.0, -194.0, -778.0
74.254983808, 607.0, -187.0, -775.0
74.274250112, 553.0, -227.0, -802.0
74.293516544, 534.0, -204.0, -780.0
74.312782976, 569.0, -176.0, -761.0
74.33204928, 620.0, -164.0, -746.0
74.351315712, 658.0, -167.0, -752.0
74.370582144, 661.0, -198.0, -773.0
74.389848448, 655.0, -187.0, -759.0
74.40911488, 814.0, -227.0, -719.0
74.428381312, 528.0, -99.0, -759.0
74.447647616, 473.0, -226.0, -804.0
74.466914048, 546.0, -139.0, -711.0
74.486180352, 620.0, -148.0, -721.0
74.505446784, 639.0, -192.0, -742.0
74.524713216, 682.0, -202.0, -751.0
74.54397952, 675.0, -199.0, -728.0
74.563245952, 622.0, -208.0, -720.0
74.582512384, 597.0, -209.0, -715.0
74.601778688, 609.0, -214.0, -716.0
74.62104512, 637.0, -227.0, -707.0
74.640311552, 663.0, -244.0, -721.0
74.659577856, 631.0, -257.0, -736.0
74.678844288, 607.0, -253.0, -721.0
74.69811072, 592.0, -241.0, -722.0
74.717377024, 589.0, -224.0, -709.0
74.736643456, 578.0, -209.0, -668.0
74.755909888, 560.0, -235.0, -679.0
74.775176192, 546.0, -280.0, -689.0
74.794442624, 468.0, -734.0, -859.0
74.813709056, 255.0, -664.0, -787.0
74.83297536, 708.0, -465.0, -661.0
74.852241792, 855.0, -466.0, -670.0
74.871508224, 502.0, -518.0, -654.0
74.890774528, 266.0, -530.0, -649.0
74.91004096, 405.0, -533.0, -627.0
74.929307392, 560.0, -539.0, -635.0
74.948573696, 593.0, -542.0, -635.0
74.967840128, 567.0, -541.0, -639.0
74.98710656, 532.0, -550.0, -660.0
75.006372864, 524.0, -549.0, -693.0
75.025639296, 543.0, -525.0, -706.0
75.04490569, 580.0, -501.0, -692.0
75.06417216, 603.0, -471.0, -716.0
75.083438592, 609.0, -449.0, -704.0
75.102705024, 621.0, -445.0, -696.0
75.121971456, 599.0, -487.0, -704.0
75.141238016, 552.0, -515.0, -713.0
75.160504448, 530.0, -511.0, -710.0
75.17977088, 503.0, -499.0, -682.0
75.199037312, 469.0, -483.0, -679.0
75.218303744, 464.0, -479.0, -673.0
75.237570176, 447.0, -501.0, -680.0
75.256836608, 443.0, -532.0, -675.0
75.27610304, 438.0, -526.0, -653.0
75.2953696, 409.0, -530.0, -667.0
75.314636032, 390.0, -532.0, -676.0
75.333902464, 386.0, -540.0, -698.0
75.353168896, 403.0, -539.0, -693.0
75.372435328, 407.0, -549.0, -681.0
75.39170176, 392.0, -555.0, -679.0
75.410968192, 385.0, -556.0, -689.0
75.430234752, 390.0, -567.0, -690.0
75.449501184, 399.0, -568.0, -678.0
75.468767616, 406.0, -566.0, -675.0
75.488034048, 410.0, -573.0, -685.0
75.50730048, 409.0, -584.0, -681.0
75.526566912, 406.0, -592.0, -659.0
75.545833344, 392.0, -588.0, -658.0
75.565099904, 388.0, -583.0, -671.0
75.584366336, 381.0, -588.0, -651.0
75.603632768, 376.0, -585.0, -651.0
75.6228992, 373.0, -590.0, -673.0
75.642165632, 367.0, -592.0, -677.0
75.661432064, 360.0, -580.0, -669.0
75.680698496, 357.0, -576.0, -677.0
75.699964928, 360.0, -578.0, -677.0
75.719231488, 368.0, -582.0, -705.0
75.73849792, 395.0, -585.0, -711.0
75.757764352, 409.0, -587.0, -675.0
75.777030784, 389.0, -605.0, -647.0
75.796297216, 378.0, -599.0, -660.0
75.815563648, 379.0, -570.0, -689.0
75.83483008, 372.0, -563.0, -676.0
75.85409664, 356.0, -568.0, -670.0
75.873363072, 331.0, -571.0, -668.0
75.892629504, 337.0, -561.0, -646.0
75.911895936, 346.0, -552.0, -648.0
75.931162368, 366.0, -555.0, -650.0
75.9504288, 400.0, -540.0, -654.0
75.969695232, 439.0, -533.0, -641.0
75.988961792, 470.0, -519.0, -630.0
76.008228224, 491.0, -512.0, -634.0
76.027494656, 526.0, -512.0, -636.0
76.046761088, 554.0, -514.0, -638.0
76.06602752, 596.0, -494.0, -641.0
76.085293952, 608.0, -492.0, -647.0
76.104560384, 600.0, -519.0, -617.0
76.123826816, 611.0, -521.0, -593.0
76.143093376, 638.0, -499.0, -590.0
76.162359808, 636.0, -488.0, -592.0
76.18162624, 649.0, -471.0, -606.0
76.200892672, 623.0, -453.0, -648.0
76.220159104, 616.0, -457.0, -653.0
76.239425536, 648.0, -451.0, -634.0
76.258691968, 695.0, -472.0, -625.0
76.277958528, 693.0, -473.0, -629.0
76.29722496, 617.0, -477.0, -658.0
76.316491392, 549.0, -460.0, -630.0
76.335757824, 574.0, -379.0, -629.0
76.355024256, 658.0, -258.0, -698.0
76.374290688, 575.0, -626.0, -652.0
76.39355715, 427.0, -717.0, -808.0
76.412823424, 597.0, -501.0, -753.0
76.432089728, 542.0, -511.0, -614.0
76.451356032, 441.0, -466.0, -649.0
76.470622336, 473.0, -455.0, -731.0
76.48988864, 523.0, -409.0, -761.0
76.509154944, 570.0, -383.0, -784.0
76.528421248, 598.0, -330.0, -794.0
76.547687552, 570.0, -277.0, -791.0
76.566953856, 540.0, -276.0, -767.0
76.58622016, 513.0, -245.0, -741.0
76.605486464, 461.0, -213.0, -737.0
76.624752768, 475.0, -235.0, -779.0
76.6440192, 511.0, -262.0, -773.0
76.663285504, 508.0, -265.0, -789.0
76.682551808, 536.0, -193.0, -887.0
76.701818112, 547.0, -155.0, -879.0
76.721084416, 557.0, -149.0, -853.0
76.74035072, 520.0, -157.0, -853.0
76.759617024, 486.0, -142.0, -852.0
76.778883328, 545.0, -87.0, -828.0
76.798149632, 551.0, -96.0, -858.0
76.817415936, 511.0, -100.0, -887.0
76.83668224, 486.0, -45.0, -895.0
76.855948544, 459.0, -33.0, -937.0
76.875214848, 450.0, -56.0, -938.0
76.894481152, 519.0, -36.0, -903.0
76.913747456, 554.0, -13.0, -823.0
76.93301376, 515.0, 8.0, -835.0
76.952280064, 496.0, -15.0, -857.0
76.971546368, 498.0, -54.0, -864.0
76.990812672, 524.0, -63.0, -861.0
77.010078976, 540.0, -51.0, -834.0
77.02934528, 542.0, -90.0, -803.0
77.048611584, 537.0, -129.0, -776.0
77.067877888, 586.0, -176.0, -782.0
77.087144192, 656.0, -213.0, -814.0
77.106410624, 632.0, -225.0, -821.0
77.125676928, 600.0, -182.0, -823.0
77.144943232, 588.0, -147.0, -794.0
77.164209536, 554.0, -147.0, -795.0
77.18347584, 540.0, -137.0, -803.0
77.202742144, 557.0, -117.0, -798.0
77.222008448, 549.0, -155.0, -818.0
77.241274752, 542.0, -181.0, -809.0
77.260541056, 547.0, -245.0, -810.0
77.27980736, 559.0, -264.0, -819.0
77.299073664, 575.0, -238.0, -781.0
77.318339968, 563.0, -250.0, -772.0
77.337606272, 541.0, -252.0, -759.0
77.356872576, 536.0, -288.0, -770.0
77.37613888, 532.0, -310.0, -772.0
77.395405184, 547.0, -292.0, -761.0
77.414671488, 584.0, -289.0, -753.0
77.433937792, 580.0, -278.0, -749.0
77.453204096, 573.0, -272.0, -742.0
77.4724704, 575.0, -281.0, -736.0
77.491736704, 588.0, -266.0, -749.0
77.511003008, 615.0, -217.0, -761.0
77.530269312, 616.0, -185.0, -760.0
77.549535744, 605.0, -178.0, -753.0
77.568802048, 617.0, -195.0, -760.0
77.588068352, 630.0, -186.0, -748.0
77.607334656, 645.0, -195.0, -740.0
77.62660096, 654.0, -179.0, -735.0
77.645867264, 653.0, -190.0, -737.0
77.665133568, 653.0, -188.0, -728.0
77.684399883, 623.0, -188.0, -728.0
77.703665536, 610.0, -200.0, -734.0
77.7229312, 613.0, -207.0, -744.0
77.742196992, 637.0, -210.0, -748.0
77.761462656, 635.0, -212.0, -751.0
77.780728448, 631.0, -208.0, -743.0
77.799994112, 617.0, -207.0, -746.0
77.819259904, 612.0, -206.0, -755.0
77.838525568, 601.0, -216.0, -760.0
77.857791232, 600.0, -213.0, -750.0
77.877057024, 623.0, -212.0, -745.0
77.896322688, 650.0, -197.0, -745.0
77.91558848, 645.0, -178.0, -725.0
77.934854144, 626.0, -165.0, -713.0
77.954119808, 622.0, -160.0, -709.0
77.9733856, 634.0, -163.0, -724.0
77.992651264, 639.0, -187.0, -736.0
78.011917056, 655.0, -187.0, -734.0
78.03118272, 641.0, -187.0, -732.0
78.050448512, 634.0, -193.0, -726.0
78.069714176, 620.0, -191.0, -729.0
78.08897984, 611.0, -185.0, -725.0
78.108245632, 631.0, -176.0, -735.0
78.127511296, 639.0, -182.0, -734.0
78.146777088, 639.0, -198.0, -738.0
78.166042752, 630.0, -186.0, -740.0
78.185308416, 614.0, -197.0, -755.0
78.204574208, 618.0, -201.0, -753.0
78.223839872, 651.0, -230.0, -753.0
78.243105664, 818.0, -245.0, -719.0
78.262371328, 852.0, -179.0, -737.0
78.28163712, 606.0, -252.0, -770.0
78.300902784, 438.0, -170.0, -801.0
78.320168448, 521.0, -164.0, -787.0
78.33943424, 588.0, -191.0, -749.0
78.358699904, 644.0, -194.0, -779.0
78.377965696, 613.0, -165.0, -754.0
78.39723136, 532.0, -166.0, -741.0
78.416497024, 545.0, -179.0, -729.0
78.435762816, 599.0, -207.0, -764.0
78.45502848, 610.0, -211.0, -766.0
78.474294272, 578.0, -248.0, -746.0
78.493559936, 575.0, -246.0, -754.0
78.512825728, 604.0, -257.0, -771.0
78.532091392, 622.0, -288.0, -785.0
78.551357056, 664.0, -299.0, -804.0
78.570622848, 725.0, -255.0, -826.0
78.589888512, 769.0, -198.0, -823.0
78.609154304, 751.0, -168.0, -846.0
78.628419968, 712.0, -171.0, -869.0
78.647685632, 789.0, -99.0, -887.0
78.666951424, 903.0, 74.0, -907.0
78.686217088, 917.0, 201.0, -911.0
78.70548288, 846.0, 278.0, -858.0
78.724748544, 772.0, 374.0, -811.0
78.744014336, 703.0, 450.0, -779.0
78.76328, 711.0, 536.0, -729.0
78.782545664, 663.0, 577.0, -702.0
78.801811456, 604.0, 566.0, -667.0
78.82107712, 570.0, 571.0, -575.0
78.840342912, 514.0, 582.0, -482.0
78.859608576, 501.0, 679.0, -369.0
78.87887424, 458.0, 677.0, -336.0
78.898140032, 488.0, 628.0, -258.0
78.917405696, 485.0, 618.0, -232.0
78.936671488, 458.0, 599.0, -208.0
78.955937152, 513.0, 568.0, -199.0
78.975202948, 500.0, 595.0, -208.0
78.994470272, 530.0, 621.0, -212.0
79.0137376, 560.0, 617.0, -217.0
79.033004928, 582.0, 654.0, -186.0
79.052272384, 588.0, 681.0, -198.0
79.071539712, 606.0, 717.0, -190.0
79.09080704, 626.0, 740.0, -160.0
79.110074368, 595.0, 746.0, -190.0
79.129341824, 606.0, 761.0, -226.0
79.148609152, 586.0, 783.0, -241.0
79.16787648, 591.0, 821.0, -208.0
79.187143808, 601.0, 842.0, -173.0
79.206411264, 609.0, 840.0, -234.0
79.225678592, 606.0, 854.0, -276.0
79.24494592, 603.0, 896.0, -212.0
79.264213248, 598.0, 927.0, -154.0
79.283480704, 636.0, 912.0, -141.0
79.302748032, 648.0, 840.0, -109.0
79.32201536, 630.0, 847.0, -79.0
79.341282688, 581.0, 855.0, -111.0
79.360550144, 563.0, 811.0, -226.0
79.379817472, 543.0, 805.0, -211.0
79.3990848, 529.0, 788.0, -187.0
79.418352128, 529.0, 754.0, -196.0
79.437619584, 515.0, 713.0, -249.0
79.456886912, 528.0, 714.0, -272.0
79.47615424, 550.0, 712.0, -245.0
79.495421568, 588.0, 726.0, -251.0
79.514689024, 628.0, 704.0, -257.0
79.533956352, 665.0, 715.0, -245.0
79.55322368, 677.0, 734.0, -237.0
79.572491008, 668.0, 766.0, -228.0
79.591758464, 656.0, 835.0, -239.0
79.611025792, 620.0, 880.0, -255.0
79.63029312, 592.0, 940.0, -245.0
79.649560448, 577.0, 943.0, -184.0
79.668827904, 623.0, 938.0, -116.0
79.688095232, 640.0, 871.0, -105.0
79.70736256, 630.0, 877.0, -125.0
79.726629888, 575.0, 880.0, -169.0
79.745897344, 585.0, 827.0, -191.0
79.765164672, 572.0, 818.0, -217.0
79.784432, 557.0, 791.0, -195.0
79.803699328, 566.0, 752.0, -206.0
79.822966784, 573.0, 700.0, -226.0
79.842234112, 579.0, 676.0, -226.0
79.86150144, 596.0, 671.0, -243.0
79.880768768, 604.0, 683.0, -246.0
79.900036224, 630.0, 719.0, -242.0
79.919303552, 613.0, 741.0, -256.0
79.93857088, 612.0, 754.0, -273.0
79.957838208, 596.0, 746.0, -262.0
79.977105664, 618.0, 778.0, -248.0
79.996372992, 617.0, 789.0, -236.0
80.01564032, 642.0, 779.0, -260.0
80.034907648, 638.0, 774.0, -289.0
80.054175104, 654.0, 788.0, -291.0
80.073442432, 655.0, 809.0, -305.0
80.09270976, 643.0, 841.0, -281.0
80.111977088, 666.0, 866.0, -267.0
80.131244544, 626.0, 865.0, -262.0
80.150511872, 610.0, 833.0, -241.0
80.1697792, 620.0, 773.0, -211.0
80.189046528, 597.0, 798.0, -262.0
80.208313984, 575.0, 743.0, -277.0
80.227581312, 580.0, 738.0, -280.0
80.24684864, 590.0, 724.0, -260.0
80.266115968, 597.0, 666.0, -268.0
80.28538341, 581.0, 616.0, -300.0
80.304650624, 581.0, 513.0, -324.0
80.323917824, 546.0, 534.0, -475.0
80.343184896, 636.0, 546.0, -314.0
80.362452096, 464.0, 697.0, -270.0
80.381719296, 534.0, 581.0, -285.0
80.400986368, 678.0, 536.0, -311.0
80.420253568, 675.0, 463.0, -416.0
80.43952064, 636.0, 395.0, -456.0
80.45878784, 641.0, 416.0, -491.0
80.47805504, 654.0, 422.0, -556.0
80.497322112, 713.0, 475.0, -592.0
80.516589312, 677.0, 328.0, -641.0
80.535856512, 689.0, 292.0, -644.0
80.555123584, 712.0, 275.0, -680.0
80.574390784, 686.0, 249.0, -724.0
80.593657856, 741.0, 222.0, -728.0
80.612925056, 731.0, 177.0, -789.0
80.632192256, 710.0, 117.0, -810.0
80.651459328, 713.0, 99.0, -793.0
80.670726528, 752.0, 93.0, -777.0
80.689993728, 758.0, 44.0, -748.0
80.7092608, 724.0, 37.0, -765.0
80.728528, 670.0, -15.0, -814.0
80.747795072, 672.0, -41.0, -822.0
80.767062272, 720.0, -64.0, -818.0
80.786329472, 774.0, -110.0, -725.0
80.805596544, 686.0, -120.0, -653.0
80.824863744, 611.0, -114.0, -645.0
80.844130944, 550.0, -155.0, -701.0
80.863398016, 573.0, -212.0, -760.0
80.882665216, 692.0, -323.0, -749.0
80.901932288, 707.0, -405.0, -717.0
80.921199488, 716.0, -487.0, -744.0
80.940466688, 672.0, -465.0, -794.0
80.95973376, 671.0, -445.0, -842.0
80.97900096, 606.0, -377.0, -750.0
80.99826816, 521.0, -373.0, -680.0
81.017535232, 525.0, -427.0, -683.0
81.036802432, 554.0, -483.0, -694.0
81.056069504, 537.0, -531.0, -698.0
81.075336704, 506.0, -528.0, -688.0
81.094603904, 476.0, -497.0, -666.0
81.113870976, 445.0, -501.0, -652.0
81.133138176, 436.0, -533.0, -643.0
81.152405376, 433.0, -557.0, -686.0
81.171672448, 442.0, -622.0, -686.0
81.190939648, 403.0, -644.0, -699.0
81.21020672, 353.0, -729.0, -729.0
81.22947392, 370.0, -797.0, -709.0
81.24874112, 366.0, -758.0, -687.0
81.268008192, 392.0, -698.0, -595.0
81.287275392, 436.0, -654.0, -548.0
81.306542592, 444.0, -705.0, -566.0
81.325809664, 438.0, -695.0, -575.0
81.345076864, 449.0, -693.0, -593.0
81.364343936, 448.0, -673.0, -637.0
81.383611136, 400.0, -644.0, -667.0
81.402878336, 376.0, -621.0, -666.0
81.422145408, 382.0, -610.0, -646.0
81.441412608, 406.0, -601.0, -626.0
81.460679808, 442.0, -603.0, -622.0
81.47994688, 464.0, -620.0, -601.0
81.49921408, 474.0, -627.0, -603.0
81.518481152, 464.0, -626.0, -624.0
81.537748352, 454.0, -640.0, -615.0
81.557015552, 456.0, -653.0, -586.0
81.576282603, 445.0, -660.0, -597.0
81.595550976, 455.0, -653.0, -580.0
81.614819328, 453.0, -652.0, -589.0
81.63408768, 446.0, -653.0, -588.0
81.653355904, 434.0, -656.0, -586.0
81.672624256, 446.0, -658.0, -581.0
81.691892608, 443.0, -665.0, -573.0
81.71116096, 441.0, -674.0, -582.0
81.730429184, 436.0, -672.0, -581.0
81.749697536, 432.0, -673.0, -562.0
81.768965888, 431.0, -673.0, -557.0
81.78823424, 459.0, -679.0, -561.0
81.807502464, 454.0, -699.0, -569.0
81.826770816, 442.0, -703.0, -551.0
81.846039168, 415.0, -681.0, -537.0
81.86530752, 387.0, -691.0, -557.0
81.884575744, 423.0, -711.0, -586.0
81.903844096, 447.0, -768.0, -590.0
81.923112448, 401.0, -737.0, -550.0
81.9423808, 298.0, -709.0, -549.0
81.961649024, 304.0, -708.0, -572.0
81.980917376, 408.0, -710.0, -565.0
82.000185728, 468.0, -741.0, -542.0
82.01945408, 451.0, -738.0, -510.0
82.038722304, 416.0, -717.0, -542.0
82.057990656, 422.0, -725.0, -563.0
82.077259008, 456.0, -726.0, -535.0
82.09652736, 442.0, -683.0, -522.0
82.115795584, 430.0, -683.0, -569.0
82.135063936, 432.0, -647.0, -576.0
82.154332288, 419.0, -593.0, -559.0
82.17360064, 429.0, -591.0, -585.0
82.192868864, 432.0, -565.0, -583.0
82.212137216, 425.0, -536.0, -573.0
82.231405568, 426.0, -556.0, -572.0
82.25067392, 421.0, -650.0, -582.0
82.269942144, 413.0, -670.0, -569.0
82.289210496, 408.0, -681.0, -548.0
82.308478848, 409.0, -677.0, -562.0
82.3277472, 410.0, -669.0, -578.0
82.347015552, 436.0, -674.0, -572.0
82.366283776, 443.0, -690.0, -565.0
82.385552128, 443.0, -695.0, -555.0
82.40482048, 448.0, -681.0, -542.0
82.424088832, 439.0, -684.0, -532.0
82.443357056, 440.0, -685.0, -537.0
82.462625408, 443.0, -700.0, -558.0
82.48189376, 440.0, -716.0, -564.0
82.501162112, 427.0, -719.0, -553.0
82.520430336, 421.0, -703.0, -548.0
82.539698688, 420.0, -701.0, -534.0
82.55896704, 420.0, -701.0, -534.0
82.578235392, 422.0, -722.0, -540.0
82.597503616, 431.0, -740.0, -559.0
82.616771968, 436.0, -742.0, -562.0
82.63604032, 432.0, -727.0, -551.0
82.655308672, 417.0, -718.0, -535.0
82.674576896, 410.0, -703.0, -532.0
82.693845248, 414.0, -690.0, -542.0
82.7131136, 427.0, -687.0, -552.0
82.732381952, 425.0, -685.0, -554.0
82.751650176, 432.0, -690.0, -546.0
82.770918528, 430.0, -697.0, -552.0
82.79018688, 451.0, -679.0, -552.0
82.809455232, 453.0, -709.0, -547.0
82.828723456, 446.0, -716.0, -538.0
82.847991808, 436.0, -705.0, -546.0
82.86726016, 440.0, -713.0, -566.0
82.886528512, 427.0, -695.0, -562.0
82.905796736, 426.0, -686.0, -561.0
82.925065088, 422.0, -675.0, -569.0
82.94433344, 426.0, -679.0, -563.0
82.963601792, 424.0, -677.0, -561.0
82.982870016, 427.0, -684.0, -558.0
83.002138368, 427.0, -675.0, -562.0
83.02140672, 430.0, -689.0, -572.0
83.040675072, 424.0, -686.0, -574.0
83.059943424, 411.0, -691.0, -568.0
83.079211648, 418.0, -690.0, -570.0
83.09848, 423.0, -679.0, -573.0
83.117748352, 433.0, -685.0, -570.0
83.137016704, 420.0, -684.0, -559.0
83.156284913, 417.0, -684.0, -568.0
83.175550848, 418.0, -679.0, -566.0
83.194816768, 422.0, -680.0, -566.0
83.214082688, 420.0, -675.0, -571.0
83.233348608, 421.0, -682.0, -578.0
83.252614528, 419.0, -659.0, -573.0
83.271880576, 430.0, -708.0, -576.0
83.291146496, 432.0, -701.0, -558.0
83.310412416, 431.0, -695.0, -570.0
83.329678336, 426.0, -692.0, -573.0
83.348944256, 418.0, -686.0, -574.0
83.368210176, 409.0, -682.0, -562.0
83.387476096, 409.0, -683.0, -566.0
83.406742016, 414.0, -681.0, -568.0
83.426008064, 419.0, -684.0, -566.0
83.445273984, 420.0, -684.0, -567.0
83.464539904, 421.0, -685.0, -567.0
83.483805824, 419.0, -687.0, -569.0
83.503071744, 419.0, -685.0, -565.0
83.522337664, 410.0, -684.0, -568.0
83.541603584, 422.0, -686.0, -566.0
83.560869504, 413.0, -693.0, -566.0
83.580135424, 414.0, -690.0, -579.0
83.599401472, 420.0, -688.0, -582.0
83.618667392, 415.0, -690.0, -590.0
83.637933312, 407.0, -698.0, -583.0
83.657199232, 405.0, -698.0, -580.0
83.676465152, 401.0, -699.0, -568.0
83.695731072, 401.0, -700.0, -558.0
83.714996992, 392.0, -699.0, -551.0
83.734262912, 402.0, -689.0, -540.0
83.75352896, 401.0, -686.0, -535.0
83.77279488, 405.0, -689.0, -537.0
83.7920608, 404.0, -691.0, -541.0
83.81132672, 412.0, -695.0, -551.0
83.83059264, 417.0, -693.0, -567.0
83.84985856, 412.0, -688.0, -572.0
83.86912448, 410.0, -690.0, -584.0
83.8883904, 409.0, -685.0, -591.0
83.90765632, 409.0, -693.0, -575.0
83.926922368, 403.0, -699.0, -577.0
83.946188288, 392.0, -707.0, -571.0
83.965454208, 392.0, -699.0, -571.0
83.984720128, 396.0, -693.0, -572.0
84.003986048, 397.0, -679.0, -570.0
84.023251968, 402.0, -685.0, -573.0
84.042517888, 408.0, -681.0, -572.0
84.061783808, 413.0, -687.0, -564.0
84.081049856, 415.0, -688.0, -570.0
84.100315776, 413.0, -688.0, -563.0
84.119581696, 411.0, -689.0, -553.0
84.138847616, 408.0, -687.0, -571.0
84.158113536, 412.0, -686.0, -573.0
84.177379456, 407.0, -690.0, -582.0
84.196645376, 405.0, -690.0, -580.0
84.215911296, 402.0, -693.0, -579.0
84.235177344, 408.0, -698.0, -582.0
84.254443264, 413.0, -706.0, -582.0
84.273709184, 416.0, -721.0, -576.0
84.292975104, 406.0, -722.0, -579.0
84.312241024, 396.0, -694.0, -579.0
84.331506944, 383.0, -708.0, -599.0
84.350772864, 371.0, -721.0, -591.0
84.370038784, 368.0, -728.0, -596.0
84.389304704, 352.0, -743.0, -608.0
84.408570752, 385.0, -732.0, -592.0
84.427836672, 401.0, -737.0, -623.0
84.447102592, 400.0, -746.0, -616.0
84.466368512, 391.0, -736.0, -641.0
84.485634432, 462.0, -727.0, -622.0
84.504900352, 543.0, -740.0, -636.0
84.524166272, 530.0, -730.0, -633.0
84.543432192, 480.0, -705.0, -635.0
84.56269824, 438.0, -667.0, -669.0
84.58196416, 443.0, -621.0, -748.0
84.60123008, 638.0, -613.0, -718.0
84.620496, 779.0, -527.0, -694.0
84.63976192, 711.0, -499.0, -762.0
84.659027855, 672.0, -328.0, -689.0
84.678294784, 666.0, -214.0, -677.0
84.697561728, 644.0, -148.0, -655.0
84.716828672, 646.0, -78.0, -649.0
84.736095488, 682.0, -3.0, -663.0
84.755362432, 636.0, 29.0, -704.0
84.774629376, 548.0, 31.0, -720.0
84.79389632, 541.0, -6.0, -763.0
84.813163136, 610.0, 24.0, -771.0
84.83243008, 671.0, 76.0, -749.0
84.851697024, 679.0, 126.0, -751.0
84.870963968, 650.0, 130.0, -791.0
84.890230912, 643.0, 125.0, -738.0
84.909497728, 672.0, 134.0, -697.0
84.928764672, 689.0, 187.0, -723.0
84.948031616, 689.0, 187.0, -725.0
84.96729856, 721.0, 152.0, -715.0
84.986565504, 719.0, 134.0, -712.0
85.00583232, 700.0, 110.0, -693.0
85.025099264, 680.0, 90.0, -674.0
85.044366208, 684.0, 57.0, -655.0
85.063633152, 662.0, 17.0, -646.0
85.082899968, 684.0, 1.0, -618.0
85.102166912, 675.0, -20.0, -599.0
85.121433856, 715.0, 8.0, -603.0
85.1407008, 679.0, 35.0, -638.0
85.159967744, 706.0, 70.0, -621.0
85.17923456, 736.0, 115.0, -626.0
85.198501504, 697.0, 160.0, -622.0
85.217768448, 705.0, 201.0, -612.0
85.237035392, 760.0, 238.0, -625.0
85.256302208, 823.0, 282.0, -626.0
85.275569152, 722.0, 259.0, -592.0
85.294836096, 706.0, 276.0, -571.0
85.31410304, 759.0, 327.0, -605.0
85.333369984, 766.0, 343.0, -638.0
85.3526368, 761.0, 352.0, -623.0
85.371903744, 784.0, 383.0, -636.0
85.391170688, 770.0, 402.0, -687.0
85.410437632, 773.0, 405.0, -674.0
85.429704448, 768.0, 362.0, -638.0
85.448971392, 734.0, 323.0, -624.0
85.468238336, 744.0, 294.0, -579.0
85.48750528, 745.0, 264.0, -568.0
85.506772224, 714.0, 214.0, -556.0
85.52603904, 707.0, 161.0, -549.0
85.545305984, 737.0, 148.0, -572.0
85.564572928, 746.0, 145.0, -610.0
85.583839872, 708.0, 159.0, -632.0
85.603106816, 777.0, 229.0, -631.0
85.622373632, 762.0, 285.0, -647.0
85.641640576, 723.0, 293.0, -624.0
85.66090752, 728.0, 324.0, -583.0
85.680174464, 732.0, 345.0, -604.0
85.69944128, 733.0, 375.0, -620.0
85.718708224, 752.0, 369.0, -653.0
85.737975168, 746.0, 382.0, -680.0
85.757242112, 745.0, 373.0, -664.0
85.776509056, 747.0, 331.0, -623.0
85.795775872, 746.0, 310.0, -621.0
85.815042816, 713.0, 292.0, -591.0
85.83430976, 739.0, 276.0, -593.0
85.853576704, 705.0, 212.0, -614.0
85.87284352, 705.0, 197.0, -594.0
85.892110464, 720.0, 197.0, -609.0
85.911377408, 707.0, 192.0, -599.0
85.930644352, 712.0, 234.0, -609.0
85.949911296, 718.0, 260.0, -631.0
85.969178112, 729.0, 293.0, -629.0
85.988445056, 733.0, 298.0, -630.0
86.007712, 714.0, 319.0, -607.0
86.026978896, 717.0, 328.0, -614.0
86.046246784, 731.0, 322.0, -630.0
86.065514624, 749.0, 331.0, -649.0
86.084782464, 757.0, 345.0, -667.0
86.104050304, 742.0, 355.0, -687.0
86.123318144, 758.0, 350.0, -670.0
86.142585984, 756.0, 344.0, -637.0
86.161853824, 726.0, 339.0, -634.0
86.181121664, 723.0, 326.0, -616.0
86.200389504, 724.0, 309.0, -624.0
86.219657344, 738.0, 294.0, -615.0
86.238925184, 720.0, 276.0, -614.0
86.258193024, 690.0, 275.0, -611.0
86.277460864, 703.0, 259.0, -613.0
86.296728704, 709.0, 230.0, -617.0
86.315996544, 704.0, 227.0, -612.0
86.335264384, 720.0, 235.0, -626.0
86.354532224, 734.0, 250.0, -631.0
86.373800064, 714.0, 260.0, -621.0
86.393067904, 747.0, 280.0, -623.0
86.412335744, 732.0, 300.0, -623.0
86.431603584, 719.0, 320.0, -613.0
86.450871424, 740.0, 332.0, -634.0
86.470139264, 735.0, 333.0, -641.0
86.489407104, 731.0, 320.0, -648.0
86.508674944, 727.0, 324.0, -662.0
86.527942784, 726.0, 323.0, -666.0
86.547210624, 732.0, 315.0, -649.0
86.566478464, 727.0, 309.0, -643.0
86.585746304, 714.0, 302.0, -628.0
86.605014144, 734.0, 302.0, -619.0
86.624281984, 728.0, 304.0, -619.0
86.643549824, 714.0, 313.0, -640.0
86.662817664, 728.0, 315.0, -633.0
86.682085504, 731.0, 304.0, -618.0
86.701353344, 735.0, 281.0, -617.0
86.720621184, 725.0, 281.0, -602.0
86.739889024, 731.0, 269.0, -598.0
86.759156864, 734.0, 280.0, -612.0
86.778424704, 743.0, 290.0, -609.0
86.797692544, 738.0, 289.0, -620.0
86.816960384, 744.0, 325.0, -620.0
86.836228224, 728.0, 347.0, -625.0
86.855496064, 727.0, 364.0, -605.0
86.874763904, 731.0, 361.0, -584.0
86.894031744, 730.0, 366.0, -590.0
86.913299584, 733.0, 361.0, -589.0
86.932567424, 739.0, 370.0, -566.0
86.951835264, 745.0, 370.0, -571.0
86.971103104, 739.0, 383.0, -564.0
86.990370944, 747.0, 397.0, -564.0
87.009638784, 740.0, 384.0, -554.0
87.028906624, 732.0, 385.0, -540.0
87.048174464, 728.0, 365.0, -547.0
87.067442304, 732.0, 396.0, -557.0
87.086710144, 737.0, 380.0, -566.0
87.105977984, 742.0, 341.0, -556.0
87.125245824, 748.0, 358.0, -556.0
87.144513664, 735.0, 370.0, -559.0
87.163781504, 746.0, 354.0, -558.0
87.183049344, 743.0, 347.0, -551.0
87.202317184, 737.0, 329.0, -552.0
87.221585024, 744.0, 346.0, -566.0
87.240852864, 754.0, 362.0, -577.0
87.260120704, 767.0, 360.0, -581.0
87.279388544, 768.0, 352.0, -590.0
87.298656384, 770.0, 366.0, -595.0
87.317924224, 784.0, 410.0, -591.0
87.337192064, 767.0, 409.0, -554.0
87.356459904, 778.0, 409.0, -532.0
87.375727744, 757.0, 399.0, -524.0
87.394995545, 747.0, 389.0, -531.0
87.414262912, 746.0, 376.0, -532.0
87.43353024, 753.0, 366.0, -541.0
87.452797696, 741.0, 355.0, -548.0
87.472065024, 748.0, 338.0, -553.0
87.491332352, 738.0, 332.0, -559.0
87.51059968, 724.0, 307.0, -565.0
87.529867136, 743.0, 310.0, -569.0
87.549134464, 742.0, 298.0, -585.0
87.568401792, 744.0, 286.0, -590.0
87.58766912, 754.0, 290.0, -585.0
87.606936576, 752.0, 302.0, -589.0
87.626203904, 764.0, 315.0, -589.0
87.645471232, 749.0, 311.0, -583.0
87.66473856, 764.0, 327.0, -575.0
87.684006016, 759.0, 337.0, -573.0
87.703273344, 754.0, 336.0, -577.0
87.722540672, 755.0, 330.0, -580.0
87.741808, 764.0, 341.0, -586.0
87.761075456, 759.0, 329.0, -589.0
87.780342784, 763.0, 317.0, -596.0
87.799610112, 767.0, 311.0, -596.0
87.81887744, 773.0, 305.0, -594.0
87.838144896, 778.0, 297.0, -585.0
87.857412224, 777.0, 308.0, -590.0
87.876679552, 763.0, 304.0, -590.0
87.89594688, 768.0, 303.0, -590.0
87.915214336, 768.0, 296.0, -592.0
87.934481664, 763.0, 298.0, -592.0
87.953748992, 742.0, 289.0, -585.0
87.97301632, 736.0, 289.0, -581.0
87.992283776, 735.0, 304.0, -575.0
88.011551104, 733.0, 330.0, -579.0
88.030818432, 726.0, 334.0, -577.0
88.05008576, 742.0, 324.0, -590.0
88.069353216, 747.0, 315.0, -593.0
88.088620544, 757.0, 307.0, -590.0
88.107887872, 759.0, 302.0, -591.0
88.1271552, 767.0, 304.0, -583.0
88.146422656, 775.0, 304.0, -575.0
88.165689984, 771.0, 300.0, -574.0
88.184957312, 769.0, 299.0, -581.0
88.20422464, 760.0, 310.0, -578.0
88.223492096, 759.0, 320.0, -572.0
88.242759424, 751.0, 331.0, -570.0
88.262026752, 741.0, 331.0, -569.0
88.281294208, 735.0, 335.0, -571.0
88.300561536, 734.0, 330.0, -580.0
88.319828864, 744.0, 316.0, -591.0
88.339096192, 741.0, 315.0, -596.0
88.358363648, 746.0, 310.0, -604.0
88.377630976, 743.0, 301.0, -601.0
88.396898304, 755.0, 308.0, -594.0
88.416165632, 761.0, 302.0, -581.0
88.435433088, 756.0, 296.0, -577.0
88.454700416, 757.0, 298.0, -580.0
88.473967744, 754.0, 305.0, -580.0
88.493235072, 756.0, 303.0, -590.0
88.512502528, 761.0, 302.0, -592.0
88.531769856, 766.0, 309.0, -600.0
88.551037184, 771.0, 309.0, -597.0
88.570304512, 780.0, 319.0, -605.0
88.589571968, 776.0, 321.0, -600.0
88.608839296, 767.0, 319.0, -590.0
88.628106624, 764.0, 318.0, -582.0
88.647373952, 756.0, 323.0, -577.0
88.666641408, 739.0, 333.0, -566.0
88.685908736, 739.0, 349.0, -558.0
88.705176064, 729.0, 343.0, -560.0
88.724443392, 735.0, 352.0, -561.0
88.743710848, 730.0, 343.0, -569.0
88.762978176, 739.0, 333.0, -580.0
88.782245504, 743.0, 324.0, -583.0
88.801512832, 742.0, 317.0, -594.0
88.820780288, 743.0, 306.0, -604.0
88.840047616, 743.0, 302.0, -611.0
88.859314944, 751.0, 288.0, -608.0
88.878582272, 751.0, 283.0, -601.0
88.897849728, 753.0, 290.0, -589.0
88.917117056, 749.0, 303.0, -584.0
88.936384384, 733.0, 302.0, -571.0
88.955651712, 734.0, 317.0, -577.0
88.974919168, 735.0, 348.0, -574.0
88.994186496, 726.0, 352.0, -573.0
89.013453824, 720.0, 357.0, -575.0
89.032721152, 728.0, 360.0, -581.0
89.051988608, 740.0, 355.0, -590.0
89.071255936, 739.0, 343.0, -593.0
89.090523264, 750.0, 326.0, -602.0
89.10979072, 752.0, 317.0, -606.0
89.129058048, 750.0, 305.0, -607.0
89.148325376, 749.0, 312.0, -605.0
89.167592704, 746.0, 318.0, -608.0
89.18686016, 748.0, 326.0, -612.0
89.206127455, 741.0, 331.0, -608.0
89.22539392, 733.0, 329.0, -607.0
89.244660352, 737.0, 345.0, -604.0
89.263926912, 730.0, 339.0, -608.0
89.283193344, 728.0, 334.0, -608.0
89.302459904, 737.0, 329.0, -610.0
89.321726336, 734.0, 328.0, -606.0
89.340992768, 733.0, 326.0, -596.0
89.360259328, 734.0, 332.0, -596.0
89.37952576, 723.0, 330.0, -591.0
89.39879232, 719.0, 312.0, -593.0
89.418058752, 714.0, 287.0, -595.0
89.437325184, 706.0, 263.0, -599.0
89.456591744, 698.0, 237.0, -597.0
89.475858176, 690.0, 214.0, -601.0
89.495124736, 691.0, 230.0, -604.0
89.514391168, 685.0, 229.0, -596.0
89.5336576, 693.0, 245.0, -587.0
89.55292416, 685.0, 269.0, -585.0
89.572190592, 658.0, 275.0, -568.0
89.591457152, 677.0, 302.0, -575.0
89.610723584, 674.0, 296.0, -580.0
89.629990016, 680.0, 302.0, -575.0
89.649256576, 687.0, 285.0, -585.0
89.668523008, 697.0, 272.0, -597.0
89.687789568, 721.0, 275.0, -612.0
89.707056, 739.0, 233.0, -644.0
89.726322432, 705.0, 204.0, -677.0
89.745588992, 802.0, 162.0, -690.0
89.764855424, 778.0, 132.0, -695.0
89.784121984, 756.0, 65.0, -717.0
89.803388416, 764.0, 30.0, -705.0
89.822654848, 775.0, 35.0, -714.0
89.841921408, 811.0, 1.0, -745.0
89.86118784, 748.0, -71.0, -761.0
89.8804544, 722.0, -110.0, -763.0
89.899720832, 750.0, -126.0, -745.0
89.918987264, 778.0, -118.0, -717.0
89.938253824, 804.0, -93.0, -673.0
89.957520256, 763.0, -115.0, -660.0
89.976786816, 703.0, -161.0, -681.0
89.996053248, 666.0, -185.0, -672.0
90.01531968, 715.0, -163.0, -635.0
90.03458624, 776.0, -178.0, -625.0
90.053852672, 733.0, -212.0, -656.0
90.073119104, 668.0, -287.0, -638.0
90.092385664, 674.0, -297.0, -632.0
90.111652096, 648.0, -286.0, -623.0
90.130918656, 615.0, -278.0, -593.0
90.150185088, 568.0, -264.0, -587.0
90.16945152, 528.0, -276.0, -568.0
90.18871808, 512.0, -376.0, -551.0
90.207984512, 705.0, -1164.0, -1086.0
90.227251072, 691.0, -677.0, -837.0
90.246517504, 781.0, -288.0, -448.0
90.265783936, 587.0, -435.0, -548.0
90.285050496, 622.0, -482.0, -935.0
90.304316928, 673.0, -102.0, -740.0
90.323583488, 631.0, -127.0, -698.0
90.34284992, 652.0, -181.0, -781.0
90.362116352, 637.0, -150.0, -754.0
90.381382912, 635.0, -211.0, -754.0
90.400649344, 614.0, -239.0, -751.0
90.419915904, 603.0, -234.0, -750.0
90.439182336, 613.0, -219.0, -755.0
90.458448842, 610.0, -201.0, -762.0
90.477717376, 602.0, -184.0, -774.0
90.496985856, 572.0, -174.0, -780.0
90.516254336, 555.0, -181.0, -788.0
90.535522816, 550.0, -180.0, -792.0
90.554791424, 555.0, -165.0, -798.0
90.574059904, 551.0, -153.0, -795.0
90.593328384, 584.0, -149.0, -793.0
90.612596864, 582.0, -135.0, -799.0
90.631865344, 584.0, -136.0, -777.0
90.651133824, 600.0, -136.0, -791.0
90.670402304, 600.0, -135.0, -816.0
90.689670912, 611.0, -121.0, -789.0
90.708939392, 602.0, -121.0, -811.0
90.728207872, 544.0, -118.0, -827.0
90.747476352, 511.0, -108.0, -810.0
90.766744832, 517.0, -104.0, -820.0
90.786013312, 534.0, -101.0, -816.0
90.805281792, 548.0, -98.0, -825.0
90.824550272, 538.0, -102.0, -815.0
90.84381888, 550.0, -99.0, -807.0
90.86308736, 569.0, -99.0, -798.0
90.88235584, 590.0, -97.0, -796.0
90.90162432, 603.0, -94.0, -787.0
90.9208928, 600.0, -81.0, -783.0
90.94016128, 616.0, -78.0, -780.0
90.95942976, 620.0, -69.0, -775.0
90.978698368, 620.0, -64.0, -775.0
90.997966848, 611.0, -66.0, -785.0
91.017235328, 606.0, -71.0, -782.0
91.036503808, 609.0, -80.0, -776.0
91.055772288, 614.0, -83.0, -781.0
91.075040768, 618.0, -85.0, -781.0
91.094309248, 616.0, -80.0, -780.0
91.113577856, 615.0, -71.0, -780.0
91.132846336, 610.0, -75.0, -782.0
91.152114816, 605.0, -72.0, -793.0
91.171383296, 591.0, -70.0, -798.0
91.190651776, 579.0, -83.0, -793.0
91.209920256, 591.0, -76.0, -792.0
91.229188736, 592.0, -83.0, -795.0
91.248457216, 587.0, -82.0, -797.0
91.267725824, 578.0, -79.0, -798.0
91.286994304, 577.0, -85.0, -806.0
91.306262784, 565.0, -80.0, -800.0
91.325531264, 575.0, -83.0, -796.0
91.344799744, 584.0, -80.0, -802.0
91.364068224, 575.0, -83.0, -799.0
91.383336704, 569.0, -84.0, -800.0
91.402605312, 567.0, -78.0, -807.0
91.421873792, 572.0, -76.0, -804.0
91.441142272, 574.0, -80.0, -811.0
91.460410752, 574.0, -79.0, -808.0
91.479679232, 565.0, -81.0, -810.0
91.498947712, 565.0, -88.0, -807.0
91.518216192, 568.0, -88.0, -810.0
91.5374848, 569.0, -89.0, -810.0
91.55675328, 568.0, -89.0, -810.0
91.57602176, 565.0, -87.0, -810.0
91.59529024, 558.0, -86.0, -813.0
91.61455872, 562.0, -94.0, -810.0
91.6338272, 562.0, -93.0, -811.0
91.65309568, 565.0, -95.0, -811.0
91.67236416, 558.0, -86.0, -812.0
91.691632768, 555.0, -97.0, -812.0
91.710901248, 549.0, -93.0, -817.0
91.730169728, 552.0, -92.0, -817.0
91.749438208, 554.0, -94.0, -815.0
91.768706688, 554.0, -96.0, -814.0
91.787975168, 556.0, -94.0, -812.0
91.807243648, 562.0, -94.0, -816.0
91.826512256, 556.0, -97.0, -819.0
91.845780736, 556.0, -96.0, -809.0
91.865049216, 562.0, -94.0, -816.0
91.884317696, 562.0, -93.0, -814.0
91.903586176, 560.0, -92.0, -816.0
91.922854656, 563.0, -85.0, -809.0
91.942123136, 562.0, -94.0, -810.0
91.961391744, 568.0, -93.0, -811.0
91.980660224, 567.0, -90.0, -809.0
91.999928704, 568.0, -92.0, -806.0
92.019197184, 560.0, -96.0, -813.0
92.038465664, 565.0, -96.0, -812.0
92.057734144, 559.0, -93.0, -809.0
92.077002624, 563.0, -88.0, -807.0
92.096271104, 563.0, -97.0, -810.0
92.115539626, 560.0, -93.0, -815.0
92.134807168, 555.0, -95.0, -815.0
92.154074752, 559.0, -90.0, -812.0
92.173342336, 561.0, -87.0, -812.0
92.19260992, 556.0, -99.0, -816.0
92.211877504, 555.0, -88.0, -811.0
92.231145088, 558.0, -97.0, -814.0
92.250412672, 565.0, -91.0, -811.0
92.269680128, 562.0, -85.0, -811.0
92.288947712, 558.0, -89.0, -815.0
92.308215296, 553.0, -78.0, -813.0
92.32748288, 558.0, -75.0, -815.0
92.346750464, 560.0, -70.0, -816.0
92.366018048, 531.0, -70.0, -820.0
92.385285632, 529.0, -91.0, -817.0
92.404553216, 546.0, -121.0, -823.0
92.4238208, 543.0, -139.0, -806.0
92.443088384, 562.0, -165.0, -789.0
92.462355968, 587.0, -166.0, -795.0
92.481623552, 600.0, -145.0, -786.0
92.500891136, 598.0, -112.0, -779.0
92.52015872, 599.0, -99.0, -783.0
92.539426176, 590.0, -95.0, -785.0
92.55869376, 583.0, -107.0, -773.0
92.577961344, 611.0, -108.0, -762.0
92.597228928, 624.0, -100.0, -768.0
92.616496512, 639.0, -101.0, -748.0
92.635764096, 663.0, -92.0, -741.0
92.65503168, 673.0, -88.0, -737.0
92.674299264, 676.0, -85.0, -730.0
92.693566848, 687.0, -87.0, -728.0
92.712834432, 679.0, -91.0, -732.0
92.732102016, 680.0, -85.0, -715.0
92.7513696, 698.0, -88.0, -719.0
92.770637184, 697.0, -89.0, -724.0
92.789904768, 676.0, -99.0, -723.0
92.809172224, 673.0, -101.0, -734.0
92.828439808, 660.0, -100.0, -733.0
92.847707392, 667.0, -89.0, -724.0
92.866974976, 679.0, -91.0, -729.0
92.88624256, 673.0, -86.0, -728.0
92.905510144, 671.0, -96.0, -731.0
92.924777728, 660.0, -87.0, -738.0
92.944045312, 657.0, -97.0, -751.0
92.963312896, 641.0, -90.0, -746.0
92.98258048, 649.0, -92.0, -760.0
93.001848064, 637.0, -95.0, -756.0
93.021115648, 626.0, -97.0, -753.0
93.040383232, 626.0, -106.0, -767.0
93.059650816, 609.0, -108.0, -780.0
93.078918272, 600.0, -89.0, -778.0
93.098185856, 599.0, -97.0, -788.0
93.11745344, 587.0, -103.0, -795.0
93.136721024, 570.0, -102.0, -800.0
93.155988608, 545.0, -100.0, -805.0
93.175256192, 555.0, -97.0, -800.0
93.194523776, 569.0, -107.0, -803.0
93.21379136, 577.0, -107.0, -796.0
93.233058944, 572.0, -109.0, -799.0
93.252326528, 555.0, -100.0, -805.0
93.271594112, 553.0, -95.0, -809.0
93.290861696, 566.0, -85.0, -806.0
93.31012928, 564.0, -109.0, -801.0
93.329396864, 575.0, -121.0, -799.0
93.34866432, 571.0, -125.0, -798.0
93.367931904, 560.0, -127.0, -805.0
93.387199488, 567.0, -118.0, -803.0
93.406467072, 572.0, -100.0, -790.0
93.425734656, 585.0, -91.0, -799.0
93.44500224, 591.0, -110.0, -794.0
93.464269824, 581.0, -124.0, -790.0
93.483537408, 597.0, -123.0, -792.0
93.502804992, 579.0, -112.0, -802.0
93.522072576, 560.0, -108.0, -803.0
93.54134016, 560.0, -106.0, -800.0
93.560607744, 574.0, -99.0, -796.0
93.579875328, 585.0, -99.0, -791.0
93.599142912, 601.0, -95.0, -780.0
93.618410368, 627.0, -95.0, -767.0
93.637677952, 621.0, -106.0, -774.0
93.656945536, 614.0, -120.0, -763.0
93.67621312, 635.0, -100.0, -763.0
93.695480704, 651.0, -84.0, -757.0
93.714748288, 642.0, -89.0, -763.0
93.734015872, 626.0, -84.0, -764.0
93.753283456, 611.0, -91.0, -777.0
93.772551056, 605.0, -95.0, -785.0
93.791819264, 599.0, -95.0, -786.0
93.811087488, 595.0, -88.0, -789.0
93.830355584, 601.0, -85.0, -786.0
93.849623808, 595.0, -80.0, -788.0
93.868891904, 603.0, -81.0, -788.0
93.888160128, 602.0, -84.0, -789.0
93.907428224, 607.0, -92.0, -788.0
93.926696448, 592.0, -96.0, -799.0
93.945964544, 570.0, -93.0, -802.0
93.965232768, 549.0, -83.0, -815.0
93.984500864, 549.0, -97.0, -824.0
94.003769088, 525.0, -93.0, -826.0
94.023037184, 518.0, -90.0, -823.0
94.042305408, 547.0, -90.0, -802.0
94.061573504, 556.0, -93.0, -827.0
94.080841728, 543.0, -91.0, -816.0
94.100109824, 556.0, -99.0, -809.0
94.119378048, 560.0, -94.0, -814.0
94.138646144, 554.0, -83.0, -811.0
94.157914368, 545.0, -101.0, -820.0
94.177182592, 543.0, -118.0, -818.0
94.196450688, 550.0, -122.0, -811.0
94.215718912, 560.0, -115.0, -814.0
94.234987008, 562.0, -102.0, -807.0
94.254255232, 556.0, -117.0, -813.0
94.273523328, 554.0, -108.0, -811.0
94.292791552, 560.0, -106.0, -814.0
94.312059648, 562.0, -109.0, -811.0
94.331327872, 559.0, -111.0, -813.0
94.350595968, 548.0, -119.0, -820.0
94.369864192, 544.0, -115.0, -813.0
94.389132288, 555.0, -109.0, -814.0
94.408400512, 563.0, -108.0, -805.0
94.427668608, 568.0, -119.0, -799.0
94.446936832, 581.0, -117.0, -804.0
94.466204928, 591.0, -114.0, -796.0
94.485473152, 595.0, -111.0, -795.0
94.504741376, 585.0, -115.0, -802.0
94.524009472, 564.0, -106.0, -804.0
94.543277696, 564.0, -111.0, -806.0
94.562545792, 565.0, -114.0, -803.0
94.581814016, 567.0, -115.0, -807.0
94.601082112, 565.0, -110.0, -804.0
94.620350336, 551.0, -107.0, -806.0
94.639618432, 555.0, -108.0, -812.0
94.658886656, 560.0, -109.0, -812.0
94.678154752, 552.0, -104.0, -812.0
94.697422976, 554.0, -97.0, -809.0
94.716691072, 562.0, -103.0, -815.0
94.735959296, 558.0, -104.0, -809.0
94.755227392, 563.0, -103.0, -813.0
94.774495616, 561.0, -106.0, -817.0
94.793763712, 558.0, -101.0, -813.0
94.813031936, 554.0, -110.0, -821.0
94.832300032, 555.0, -107.0, -817.0
94.851568256, 543.0, -110.0, -821.0
94.87083648, 539.0, -116.0, -822.0
94.890104576, 554.0, -121.0, -815.0
94.9093728, 561.0, -111.0, -810.0
94.928640896, 553.0, -109.0, -816.0
94.94790912, 532.0, -104.0, -825.0
94.967177216, 510.0, -108.0, -828.0
94.98644544, 511.0, -112.0, -832.0
95.005713536, 524.0, -115.0, -832.0
95.02498176, 527.0, -115.0, -828.0
95.044249856, 527.0, -113.0, -831.0
95.06351808, 529.0, -104.0, -831.0
95.082786176, 534.0, -109.0, -828.0
95.1020544, 553.0, -107.0, -826.0
95.121322496, 564.0, -94.0, -816.0
95.14059072, 569.0, -94.0, -817.0
95.159858816, 569.0, -97.0, -823.0
95.17912704, 565.0, -105.0, -827.0
95.198395264, 551.0, -107.0, -830.0
95.21766336, 533.0, -119.0, -837.0
95.236931584, 507.0, -122.0, -846.0
95.25619968, 475.0, -129.0, -850.0
95.275467904, 448.0, -120.0, -861.0
95.294736, 433.0, -122.0, -868.0
95.314004224, 435.0, -121.0, -868.0
95.33327232, 459.0, -124.0, -863.0
95.352540544, 484.0, -119.0, -848.0
95.37180864, 514.0, -122.0, -846.0
95.391076864, 520.0, -109.0, -842.0
95.41034496, 514.0, -102.0, -846.0
95.429613184, 504.0, -110.0, -842.0
95.44888128, 489.0, -116.0, -854.0
95.468149446, 481.0, -117.0, -852.0
95.48741568, 489.0, -109.0, -861.0
95.506681856, 495.0, -113.0, -853.0
95.52594816, 502.0, -111.0, -851.0
95.545214336, 506.0, -109.0, -848.0
95.56448064, 503.0, -108.0, -853.0
95.583746816, 491.0, -97.0, -850.0
95.60301312, 505.0, -103.0, -844.0
95.622279296, 523.0, -105.0, -849.0
95.6415456, 502.0, -100.0, -859.0
95.660811776, 505.0, -114.0, -835.0
95.68007808, 511.0, -128.0, -863.0
95.699344256, 495.0, -147.0, -845.0
95.71861056, 614.0, -123.0, -830.0
95.737876736, 657.0, -167.0, -823.0
95.757142912, 518.0, -148.0, -837.0
95.776409216, 378.0, -169.0, -885.0
95.795675392, 604.0, -27.0, -914.0
95.814941696, 638.0, -181.0, -989.0
95.834207872, 573.0, -297.0, -998.0
95.853474176, 490.0, -288.0, -930.0
95.872740352, 352.0, -190.0, -899.0
95.892006656, 516.0, -249.0, -912.0
95.911272832, 1103.0, 15.0, -900.0
95.930539136, 1034.0, 12.0, -928.0
95.949805312, 517.0, 114.0, -665.0
95.969071616, 261.0, 228.0, -624.0
95.988337792, 389.0, 324.0, -581.0
96.007604096, 502.0, 355.0, -560.0
96.026870272, 599.0, 381.0, -536.0
96.046136448, 685.0, 413.0, -552.0
96.065402752, 645.0, 460.0, -545.0
96.084668928, 597.0, 545.0, -481.0
96.103935232, 606.0, 575.0, -474.0
96.123201408, 582.0, 586.0, -476.0
96.142467712, 661.0, 545.0, -458.0
96.161733888, 666.0, 560.0, -476.0
96.181000192, 652.0, 570.0, -471.0
96.200266368, 616.0, 512.0, -482.0
96.219532672, 617.0, 490.0, -535.0
96.238798848, 642.0, 489.0, -586.0
96.258065152, 689.0, 481.0, -646.0
96.277331328, 680.0, 451.0, -685.0
96.296597504, 621.0, 419.0, -724.0
96.315863808, 647.0, 434.0, -727.0
96.335129984, 637.0, 487.0, -677.0
96.354396288, 654.0, 536.0, -627.0
96.373662464, 610.0, 467.0, -586.0
96.392928768, 665.0, 474.0, -573.0
96.412194944, 692.0, 448.0, -579.0
96.431461248, 738.0, 431.0, -578.0
96.450727424, 727.0, 406.0, -583.0
96.469993728, 694.0, 463.0, -573.0
96.489259904, 651.0, 468.0, -548.0
96.508526208, 642.0, 449.0, -527.0
96.527792389, 654.0, 450.0, -585.0
96.547059456, 669.0, 431.0, -643.0
96.566326528, 663.0, 429.0, -660.0
96.5855936, 650.0, 439.0, -697.0
96.6048608, 630.0, 433.0, -686.0
96.624127872, 609.0, 429.0, -696.0
96.643394944, 627.0, 438.0, -655.0
96.662662016, 648.0, 454.0, -625.0
96.681929216, 604.0, 442.0, -629.0
96.701196288, 620.0, 445.0, -629.0
96.72046336, 662.0, 436.0, -637.0
96.739730432, 663.0, 416.0, -646.0
96.758997632, 658.0, 395.0, -637.0
96.778264704, 669.0, 413.0, -636.0
96.797531776, 691.0, 416.0, -642.0
96.816798848, 675.0, 410.0, -640.0
96.836066048, 694.0, 435.0, -632.0
96.85533312, 702.0, 446.0, -610.0
96.874600192, 682.0, 448.0, -592.0
96.893867264, 687.0, 437.0, -577.0
96.913134464, 712.0, 436.0, -579.0
96.932401536, 720.0, 433.0, -590.0
96.951668608, 700.0, 440.0, -583.0
96.97093568, 695.0, 456.0, -588.0
96.99020288, 670.0, 455.0, -588.0
97.009469952, 671.0, 460.0, -583.0
97.028737024, 664.0, 469.0, -583.0
97.048004096, 667.0, 462.0, -592.0
97.067271296, 669.0, 440.0, -596.0
97.086538368, 675.0, 446.0, -593.0
97.10580544, 678.0, 439.0, -598.0
97.125072512, 679.0, 444.0, -596.0
97.144339712, 677.0, 451.0, -598.0
97.163606784, 675.0, 451.0, -597.0
97.182873856, 675.0, 450.0, -602.0
97.202140928, 675.0, 444.0, -608.0
97.221408128, 668.0, 445.0, -604.0
97.2406752, 680.0, 452.0, -603.0
97.259942272, 682.0, 437.0, -602.0
97.279209344, 685.0, 441.0, -600.0
97.298476544, 684.0, 442.0, -595.0
97.317743616, 687.0, 445.0, -600.0
97.337010688, 691.0, 443.0, -598.0
97.35627776, 679.0, 441.0, -596.0
97.37554496, 683.0, 436.0, -597.0
97.394812032, 687.0, 446.0, -602.0
97.414079104, 687.0, 436.0, -604.0
97.433346176, 686.0, 426.0, -602.0
97.452613248, 688.0, 434.0, -605.0
97.471880448, 683.0, 441.0, -601.0
97.49114752, 687.0, 440.0, -601.0
97.510414592, 678.0, 432.0, -598.0
97.529681664, 686.0, 439.0, -597.0
97.548948864, 687.0, 436.0, -596.0
97.568215936, 685.0, 438.0, -600.0
97.587483008, 684.0, 440.0, -601.0
97.60675008, 683.0, 438.0, -602.0
97.62601728, 680.0, 433.0, -596.0
97.645284352, 692.0, 441.0, -598.0
97.664551424, 688.0, 436.0, -599.0
97.683818496, 688.0, 438.0, -595.0
97.703085696, 689.0, 435.0, -595.0
97.722352768, 683.0, 439.0, -603.0
97.74161984, 690.0, 433.0, -602.0
97.760886912, 682.0, 435.0, -603.0
97.780154112, 694.0, 439.0, -605.0
97.799421184, 690.0, 435.0, -601.0
97.818688256, 685.0, 430.0, -600.0
97.837955328, 688.0, 433.0, -600.0
97.857222528, 684.0, 443.0, -601.0
97.8764896, 683.0, 439.0, -596.0
97.895756672, 685.0, 444.0, -600.0
97.915023744, 684.0, 434.0, -592.0
97.934290944, 682.0, 437.0, -594.0
97.953558016, 679.0, 439.0, -597.0
97.972825088, 683.0, 440.0, -604.0
97.99209216, 673.0, 438.0, -602.0
98.01135936, 680.0, 445.0, -596.0
98.030626432, 681.0, 444.0, -599.0
98.049893504, 689.0, 438.0, -601.0
98.069160576, 689.0, 431.0, -600.0
98.088427776, 691.0, 436.0, -603.0
98.107694848, 689.0, 438.0, -603.0
98.12696192, 691.0, 438.0, -602.0
98.146229067, 692.0, 443.0, -595.0
98.165496192, 690.0, 439.0, -595.0
98.184763264, 689.0, 439.0, -593.0
98.204030464, 687.0, 439.0, -598.0
98.223297536, 688.0, 435.0, -603.0
98.242564608, 674.0, 435.0, -604.0
98.261831808, 681.0, 435.0, -604.0
98.28109888, 679.0, 439.0, -602.0
98.300365952, 680.0, 442.0, -595.0
98.319633152, 677.0, 439.0, -597.0
98.338900224, 677.0, 435.0, -603.0
98.358167296, 676.0, 440.0, -601.0
98.377434496, 680.0, 441.0, -600.0
98.396701568, 682.0, 440.0, -602.0
98.415968768, 685.0, 440.0, -600.0
98.43523584, 674.0, 441.0, -605.0
98.454502912, 678.0, 440.0, -603.0
98.473770112, 681.0, 434.0, -607.0
98.493037184, 678.0, 432.0, -605.0
98.512304256, 685.0, 430.0, -601.0
98.531571456, 680.0, 436.0, -603.0
98.550838528, 686.0, 443.0, -605.0
98.5701056, 671.0, 442.0, -608.0
98.5893728, 678.0, 445.0, -605.0
98.608639872, 678.0, 446.0, -603.0
98.627906944, 682.0, 443.0, -607.0
98.647174144, 670.0, 434.0, -603.0
98.666441216, 680.0, 432.0, -605.0
98.685708288, 679.0, 437.0, -600.0
98.704975488, 676.0, 449.0, -603.0
98.72424256, 670.0, 439.0, -607.0
98.743509632, 678.0, 435.0, -603.0
98.762776832, 679.0, 436.0, -608.0
98.782043904, 676.0, 441.0, -608.0
98.801310976, 678.0, 441.0, -597.0
98.820578176, 680.0, 443.0, -592.0
98.839845248, 684.0, 440.0, -599.0
98.859112448, 680.0, 434.0, -602.0
98.87837952, 682.0, 438.0, -605.0
98.897646592, 687.0, 432.0, -614.0
98.916913792, 686.0, 434.0, -610.0
98.936180864, 678.0, 435.0, -611.0
98.955447936, 681.0, 441.0, -606.0
98.974715136, 677.0, 439.0, -601.0
98.993982208, 690.0, 434.0, -597.0
99.01324928, 687.0, 431.0, -601.0
99.03251648, 680.0, 431.0, -601.0
99.051783552, 678.0, 439.0, -598.0
99.071050624, 683.0, 441.0, -602.0
99.090317824, 682.0, 439.0, -608.0
99.109584896, 687.0, 433.0, -602.0
99.128851968, 686.0, 435.0, -602.0
99.148119168, 681.0, 442.0, -605.0
99.16738624, 686.0, 431.0, -607.0
99.186653312, 676.0, 429.0, -608.0
99.205920512, 685.0, 432.0, -609.0
99.225187584, 688.0, 438.0, -607.0
99.244454656, 670.0, 436.0, -605.0
99.263721856, 680.0, 439.0, -598.0
99.282988928, 673.0, 441.0, -602.0
99.302256, 679.0, 440.0, -600.0
99.3215232, 671.0, 437.0, -593.0
99.340790272, 671.0, 439.0, -591.0
99.360057472, 674.0, 437.0, -592.0
99.379324544, 660.0, 433.0, -585.0
99.398591616, 644.0, 430.0, -573.0
99.417858816, 621.0, 436.0, -548.0
99.437125888, 610.0, 465.0, -519.0
99.45639296, 617.0, 468.0, -523.0
99.47566016, 634.0, 450.0, -537.0
99.494927232, 639.0, 402.0, -558.0
99.514194304, 592.0, 346.0, -567.0
99.533461504, 632.0, 346.0, -564.0
99.552728576, 652.0, 257.0, -586.0
99.571995648, 668.0, 224.0, -598.0
99.591262848, 627.0, 163.0, -629.0
99.61052992, 654.0, 105.0, -661.0
99.629796992, 730.0, 39.0, -632.0
99.649064192, 769.0, 23.0, -901.0
99.668331264, 866.0, -268.0, -1002.0
99.687598336, 878.0, -205.0, -878.0
99.706865536, 991.0, -159.0, -845.0
99.726132608, 939.0, -88.0, -755.0
99.745399732, 735.0, -114.0, -730.0
99.764666112, 653.0, -87.0, -715.0
99.783932544, 595.0, -112.0, -756.0
99.803199104, 567.0, -102.0, -759.0
99.822465536, 595.0, -106.0, -770.0
99.841731968, 664.0, -115.0, -751.0
99.8609984, 694.0, -114.0, -772.0
99.88026496, 639.0, -140.0, -778.0
99.899531392, 567.0, -150.0, -826.0
99.918797824, 489.0, -153.0, -791.0
99.938064256, 513.0, -110.0, -770.0
99.957330816, 620.0, -127.0, -830.0
99.976597248, 622.0, -121.0, -785.0
99.99586368, 604.0, -93.0, -776.0
100.015130112, 585.0, -109.0, -791.0
100.034396672, 590.0, -104.0, -793.0
100.053663104, 594.0, -106.0, -789.0
100.072929536, 591.0, -104.0, -801.0
100.092195968, 597.0, -101.0, -781.0
100.111462528, 613.0, -106.0, -791.0
100.13072896, 589.0, -126.0, -793.0
100.149995392, 569.0, -126.0, -798.0
100.169261824, 555.0, -112.0, -801.0
100.188528384, 549.0, -108.0, -811.0
100.207794816, 545.0, -111.0, -809.0
100.227061248, 541.0, -112.0, -820.0
100.24632768, 533.0, -113.0, -819.0
100.26559424, 525.0, -114.0, -811.0
100.284860672, 536.0, -110.0, -817.0
100.304127104, 552.0, -106.0, -814.0
100.323393536, 559.0, -104.0, -809.0
100.342660096, 575.0, -108.0, -805.0
100.361926528, 566.0, -105.0, -813.0
100.38119296, 562.0, -99.0, -818.0
100.400459392, 557.0, -105.0, -816.0
100.419725952, 560.0, -102.0, -809.0
100.438992384, 562.0, -109.0, -813.0
100.458258816, 561.0, -104.0, -811.0
100.477525248, 551.0, -103.0, -819.0
100.496791808, 547.0, -111.0, -821.0
100.51605824, 550.0, -105.0, -819.0
100.535324672, 548.0, -106.0, -819.0
100.554591104, 551.0, -102.0, -818.0
100.573857664, 554.0, -104.0, -815.0
100.593124096, 546.0, -98.0, -813.0
100.612390528, 549.0, -103.0, -813.0
100.63165696, 550.0, -104.0, -817.0
100.65092352, 551.0, -103.0, -817.0
100.670189952, 551.0, -98.0, -817.0
100.689456384, 548.0, -97.0, -819.0
100.708722816, 549.0, -99.0, -820.0
100.727989376, 552.0, -99.0, -815.0
100.747255808, 548.0, -97.0, -817.0
100.76652224, 553.0, -98.0, -822.0
100.785788672, 556.0, -98.0, -818.0
100.805055232, 556.0, -102.0, -821.0
100.824321664, 553.0, -104.0, -819.0
100.843588096, 552.0, -103.0, -814.0
100.862854528, 556.0, -99.0, -815.0
100.882121088, 555.0, -101.0, -815.0
100.90138752, 554.0, -101.0, -818.0
100.920653952, 549.0, -102.0, -818.0
100.939920384, 539.0, -101.0, -815.0
100.959186944, 543.0, -104.0, -818.0
100.978453376, 552.0, -103.0, -816.0
100.997719808, 549.0, -104.0, -819.0
101.01698624, 546.0, -102.0, -820.0
101.0362528, 543.0, -105.0, -815.0
101.055519232, 544.0, -106.0, -821.0
101.074785664, 544.0, -103.0, -820.0
101.094052096, 551.0, -95.0, -818.0
101.113318656, 550.0, -98.0, -820.0
101.132585088, 546.0, -95.0, -823.0
101.15185152, 549.0, -97.0, -820.0
101.171117952, 548.0, -101.0, -823.0
101.190384512, 554.0, -99.0, -820.0
101.209650944, 554.0, -94.0, -816.0
101.228917376, 556.0, -99.0, -815.0
101.248183808, 556.0, -98.0, -818.0
101.267450368, 552.0, -101.0, -817.0
101.2867168, 552.0, -101.0, -821.0
101.305983232, 552.0, -101.0, -818.0
101.325249664, 553.0, -104.0, -818.0
101.344516224, 548.0, -101.0, -818.0
101.363782656, 547.0, -104.0, -816.0
101.383049088, 547.0, -98.0, -816.0
101.40231552, 545.0, -99.0, -819.0
101.42158208, 548.0, -97.0, -820.0
101.44084859, 547.0, -101.0, -820.0
101.460116608, 549.0, -99.0, -814.0
101.479384576, 545.0, -99.0, -821.0
101.498652544, 549.0, -97.0, -817.0
101.517920512, 545.0, -96.0, -820.0
101.53718848, 552.0, -103.0, -819.0
101.556456448, 558.0, -94.0, -819.0
101.575724544, 555.0, -99.0, -818.0
101.594992512, 564.0, -96.0, -817.0
101.61426048, 563.0, -98.0, -819.0
101.633528448, 556.0, -94.0, -821.0
101.652796416, 546.0, -103.0, -819.0
101.672064384, 546.0, -103.0, -822.0
101.691332352, 543.0, -100.0, -822.0
101.71060032, 546.0, -100.0, -822.0
101.729868288, 549.0, -99.0, -817.0
101.749136256, 548.0, -104.0, -817.0
101.768404224, 549.0, -103.0, -823.0
101.78767232, 549.0, -99.0, -814.0
101.806940288, 549.0, -103.0, -819.0
101.826208256, 545.0, -97.0, -823.0
101.845476224, 544.0, -98.0, -820.0
101.864744192, 541.0, -101.0, -823.0
101.88401216, 543.0, -96.0, -823.0
101.903280128, 549.0, -97.0, -820.0
101.922548096, 548.0, -100.0, -823.0
101.941816064, 547.0, -101.0, -821.0
101.961084032, 546.0, -96.0, -822.0
101.980352, 545.0, -98.0, -827.0
101.999620096, 549.0, -100.0, -822.0
102.018888064, 548.0, -98.0, -822.0
102.038156032, 555.0, -98.0, -822.0
102.057424, 550.0, -101.0, -820.0
102.076691968, 550.0, -100.0, -821.0
102.095959936, 545.0, -97.0, -822.0
102.115227904, 544.0, -102.0, -823.0
102.134495872, 543.0, -98.0, -821.0
102.15376384, 539.0, -99.0, -820.0
102.173031808, 546.0, -105.0, -823.0
102.192299776, 546.0, -99.0, -817.0
102.211567744, 546.0, -99.0, -821.0
102.23083584, 544.0, -99.0, -820.0
102.250103808, 541.0, -100.0, -821.0
102.269371776, 539.0, -98.0, -824.0
102.288639744, 537.0, -95.0, -824.0
102.307907712, 542.0, -96.0, -824.0
102.32717568, 544.0, -98.0, -824.0
102.346443648, 544.0, -96.0, -825.0
102.365711616, 545.0, -95.0, -826.0
102.384979584, 547.0, -95.0, -823.0
102.404247552, 544.0, -98.0, -823.0
102.42351552, 548.0, -98.0, -827.0
102.442783616, 547.0, -92.0, -825.0
102.462051584, 544.0, -97.0, -824.0
102.481319552, 539.0, -98.0, -824.0
102.50058752, 539.0, -106.0, -825.0
102.519855488, 540.0, -100.0, -822.0
102.539123456, 545.0, -101.0, -820.0
102.558391424, 542.0, -99.0, -824.0
102.577659392, 542.0, -100.0, -824.0
102.59692736, 540.0, -101.0, -823.0
102.616195328, 543.0, -98.0, -823.0
102.635463296, 541.0, -95.0, -822.0
102.654731392, 540.0, -93.0, -822.0
102.67399936, 539.0, -97.0, -824.0
102.693267328, 541.0, -100.0, -826.0
102.712535296, 543.0, -100.0, -827.0
102.731803264, 540.0, -97.0, -825.0
102.751071232, 541.0, -97.0, -827.0
102.7703392, 544.0, -98.0, -827.0
102.789607168, 546.0, -92.0, -825.0
102.808875136, 546.0, -98.0, -823.0
102.828143104, 544.0, -99.0, -827.0
102.847411072, 544.0, -98.0, -822.0
102.866679168, 549.0, -94.0, -823.0
102.885947136, 545.0, -95.0, -821.0
102.905215104, 545.0, -99.0, -822.0
102.924483072, 547.0, -97.0, -822.0
102.94375104, 546.0, -101.0, -821.0
102.963019008, 553.0, -97.0, -819.0
102.982286976, 546.0, -104.0, -818.0
103.001554944, 544.0, -103.0, -821.0
103.020822912, 541.0, -96.0, -817.0
103.04009088, 546.0, -101.0, -822.0
103.059358848, 548.0, -100.0, -818.0
103.078626944, 546.0, -99.0, -824.0
103.097894912, 545.0, -95.0, -820.0
103.11716288, 547.0, -93.0, -823.0
103.136430848, 544.0, -92.0, -824.0
103.155698816, 546.0, -97.0, -826.0
103.174966784, 546.0, -97.0, -821.0
103.194234752, 548.0, -92.0, -825.0
103.21350272, 549.0, -98.0, -821.0
103.232770688, 545.0, -95.0, -825.0
103.252038656, 544.0, -101.0, -824.0
103.271306624, 541.0, -101.0, -826.0
103.290574592, 549.0, -99.0, -820.0
103.309842688, 550.0, -98.0, -817.0
103.329110656, 548.0, -93.0, -820.0
103.348378624, 548.0, -100.0, -816.0
103.367646592, 542.0, -99.0, -823.0
103.38691456, 546.0, -98.0, -820.0
103.406182528, 547.0, -99.0, -820.0
103.425450496, 546.0, -101.0, -819.0
103.444718452, 544.0, -97.0, -819.0
103.463986816, 550.0, -95.0, -821.0
103.483255168, 546.0, -96.0, -822.0
103.502523392, 550.0, -98.0, -817.0
103.521791744, 554.0, -97.0, -822.0
103.541059968, 551.0, -96.0, -820.0
103.56032832, 549.0, -94.0, -823.0
103.579596672, 544.0, -97.0, -826.0
103.598864896, 541.0, -90.0, -822.0
103.618133248, 546.0, -93.0, -829.0
103.6374016, 550.0, -93.0, -822.0
103.656669824, 551.0, -95.0, -823.0
103.675938176, 548.0, -99.0, -823.0
103.6952064, 543.0, -103.0, -822.0
103.714474752, 548.0, -95.0, -822.0
103.733743104, 547.0, -97.0, -823.0
103.753011328, 547.0, -98.0, -818.0
103.77227968, 542.0, -104.0, -820.0
103.791547904, 545.0, -99.0, -818.0
103.810816256, 551.0, -96.0, -818.0
103.830084608, 549.0, -103.0, -827.0
103.849352832, 541.0, -98.0, -819.0
103.868621184, 540.0, -98.0, -820.0
103.887889408, 544.0, -95.0, -827.0
103.90715776, 543.0, -96.0, -821.0
103.926426112, 542.0, -95.0, -825.0
103.945694336, 541.0, -100.0, -824.0
103.964962688, 548.0, -95.0, -823.0
103.98423104, 548.0, -91.0, -826.0
104.003499264, 541.0, -94.0, -824.0
104.022767616, 543.0, -97.0, -825.0
104.04203584, 545.0, -97.0, -824.0
104.061304192, 543.0, -97.0, -829.0
104.080572544, 548.0, -94.0, -822.0
104.099840768, 545.0, -94.0, -824.0
104.11910912, 543.0, -99.0, -823.0
104.138377344, 545.0, -95.0, -822.0
104.157645696, 546.0, -99.0, -823.0
104.176914048, 539.0, -97.0, -825.0
104.196182272, 538.0, -93.0, -822.0
104.215450624, 533.0, -98.0, -827.0
104.234718848, 537.0, -103.0, -826.0
104.2539872, 544.0, -99.0, -826.0
104.273255552, 544.0, -97.0, -821.0
104.292523776, 544.0, -95.0, -819.0
104.311792128, 542.0, -93.0, -819.0
104.33106048, 551.0, -94.0, -826.0
104.350328704, 542.0, -92.0, -826.0
104.369597056, 543.0, -93.0, -826.0
104.38886528, 540.0, -95.0, -825.0
104.408133632, 546.0, -96.0, -826.0
104.427401984, 541.0, -93.0, -825.0
104.446670208, 545.0, -91.0, -826.0
104.46593856, 545.0, -96.0, -824.0
104.485206784, 550.0, -95.0, -822.0
104.504475136, 548.0, -100.0, -820.0
104.523743488, 545.0, -96.0, -822.0
104.543011712, 549.0, -97.0, -820.0
104.562280064, 544.0, -99.0, -817.0
104.581548288, 549.0, -101.0, -821.0
104.60081664, 542.0, -97.0, -821.0
104.620084992, 538.0, -96.0, -822.0
104.639353216, 547.0, -97.0, -822.0
104.658621568, 545.0, -99.0, -822.0
104.67788992, 545.0, -96.0, -825.0
104.697158144, 542.0, -92.0, -825.0
104.716426496, 540.0, -97.0, -821.0
104.73569472, 542.0, -88.0, -826.0
104.754963072, 547.0, -92.0, -820.0
104.774231424, 541.0, -94.0, -828.0
104.793499648, 542.0, -92.0, -824.0
104.812768, 544.0, -91.0, -822.0
104.832036224, 546.0, -93.0, -824.0
104.851304576, 548.0, -98.0, -821.0
104.870572928, 546.0, -93.0, -825.0
104.889841152, 549.0, -91.0, -819.0
104.909109504, 548.0, -95.0, -825.0
104.928377728, 548.0, -95.0, -821.0
104.94764608, 546.0, -97.0, -816.0
104.966914432, 546.0, -96.0, -823.0
104.986182656, 547.0, -99.0, -822.0
105.005451008, 548.0, -98.0, -816.0
105.02471936, 547.0, -97.0, -819.0
105.043987584, 546.0, -97.0, -820.0
105.063255936, 547.0, -97.0, -821.0
105.08252416, 548.0, -97.0, -823.0
105.101792512, 548.0, -95.0, -818.0
105.121060864, 543.0, -98.0, -822.0
105.140329088, 547.0, -89.0, -824.0
105.15959744, 544.0, -95.0, -824.0
105.178865664, 548.0, -93.0, -821.0
105.198134016, 554.0, -91.0, -820.0
105.217402368, 556.0, -91.0, -823.0
105.236670592, 550.0, -92.0, -823.0
105.255938944, 546.0, -93.0, -826.0
105.275207168, 542.0, -93.0, -818.0
105.29447552, 551.0, -96.0, -820.0
105.313743872, 553.0, -95.0, -826.0
105.333012096, 552.0, -96.0, -818.0
105.352280448, 547.0, -96.0, -816.0
105.371548676, 547.0, -97.0, -818.0
105.390816, 551.0, -96.0, -818.0
105.410083328, 545.0, -97.0, -818.0
105.429350784, 544.0, -96.0, -820.0
105.448618112, 549.0, -101.0, -819.0
105.467885568, 548.0, -99.0, -819.0
105.487152896, 549.0, -94.0, -817.0
105.506420352, 549.0, -96.0, -826.0
105.52568768, 549.0, -94.0, -821.0
105.544955136, 544.0, -89.0, -817.0
105.564222464, 554.0, -93.0, -824.0
105.58348992, 548.0, -90.0, -822.0
105.602757248, 547.0, -92.0, -821.0
105.622024704, 549.0, -96.0, -820.0
105.641292032, 554.0, -92.0, -821.0
105.66055936, 549.0, -96.0, -822.0
105.679826816, 552.0, -91.0, -820.0
105.699094144, 549.0, -96.0, -819.0
105.7183616, 546.0, -101.0, -822.0
105.737628928, 550.0, -96.0, -820.0
105.756896384, 545.0, -100.0, -822.0
105.776163712, 546.0, -100.0, -821.0
105.795431168, 549.0, -97.0, -817.0
105.814698496, 540.0, -97.0, -819.0
105.833965952, 542.0, -103.0, -823.0
105.85323328, 538.0, -99.0, -823.0
105.872500608, 542.0, -96.0, -823.0
105.891768064, 541.0, -97.0, -822.0
105.911035392, 539.0, -97.0, -824.0
105.930302848, 542.0, -96.0, -826.0
105.949570176, 546.0, -96.0, -822.0
105.968837632, 546.0, -94.0, -823.0
105.98810496, 546.0, -92.0, -826.0
106.007372416, 545.0, -93.0, -830.0
106.026639744, 543.0, -94.0, -823.0
106.0459072, 547.0, -97.0, -824.0
106.065174528, 545.0, -97.0, -829.0
106.084441984, 545.0, -96.0, -825.0
106.103709312, 541.0, -100.0, -823.0
106.12297664, 549.0, -99.0, -823.0
106.142244096, 549.0, -95.0, -822.0
106.161511424, 547.0, -99.0, -821.0
106.18077888, 542.0, -97.0, -825.0
106.200046208, 536.0, -100.0, -825.0
106.219313664, 536.0, -103.0, -822.0
106.238580992, 539.0, -97.0, -824.0
106.257848448, 538.0, -94.0, -820.0
106.277115776, 538.0, -95.0, -826.0
106.296383232, 542.0, -96.0, -823.0
106.31565056, 542.0, -97.0, -825.0
106.334917888, 545.0, -95.0, -829.0
106.354185344, 541.0, -91.0, -827.0
106.373452672, 542.0, -92.0, -826.0
106.392720128, 540.0, -94.0, -824.0
106.411987456, 546.0, -99.0, -827.0
106.431254912, 547.0, -93.0, -828.0
106.45052224, 543.0, -95.0, -824.0
106.469789696, 548.0, -93.0, -823.0
106.489057024, 547.0, -95.0, -820.0
106.50832448, 541.0, -95.0, -825.0
106.527591808, 541.0, -98.0, -823.0
106.546859264, 543.0, -99.0, -826.0
106.566126592, 540.0, -100.0, -822.0
106.58539392, 540.0, -97.0, -822.0
106.604661376, 542.0, -101.0, -823.0
106.623928704, 541.0, -98.0, -828.0
106.64319616, 537.0, -98.0, -822.0
106.662463488, 535.0, -96.0, -829.0
106.681730944, 537.0, -97.0, -824.0
106.700998272, 540.0, -95.0, -823.0
106.720265728, 542.0, -97.0, -823.0
106.739533056, 538.0, -89.0, -829.0
106.758800512, 541.0, -96.0, -828.0
106.77806784, 541.0, -97.0, -829.0
106.797335296, 547.0, -97.0, -824.0
106.816602624, 549.0, -93.0, -826.0
106.835869952, 546.0, -92.0, -829.0
106.855137408, 546.0, -92.0, -819.0
106.874404736, 542.0, -99.0, -826.0
106.893672192, 543.0, -96.0, -826.0
106.91293952, 540.0, -98.0, -827.0
106.932206976, 542.0, -97.0, -829.0
106.951474304, 546.0, -96.0, -821.0
106.97074176, 542.0, -97.0, -823.0
106.990009088, 540.0, -100.0, -824.0
107.009276544, 535.0, -103.0, -822.0
107.028543872, 541.0, -102.0, -821.0
107.0478112, 537.0, -96.0, -825.0
107.067078656, 539.0, -94.0, -824.0
107.086345984, 536.0, -96.0, -825.0
107.10561344, 543.0, -96.0, -825.0
107.124880768, 547.0, -97.0, -826.0
107.144148224, 545.0, -100.0, -825.0
107.163415552, 542.0, -95.0, -825.0
107.182683008, 539.0, -91.0, -824.0
107.201950336, 543.0, -99.0, -824.0
107.221217792, 546.0, -97.0, -829.0
107.24048512, 548.0, -92.0, -824.0
107.259752576, 543.0, -96.0, -823.0
107.279019904, 550.0, -92.0, -825.0
107.29828735, 547.0, -97.0, -821.0
107.31755456, 545.0, -92.0, -826.0
107.33682176, 540.0, -98.0, -822.0
107.35608896, 542.0, -95.0, -829.0
107.375356032, 540.0, -103.0, -824.0
107.394623232, 539.0, -98.0, -825.0
107.413890432, 543.0, -100.0, -822.0
107.433157632, 539.0, -101.0, -825.0
107.452424832, 541.0, -97.0, -825.0
107.471692032, 536.0, -94.0, -825.0
107.490959104, 542.0, -99.0, -822.0
107.510226304, 544.0, -95.0, -825.0
107.529493504, 537.0, -95.0, -827.0
107.548760704, 537.0, -98.0, -830.0
107.568027904, 539.0, -95.0, -828.0
107.587295104, 545.0, -97.0, -826.0
107.606562176, 546.0, -96.0, -823.0
107.625829376, 549.0, -94.0, -827.0
107.645096576, 549.0, -92.0, -827.0
107.664363776, 550.0, -92.0, -826.0
107.683630976, 554.0, -97.0, -825.0
107.702898048, 545.0, -95.0, -822.0
107.722165248, 548.0, -97.0, -824.0
107.741432448, 544.0, -94.0, -826.0
107.760699648, 540.0, -99.0, -822.0
107.779966848, 540.0, -97.0, -821.0
107.799234048, 545.0, -100.0, -822.0
107.81850112, 545.0, -101.0, -828.0
107.83776832, 541.0, -101.0, -826.0
107.85703552, 541.0, -96.0, -825.0
107.87630272, 546.0, -94.0, -822.0
107.89556992, 544.0, -94.0, -826.0
107.91483712, 542.0, -97.0, -826.0
107.934104192, 539.0, -99.0, -826.0
107.953371392, 538.0, -98.0, -825.0
107.972638592, 542.0, -96.0, -821.0
107.991905792, 547.0, -94.0, -822.0
108.011172992, 549.0, -93.0, -822.0
108.030440064, 552.0, -97.0, -824.0
108.049707264, 544.0, -96.0, -825.0
108.068974464, 544.0, -98.0, -824.0
108.088241664, 542.0, -98.0, -820.0
108.107508864, 543.0, -97.0, -822.0
108.126776064, 545.0, -101.0, -821.0
108.146043136, 542.0, -95.0, -825.0
108.165310336, 543.0, -101.0, -822.0
108.184577536, 548.0, -96.0, -821.0
108.203844736, 549.0, -100.0, -825.0
108.223111936, 543.0, -96.0, -821.0
108.242379136, 538.0, -104.0, -825.0
108.261646208, 541.0, -102.0, -826.0
108.280913408, 539.0, -98.0, -828.0
108.300180608, 540.0, -99.0, -824.0
108.319447808, 546.0, -95.0, -822.0
108.338715008, 546.0, -98.0, -823.0
108.357982208, 546.0, -97.0, -821.0
108.37724928, 546.0, -90.0, -822.0
108.39651648, 549.0, -95.0, -829.0
108.41578368, 542.0, -91.0, -825.0
108.43505088, 533.0, -95.0, -828.0
108.45431808, 543.0, -99.0, -828.0
108.473585152, 550.0, -97.0, -828.0
108.492852352, 545.0, -96.0, -826.0
108.512119552, 548.0, -96.0, -819.0
108.531386752, 545.0, -94.0, -825.0
108.550653952, 546.0, -95.0, -822.0
108.569921152, 550.0, -98.0, -821.0
108.589188224, 546.0, -101.0, -821.0
108.608455424, 542.0, -96.0, -826.0
108.627722624, 537.0, -98.0, -825.0
108.646989824, 534.0, -101.0, -825.0
108.666257024, 537.0, -100.0, -822.0
108.685524224, 536.0, -101.0, -830.0
108.704791296, 536.0, -105.0, -823.0
108.724058496, 544.0, -100.0, -820.0
108.743325696, 546.0, -97.0, -821.0
108.762592896, 546.0, -90.0, -820.0
108.781860096, 543.0, -93.0, -824.0
108.801127168, 541.0, -98.0, -825.0
108.820394368, 542.0, -96.0, -827.0
108.839661568, 545.0, -93.0, -828.0
108.858928768, 543.0, -95.0, -824.0
108.878195968, 548.0, -95.0, -826.0
108.897463168, 550.0, -97.0, -824.0
108.91673024, 545.0, -95.0, -825.0
108.93599744, 544.0, -100.0, -825.0
108.95526464, 548.0, -93.0, -822.0
108.97453184, 545.0, -99.0, -821.0
108.99379904, 539.0, -99.0, -823.0
109.01306624, 541.0, -98.0, -819.0
109.032333312, 543.0, -96.0, -819.0
109.051600512, 544.0, -98.0, -821.0
109.070867712, 542.0, -98.0, -822.0
109.090134912, 541.0, -96.0, -824.0
109.109402112, 537.0, -101.0, -824.0
109.128669184, 541.0, -96.0, -824.0
109.147936384, 544.0, -97.0, -827.0
109.167203567, 543.0, -94.0, -825.0
109.186471296, 540.0, -93.0, -825.0
109.205739008, 545.0, -95.0, -826.0
109.225006592, 547.0, -90.0, -824.0
109.244274304, 547.0, -95.0, -825.0
109.263542016, 545.0, -94.0, -821.0
109.282809728, 546.0, -97.0, -824.0
109.302077312, 545.0, -98.0, -821.0
109.321345024, 544.0, -97.0, -824.0
109.340612736, 545.0, -98.0, -824.0
109.359880448, 542.0, -98.0, -823.0
109.379148032, 546.0, -101.0, -822.0
109.398415744, 542.0, -99.0, -823.0
109.417683456, 549.0, -99.0, -822.0
109.436951168, 545.0, -102.0, -823.0
109.456218752, 545.0, -95.0, -819.0
109.475486464, 547.0, -97.0, -819.0
109.494754176, 542.0, -101.0, -823.0
109.51402176, 547.0, -100.0, -826.0
109.533289472, 548.0, -97.0, -828.0
109.552557184, 540.0, -95.0, -828.0
109.571824896, 533.0, -94.0, -829.0
109.59109248, 543.0, -96.0, -825.0
109.610360192, 548.0, -99.0, -822.0
109.629627904, 548.0, -99.0, -825.0
109.648895616, 546.0, -99.0, -826.0
109.6681632, 542.0, -94.0, -823.0
109.687430912, 545.0, -98.0, -826.0
109.706698624, 544.0, -97.0, -828.0
109.725966336, 543.0, -95.0, -826.0
109.74523392, 537.0, -94.0, -826.0
109.764501632, 541.0, -98.0, -823.0
109.783769344, 545.0, -103.0, -823.0
109.803037056, 548.0, -99.0, -822.0
109.82230464, 543.0, -99.0, -823.0
109.841572352, 537.0, -102.0, -822.0
109.860840064, 535.0, -94.0, -821.0
109.880107648, 545.0, -101.0, -823.0
109.89937536, 541.0, -101.0, -823.0
109.918643072, 542.0, -98.0, -829.0
109.937910784, 536.0, -96.0, -825.0
109.957178368, 535.0, -104.0, -828.0
109.97644608, 535.0, -100.0, -826.0
109.995713792, 538.0, -96.0, -824.0
110.014981504, 542.0, -99.0, -830.0
110.034249088, 547.0, -93.0, -832.0
110.0535168, 541.0, -95.0, -826.0
110.072784512, 542.0, -98.0, -827.0
110.092052224, 544.0, -95.0, -823.0
110.111319808, 543.0, -95.0, -820.0
110.13058752, 545.0, -98.0, -824.0
110.149855232, 540.0, -97.0, -826.0
110.169122816, 535.0, -98.0, -825.0
110.188390528, 538.0, -102.0, -826.0
110.20765824, 535.0, -100.0, -826.0
110.226925952, 535.0, -105.0, -827.0
110.246193536, 539.0, -103.0, -826.0
110.265461248, 543.0, -100.0, -825.0
110.28472896, 543.0, -101.0, -825.0
110.303996672, 538.0, -98.0, -825.0
110.323264256, 532.0, -99.0, -826.0
110.342531968, 541.0, -96.0, -826.0
110.36179968, 546.0, -100.0, -822.0
110.381067392, 543.0, -102.0, -830.0
110.400334976, 543.0, -85.0, -829.0
110.419602688, 552.0, -74.0, -821.0
110.4388704, 561.0, -92.0, -807.0
110.458137984, 574.0, -81.0, -814.0
110.477405696, 568.0, -97.0, -822.0
110.496673408, 551.0, -133.0, -791.0
110.51594112, 534.0, -127.0, -829.0
110.535208704, 501.0, -119.0, -851.0
110.554476416, 480.0, -125.0, -840.0
110.573744128, 478.0, -140.0, -838.0
110.59301184, 492.0, -147.0, -836.0
110.612279424, 526.0, -133.0, -826.0
110.631547136, 547.0, -110.0, -812.0
110.650814848, 543.0, -101.0, -822.0
110.67008256, 525.0, -86.0, -835.0
110.689350144, 486.0, -81.0, -814.0
110.708617856, 504.0, -68.0, -812.0
110.727885568, 614.0, -89.0, -789.0
110.747153152, 667.0, -119.0, -761.0
110.766420864, 688.0, -118.0, -759.0
110.785688576, 651.0, -98.0, -771.0
110.804956288, 614.0, -95.0, -789.0
110.824223872, 590.0, -80.0, -795.0
110.843491584, 590.0, -99.0, -800.0
110.862759231, 558.0, -119.0, -814.0
110.882027776, 531.0, -137.0, -817.0
110.901296384, 525.0, -153.0, -818.0
110.92056512, 554.0, -154.0, -806.0
110.939833728, 590.0, -115.0, -786.0
110.959102464, 597.0, -101.0, -793.0
110.978371072, 578.0, -122.0, -801.0
110.99763968, 558.0, -141.0, -803.0
111.016908416, 552.0, -133.0, -803.0
111.036177024, 553.0, -113.0, -810.0
111.05544576, 547.0, -99.0, -804.0
111.074714368, 559.0, -103.0, -793.0
111.093982976, 532.0, -129.0, -772.0
111.113251712, 631.0, -126.0, -782.0
111.13252032, 595.0, -135.0, -764.0
111.151789056, 647.0, -118.0, -774.0
111.171057664, 608.0, -129.0, -756.0
111.190326272, 637.0, -117.0, -762.0
111.209595008, 649.0, -108.0, -768.0
111.228863616, 644.0, -115.0, -774.0
111.248132224, 578.0, -123.0, -765.0
111.26740096, 596.0, -111.0, -778.0
111.286669568, 555.0, -147.0, -749.0
111.305938304, 603.0, -159.0, -748.0
111.325206912, 633.0, -154.0, -752.0
111.34447552, 615.0, -142.0, -719.0
111.363744256, 674.0, -148.0, -723.0
111.383012864, 684.0, -132.0, -733.0
111.4022816, 669.0, -137.0, -736.0
111.421550208, 653.0, -139.0, -735.0
111.440818816, 630.0, -131.0, -745.0
111.460087552, 615.0, -137.0, -762.0
111.47935616, 591.0, -133.0, -766.0
111.498624896, 592.0, -138.0, -766.0
111.517893504, 615.0, -137.0, -763.0
111.537162112, 611.0, -136.0, -763.0
111.556430848, 606.0, -122.0, -762.0
111.575699456, 618.0, -110.0, -752.0
111.594968192, 643.0, -115.0, -751.0
111.6142368, 644.0, -126.0, -751.0
111.633505408, 631.0, -127.0, -746.0
111.652774144, 636.0, -110.0, -754.0
111.672042752, 651.0, -102.0, -762.0
111.691311488, 638.0, -117.0, -764.0
111.710580096, 612.0, -134.0, -768.0
111.729848704, 592.0, -135.0, -780.0
111.74911744, 585.0, -123.0, -785.0
111.768386048, 587.0, -110.0, -772.0
111.787654656, 604.0, -122.0, -764.0
111.806923392, 613.0, -138.0, -750.0
111.826192, 633.0, -151.0, -739.0
111.845460736, 655.0, -138.0, -731.0
111.864729344, 676.0, -110.0, -726.0
111.883997952, 692.0, -108.0, -728.0
111.903266688, 678.0, -124.0, -732.0
111.922535296, 648.0, -135.0, -745.0
111.941804032, 617.0, -126.0, -769.0
111.96107264, 608.0, -107.0, -772.0
111.980341248, 600.0, -131.0, -772.0
111.999609984, 580.0, -129.0, -778.0
112.018878592, 592.0, -136.0, -773.0
112.038147328, 603.0, -130.0, -768.0
112.057415936, 629.0, -120.0, -763.0
112.076684544, 635.0, -123.0, -756.0
112.09595328, 634.0, -132.0, -747.0
112.115221888, 639.0, -137.0, -755.0
112.134490624, 640.0, -130.0, -750.0
112.153759232, 631.0, -127.0, -752.0
112.17302784, 625.0, -123.0, -765.0
112.192296576, 616.0, -135.0, -762.0
112.211565184, 611.0, -134.0, -762.0
112.23083392, 613.0, -130.0, -761.0
112.250102528, 598.0, -123.0, -763.0
112.269371136, 598.0, -118.0, -757.0
112.288639872, 608.0, -125.0, -755.0
112.307908604, 623.0, -126.0, -746.0
112.327176448, 655.0, -123.0, -740.0
112.346444288, 672.0, -121.0, -734.0
112.365712, 674.0, -120.0, -734.0
112.38497984, 679.0, -113.0, -729.0
112.40424768, 676.0, -107.0, -739.0
112.423515392, 665.0, -122.0, -745.0
112.442783232, 639.0, -127.0, -751.0
112.462051072, 616.0, -121.0, -769.0
112.481318784, 614.0, -118.0, -773.0
112.500586624, 600.0, -117.0, -773.0
112.519854464, 602.0, -113.0, -769.0
112.539122304, 618.0, -108.0, -753.0
112.558390016, 637.0, -117.0, -751.0
112.577657856, 648.0, -127.0, -745.0
112.596925696, 656.0, -114.0, -744.0
112.616193408, 672.0, -101.0, -742.0
112.635461248, 646.0, -121.0, -734.0
112.654729088, 647.0, -116.0, -752.0
112.6739968, 631.0, -109.0, -756.0
112.69326464, 620.0, -109.0, -754.0
112.71253248, 608.0, -114.0, -767.0
112.731800192, 594.0, -120.0, -771.0
112.751068032, 599.0, -106.0, -769.0
112.770335872, 618.0, -109.0, -764.0
112.789603584, 646.0, -104.0, -761.0
112.808871424, 639.0, -128.0, -729.0
112.828139264, 661.0, -114.0, -747.0
112.847407104, 673.0, -121.0, -739.0
112.866674816, 675.0, -116.0, -738.0
112.885942656, 660.0, -112.0, -738.0
112.905210496, 663.0, -113.0, -733.0
112.924478208, 671.0, -112.0, -740.0
112.943746048, 651.0, -118.0, -752.0
112.963013888, 623.0, -120.0, -762.0
112.9822816, 619.0, -117.0, -756.0
113.00154944, 637.0, -117.0, -748.0
113.02081728, 640.0, -118.0, -759.0
113.040084992, 607.0, -114.0, -762.0
113.059352832, 599.0, -101.0, -758.0
113.078620672, 622.0, -95.0, -757.0
113.097888384, 653.0, -103.0, -745.0
113.117156224, 671.0, -105.0, -738.0
113.136424064, 676.0, -115.0, -745.0
113.155691904, 647.0, -108.0, -752.0
113.174959616, 632.0, -101.0, -770.0
113.194227456, 606.0, -97.0, -788.0
113.213495296, 574.0, -100.0, -797.0
113.232763008, 538.0, -103.0, -813.0
113.252030848, 529.0, -92.0, -816.0
113.271298688, 535.0, -99.0, -811.0
113.2905664, 554.0, -106.0, -808.0
113.30983424, 580.0, -112.0, -799.0
113.32910208, 588.0, -113.0, -790.0
113.348369792, 587.0, -115.0, -794.0
113.367637632, 585.0, -110.0, -793.0
113.386905472, 568.0, -109.0, -792.0
113.406173184, 572.0, -105.0, -794.0
113.425441024, 584.0, -110.0, -790.0
113.444708864, 595.0, -104.0, -778.0
113.463976576, 607.0, -106.0, -775.0
113.483244416, 613.0, -107.0, -778.0
113.502512256, 610.0, -104.0, -772.0
113.521780096, 614.0, -99.0, -772.0
113.541047808, 605.0, -92.0, -774.0
113.560315648, 603.0, -95.0, -780.0
113.579583488, 611.0, -104.0, -775.0
113.5988512, 610.0, -109.0, -768.0
113.61811904, 615.0, -105.0, -775.0
113.63738688, 624.0, -98.0, -769.0
113.656654592, 623.0, -95.0, -770.0
113.675922432, 622.0, -94.0, -768.0
113.695190272, 630.0, -97.0, -770.0
113.714457984, 623.0, -101.0, -768.0
113.733725824, 625.0, -98.0, -769.0
113.752993664, 624.0, -101.0, -771.0
113.772261376, 614.0, -96.0, -776.0
113.791529216, 605.0, -98.0, -775.0
113.810797056, 617.0, -96.0, -765.0
113.830064896, 634.0, -102.0, -763.0
113.849332608, 634.0, -103.0, -765.0
113.868600448, 620.0, -103.0, -767.0
113.88786819, 605.0, -101.0, -774.0
113.907137024, 599.0, -99.0, -772.0
113.926405888, 604.0, -93.0, -771.0
113.945674752, 595.0, -102.0, -778.0
113.964943616, 590.0, -102.0, -784.0
113.984212608, 592.0, -104.0, -781.0
114.003481472, 603.0, -99.0, -782.0
114.022750336, 615.0, -98.0, -775.0
114.0420192, 622.0, -96.0, -769.0
114.061288064, 630.0, -101.0, -762.0
114.080556928, 630.0, -99.0, -767.0
114.099825792, 619.0, -99.0, -777.0
114.119094656, 604.0, -94.0, -777.0
114.138363648, 603.0, -93.0, -777.0
114.157632512, 609.0, -93.0, -775.0
114.176901376, 617.0, -101.0, -774.0
114.19617024, 621.0, -103.0, -775.0
114.215439104, 616.0, -102.0, -772.0
114.234707968, 611.0, -101.0, -776.0
114.253976832, 606.0, -101.0, -777.0
114.273245696, 612.0, -105.0, -770.0
114.292514688, 617.0, -102.0, -768.0
114.311783552, 617.0, -97.0, -764.0
114.331052416, 615.0, -105.0, -765.0
114.35032128, 613.0, -105.0, -774.0
114.369590144, 599.0, -101.0, -778.0
114.388859008, 591.0, -98.0, -783.0
114.408127872, 604.0, -95.0, -773.0
114.427396736, 614.0, -101.0, -771.0
114.446665728, 618.0, -105.0, -774.0
114.465934592, 621.0, -99.0, -773.0
114.485203456, 611.0, -96.0, -779.0
114.50447232, 611.0, -100.0, -778.0
114.523741184, 610.0, -98.0, -775.0
114.543010048, 612.0, -103.0, -773.0
114.562278912, 613.0, -102.0, -776.0
114.581547776, 610.0, -100.0, -776.0
114.600816768, 609.0, -101.0, -769.0
114.620085632, 614.0, -105.0, -772.0
114.639354496, 609.0, -106.0, -774.0
114.65862336, 607.0, -103.0, -773.0
114.677892224, 600.0, -97.0, -777.0
114.697161088, 593.0, -101.0, -778.0
114.716429952, 593.0, -103.0, -780.0
114.735698816, 597.0, -99.0, -775.0
114.754967808, 601.0, -99.0, -776.0
114.774236672, 604.0, -102.0, -782.0
114.793505536, 604.0, -99.0, -775.0
114.8127744, 611.0, -100.0, -775.0
114.832043264, 619.0, -93.0, -771.0
114.851312128, 623.0, -105.0, -773.0
114.870580992, 610.0, -102.0, -777.0
114.889849856, 604.0, -101.0, -779.0
114.909118848, 606.0, -97.0, -777.0
114.928387712, 606.0, -103.0, -777.0
114.947656576, 611.0, -101.0, -775.0
114.96692544, 611.0, -97.0, -777.0
114.986194304, 614.0, -103.0, -771.0
115.005463168, 615.0, -107.0, -770.0
115.024732032, 616.0, -105.0, -767.0
115.044000896, 611.0, -101.0, -769.0
115.063269888, 605.0, -104.0, -772.0
115.082538752, 610.0, -100.0, -773.0
115.101807616, 610.0, -105.0, -769.0
115.12107648, 611.0, -105.0, -769.0
115.140345344, 613.0, -105.0, -769.0
115.159614208, 615.0, -101.0, -769.0
115.178883072, 613.0, -102.0, -776.0
115.198151936, 610.0, -104.0, -772.0
115.217420928, 607.0, -102.0, -770.0
115.236689792, 612.0, -99.0, -773.0
115.255958656, 616.0, -101.0, -775.0
115.27522752, 612.0, -97.0, -774.0
115.294496384, 612.0, -101.0, -779.0
115.313765248, 618.0, -98.0, -774.0
115.333034112, 616.0, -98.0, -777.0
115.352303104, 615.0, -104.0, -771.0
115.371571968, 609.0, -105.0, -773.0
115.390840832, 611.0, -102.0, -777.0
115.410109696, 607.0, -101.0, -779.0
115.42937856, 602.0, -96.0, -778.0
115.448647424, 606.0, -102.0, -775.0
115.467916288, 603.0, -105.0, -775.0
115.487185152, 608.0, -101.0, -775.0
115.506454144, 607.0, -99.0, -782.0
115.525723008, 601.0, -99.0, -777.0
115.544991872, 606.0, -102.0, -781.0
115.564260736, 608.0, -107.0, -778.0
115.5835296, 608.0, -100.0, -785.0
115.602798464, 606.0, -100.0, -783.0
115.622067328, 597.0, -100.0, -784.0
115.641336192, 594.0, -101.0, -783.0
115.660605184, 597.0, -102.0, -781.0
115.679874048, 602.0, -98.0, -782.0
115.699142912, 608.0, -97.0, -777.0
115.718411776, 616.0, -96.0, -778.0
115.73768064, 614.0, -98.0, -776.0
115.756949504, 609.0, -100.0, -783.0
115.776218368, 601.0, -96.0, -784.0
115.795487333, 594.0, -97.0, -779.0
115.814756992, 597.0, -104.0, -784.0
115.834026624, 596.0, -99.0, -783.0
115.853296256, 599.0, -103.0, -777.0
115.872565888, 602.0, -102.0, -784.0
115.89183552, 606.0, -101.0, -780.0
115.911105152, 601.0, -104.0, -781.0
115.930374912, 600.0, -97.0, -776.0
115.949644544, 602.0, -101.0, -779.0
115.968914176, 603.0, -96.0, -782.0
115.988183808, 602.0, -101.0, -778.0
116.00745344, 597.0, -99.0, -782.0
116.026723072, 602.0, -100.0, -779.0
116.045992704, 604.0, -101.0, -782.0
116.065262336, 603.0, -99.0, -786.0
116.084531968, 596.0, -101.0, -786.0
116.1038016, 600.0, -95.0, -780.0
116.12307136, 601.0, -99.0, -780.0
116.142340992, 609.0, -98.0, -780.0
116.161610624, 611.0, -103.0, -783.0
116.180880256, 611.0, -100.0, -775.0
116.200149888, 603.0, -100.0, -777.0
116.21941952, 598.0, -102.0, -782.0
116.238689152, 599.0, -101.0, -781.0
116.257958784, 606.0, -99.0, -776.0
116.277228416, 606.0, -105.0, -776.0
116.296498048, 608.0, -99.0, -782.0
116.315767808, 604.0, -97.0, -774.0
116.33503744, 604.0, -102.0, -776.0
116.354307072, 604.0, -101.0, -778.0
116.373576704, 599.0, -102.0, -776.0
116.392846336, 600.0, -99.0, -781.0
116.412115968, 606.0, -102.0, -778.0
116.4313856, 605.0, -101.0, -781.0
116.450655232, 603.0, -98.0, -780.0
116.469924864, 604.0, -99.0, -782.0
116.489194496, 606.0, -95.0, -781.0
116.508464256, 609.0, -97.0, -777.0
116.527733888, 614.0, -104.0, -781.0
116.54700352, 610.0, -97.0, -779.0
116.566273152, 613.0, -99.0, -775.0
116.585542784, 608.0, -103.0, -774.0
116.604812416, 598.0, -98.0, -782.0
116.624082048, 595.0, -101.0, -777.0
116.64335168, 610.0, -105.0, -774.0
116.662621312, 620.0, -115.0, -776.0
116.681890944, 610.0, -105.0, -779.0
116.701160704, 594.0, -87.0, -780.0
116.720430336, 594.0, -86.0, -772.0
116.739699968, 581.0, -85.0, -807.0
116.7589696, 552.0, -118.0, -796.0
116.778239232, 550.0, -105.0, -780.0
116.797508864, 589.0, -98.0, -812.0
116.816778496, 555.0, -108.0, -793.0
116.836048128, 522.0, -113.0, -814.0
116.85531776, 519.0, -107.0, -786.0
116.874587392, 560.0, -105.0, -780.0
116.893857152, 620.0, -72.0, -753.0
116.913126784, 687.0, -36.0, -737.0
116.932396416, 718.0, -28.0, -721.0
116.951666048, 815.0, -61.0, -661.0
116.97093568, 852.0, -70.0, -677.0
116.990205312, 704.0, -85.0, -713.0
117.009474944, 630.0, -74.0, -742.0
117.028744576, 643.0, -58.0, -755.0
117.048014208, 611.0, -87.0, -755.0
117.06728384, 636.0, -84.0, -721.0
117.0865536, 726.0, -70.0, -690.0
117.105823232, 742.0, -74.0, -690.0
117.125092864, 684.0, -90.0, -727.0
117.144362496, 647.0, -84.0, -735.0
117.163632128, 603.0, -93.0, -783.0
117.18290176, 567.0, -94.0, -776.0
117.202171392, 603.0, -48.0, -743.0
117.221441024, 668.0, -63.0, -751.0
117.240710656, 676.0, -79.0, -762.0
117.259980288, 627.0, -104.0, -764.0
117.279250048, 607.0, -116.0, -743.0
117.29851968, 647.0, -120.0, -742.0
117.31778926, 691.0, -107.0, -719.0
117.337056896, 718.0, -112.0, -701.0
117.35632448, 674.0, -107.0, -738.0
117.375591936, 640.0, -97.0, -758.0
117.39485952, 616.0, -103.0, -759.0
117.414127104, 613.0, -98.0, -760.0
117.43339456, 616.0, -87.0, -762.0
117.452662144, 616.0, -89.0, -761.0
117.471929728, 617.0, -94.0, -760.0
117.491197184, 616.0, -96.0, -759.0
117.510464768, 633.0, -95.0, -752.0
117.529732352, 636.0, -99.0, -750.0
117.548999808, 643.0, -98.0, -744.0
117.568267392, 656.0, -91.0, -741.0
117.587534848, 660.0, -88.0, -741.0
117.606802432, 667.0, -83.0, -735.0
117.626070016, 670.0, -73.0, -732.0
117.645337472, 673.0, -78.0, -731.0
117.664605056, 667.0, -87.0, -739.0
117.68387264, 651.0, -94.0, -752.0
117.703140096, 642.0, -104.0, -749.0
117.72240768, 646.0, -104.0, -750.0
117.741675264, 646.0, -92.0, -756.0
117.76094272, 645.0, -95.0, -753.0
117.780210304, 643.0, -89.0, -747.0
117.799477888, 637.0, -87.0, -752.0
117.818745344, 641.0, -89.0, -750.0
117.838012928, 641.0, -95.0, -745.0
117.857280512, 644.0, -99.0, -748.0
117.876547968, 646.0, -96.0, -746.0
117.895815552, 638.0, -94.0, -751.0
117.915083136, 629.0, -91.0, -751.0
117.934350592, 619.0, -86.0, -758.0
117.953618176, 622.0, -96.0, -754.0
117.972885632, 626.0, -102.0, -754.0
117.992153216, 623.0, -109.0, -755.0
118.0114208, 619.0, -92.0, -759.0
118.030688256, 622.0, -80.0, -753.0
118.04995584, 640.0, -87.0, -756.0
118.069223424, 643.0, -94.0, -751.0
118.08849088, 642.0, -93.0, -751.0
118.107758464, 645.0, -90.0, -748.0
118.127026048, 656.0, -82.0, -746.0
118.146293504, 666.0, -84.0, -740.0
118.165561088, 662.0, -92.0, -740.0
118.184828672, 665.0, -97.0, -734.0
118.204096128, 675.0, -92.0, -730.0
118.223363712, 680.0, -91.0, -732.0
118.242631296, 674.0, -85.0, -726.0
118.261898752, 665.0, -89.0, -730.0
118.281166336, 657.0, -91.0, -733.0
118.30043392, 662.0, -94.0, -729.0
118.319701376, 655.0, -92.0, -735.0
118.33896896, 658.0, -96.0, -736.0
118.358236544, 656.0, -92.0, -733.0
118.377504, 651.0, -89.0, -737.0
118.396771584, 650.0, -85.0, -737.0
118.41603904, 651.0, -91.0, -741.0
118.435306624, 647.0, -93.0, -739.0
118.454574208, 649.0, -78.0, -743.0
118.473841664, 657.0, -79.0, -749.0
118.493109248, 655.0, -89.0, -737.0
118.512376832, 659.0, -89.0, -744.0
118.531644288, 652.0, -92.0, -746.0
118.550911872, 648.0, -81.0, -749.0
118.570179456, 645.0, -83.0, -750.0
118.589446912, 644.0, -85.0, -750.0
118.608714496, 651.0, -81.0, -744.0
118.62798208, 644.0, -91.0, -750.0
118.647249536, 649.0, -89.0, -745.0
118.66651712, 650.0, -86.0, -744.0
118.685784704, 650.0, -87.0, -739.0
118.70505216, 651.0, -90.0, -738.0
118.724319744, 644.0, -88.0, -749.0
118.743587328, 640.0, -87.0, -746.0
118.762854784, 638.0, -88.0, -746.0
118.782122368, 641.0, -89.0, -747.0
118.801389824, 648.0, -82.0, -748.0
118.820657408, 650.0, -89.0, -746.0
118.839924992, 644.0, -84.0, -745.0
118.859192448, 646.0, -83.0, -752.0
118.878460032, 644.0, -87.0, -753.0
118.897727616, 637.0, -85.0, -751.0
118.916995072, 645.0, -83.0, -752.0
118.936262656, 647.0, -83.0, -751.0
118.95553024, 643.0, -84.0, -752.0
118.974797696, 648.0, -86.0, -751.0
118.99406528, 648.0, -91.0, -745.0
119.013332864, 653.0, -77.0, -739.0
119.03260032, 661.0, -88.0, -739.0
119.0518678, 654.0, -94.0, -739.0
119.071135616, 655.0, -92.0, -741.0
119.090403456, 652.0, -87.0, -739.0
119.109671296, 656.0, -75.0, -739.0
119.128939264, 650.0, -81.0, -738.0
119.148207104, 638.0, -88.0, -751.0
119.167474944, 629.0, -95.0, -752.0
119.186742784, 620.0, -88.0, -746.0
119.206010624, 625.0, -90.0, -756.0
119.225278464, 630.0, -90.0, -759.0
119.244546432, 637.0, -85.0, -750.0
119.263814272, 652.0, -84.0, -746.0
119.283082112, 660.0, -82.0, -743.0
119.302349952, 654.0, -83.0, -749.0
119.321617792, 647.0, -87.0, -749.0
119.34088576, 649.0, -85.0, -751.0
119.3601536, 654.0, -89.0, -743.0
119.37942144, 656.0, -86.0, -747.0
119.39868928, 650.0, -98.0, -747.0
119.41795712, 646.0, -91.0, -749.0
119.437225088, 648.0, -83.0, -745.0
119.456492928, 650.0, -82.0, -735.0
119.475760768, 651.0, -88.0, -742.0
119.495028608, 651.0, -98.0, -741.0
119.514296448, 655.0, -90.0, -728.0
119.533564288, 666.0, -89.0, -730.0
119.552832256, 663.0, -83.0, -735.0
119.572100096, 652.0, -94.0, -737.0
119.591367936, 644.0, -91.0, -741.0
119.610635776, 644.0, -89.0, -744.0
119.629903616, 652.0, -90.0, -740.0
119.649171584, 652.0, -88.0, -746.0
119.668439424, 660.0, -87.0, -740.0
119.687707264, 660.0, -90.0, -746.0
119.706975104, 656.0, -90.0, -745.0
119.726242944, 656.0, -90.0, -746.0
119.745510912, 651.0, -85.0, -749.0
119.764778752, 651.0, -81.0, -751.0
119.784046592, 647.0, -82.0, -745.0
119.803314432, 646.0, -87.0, -748.0
119.822582272, 648.0, -89.0, -751.0
119.841850112, 646.0, -93.0, -744.0
119.86111808, 652.0, -82.0, -737.0
119.88038592, 655.0, -80.0, -739.0
119.89965376, 649.0, -86.0, -742.0
119.9189216, 634.0, -87.0, -745.0
119.93818944, 632.0, -90.0, -747.0
119.957457408, 643.0, -90.0, -750.0
119.976725248, 651.0, -91.0, -739.0
119.995993088, 658.0, -92.0, -737.0
120.015260928, 652.0, -92.0, -743.0
120.034528768, 646.0, -85.0, -744.0
120.053796736, 641.0, -86.0, -747.0
120.073064576, 646.0, -78.0, -746.0
120.092332416, 664.0, -85.0, -737.0
120.111600256, 668.0, -85.0, -738.0
120.130868096, 668.0, -86.0, -741.0
120.150135936, 655.0, -84.0, -748.0
120.169403904, 652.0, -89.0, -748.0
120.188671744, 654.0, -89.0, -747.0
120.207939584, 648.0, -93.0, -750.0
120.227207424, 645.0, -89.0, -751.0
120.246475264, 645.0, -94.0, -745.0
120.265743232, 639.0, -89.0, -747.0
120.285011072, 642.0, -89.0, -748.0
120.304278912, 642.0, -96.0, -750.0
120.323546752, 638.0, -91.0, -746.0
120.342814592, 627.0, -84.0, -757.0
120.36208256, 615.0, -88.0, -759.0
120.3813504, 616.0, -91.0, -762.0
120.40061824, 626.0, -87.0, -759.0
120.41988608, 627.0, -88.0, -757.0
120.43915392, 626.0, -85.0, -758.0
120.45842176, 637.0, -82.0, -749.0
120.477689728, 642.0, -76.0, -752.0
120.496957568, 653.0, -76.0, -750.0
120.516225408, 659.0, -79.0, -749.0
120.535493248, 654.0, -77.0, -749.0
120.554761088, 645.0, -83.0, -756.0
120.574029056, 636.0, -88.0, -757.0
120.593296896, 629.0, -84.0, -755.0
120.612564736, 637.0, -82.0, -760.0
120.631832576, 638.0, -89.0, -755.0
120.651100416, 636.0, -83.0, -754.0
120.670368384, 634.0, -86.0, -757.0
120.689636224, 626.0, -95.0, -761.0
120.708904064, 628.0, -100.0, -756.0
120.728171904, 626.0, -90.0, -753.0
120.747439744, 638.0, -84.0, -750.0
120.766707584, 648.0, -86.0, -749.0
120.785975552, 636.0, -88.0, -753.0
120.805243392, 623.0, -86.0, -759.0
120.824511232, 632.0, -87.0, -755.0
120.843779072, 646.0, -78.0, -750.0
120.863047008, 649.0, -85.0, -749.0
120.88231488, 650.0, -87.0, -755.0
120.90158272, 640.0, -92.0, -756.0
120.920850432, 636.0, -86.0, -760.0
120.940118272, 633.0, -86.0, -762.0
120.959386112, 630.0, -80.0, -764.0
120.978653824, 625.0, -86.0, -762.0
120.997921664, 635.0, -95.0, -757.0
121.017189504, 648.0, -88.0, -752.0
121.036457216, 657.0, -92.0, -749.0
121.055725056, 651.0, -94.0, -744.0
121.074992896, 643.0, -82.0, -750.0
121.094260608, 632.0, -88.0, -754.0
121.113528448, 643.0, -93.0, -742.0
121.132796288, 653.0, -96.0, -740.0
121.152064128, 650.0, -93.0, -745.0
121.17133184, 639.0, -84.0, -742.0
121.19059968, 635.0, -93.0, -746.0
121.20986752, 646.0, -100.0, -744.0
121.229135232, 651.0, -91.0, -743.0
121.248403072, 649.0, -85.0, -743.0
121.267670912, 641.0, -89.0, -748.0
121.286938624, 640.0, -86.0, -756.0
121.306206464, 642.0, -88.0, -754.0
121.325474304, 633.0, -94.0, -757.0
121.344742016, 642.0, -93.0, -755.0
121.364009856, 648.0, -90.0, -748.0
121.383277696, 657.0, -89.0, -745.0
121.402545408, 644.0, -92.0, -756.0
121.421813248, 636.0, -88.0, -756.0
121.441081088, 643.0, -94.0, -748.0
121.4603488, 643.0, -91.0, -747.0
121.47961664, 636.0, -83.0, -748.0
121.49888448, 633.0, -87.0, -746.0
121.518152192, 639.0, -92.0, -749.0
121.537420032, 646.0, -94.0, -746.0
121.556687872, 645.0, -92.0, -744.0
121.575955584, 644.0, -88.0, -746.0
121.595223424, 641.0, -91.0, -743.0
121.614491264, 647.0, -90.0, -745.0
121.633759104, 650.0, -90.0, -738.0
121.653026816, 659.0, -77.0, -741.0
121.672294656, 659.0, -84.0, -742.0
121.691562496, 653.0, -88.0, -746.0
121.710830208, 654.0, -88.0, -749.0
121.730098048, 656.0, -84.0, -746.0
121.749365888, 659.0, -84.0, -743.0
121.7686336, 648.0, -87.0, -749.0
121.78790144, 651.0, -83.0, -751.0
121.80716928, 646.0, -81.0, -755.0
121.826436992, 640.0, -86.0, -760.0
121.845704832, 622.0, -85.0, -764.0
121.864972672, 611.0, -85.0, -765.0
121.884240384, 604.0, -79.0, -761.0
121.903508224, 620.0, -82.0, -767.0
121.922776064, 626.0, -89.0, -759.0
121.942043776, 622.0, -96.0, -763.0
121.961311616, 616.0, -91.0, -762.0
121.980579456, 612.0, -84.0, -758.0
121.999847168, 617.0, -86.0, -765.0
122.019115008, 620.0, -98.0, -763.0
122.038382848, 632.0, -93.0, -761.0
122.05765056, 629.0, -83.0, -760.0
122.0769184, 630.0, -81.0, -757.0
122.09618624, 641.0, -87.0, -751.0
122.11545408, 652.0, -85.0, -751.0
122.134721792, 657.0, -91.0, -746.0
122.153989632, 667.0, -95.0, -744.0
122.173257472, 657.0, -87.0, -745.0
122.192525184, 650.0, -85.0, -749.0
122.211793024, 659.0, -91.0, -745.0
122.231060864, 661.0, -87.0, -745.0
122.250328576, 653.0, -92.0, -749.0
122.269596416, 643.0, -99.0, -747.0
122.288864256, 647.0, -88.0, -747.0
122.308131968, 643.0, -97.0, -746.0
122.327399808, 631.0, -94.0, -746.0
122.346667648, 633.0, -86.0, -749.0
122.36593536, 632.0, -87.0, -753.0
122.3852032, 635.0, -92.0, -748.0
122.40447104, 644.0, -98.0, -745.0
122.423738752, 652.0, -90.0, -744.0
122.443006592, 649.0, -84.0, -747.0
122.462274432, 644.0, -90.0, -754.0
122.481542144, 633.0, -90.0, -759.0
122.500809984, 631.0, -89.0, -760.0
122.520077824, 632.0, -86.0, -756.0
122.539345536, 637.0, -80.0, -762.0
122.558613376, 638.0, -85.0, -756.0
122.577881216, 644.0, -87.0, -755.0
122.597149056, 642.0, -89.0, -762.0
122.616416768, 632.0, -88.0, -757.0
122.635684608, 638.0, -86.0, -757.0
122.654952448, 639.0, -90.0, -753.0
122.67422012, 632.0, -87.0, -752.0
122.693488768, 629.0, -83.0, -756.0
122.712757376, 632.0, -94.0, -754.0
122.732025984, 641.0, -97.0, -748.0
122.751294592, 647.0, -94.0, -747.0
122.7705632, 641.0, -82.0, -746.0
122.789831808, 635.0, -85.0, -750.0
122.809100416, 631.0, -93.0, -750.0
122.828369024, 636.0, -91.0, -751.0
122.847637632, 643.0, -87.0, -749.0
122.86690624, 649.0, -85.0, -744.0
122.886174848, 652.0, -86.0, -750.0
122.905443456, 647.0, -88.0, -750.0
122.924712064, 648.0, -89.0, -747.0
122.943980672, 653.0, -92.0, -745.0
122.96324928, 653.0, -77.0, -743.0
122.982517888, 652.0, -82.0, -755.0
123.001786496, 644.0, -84.0, -751.0
123.021055104, 641.0, -79.0, -747.0
123.040323712, 648.0, -78.0, -749.0
123.05959232, 648.0, -88.0, -750.0
123.078860928, 639.0, -93.0, -754.0
123.098129536, 636.0, -94.0, -756.0
123.117398144, 627.0, -84.0, -756.0
123.136666752, 624.0, -81.0, -756.0
123.155935488, 626.0, -90.0, -759.0
123.175204096, 620.0, -89.0, -758.0
123.194472704, 624.0, -87.0, -757.0
123.213741312, 627.0, -87.0, -755.0
123.23300992, 633.0, -88.0, -753.0
123.252278528, 635.0, -95.0, -753.0
123.271547136, 639.0, -91.0, -757.0
123.290815744, 637.0, -84.0, -757.0
123.310084352, 627.0, -83.0, -761.0
123.32935296, 632.0, -90.0, -760.0
123.348621568, 640.0, -94.0, -756.0
123.367890176, 645.0, -93.0, -753.0
123.387158784, 649.0, -89.0, -756.0
123.406427392, 643.0, -85.0, -753.0
123.425696, 645.0, -85.0, -747.0
123.444964608, 657.0, -90.0, -743.0
123.464233216, 652.0, -97.0, -741.0
123.483501824, 654.0, -96.0, -738.0
123.502770432, 651.0, -91.0, -749.0
123.52203904, 644.0, -91.0, -744.0
123.541307648, 640.0, -94.0, -743.0
123.560576256, 648.0, -94.0, -741.0
123.579844864, 651.0, -102.0, -739.0
123.599113472, 654.0, -94.0, -740.0
123.61838208, 660.0, -92.0, -734.0
123.637650688, 645.0, -85.0, -741.0
123.656919296, 636.0, -89.0, -750.0
123.676187904, 637.0, -89.0, -752.0
123.695456512, 645.0, -90.0, -751.0
123.71472512, 643.0, -90.0, -754.0
123.733993728, 643.0, -89.0, -757.0
123.753262336, 638.0, -89.0, -762.0
123.772530944, 645.0, -87.0, -755.0
123.791799552, 652.0, -87.0, -752.0
123.81106816, 652.0, -86.0, -750.0
123.830336768, 652.0, -89.0, -752.0
123.849605376, 645.0, -96.0, -754.0
123.868873984, 640.0, -86.0, -755.0
123.888142592, 639.0, -85.0, -748.0
123.9074112, 651.0, -96.0, -746.0
123.926679808, 641.0, -97.0, -753.0
123.945948416, 628.0, -96.0, -758.0
123.965217024, 616.0, -88.0, -764.0
123.984485632, 615.0, -93.0, -762.0
124.00375424, 616.0, -94.0, -764.0
124.023022848, 618.0, -99.0, -765.0
124.042291456, 607.0, -95.0, -771.0
124.061560064, 606.0, -85.0, -769.0
124.0808288, 605.0, -76.0, -774.0
124.100097408, 619.0, -85.0, -766.0
124.119366016, 630.0, -93.0, -764.0
124.138634624, 641.0, -95.0, -761.0
124.157903232, 648.0, -85.0, -753.0
124.17717184, 645.0, -87.0, -756.0
124.196440448, 639.0, -92.0, -758.0
124.215709056, 634.0, -84.0, -755.0
124.234977664, 635.0, -82.0, -760.0
124.254246272, 630.0, -88.0, -764.0
124.27351488, 624.0, -94.0, -758.0
124.292783488, 633.0, -91.0, -756.0
124.312052096, 644.0, -86.0, -748.0
124.331320704, 646.0, -95.0, -747.0
124.350589312, 641.0, -97.0, -753.0
124.36985792, 638.0, -90.0, -753.0
124.389126528, 633.0, -90.0, -754.0
124.408395136, 635.0, -87.0, -755.0
124.427663744, 636.0, -96.0, -756.0
124.446932352, 639.0, -94.0, -749.0
124.46620096, 647.0, -92.0, -753.0
124.485469524, 632.0, -91.0, -762.0
124.504736512, 620.0, -90.0, -770.0
124.524003456, 612.0, -91.0, -772.0
124.5432704, 626.0, -88.0, -767.0
124.562537216, 634.0, -92.0, -761.0
124.58180416, 633.0, -89.0, -760.0
124.601071104, 632.0, -95.0, -766.0
124.620338048, 624.0, -88.0, -766.0
124.639604992, 615.0, -92.0, -769.0
124.658871936, 623.0, -87.0, -763.0
124.678138752, 622.0, -93.0, -764.0
124.697405696, 626.0, -94.0, -763.0
124.71667264, 621.0, -93.0, -760.0
124.735939584, 621.0, -95.0, -762.0
124.755206528, 620.0, -91.0, -757.0
124.774473472, 623.0, -90.0, -764.0
124.793740288, 616.0, -93.0, -764.0
124.813007232, 615.0, -88.0, -768.0
124.832274176, 617.0, -83.0, -764.0
124.85154112, 628.0, -88.0, -763.0
124.870808064, 628.0, -93.0, -760.0
124.890075008, 627.0, -94.0, -767.0
124.909341824, 628.0, -92.0, -765.0
124.928608768, 635.0, -83.0, -762.0
124.947875712, 637.0, -87.0, -762.0
124.967142656, 636.0, -87.0, -760.0
124.9864096, 634.0, -92.0, -764.0
125.005676544, 644.0, -88.0, -759.0
125.02494336, 641.0, -88.0, -756.0
125.044210304, 635.0, -89.0, -762.0
125.063477248, 629.0, -87.0, -758.0
125.082744192, 629.0, -89.0, -761.0
125.102011136, 634.0, -89.0, -757.0
125.12127808, 636.0, -89.0, -755.0
125.140544896, 630.0, -90.0, -763.0
125.15981184, 626.0, -93.0, -761.0
125.179078784, 623.0, -92.0, -759.0
125.198345728, 622.0, -91.0, -763.0
125.217612672, 630.0, -88.0, -758.0
125.236879616, 624.0, -89.0, -760.0
125.256146432, 624.0, -89.0, -765.0
125.275413376, 625.0, -92.0, -764.0
125.29468032, 625.0, -92.0, -763.0
125.313947264, 628.0, -86.0, -765.0
125.333214208, 630.0, -85.0, -766.0
125.352481152, 627.0, -88.0, -769.0
125.371747968, 626.0, -93.0, -767.0
125.391014912, 614.0, -90.0, -775.0
125.410281856, 615.0, -84.0, -771.0
125.4295488, 620.0, -86.0, -767.0
125.448815744, 629.0, -92.0, -765.0
125.468082688, 633.0, -94.0, -756.0
125.487349504, 628.0, -89.0, -765.0
125.506616448, 620.0, -92.0, -765.0
125.525883392, 622.0, -92.0, -767.0
125.545150336, 630.0, -90.0, -759.0
125.56441728, 627.0, -98.0, -758.0
125.583684224, 623.0, -93.0, -759.0
125.60295104, 622.0, -90.0, -762.0
125.622217984, 629.0, -91.0, -759.0
125.641484928, 630.0, -88.0, -762.0
125.660751872, 625.0, -93.0, -761.0
125.680018816, 626.0, -92.0, -767.0
125.69928576, 631.0, -84.0, -756.0
125.718552576, 633.0, -88.0, -762.0
125.73781952, 636.0, -87.0, -755.0
125.757086464, 634.0, -91.0, -760.0
125.776353408, 628.0, -93.0, -765.0
125.795620352, 629.0, -92.0, -762.0
125.814887296, 631.0, -84.0, -766.0
125.834154112, 626.0, -86.0, -765.0
125.853421056, 625.0, -84.0, -763.0
125.872688, 626.0, -89.0, -760.0
125.891954944, 626.0, -92.0, -763.0
125.911221888, 624.0, -100.0, -762.0
125.930488832, 625.0, -96.0, -760.0
125.949755648, 629.0, -96.0, -758.0
125.969022592, 634.0, -90.0, -758.0
125.988289536, 630.0, -96.0, -753.0
126.00755648, 633.0, -95.0, -754.0
126.026823424, 639.0, -95.0, -756.0
126.04609024, 644.0, -89.0, -753.0
126.065357184, 630.0, -85.0, -759.0
126.084624128, 625.0, -99.0, -764.0
126.103891072, 620.0, -91.0, -767.0
126.123158016, 626.0, -85.0, -767.0
126.14242496, 623.0, -85.0, -771.0
126.161691776, 619.0, -83.0, -771.0
126.18095872, 612.0, -85.0, -777.0
126.200225664, 611.0, -106.0, -772.0
126.219492608, 628.0, -104.0, -768.0
126.238759552, 628.0, -95.0, -768.0
126.258026496, 615.0, -87.0, -766.0
126.277293312, 623.0, -86.0, -763.0
126.296560228, 642.0, -89.0, -756.0
126.315825408, 646.0, -96.0, -756.0
126.33509056, 632.0, -100.0, -760.0
126.35435584, 634.0, -92.0, -755.0
126.373620992, 634.0, -87.0, -755.0
126.392886272, 627.0, -85.0, -760.0
126.412151424, 618.0, -96.0, -765.0
126.431416576, 610.0, -96.0, -773.0
126.450681856, 586.0, -76.0, -783.0
126.469947008, 583.0, -89.0, -787.0
126.48921216, 593.0, -104.0, -779.0
126.50847744, 603.0, -96.0, -778.0
126.527742592, 602.0, -85.0, -783.0
126.547007872, 611.0, -92.0, -778.0
126.566273024, 612.0, -102.0, -771.0
126.585538176, 630.0, -95.0, -767.0
126.604803456, 631.0, -98.0, -766.0
126.624068608, 634.0, -90.0, -763.0
126.643333888, 626.0, -93.0, -767.0
126.66259904, 630.0, -94.0, -761.0
126.681864192, 637.0, -94.0, -766.0
126.701129472, 637.0, -87.0, -756.0
126.720394624, 626.0, -90.0, -759.0
126.739659904, 628.0, -93.0, -762.0
126.758925056, 627.0, -99.0, -755.0
126.778190208, 631.0, -95.0, -759.0
126.797455488, 627.0, -90.0, -755.0
126.81672064, 620.0, -88.0, -765.0
126.835985792, 619.0, -98.0, -765.0
126.855251072, 626.0, -91.0, -759.0
126.874516224, 633.0, -91.0, -762.0
126.893781504, 631.0, -85.0, -765.0
126.913046656, 618.0, -94.0, -770.0
126.932311808, 609.0, -90.0, -775.0
126.951577088, 606.0, -95.0, -779.0
126.97084224, 605.0, -97.0, -782.0
126.99010752, 609.0, -87.0, -778.0
127.009372672, 608.0, -87.0, -778.0
127.028637824, 610.0, -94.0, -776.0
127.047903104, 611.0, -95.0, -778.0
127.067168256, 608.0, -99.0, -774.0
127.086433536, 615.0, -94.0, -775.0
127.105698688, 628.0, -85.0, -766.0
127.12496384, 620.0, -86.0, -763.0
127.14422912, 613.0, -92.0, -771.0
127.163494272, 607.0, -95.0, -773.0
127.182759424, 602.0, -98.0, -769.0
127.202024704, 613.0, -90.0, -772.0
127.221289856, 621.0, -94.0, -767.0
127.240555136, 624.0, -95.0, -763.0
127.259820288, 620.0, -93.0, -761.0
127.27908544, 621.0, -93.0, -767.0
127.29835072, 620.0, -87.0, -766.0
127.317615872, 624.0, -93.0, -762.0
127.336881152, 625.0, -85.0, -767.0
127.356146304, 631.0, -83.0, -767.0
127.375411456, 621.0, -95.0, -773.0
127.394676736, 627.0, -93.0, -768.0
127.413941888, 647.0, -84.0, -756.0
127.433207168, 657.0, -94.0, -755.0
127.45247232, 653.0, -96.0, -754.0
127.471737472, 643.0, -99.0, -758.0
127.491002752, 612.0, -99.0, -775.0
127.510267904, 591.0, -107.0, -775.0
127.529533056, 596.0, -96.0, -775.0
127.548798336, 603.0, -99.0, -772.0
127.568063488, 604.0, -94.0, -779.0
127.587328768, 603.0, -100.0, -773.0
127.60659392, 610.0, -102.0, -770.0
127.625859072, 624.0, -101.0, -762.0
127.645124352, 623.0, -93.0, -761.0
127.664389504, 611.0, -87.0, -766.0
127.683654784, 613.0, -100.0, -770.0
127.702919936, 617.0, -90.0, -764.0
127.722185088, 640.0, -95.0, -762.0
127.741450368, 644.0, -90.0, -758.0
127.76071552, 651.0, -89.0, -755.0
127.7799808, 641.0, -97.0, -762.0
127.799245952, 633.0, -90.0, -766.0
127.818511104, 631.0, -86.0, -762.0
127.837776384, 635.0, -95.0, -763.0
127.857041536, 638.0, -92.0, -760.0
127.876306688, 634.0, -95.0, -762.0
127.895571968, 620.0, -98.0, -774.0
127.91483712, 611.0, -100.0, -775.0
127.9341024, 596.0, -101.0, -778.0
127.953367552, 601.0, -90.0, -776.0
127.972632704, 607.0, -85.0, -773.0
127.991897984, 619.0, -93.0, -764.0
128.011163136, 630.0, -97.0, -758.0
128.030428416, 620.0, -85.0, -761.0
128.049693568, 616.0, -76.0, -770.0
128.06895872, 610.0, -97.0, -769.0
128.088224, 622.0, -100.0, -768.0
128.107489194, 623.0, -91.0, -771.0
128.126756352, 612.0, -91.0, -777.0
128.146023552, 607.0, -91.0, -777.0
128.165290624, 609.0, -98.0, -780.0
128.184557824, 606.0, -99.0, -781.0
128.203824896, 599.0, -90.0, -776.0
128.223092096, 602.0, -93.0, -785.0
128.242359168, 602.0, -91.0, -783.0
128.261626368, 604.0, -79.0, -776.0
128.28089344, 618.0, -89.0, -775.0
128.30016064, 617.0, -84.0, -769.0
128.319427712, 616.0, -90.0, -768.0
128.338694912, 605.0, -91.0, -775.0
128.357961984, 601.0, -103.0, -776.0
128.377229184, 619.0, -97.0, -765.0
128.396496256, 626.0, -96.0, -765.0
128.415763456, 621.0, -104.0, -763.0
128.435030528, 621.0, -98.0, -770.0
128.454297728, 625.0, -95.0, -765.0
128.4735648, 626.0, -101.0, -767.0
128.492832, 621.0, -99.0, -772.0
128.512099072, 616.0, -97.0, -765.0
128.531366272, 614.0, -95.0, -774.0
128.550633344, 619.0, -95.0, -769.0
128.569900544, 617.0, -96.0, -778.0
128.589167616, 617.0, -90.0, -770.0
128.608434816, 626.0, -104.0, -767.0
128.627701888, 631.0, -99.0, -766.0
128.646969088, 619.0, -90.0, -769.0
128.66623616, 614.0, -91.0, -772.0
128.68550336, 620.0, -103.0, -773.0
128.704770432, 618.0, -105.0, -771.0
128.724037632, 613.0, -95.0, -773.0
128.743304704, 613.0, -87.0, -767.0
128.762571904, 614.0, -101.0, -770.0
128.781838976, 613.0, -101.0, -769.0
128.801106176, 604.0, -91.0, -769.0
128.820373376, 605.0, -88.0, -775.0
128.839640448, 601.0, -94.0, -778.0
128.858907648, 606.0, -98.0, -773.0
128.87817472, 608.0, -93.0, -772.0
128.89744192, 617.0, -87.0, -771.0
128.916708992, 610.0, -95.0, -775.0
128.935976192, 613.0, -95.0, -774.0
128.955243264, 615.0, -98.0, -772.0
128.974510464, 621.0, -97.0, -774.0
128.993777536, 622.0, -94.0, -772.0
129.013044736, 610.0, -90.0, -774.0
129.032311808, 610.0, -90.0, -781.0
129.051579008, 616.0, -97.0, -772.0
129.07084608, 629.0, -97.0, -771.0
129.09011328, 632.0, -99.0, -771.0
129.109380352, 625.0, -93.0, -767.0
129.128647552, 615.0, -90.0, -767.0
129.147914624, 605.0, -88.0, -777.0
129.167181824, 609.0, -90.0, -770.0
129.186448896, 614.0, -96.0, -770.0
129.205716096, 614.0, -98.0, -766.0
129.224983168, 619.0, -95.0, -766.0
129.244250368, 617.0, -94.0, -767.0
129.26351744, 620.0, -89.0, -767.0
129.28278464, 611.0, -93.0, -768.0
129.302051712, 617.0, -98.0, -769.0
129.321318912, 616.0, -95.0, -770.0
129.340585984, 618.0, -84.0, -772.0
129.359853184, 618.0, -88.0, -770.0
129.379120256, 623.0, -94.0, -772.0
129.398387456, 625.0, -95.0, -768.0
129.417654528, 619.0, -98.0, -772.0
129.436921728, 617.0, -90.0, -771.0
129.4561888, 625.0, -85.0, -773.0
129.475456, 623.0, -94.0, -769.0
129.494723072, 626.0, -92.0, -767.0
129.513990272, 625.0, -98.0, -771.0
129.533257472, 619.0, -98.0, -771.0
129.552524544, 620.0, -93.0, -767.0
129.571791744, 624.0, -95.0, -769.0
129.591058816, 621.0, -92.0, -762.0
129.610326016, 612.0, -95.0, -768.0
129.629593088, 612.0, -98.0, -770.0
129.648860288, 610.0, -100.0, -769.0
129.66812736, 614.0, -96.0, -769.0
129.68739456, 615.0, -92.0, -767.0
129.706661632, 614.0, -94.0, -767.0
129.725928832, 610.0, -96.0, -770.0
129.745195904, 614.0, -93.0, -766.0
129.764463104, 622.0, -98.0, -767.0
129.783730176, 630.0, -92.0, -768.0
129.802997376, 625.0, -87.0, -774.0
129.822264448, 624.0, -88.0, -770.0
129.841531648, 621.0, -91.0, -768.0
129.86079872, 626.0, -92.0, -767.0
129.88006592, 633.0, -88.0, -767.0
129.899332992, 631.0, -92.0, -766.0
129.918600192, 629.0, -97.0, -769.0
129.937867283, 627.0, -93.0, -762.0
129.957134848, 622.0, -95.0, -764.0
129.976402432, 620.0, -97.0, -765.0
129.995670016, 614.0, -102.0, -770.0
130.0149376, 610.0, -95.0, -767.0
130.034205184, 614.0, -88.0, -768.0
130.053472768, 614.0, -95.0, -765.0
130.072740352, 620.0, -103.0, -769.0
130.092007936, 625.0, -97.0, -764.0
130.11127552, 625.0, -89.0, -765.0
130.130543232, 619.0, -92.0, -769.0
130.149810816, 619.0, -93.0, -773.0
130.1690784, 620.0, -95.0, -769.0
130.188345984, 621.0, -91.0, -770.0
130.207613568, 623.0, -92.0, -772.0
130.226881152, 625.0, -91.0, -769.0
130.246148736, 635.0, -85.0, -744.0
130.26541632, 647.0, -92.0, -773.0
130.284683904, 659.0, -116.0, -773.0
130.303951488, 665.0, -99.0, -747.0
130.323219072, 666.0, -85.0, -767.0
130.342486656, 596.0, -121.0, -801.0
130.36175424, 553.0, -119.0, -802.0
130.381021824, 580.0, -92.0, -808.0
130.400289408, 568.0, -119.0, -812.0
130.419556992, 620.0, -140.0, -827.0
130.438824704, 662.0, -143.0, -859.0
130.458092288, 667.0, -183.0, -917.0
130.477359872, 585.0, -129.0, -912.0
130.496627456, 503.0, -37.0, -871.0
130.51589504, 516.0, 1.0, -871.0
130.535162624, 587.0, -39.0, -881.0
130.554430208, 1021.0, 160.0, -948.0
130.573697792, 929.0, 304.0, -986.0
130.592965376, 897.0, 226.0, -660.0
130.61223296, 659.0, 221.0, -465.0
130.631500544, 172.0, 543.0, -774.0
130.650768128, 701.0, 443.0, -548.0
130.670035712, 642.0, 390.0, -535.0
130.689303296, 635.0, 408.0, -658.0
130.70857088, 617.0, 376.0, -596.0
130.727838464, 626.0, 392.0, -577.0
130.747106176, 569.0, 363.0, -585.0
130.76637376, 540.0, 348.0, -578.0
130.785641344, 552.0, 374.0, -585.0
130.804908928, 581.0, 411.0, -612.0
130.824176512, 597.0, 425.0, -640.0
130.843444096, 585.0, 409.0, -622.0
130.86271168, 537.0, 413.0, -613.0
130.881979264, 559.0, 425.0, -643.0
130.901246848, 592.0, 436.0, -634.0
130.920514432, 592.0, 407.0, -596.0
130.939782016, 724.0, 363.0, -552.0
130.9590496, 709.0, 465.0, -504.0
130.978317184, 517.0, 373.0, -645.0
130.997584768, 474.0, 260.0, -578.0
131.016852352, 890.0, 281.0, -542.0
131.036119936, 569.0, 343.0, -664.0
131.055387615, 427.0, 299.0, -732.0
131.07465472, 665.0, 353.0, -731.0
131.093921792, 826.0, 377.0, -737.0
131.113188864, 906.0, 382.0, -774.0
131.132455936, 891.0, 438.0, -755.0
131.151723136, 835.0, 402.0, -778.0
131.170990208, 702.0, 261.0, -703.0
131.19025728, 643.0, 140.0, -666.0
131.209524352, 609.0, 44.0, -647.0
131.228791424, 610.0, -140.0, -613.0
131.248058496, 612.0, -294.0, -602.0
131.267325696, 624.0, -359.0, -678.0
131.286592768, 557.0, -505.0, -731.0
131.30585984, -708.0, -405.0, -204.0
131.325126912, 342.0, -553.0, -725.0
131.344393984, 1412.0, -449.0, -1060.0
131.363661056, 469.0, -188.0, -1050.0
131.382928256, 145.0, -406.0, -554.0
131.402195328, 510.0, -188.0, -896.0
131.4214624, 682.0, -240.0, -1021.0
131.440729472, 576.0, -182.0, -822.0
131.459996544, 522.0, -102.0, -931.0
131.479263616, 353.0, -65.0, -1042.0
131.498530688, 356.0, -103.0, -907.0
131.517797888, 340.0, -84.0, -816.0
131.53706496, 181.0, -129.0, -891.0
131.556332032, 144.0, -294.0, -972.0
131.575599104, 287.0, -352.0, -918.0
131.594866176, 443.0, -323.0, -876.0
131.614133248, 412.0, -293.0, -877.0
131.633400448, 375.0, -235.0, -921.0
131.65266752, 444.0, -186.0, -905.0
131.671934592, 326.0, -187.0, -929.0
131.691201664, 278.0, -155.0, -911.0
131.710468736, 258.0, -142.0, -921.0
131.729735808, 243.0, -162.0, -925.0
131.74900288, 267.0, -207.0, -927.0
131.76827008, 300.0, -247.0, -930.0
131.787537152, 308.0, -246.0, -936.0
131.806804224, 318.0, -212.0, -926.0
131.826071296, 323.0, -187.0, -929.0
131.845338368, 299.0, -153.0, -915.0
131.86460544, 288.0, -135.0, -930.0
131.88387264, 266.0, -160.0, -934.0
131.903139712, 247.0, -205.0, -942.0
131.922406784, 261.0, -208.0, -938.0
131.941673856, 291.0, -192.0, -936.0
131.960940928, 276.0, -176.0, -950.0
131.980208, 220.0, -175.0, -937.0
131.9994752, 193.0, -164.0, -932.0
132.018742272, 198.0, -167.0, -938.0
132.038009344, 226.0, -173.0, -947.0
132.057276416, 231.0, -178.0, -944.0
132.076543488, 220.0, -178.0, -946.0
132.09581056, 214.0, -187.0, -942.0
132.115077632, 206.0, -192.0, -933.0
132.134344832, 223.0, -175.0, -925.0
132.153611904, 262.0, -187.0, -940.0
132.172878955, 273.0, -191.0, -938.0
132.19214656, 268.0, -209.0, -936.0
132.211414144, 270.0, -224.0, -929.0
132.2306816, 255.0, -210.0, -923.0
132.249949184, 279.0, -207.0, -923.0
132.269216768, 319.0, -197.0, -932.0
132.288484224, 326.0, -192.0, -933.0
132.307751808, 317.0, -201.0, -924.0
132.327019392, 314.0, -196.0, -923.0
132.346286848, 311.0, -191.0, -917.0
132.365554432, 321.0, -203.0, -917.0
132.384822016, 313.0, -213.0, -924.0
132.404089472, 312.0, -227.0, -921.0
132.423357056, 301.0, -215.0, -918.0
132.442624512, 274.0, -211.0, -909.0
132.461892096, 303.0, -207.0, -902.0
132.48115968, 338.0, -211.0, -917.0
132.500427136, 333.0, -233.0, -915.0
132.51969472, 327.0, -227.0, -893.0
132.538962304, 339.0, -225.0, -899.0
132.55822976, 342.0, -219.0, -899.0
132.577497344, 360.0, -213.0, -898.0
132.596764928, 351.0, -227.0, -894.0
132.616032384, 370.0, -226.0, -867.0
132.635299968, 352.0, -246.0, -900.0
132.654567552, 347.0, -259.0, -878.0
132.673835008, 401.0, -263.0, -893.0
132.693102592, 453.0, -248.0, -879.0
132.712370176, 475.0, -217.0, -882.0
132.731637632, 510.0, -150.0, -883.0
132.750905216, 335.0, -312.0, -881.0
132.7701728, 139.0, -379.0, -871.0
132.789440256, 290.0, -252.0, -852.0
132.80870784, 477.0, -219.0, -886.0
132.827975296, 545.0, -185.0, -856.0
132.84724288, 498.0, -196.0, -862.0
132.866510464, 398.0, -271.0, -902.0
132.88577792, 323.0, -284.0, -887.0
132.905045504, 296.0, -280.0, -877.0
132.924313088, 342.0, -254.0, -878.0
132.943580544, 395.0, -243.0, -878.0
132.962848128, 401.0, -241.0, -887.0
132.982115712, 387.0, -237.0, -885.0
133.001383168, 375.0, -241.0, -871.0
133.020650752, 397.0, -245.0, -886.0
133.039918336, 404.0, -247.0, -889.0
133.059185792, 387.0, -242.0, -878.0
133.078453376, 382.0, -247.0, -883.0
133.09772096, 376.0, -246.0, -888.0
133.116988416, 363.0, -249.0, -887.0
133.136256, 358.0, -250.0, -883.0
133.155523584, 343.0, -249.0, -882.0
133.17479104, 354.0, -250.0, -884.0
133.194058624, 365.0, -247.0, -890.0
133.21332608, 373.0, -252.0, -894.0
133.232593664, 364.0, -247.0, -887.0
133.251861248, 363.0, -251.0, -886.0
133.271128704, 358.0, -241.0, -889.0
133.290396288, 349.0, -227.0, -886.0
133.309663872, 330.0, -222.0, -889.0
133.328931328, 319.0, -229.0, -897.0
133.348198912, 361.0, -258.0, -887.0
133.367466496, 392.0, -248.0, -892.0
133.386733952, 382.0, -244.0, -896.0
133.406001536, 368.0, -237.0, -892.0
133.42526912, 334.0, -216.0, -891.0
133.444536576, 315.0, -227.0, -899.0
133.463804086, 321.0, -224.0, -894.0
133.483070208, 354.0, -242.0, -897.0
133.502336384, 369.0, -248.0, -893.0
133.521602688, 372.0, -247.0, -898.0
133.540868864, 368.0, -246.0, -897.0
133.56013504, 356.0, -238.0, -899.0
133.579401216, 346.0, -233.0, -897.0
133.59866752, 334.0, -232.0, -897.0
133.617933696, 334.0, -235.0, -900.0
133.637199872, 335.0, -233.0, -901.0
133.656466048, 336.0, -231.0, -898.0
133.675732352, 339.0, -225.0, -900.0
133.694998528, 337.0, -239.0, -901.0
133.714264704, 339.0, -235.0, -897.0
133.73353088, 347.0, -240.0, -899.0
133.752797184, 345.0, -239.0, -898.0
133.77206336, 330.0, -230.0, -893.0
133.791329536, 327.0, -235.0, -908.0
133.810595712, 341.0, -233.0, -898.0
133.829862016, 340.0, -238.0, -906.0
133.849128192, 325.0, -231.0, -896.0
133.868394368, 326.0, -232.0, -898.0
133.887660544, 332.0, -238.0, -906.0
133.906926848, 345.0, -235.0, -905.0
133.926193024, 336.0, -234.0, -905.0
133.9454592, 329.0, -230.0, -904.0
133.964725376, 332.0, -232.0, -905.0
133.98399168, 334.0, -239.0, -904.0
134.003257856, 327.0, -236.0, -904.0
134.022524032, 322.0, -237.0, -896.0
134.041790208, 325.0, -222.0, -897.0
134.061056512, 337.0, -236.0, -908.0
134.080322688, 332.0, -234.0, -901.0
134.099588864, 323.0, -237.0, -905.0
134.11885504, 324.0, -245.0, -903.0
134.138121344, 332.0, -235.0, -899.0
134.15738752, 337.0, -228.0, -902.0
134.176653696, 333.0, -229.0, -905.0
134.195919872, 327.0, -237.0, -905.0
134.215186176, 330.0, -238.0, -901.0
134.234452352, 339.0, -232.0, -906.0
134.253718528, 332.0, -237.0, -902.0
134.272984704, 331.0, -236.0, -904.0
134.292251008, 329.0, -230.0, -901.0
134.311517184, 330.0, -235.0, -901.0
134.33078336, 337.0, -233.0, -904.0
134.350049536, 333.0, -240.0, -907.0
134.36931584, 321.0, -239.0, -903.0
134.388582016, 325.0, -232.0, -901.0
134.407848192, 332.0, -233.0, -905.0
134.427114368, 336.0, -235.0, -902.0
134.446380672, 342.0, -235.0, -906.0
134.465646848, 327.0, -236.0, -897.0
134.484913024, 317.0, -235.0, -906.0
134.5041792, 319.0, -237.0, -905.0
134.523445504, 333.0, -234.0, -905.0
134.54271168, 337.0, -235.0, -906.0
134.561977856, 334.0, -232.0, -903.0
134.581244032, 329.0, -237.0, -902.0
134.600510336, 325.0, -233.0, -904.0
134.619776512, 326.0, -231.0, -905.0
134.639042688, 320.0, -234.0, -900.0
134.658308864, 330.0, -235.0, -901.0
134.677575168, 339.0, -234.0, -900.0
134.696841344, 335.0, -236.0, -905.0
134.71610752, 332.0, -233.0, -906.0
134.735373696, 328.0, -233.0, -904.0
134.75464, 321.0, -233.0, -903.0
134.773906176, 322.0, -233.0, -900.0
134.793172352, 327.0, -234.0, -903.0
134.812438528, 334.0, -236.0, -904.0
134.831704832, 331.0, -234.0, -905.0
134.850971008, 327.0, -231.0, -898.0
134.870237184, 323.0, -232.0, -902.0
134.88950336, 336.0, -236.0, -904.0
134.908769664, 338.0, -237.0, -906.0
134.92803584, 327.0, -235.0, -904.0
134.947302016, 321.0, -235.0, -901.0
134.966568192, 326.0, -242.0, -907.0
134.985834496, 335.0, -240.0, -904.0
135.005100672, 331.0, -239.0, -901.0
135.024366848, 330.0, -235.0, -906.0
135.043633024, 325.0, -240.0, -899.0
135.062899328, 329.0, -236.0, -901.0
135.082165504, 334.0, -240.0, -900.0
135.10143168, 330.0, -240.0, -904.0
135.120697856, 326.0, -243.0, -903.0
135.13996416, 332.0, -237.0, -902.0
135.159230336, 330.0, -234.0, -907.0
135.178496512, 332.0, -237.0, -907.0
135.197762688, 323.0, -237.0, -905.0
135.217028992, 329.0, -236.0, -899.0
135.236295168, 335.0, -236.0, -906.0
135.255561344, 331.0, -231.0, -905.0
135.274827658, 325.0, -236.0, -901.0
135.29409472, 324.0, -236.0, -902.0
135.313361792, 326.0, -240.0, -904.0
135.332628864, 330.0, -239.0, -896.0
135.351895936, 331.0, -239.0, -904.0
135.37116288, 325.0, -237.0, -903.0
135.390429952, 323.0, -237.0, -904.0
135.409697024, 324.0, -242.0, -901.0
135.428964096, 333.0, -240.0, -903.0
135.448231168, 328.0, -240.0, -908.0
135.46749824, 329.0, -235.0, -899.0
135.486765184, 326.0, -237.0, -900.0
135.506032256, 329.0, -244.0, -900.0
135.525299328, 338.0, -238.0, -902.0
135.5445664, 335.0, -242.0, -907.0
135.563833472, 327.0, -240.0, -903.0
135.583100544, 327.0, -235.0, -903.0
135.602367616, 330.0, -237.0, -907.0
135.62163456, 326.0, -239.0, -903.0
135.640901632, 328.0, -237.0, -903.0
135.660168704, 329.0, -240.0, -905.0
135.679435776, 335.0, -238.0, -903.0
135.698702848, 334.0, -239.0, -901.0
135.71796992, 327.0, -242.0, -898.0
135.737236864, 325.0, -240.0, -906.0
135.756503936, 327.0, -236.0, -902.0
135.775771008, 332.0, -241.0, -900.0
135.79503808, 338.0, -245.0, -903.0
135.814305152, 338.0, -241.0, -898.0
135.833572224, 323.0, -239.0, -904.0
135.852839296, 322.0, -236.0, -898.0
135.87210624, 331.0, -243.0, -897.0
135.891373312, 343.0, -238.0, -909.0
135.910640384, 338.0, -238.0, -901.0
135.929907456, 331.0, -240.0, -901.0
135.949174528, 323.0, -236.0, -905.0
135.9684416, 327.0, -237.0, -900.0
135.987708544, 330.0, -244.0, -904.0
136.006975616, 337.0, -240.0, -902.0
136.026242688, 335.0, -237.0, -906.0
136.04550976, 327.0, -242.0, -903.0
136.064776832, 323.0, -243.0, -904.0
136.084043904, 326.0, -242.0, -905.0
136.103310976, 332.0, -237.0, -901.0
136.12257792, 326.0, -239.0, -897.0
136.141844992, 330.0, -243.0, -901.0
136.161112064, 326.0, -243.0, -904.0
136.180379136, 321.0, -242.0, -903.0
136.199646208, 330.0, -236.0, -908.0
136.21891328, 329.0, -243.0, -907.0
136.238180224, 322.0, -241.0, -900.0
136.257447296, 326.0, -241.0, -897.0
136.276714368, 326.0, -237.0, -905.0
136.29598144, 326.0, -239.0, -904.0
136.315248512, 322.0, -239.0, -903.0
136.334515584, 323.0, -237.0, -905.0
136.353782656, 326.0, -240.0, -906.0
136.3730496, 331.0, -238.0, -905.0
136.392316672, 327.0, -236.0, -905.0
136.411583744, 317.0, -234.0, -905.0
136.430850816, 310.0, -232.0, -904.0
136.450117888, 323.0, -232.0, -903.0
136.46938496, 330.0, -241.0, -905.0
136.488651904, 327.0, -241.0, -906.0
136.507918976, 325.0, -241.0, -908.0
136.527186048, 315.0, -237.0, -905.0
136.54645312, 309.0, -237.0, -909.0
136.565720192, 316.0, -241.0, -908.0
136.584987264, 319.0, -237.0, -902.0
136.604254208, 334.0, -242.0, -907.0
136.62352128, 331.0, -239.0, -907.0
136.642788352, 317.0, -240.0, -904.0
136.662055424, 319.0, -238.0, -903.0
136.681322496, 323.0, -239.0, -905.0
136.700589568, 331.0, -237.0, -905.0
136.71985664, 328.0, -239.0, -905.0
136.739123584, 322.0, -240.0, -904.0
136.758390656, 321.0, -238.0, -904.0
136.777657728, 323.0, -242.0, -904.0
136.7969248, 325.0, -240.0, -905.0
136.816191872, 328.0, -237.0, -905.0
136.835458944, 325.0, -229.0, -908.0
136.854725888, 324.0, -229.0, -905.0
136.87399296, 319.0, -240.0, -903.0
136.893260032, 321.0, -241.0, -906.0
136.912527104, 330.0, -241.0, -904.0
136.931794176, 328.0, -240.0, -907.0
136.951061248, 326.0, -238.0, -907.0
136.97032832, 322.0, -239.0, -898.0
136.989595264, 320.0, -237.0, -902.0
137.008862336, 321.0, -243.0, -905.0
137.028129408, 322.0, -242.0, -908.0
137.04739648, 327.0, -245.0, -903.0
137.066663552, 327.0, -243.0, -904.0
137.085930568, 325.0, -240.0, -906.0
137.105196672, 325.0, -238.0, -903.0
137.12446272, 333.0, -237.0, -903.0
137.143728896, 330.0, -236.0, -902.0
137.162994944, 331.0, -239.0, -900.0
137.18226112, 334.0, -236.0, -907.0
137.201527168, 331.0, -233.0, -903.0
137.220793344, 326.0, -240.0, -901.0
137.240059392, 326.0, -239.0, -901.0
137.259325568, 333.0, -242.0, -907.0
137.278591616, 326.0, -239.0, -905.0
137.297857792, 326.0, -236.0, -900.0
137.31712384, 323.0, -237.0, -908.0
137.336390016, 321.0, -238.0, -904.0
137.355656064, 320.0, -239.0, -901.0
137.37492224, 332.0, -247.0, -897.0
137.394188288, 337.0, -244.0, -906.0
137.413454464, 331.0, -239.0, -904.0
137.432720512, 329.0, -237.0, -904.0
137.451986688, 322.0, -239.0, -901.0
137.471252736, 333.0, -247.0, -900.0
137.490518912, 336.0, -244.0, -904.0
137.50978496, 329.0, -237.0, -903.0
137.529051136, 321.0, -237.0, -902.0
137.548317184, 327.0, -233.0, -905.0
137.56758336, 336.0, -237.0, -904.0
137.586849408, 334.0, -237.0, -908.0
137.606115584, 329.0, -236.0, -901.0
137.625381632, 325.0, -234.0, -901.0
137.644647808, 334.0, -232.0, -904.0
137.663913856, 336.0, -236.0, -903.0
137.683180032, 333.0, -236.0, -907.0
137.70244608, 327.0, -234.0, -902.0
137.721712256, 318.0, -238.0, -897.0
137.740978304, 317.0, -240.0, -903.0
137.76024448, 322.0, -240.0, -906.0
137.779510528, 326.0, -242.0, -896.0
137.798776704, 326.0, -240.0, -902.0
137.818042752, 325.0, -239.0, -906.0
137.837308928, 331.0, -242.0, -899.0
137.856574976, 331.0, -237.0, -903.0
137.875841152, 321.0, -240.0, -901.0
137.8951072, 329.0, -241.0, -903.0
137.914373376, 326.0, -244.0, -904.0
137.933639424, 329.0, -242.0, -903.0
137.9529056, 331.0, -240.0, -905.0
137.972171648, 335.0, -240.0, -904.0
137.991437824, 326.0, -238.0, -902.0
138.010703872, 320.0, -236.0, -902.0
138.029970048, 323.0, -233.0, -905.0
138.049236096, 330.0, -244.0, -907.0
138.068502272, 329.0, -236.0, -906.0
138.08776832, 327.0, -234.0, -904.0
138.107034496, 325.0, -236.0, -904.0
138.126300544, 329.0, -236.0, -903.0
138.14556672, 331.0, -241.0, -901.0
138.164832768, 329.0, -241.0, -903.0
138.184098816, 336.0, -237.0, -900.0
138.203364992, 327.0, -239.0, -900.0
138.22263104, 327.0, -241.0, -904.0
138.241897216, 330.0, -246.0, -903.0
138.261163264, 327.0, -240.0, -898.0
138.28042944, 328.0, -239.0, -903.0
138.299695488, 335.0, -236.0, -901.0
138.318961664, 344.0, -234.0, -906.0
138.338227712, 333.0, -246.0, -905.0
138.357493888, 332.0, -241.0, -899.0
138.376759936, 326.0, -235.0, -898.0
138.396026112, 333.0, -241.0, -900.0
138.41529216, 342.0, -238.0, -905.0
138.434558336, 335.0, -243.0, -904.0
138.453824384, 326.0, -235.0, -900.0
138.47309056, 321.0, -239.0, -902.0
138.492356608, 328.0, -238.0, -905.0
138.511622784, 331.0, -241.0, -903.0
138.530888832, 331.0, -240.0, -901.0
138.550155008, 333.0, -238.0, -899.0
138.569421056, 327.0, -235.0, -904.0
138.588687232, 323.0, -247.0, -904.0
138.60795328, 329.0, -243.0, -901.0
138.627219456, 334.0, -239.0, -905.0
138.646485504, 336.0, -239.0, -902.0
138.66575168, 333.0, -242.0, -903.0
138.685017728, 325.0, -243.0, -901.0
138.704283904, 331.0, -243.0, -902.0
138.723549952, 333.0, -235.0, -897.0
138.742816128, 334.0, -237.0, -898.0
138.762082176, 334.0, -240.0, -901.0
138.781348352, 331.0, -240.0, -901.0
138.8006144, 338.0, -243.0, -899.0
138.819880576, 337.0, -237.0, -901.0
138.839146624, 340.0, -241.0, -901.0
138.8584128, 330.0, -236.0, -904.0
138.877678848, 335.0, -238.0, -905.0
138.896944988, 336.0, -244.0, -904.0
138.916211968, 333.0, -239.0, -900.0
138.935478912, 333.0, -240.0, -900.0
138.954745728, 334.0, -239.0, -900.0
138.974012672, 336.0, -243.0, -903.0
138.993279488, 329.0, -238.0, -903.0
139.012546432, 325.0, -240.0, -899.0
139.031813248, 327.0, -240.0, -900.0
139.051080192, 333.0, -240.0, -896.0
139.070347136, 333.0, -242.0, -905.0
139.089613952, 329.0, -243.0, -905.0
139.108880896, 330.0, -237.0, -897.0
139.128147712, 333.0, -238.0, -899.0
139.147414656, 335.0, -238.0, -903.0
139.1666816, 330.0, -241.0, -900.0
139.185948416, 331.0, -232.0, -902.0
139.20521536, 332.0, -236.0, -898.0
139.224482176, 328.0, -238.0, -900.0
139.24374912, 339.0, -238.0, -906.0
139.263015936, 336.0, -238.0, -903.0
139.28228288, 329.0, -234.0, -904.0
139.301549824, 333.0, -241.0, -903.0
139.32081664, 330.0, -239.0, -905.0
139.340083584, 331.0, -239.0, -904.0
139.3593504, 326.0, -240.0, -904.0
139.378617344, 327.0, -235.0, -902.0
139.39788416, 327.0, -236.0, -903.0
139.417151104, 324.0, -239.0, -901.0
139.436418048, 333.0, -237.0, -902.0
139.455684864, 328.0, -240.0, -901.0
139.474951808, 329.0, -238.0, -900.0
139.494218624, 331.0, -239.0, -901.0
139.513485568, 326.0, -239.0, -909.0
139.532752512, 325.0, -240.0, -902.0
139.552019328, 333.0, -237.0, -899.0
139.571286272, 331.0, -238.0, -907.0
139.590553088, 326.0, -237.0, -900.0
139.609820032, 321.0, -239.0, -903.0
139.629086848, 329.0, -238.0, -903.0
139.648353792, 332.0, -232.0, -904.0
139.667620736, 334.0, -236.0, -905.0
139.686887552, 323.0, -237.0, -902.0
139.706154496, 323.0, -234.0, -906.0
139.725421312, 323.0, -243.0, -907.0
139.744688256, 327.0, -240.0, -899.0
139.763955072, 330.0, -237.0, -904.0
139.783222016, 328.0, -240.0, -902.0
139.80248896, 326.0, -239.0, -907.0
139.821755776, 326.0, -242.0, -906.0
139.84102272, 326.0, -240.0, -907.0
139.860289536, 322.0, -243.0, -903.0
139.87955648, 324.0, -238.0, -902.0
139.898823296, 324.0, -237.0, -901.0
139.91809024, 328.0, -237.0, -906.0
139.937357184, 325.0, -240.0, -903.0
139.956624, 324.0, -237.0, -905.0
139.975890944, 324.0, -239.0, -901.0
139.99515776, 326.0, -235.0, -903.0
140.014424704, 328.0, -237.0, -904.0
140.033691648, 329.0, -242.0, -903.0
140.052958464, 330.0, -233.0, -903.0
140.072225408, 329.0, -235.0, -903.0
140.091492224, 329.0, -240.0, -900.0
140.110759168, 324.0, -238.0, -903.0
140.130025984, 327.0, -236.0, -905.0
140.149292928, 327.0, -236.0, -907.0
140.168559872, 331.0, -237.0, -907.0
140.187826688, 325.0, -233.0, -903.0
140.207093632, 319.0, -241.0, -904.0
140.226360448, 322.0, -241.0, -905.0
140.245627392, 327.0, -239.0, -903.0
140.264894208, 328.0, -239.0, -900.0
140.284161152, 331.0, -237.0, -902.0
140.303428096, 326.0, -237.0, -902.0
140.322694912, 317.0, -238.0, -904.0
140.341961856, 325.0, -239.0, -904.0
140.361228672, 327.0, -240.0, -896.0
140.380495616, 328.0, -240.0, -901.0
140.39976256, 331.0, -241.0, -904.0
140.419029376, 326.0, -239.0, -901.0
140.43829632, 324.0, -239.0, -907.0
140.457563136, 330.0, -236.0, -905.0
140.47683008, 331.0, -242.0, -903.0
140.496096896, 326.0, -239.0, -902.0
140.51536384, 327.0, -237.0, -903.0
140.534630784, 324.0, -235.0, -900.0
140.5538976, 331.0, -234.0, -901.0
140.573164544, 332.0, -237.0, -904.0
140.59243136, 331.0, -243.0, -905.0
140.611698304, 325.0, -238.0, -901.0
140.63096512, 326.0, -237.0, -903.0
140.650232064, 332.0, -238.0, -903.0
140.669499008, 329.0, -240.0, -899.0
140.688765824, 329.0, -238.0, -905.0
140.708032648, 323.0, -238.0, -902.0
140.727299584, 325.0, -245.0, -904.0
140.746566528, 335.0, -239.0, -905.0
140.765833344, 337.0, -237.0, -902.0
140.785100288, 327.0, -238.0, -901.0
140.804367232, 327.0, -238.0, -906.0
140.823634048, 328.0, -242.0, -899.0
140.842900992, 331.0, -237.0, -906.0
140.862167936, 337.0, -236.0, -901.0
140.881434752, 337.0, -238.0, -905.0
140.900701696, 332.0, -235.0, -902.0
140.91996864, 327.0, -236.0, -906.0
140.939235584, 325.0, -236.0, -904.0
140.9585024, 327.0, -232.0, -903.0
140.977769344, 329.0, -238.0, -898.0
140.997036288, 328.0, -243.0, -902.0
141.016303104, 326.0, -242.0, -900.0
141.035570048, 327.0, -239.0, -902.0
141.054836992, 327.0, -240.0, -902.0
141.074103808, 332.0, -237.0, -904.0
141.093370752, 334.0, -242.0, -900.0
141.112637696, 331.0, -239.0, -903.0
141.131904512, 333.0, -244.0, -897.0
141.151171456, 325.0, -243.0, -902.0
141.1704384, 329.0, -240.0, -902.0
141.189705216, 333.0, -242.0, -903.0
141.20897216, 336.0, -238.0, -903.0
141.228239104, 337.0, -239.0, -905.0
141.24750592, 327.0, -240.0, -902.0
141.266772864, 330.0, -244.0, -898.0
141.286039808, 335.0, -233.0, -902.0
141.305306752, 337.0, -238.0, -901.0
141.324573568, 331.0, -234.0, -904.0
141.343840512, 328.0, -238.0, -901.0
141.363107456, 329.0, -237.0, -906.0
141.382374272, 333.0, -233.0, -904.0
141.401641216, 330.0, -241.0, -901.0
141.42090816, 329.0, -238.0, -905.0
141.440174976, 336.0, -237.0, -906.0
141.45944192, 330.0, -236.0, -905.0
141.478708864, 325.0, -239.0, -899.0
141.49797568, 329.0, -238.0, -902.0
141.517242624, 334.0, -242.0, -899.0
141.536509568, 333.0, -238.0, -902.0
141.555776384, 336.0, -235.0, -901.0
141.575043328, 331.0, -239.0, -902.0
141.594310272, 330.0, -240.0, -902.0
141.613577088, 333.0, -243.0, -900.0
141.632844032, 332.0, -236.0, -902.0
141.652110976, 337.0, -236.0, -903.0
141.67137792, 332.0, -240.0, -899.0
141.690644736, 333.0, -237.0, -902.0
141.70991168, 336.0, -235.0, -899.0
141.729178624, 331.0, -235.0, -909.0
141.74844544, 331.0, -237.0, -902.0
141.767712384, 327.0, -235.0, -897.0
141.786979328, 324.0, -237.0, -902.0
141.806246144, 333.0, -238.0, -903.0
141.825513088, 329.0, -241.0, -900.0
141.844780032, 333.0, -241.0, -905.0
141.864046848, 329.0, -238.0, -898.0
141.883313792, 330.0, -237.0, -904.0
141.902580736, 333.0, -239.0, -905.0
141.921847552, 327.0, -240.0, -900.0
141.941114496, 327.0, -244.0, -898.0
141.96038144, 337.0, -245.0, -902.0
141.979648256, 338.0, -240.0, -905.0
141.9989152, 332.0, -237.0, -900.0
142.018182144, 331.0, -236.0, -901.0
142.03744896, 331.0, -237.0, -900.0
142.056715904, 333.0, -241.0, -903.0
142.075982848, 337.0, -241.0, -899.0
142.095249792, 340.0, -240.0, -900.0
142.114516608, 337.0, -240.0, -900.0
142.133783552, 328.0, -236.0, -901.0
142.153050496, 330.0, -240.0, -901.0
142.172317312, 336.0, -238.0, -904.0
142.191584256, 336.0, -240.0, -899.0
142.2108512, 331.0, -237.0, -903.0
142.230118016, 334.0, -236.0, -902.0
142.24938496, 333.0, -240.0, -897.0
142.268651904, 332.0, -243.0, -899.0
142.28791872, 330.0, -240.0, -904.0
142.307185664, 328.0, -243.0, -898.0
142.326452608, 336.0, -240.0, -896.0
142.345719424, 329.0, -243.0, -907.0
142.364986368, 336.0, -246.0, -902.0
142.384253312, 336.0, -240.0, -896.0
142.403520128, 337.0, -238.0, -899.0
142.422787072, 338.0, -242.0, -901.0
142.442054016, 332.0, -241.0, -898.0
142.46132096, 337.0, -242.0, -897.0
142.480587776, 338.0, -240.0, -901.0
142.49985472, 338.0, -242.0, -903.0
142.519121664, 336.0, -241.0, -902.0
142.53838848, 337.0, -234.0, -900.0
142.557655386, 335.0, -233.0, -899.0
142.576922368, 335.0, -237.0, -903.0
142.596189312, 337.0, -242.0, -899.0
142.615456128, 330.0, -236.0, -899.0
142.634723072, 326.0, -237.0, -900.0
142.653990016, 334.0, -238.0, -899.0
142.673256832, 338.0, -241.0, -900.0
142.692523776, 333.0, -237.0, -898.0
142.71179072, 336.0, -242.0, -902.0
142.731057536, 334.0, -239.0, -898.0
142.75032448, 327.0, -244.0, -903.0
142.769591424, 322.0, -244.0, -897.0
142.788858368, 334.0, -244.0, -902.0
142.808125184, 339.0, -238.0, -900.0
142.827392128, 340.0, -235.0, -897.0
142.846659072, 332.0, -241.0, -900.0
142.865925888, 339.0, -242.0, -903.0
142.885192832, 342.0, -236.0, -897.0
142.904459776, 333.0, -241.0, -903.0
142.923726592, 332.0, -235.0, -901.0
142.942993536, 337.0, -241.0, -906.0
142.96226048, 327.0, -236.0, -902.0
142.981527296, 329.0, -233.0, -903.0
143.00079424, 329.0, -232.0, -899.0
143.020061184, 331.0, -234.0, -899.0
143.039328, 334.0, -239.0, -905.0
143.058594944, 333.0, -237.0, -901.0
143.077861888, 326.0, -240.0, -904.0
143.097128704, 324.0, -241.0, -904.0
143.116395648, 328.0, -240.0, -905.0
143.135662592, 331.0, -241.0, -899.0
143.154929408, 330.0, -244.0, -901.0
143.174196352, 326.0, -241.0, -901.0
143.193463296, 333.0, -243.0, -903.0
143.21273024, 330.0, -236.0, -903.0
143.231997056, 326.0, -238.0, -904.0
143.251264, 323.0, -237.0, -904.0
143.270530944, 328.0, -238.0, -899.0
143.28979776, 334.0, -240.0, -900.0
143.309064704, 337.0, -239.0, -903.0
143.328331648, 332.0, -240.0, -903.0
143.347598464, 332.0, -231.0, -904.0
143.366865408, 330.0, -234.0, -903.0
143.386132352, 329.0, -237.0, -904.0
143.405399168, 331.0, -237.0, -904.0
143.424666112, 332.0, -239.0, -910.0
143.443933056, 329.0, -235.0, -905.0
143.463199872, 323.0, -241.0, -905.0
143.482466816, 325.0, -241.0, -901.0
143.50173376, 329.0, -239.0, -903.0
143.521000576, 335.0, -237.0, -903.0
143.54026752, 326.0, -241.0, -907.0
143.559534464, 323.0, -241.0, -902.0
143.578801408, 328.0, -243.0, -899.0
143.598068224, 327.0, -238.0, -901.0
143.617335168, 332.0, -241.0, -897.0
143.636602112, 330.0, -238.0, -901.0
143.655868928, 331.0, -242.0, -898.0
143.675135872, 332.0, -237.0, -902.0
143.694402816, 330.0, -235.0, -904.0
143.713669632, 336.0, -231.0, -902.0
143.732936576, 330.0, -233.0, -903.0
143.75220352, 332.0, -239.0, -904.0
143.771470336, 333.0, -240.0, -902.0
143.79073728, 330.0, -239.0, -900.0
143.810004224, 333.0, -234.0, -901.0
143.82927104, 339.0, -232.0, -902.0
143.848537984, 332.0, -239.0, -908.0
143.867804928, 329.0, -243.0, -901.0
143.887071744, 325.0, -242.0, -901.0
143.906338688, 333.0, -241.0, -901.0
143.925605632, 334.0, -237.0, -902.0
143.944872576, 333.0, -239.0, -896.0
143.964139392, 332.0, -244.0, -904.0
143.983406336, 335.0, -238.0, -904.0
144.00267328, 336.0, -241.0, -896.0
144.021940096, 334.0, -239.0, -898.0
144.04120704, 333.0, -242.0, -900.0
144.060473984, 330.0, -242.0, -905.0
144.0797408, 330.0, -235.0, -899.0
144.099007744, 339.0, -236.0, -901.0
144.118274688, 338.0, -237.0, -900.0
144.137541504, 336.0, -234.0, -900.0
144.156808448, 333.0, -235.0, -904.0
144.176075392, 329.0, -242.0, -899.0
144.195342208, 335.0, -236.0, -900.0
144.214609152, 334.0, -239.0, -903.0
144.233876096, 335.0, -239.0, -902.0
144.253142912, 330.0, -236.0, -900.0
144.272409856, 331.0, -243.0, -901.0
144.2916768, 336.0, -241.0, -900.0
144.310943616, 336.0, -240.0, -900.0
144.33021056, 334.0, -241.0, -901.0
144.349477504, 337.0, -241.0, -898.0
144.368744448, 336.0, -240.0, -901.0
144.388011264, 334.0, -239.0, -901.0
144.407278118, 335.0, -241.0, -897.0
144.426546048, 330.0, -240.0, -896.0
144.445814016, 341.0, -239.0, -902.0
144.465082112, 339.0, -240.0, -902.0
144.48435008, 338.0, -239.0, -900.0
144.503618176, 332.0, -237.0, -901.0
144.522886144, 336.0, -237.0, -900.0
144.54215424, 338.0, -237.0, -901.0
144.561422208, 339.0, -234.0, -899.0
144.580690304, 336.0, -238.0, -899.0
144.599958272, 339.0, -240.0, -899.0
144.619226368, 327.0, -239.0, -897.0
144.638494336, 332.0, -237.0, -899.0
144.657762304, 342.0, -235.0, -897.0
144.6770304, 342.0, -246.0, -900.0
144.696298368, 337.0, -237.0, -899.0
144.715566464, 334.0, -242.0, -896.0
144.734834432, 335.0, -237.0, -902.0
144.754102528, 339.0, -240.0, -901.0
144.773370496, 334.0, -246.0, -899.0
144.792638592, 337.0, -241.0, -898.0
144.81190656, 337.0, -240.0, -897.0
144.831174656, 338.0, -234.0, -902.0
144.850442624, 337.0, -244.0, -901.0
144.869710592, 338.0, -241.0, -897.0
144.888978688, 341.0, -238.0, -897.0
144.908246656, 340.0, -237.0, -897.0
144.927514752, 337.0, -235.0, -895.0
144.94678272, 339.0, -237.0, -901.0
144.966050816, 339.0, -237.0, -901.0
144.985318784, 336.0, -237.0, -899.0
145.00458688, 333.0, -241.0, -901.0
145.023854848, 337.0, -241.0, -901.0
145.043122944, 346.0, -236.0, -904.0
145.062390912, 336.0, -239.0, -898.0
145.08165888, 334.0, -240.0, -899.0
145.100926976, 327.0, -242.0, -896.0
145.120194944, 337.0, -246.0, -897.0
145.13946304, 340.0, -247.0, -901.0
145.158731008, 336.0, -243.0, -896.0
145.177999104, 330.0, -245.0, -900.0
145.197267072, 334.0, -242.0, -894.0
145.216535168, 343.0, -245.0, -904.0
145.235803136, 339.0, -236.0, -897.0
145.255071232, 332.0, -238.0, -897.0
145.2743392, 331.0, -238.0, -899.0
145.293607168, 336.0, -240.0, -896.0
145.312875264, 342.0, -236.0, -897.0
145.332143232, 346.0, -240.0, -902.0
145.351411328, 339.0, -234.0, -899.0
145.370679296, 341.0, -237.0, -900.0
145.389947392, 343.0, -239.0, -896.0
145.40921536, 337.0, -237.0, -899.0
145.428483456, 336.0, -241.0, -897.0
145.447751424, 335.0, -233.0, -897.0
145.46701952, 335.0, -237.0, -900.0
145.486287488, 339.0, -240.0, -899.0
145.505555584, 331.0, -239.0, -903.0
145.524823552, 335.0, -241.0, -896.0
145.54409152, 347.0, -242.0, -899.0
145.563359616, 348.0, -243.0, -896.0
145.582627584, 337.0, -242.0, -898.0
145.60189568, 326.0, -241.0, -895.0
145.621163648, 338.0, -244.0, -895.0
145.640431744, 343.0, -239.0, -901.0
145.659699712, 341.0, -240.0, -893.0
145.678967808, 336.0, -243.0, -899.0
145.698235776, 338.0, -240.0, -896.0
145.717503872, 342.0, -234.0, -900.0
145.73677184, 342.0, -242.0, -897.0
145.756039808, 338.0, -242.0, -895.0
145.775307904, 338.0, -238.0, -897.0
145.794575872, 342.0, -239.0, -897.0
145.813843968, 347.0, -242.0, -898.0
145.833111936, 348.0, -239.0, -898.0
145.852380032, 346.0, -236.0, -902.0
145.871648, 336.0, -237.0, -900.0
145.890916096, 340.0, -243.0, -899.0
145.910184064, 335.0, -246.0, -898.0
145.92945216, 345.0, -245.0, -901.0
145.948720128, 339.0, -240.0, -900.0
145.967988096, 342.0, -241.0, -897.0
145.987256192, 333.0, -237.0, -895.0
146.00652416, 334.0, -245.0, -899.0
146.025792256, 337.0, -246.0, -898.0
146.045060224, 342.0, -242.0, -895.0
146.06432832, 341.0, -241.0, -894.0
146.083596288, 339.0, -241.0, -899.0
146.102864384, 340.0, -245.0, -897.0
146.122132352, 337.0, -240.0, -897.0
146.141400448, 342.0, -241.0, -899.0
146.160668416, 345.0, -240.0, -900.0
146.179936384, 345.0, -237.0, -897.0
146.19920448, 336.0, -243.0, -895.0
146.21847259, 343.0, -241.0, -897.0
146.237739264, 344.0, -244.0, -899.0
146.257005952, 338.0, -237.0, -898.0
146.276272512, 342.0, -241.0, -896.0
146.2955392, 345.0, -241.0, -900.0
146.314805888, 339.0, -248.0, -897.0
146.334072448, 337.0, -244.0, -895.0
146.353339136, 342.0, -240.0, -896.0
146.372605824, 342.0, -245.0, -897.0
146.391872384, 342.0, -246.0, -904.0
146.411139072, 335.0, -240.0, -895.0
146.430405632, 334.0, -245.0, -897.0
146.44967232, 342.0, -237.0, -892.0
146.468939008, 344.0, -241.0, -897.0
146.488205568, 339.0, -243.0, -899.0
146.507472256, 338.0, -241.0, -897.0
146.526738944, 340.0, -237.0, -899.0
146.546005504, 341.0, -237.0, -900.0
146.565272192, 335.0, -240.0, -901.0
146.58453888, 340.0, -243.0, -892.0
146.60380544, 344.0, -239.0, -901.0
146.623072128, 350.0, -236.0, -899.0
146.642338816, 336.0, -244.0, -901.0
146.661605376, 340.0, -240.0, -898.0
146.680872064, 336.0, -241.0, -900.0
146.700138624, 341.0, -233.0, -897.0
146.719405312, 339.0, -242.0, -896.0
146.738672, 341.0, -247.0, -896.0
146.75793856, 344.0, -243.0, -898.0
146.777205248, 333.0, -238.0, -900.0
146.796471936, 336.0, -242.0, -896.0
146.815738496, 337.0, -247.0, -898.0
146.835005184, 342.0, -244.0, -899.0
146.854271872, 341.0, -243.0, -898.0
146.873538432, 335.0, -244.0, -898.0
146.89280512, 332.0, -240.0, -898.0
146.912071808, 336.0, -239.0, -898.0
146.931338368, 336.0, -240.0, -899.0
146.950605056, 340.0, -240.0, -899.0
146.969871744, 343.0, -238.0, -898.0
146.989138304, 342.0, -237.0, -897.0
147.008404992, 336.0, -238.0, -902.0
147.027671552, 335.0, -232.0, -899.0
147.04693824, 338.0, -238.0, -904.0
147.066204928, 339.0, -238.0, -899.0
147.085471488, 337.0, -237.0, -898.0
147.104738176, 332.0, -239.0, -905.0
147.124004864, 334.0, -240.0, -902.0
147.143271424, 329.0, -240.0, -902.0
147.162538112, 337.0, -237.0, -901.0
147.1818048, 338.0, -239.0, -898.0
147.20107136, 339.0, -243.0, -901.0
147.220338048, 328.0, -238.0, -899.0
147.239604736, 333.0, -243.0, -900.0
147.258871296, 331.0, -241.0, -900.0
147.278137984, 333.0, -241.0, -901.0
147.297404672, 335.0, -242.0, -897.0
147.316671232, 331.0, -243.0, -900.0
147.33593792, 331.0, -237.0, -902.0
147.35520448, 333.0, -237.0, -901.0
147.374471168, 336.0, -235.0, -900.0
147.393737856, 340.0, -240.0, -902.0
147.413004416, 333.0, -237.0, -902.0
147.432271104, 330.0, -235.0, -906.0
147.451537792, 326.0, -240.0, -902.0
147.470804352, 332.0, -238.0, -901.0
147.49007104, 343.0, -239.0, -903.0
147.509337728, 341.0, -234.0, -899.0
147.528604288, 329.0, -243.0, -900.0
147.547870976, 323.0, -235.0, -897.0
147.567137664, 332.0, -246.0, -897.0
147.586404224, 336.0, -238.0, -901.0
147.605670912, 336.0, -241.0, -903.0
147.624937472, 334.0, -241.0, -907.0
147.64420416, 333.0, -244.0, -896.0
147.663470848, 333.0, -240.0, -901.0
147.682737408, 335.0, -241.0, -900.0
147.702004096, 331.0, -244.0, -901.0
147.721270784, 334.0, -240.0, -902.0
147.740537344, 334.0, -240.0, -901.0
147.759804032, 336.0, -239.0, -899.0
147.77907072, 332.0, -241.0, -902.0
147.79833728, 333.0, -238.0, -899.0
147.817603968, 337.0, -236.0, -905.0
147.836870656, 331.0, -235.0, -901.0
147.856137216, 330.0, -241.0, -900.0
147.875403904, 329.0, -240.0, -903.0
147.894670592, 338.0, -237.0, -901.0
147.913937152, 337.0, -233.0, -903.0
147.93320384, 330.0, -241.0, -899.0
147.9524704, 328.0, -238.0, -904.0
147.971737088, 333.0, -239.0, -898.0
147.991003776, 331.0, -243.0, -903.0
148.010270336, 336.0, -239.0, -897.0
148.029537024, 334.0, -243.0, -899.0
148.048803712, 333.0, -237.0, -898.0
148.068070272, 333.0, -240.0, -901.0
148.087336927, 333.0, -245.0, -899.0
148.106604672, 338.0, -243.0, -900.0
148.125872384, 338.0, -236.0, -897.0
148.145140224, 339.0, -238.0, -902.0
148.164407936, 331.0, -240.0, -900.0
148.183675648, 328.0, -238.0, -898.0
148.20294336, 335.0, -237.0, -897.0
148.2222112, 341.0, -234.0, -899.0
148.241478912, 345.0, -235.0, -903.0
148.260746624, 334.0, -239.0, -900.0
148.280014336, 328.0, -238.0, -900.0
148.299282176, 328.0, -238.0, -902.0
148.318549888, 335.0, -236.0, -896.0
148.3378176, 344.0, -240.0, -899.0
148.35708544, 341.0, -239.0, -901.0
148.376353152, 326.0, -240.0, -898.0
148.395620864, 327.0, -240.0, -900.0
148.414888576, 337.0, -241.0, -899.0
148.434156416, 342.0, -241.0, -900.0
148.453424128, 335.0, -245.0, -900.0
148.47269184, 335.0, -244.0, -894.0
148.49195968, 337.0, -242.0, -897.0
148.511227392, 339.0, -242.0, -898.0
148.530495104, 336.0, -244.0, -899.0
148.549762816, 342.0, -241.0, -903.0
148.569030656, 337.0, -240.0, -897.0
148.588298368, 336.0, -235.0, -904.0
148.60756608, 342.0, -239.0, -897.0
148.626833792, 346.0, -238.0, -900.0
148.646101632, 337.0, -235.0, -895.0
148.665369344, 329.0, -240.0, -901.0
148.684637056, 332.0, -240.0, -897.0
148.703904896, 330.0, -235.0, -898.0
148.723172608, 345.0, -238.0, -901.0
148.74244032, 338.0, -237.0, -900.0
148.761708032, 331.0, -245.0, -900.0
148.780975872, 329.0, -239.0, -897.0
148.800243584, 334.0, -241.0, -902.0
148.819511296, 339.0, -240.0, -900.0
148.838779008, 338.0, -238.0, -896.0
148.858046848, 338.0, -239.0, -895.0
148.87731456, 336.0, -240.0, -901.0
148.896582272, 332.0, -243.0, -899.0
148.915850112, 337.0, -241.0, -901.0
148.935117824, 342.0, -240.0, -900.0
148.954385536, 340.0, -235.0, -895.0
148.973653248, 335.0, -237.0, -902.0
148.992921088, 338.0, -239.0, -898.0
149.0121888, 337.0, -238.0, -898.0
149.031456512, 334.0, -236.0, -904.0
149.050724352, 331.0, -237.0, -900.0
149.069992064, 339.0, -239.0, -899.0
149.089259776, 336.0, -236.0, -899.0
149.108527488, 331.0, -242.0, -899.0
149.127795328, 337.0, -241.0, -898.0
149.14706304, 336.0, -242.0, -896.0
149.166330752, 340.0, -245.0, -897.0
149.185598464, 341.0, -238.0, -898.0
149.204866304, 334.0, -242.0, -902.0
149.224134016, 331.0, -243.0, -899.0
149.243401728, 334.0, -246.0, -902.0
149.262669568, 343.0, -241.0, -901.0
149.28193728, 345.0, -246.0, -900.0
149.301204992, 341.0, -243.0, -895.0
149.320472704, 337.0, -244.0, -899.0
149.339740544, 342.0, -240.0, -898.0
149.359008256, 342.0, -237.0, -898.0
149.378275968, 337.0, -243.0, -897.0
149.39754368, 338.0, -238.0, -898.0
149.41681152, 345.0, -235.0, -900.0
149.436079232, 344.0, -238.0, -897.0
149.455346944, 340.0, -238.0, -899.0
149.474614784, 344.0, -234.0, -897.0
149.493882496, 340.0, -240.0, -899.0
149.513150208, 337.0, -244.0, -900.0
149.53241792, 319.0, -243.0, -897.0
149.55168576, 322.0, -241.0, -892.0
149.570953472, 370.0, -235.0, -896.0
149.590221184, 370.0, -236.0, -902.0
149.609489024, 323.0, -252.0, -896.0
149.628756736, 322.0, -246.0, -897.0
149.648024448, 334.0, -240.0, -897.0
149.66729216, 339.0, -240.0, -894.0
149.68656, 343.0, -244.0, -898.0
149.705827712, 346.0, -243.0, -902.0
149.725095424, 340.0, -240.0, -897.0
149.744363136, 338.0, -237.0, -897.0
149.763630976, 335.0, -238.0, -897.0
149.782898693, 340.0, -242.0, -893.0
149.802166656, 348.0, -236.0, -902.0
149.821434624, 348.0, -239.0, -896.0
149.840702464, 342.0, -239.0, -898.0
149.859970432, 332.0, -243.0, -896.0
149.8792384, 331.0, -245.0, -897.0
149.89850624, 336.0, -237.0, -897.0
149.917774208, 346.0, -238.0, -899.0
149.937042048, 342.0, -238.0, -903.0
149.956310016, 333.0, -237.0, -897.0
149.975577984, 336.0, -241.0, -898.0
149.994845824, 336.0, -242.0, -902.0
150.014113792, 338.0, -247.0, -896.0
150.03338176, 339.0, -241.0, -897.0
150.0526496, 344.0, -243.0, -901.0
150.071917568, 339.0, -242.0, -898.0
150.091185408, 332.0, -242.0, -899.0
150.110453376, 335.0, -247.0, -894.0
150.129721344, 348.0, -243.0, -896.0
150.148989184, 343.0, -244.0, -900.0
150.168257152, 343.0, -247.0, -897.0
150.18752512, 336.0, -241.0, -898.0
150.20679296, 334.0, -239.0, -895.0
150.226060928, 337.0, -241.0, -897.0
150.245328896, 344.0, -238.0, -894.0
150.264596736, 345.0, -237.0, -894.0
150.283864704, 345.0, -240.0, -899.0
150.303132544, 343.0, -240.0, -899.0
150.322400512, 336.0, -242.0, -896.0
150.34166848, 338.0, -247.0, -900.0
150.36093632, 344.0, -248.0, -895.0
150.380204288, 344.0, -247.0, -897.0
150.399472256, 345.0, -242.0, -895.0
150.418740096, 339.0, -245.0, -899.0
150.438008064, 334.0, -244.0, -896.0
150.457275904, 342.0, -245.0, -895.0
150.476543872, 345.0, -243.0, -897.0
150.49581184, 339.0, -237.0, -891.0
150.51507968, 341.0, -237.0, -897.0
150.534347648, 339.0, -243.0, -897.0
150.553615616, 340.0, -240.0, -901.0
150.572883456, 341.0, -239.0, -897.0
150.592151424, 342.0, -239.0, -895.0
150.611419392, 341.0, -240.0, -898.0
150.630687232, 343.0, -237.0, -897.0
150.6499552, 342.0, -240.0, -898.0
150.66922304, 337.0, -237.0, -899.0
150.688491008, 339.0, -237.0, -893.0
150.707758976, 340.0, -240.0, -897.0
150.727026816, 344.0, -240.0, -897.0
150.746294784, 339.0, -238.0, -895.0
150.765562752, 342.0, -238.0, -899.0
150.784830592, 340.0, -239.0, -900.0
150.80409856, 338.0, -246.0, -896.0
150.8233664, 335.0, -245.0, -895.0
150.842634368, 342.0, -241.0, -895.0
150.861902336, 344.0, -247.0, -899.0
150.881170176, 338.0, -244.0, -896.0
150.900438144, 341.0, -245.0, -901.0
150.919706112, 332.0, -240.0, -897.0
150.938973952, 336.0, -239.0, -899.0
150.95824192, 345.0, -239.0, -897.0
150.977509888, 348.0, -240.0, -902.0
150.996777728, 333.0, -238.0, -900.0
151.016045696, 330.0, -238.0, -894.0
151.035313536, 337.0, -238.0, -898.0
151.054581504, 343.0, -240.0, -903.0
151.073849472, 342.0, -237.0, -898.0
151.093117312, 331.0, -237.0, -897.0
151.11238528, 331.0, -241.0, -902.0
151.131653248, 336.0, -243.0, -899.0
151.150921088, 339.0, -241.0, -901.0
151.170189056, 331.0, -244.0, -898.0
151.189456896, 330.0, -239.0, -899.0
151.208724864, 336.0, -242.0, -898.0
151.227992832, 344.0, -242.0, -897.0
151.247260672, 339.0, -243.0, -900.0
151.26652864, 334.0, -239.0, -899.0
151.285796608, 332.0, -242.0, -893.0
151.305064448, 335.0, -245.0, -903.0
151.324332416, 334.0, -242.0, -901.0
151.343600256, 333.0, -238.0, -899.0
151.362868224, 339.0, -238.0, -899.0
151.382136192, 339.0, -239.0, -901.0
151.401404032, 336.0, -239.0, -901.0
151.420672, 333.0, -238.0, -897.0
151.439939968, 333.0, -240.0, -898.0
151.459207808, 339.0, -237.0, -900.0
151.478475776, 339.0, -230.0, -900.0
151.497743744, 333.0, -237.0, -900.0
151.517011584, 332.0, -239.0, -900.0
151.536279552, 325.0, -237.0, -902.0
151.555547392, 334.0, -238.0, -899.0
151.57481536, 338.0, -241.0, -902.0
151.594083328, 338.0, -239.0, -898.0
151.613351168, 334.0, -247.0, -902.0
151.632619089, 336.0, -245.0, -898.0
151.651886592, 345.0, -240.0, -896.0
151.671154048, 341.0, -239.0, -898.0
151.690421504, 329.0, -239.0, -900.0
151.70968896, 331.0, -240.0, -895.0
151.728956544, 331.0, -241.0, -898.0
151.748224, 334.0, -239.0, -899.0
151.767491456, 336.0, -241.0, -899.0
151.786758912, 341.0, -240.0, -901.0
151.806026368, 343.0, -238.0, -898.0
151.825293824, 333.0, -235.0, -900.0
151.84456128, 339.0, -241.0, -898.0
151.863828864, 337.0, -244.0, -900.0
151.88309632, 339.0, -244.0, -898.0
151.902363776, 338.0, -241.0, -900.0
151.921631232, 332.0, -238.0, -901.0
151.940898688, 336.0, -235.0, -897.0
151.960166144, 344.0, -243.0, -899.0
151.9794336, 343.0, -244.0, -901.0
151.998701184, 336.0, -243.0, -897.0
152.01796864, 335.0, -245.0, -895.0
152.037236096, 332.0, -242.0, -900.0
152.056503552, 343.0, -242.0, -901.0
152.075771008, 346.0, -242.0, -898.0
152.095038464, 336.0, -244.0, -900.0
152.11430592, 338.0, -242.0, -898.0
152.133573504, 335.0, -240.0, -900.0
152.15284096, 338.0, -243.0, -898.0
152.172108416, 339.0, -243.0, -901.0
152.191375872, 339.0, -247.0, -900.0
152.210643328, 336.0, -238.0, -898.0
152.229910784, 333.0, -231.0, -899.0
152.24917824, 339.0, -239.0, -899.0
152.268445824, 343.0, -239.0, -897.0
152.28771328, 339.0, -245.0, -899.0
152.306980736, 339.0, -240.0, -895.0
152.326248192, 341.0, -236.0, -899.0
152.345515648, 339.0, -239.0, -901.0
152.364783104, 334.0, -239.0, -899.0
152.38405056, 336.0, -236.0, -901.0
152.403318144, 337.0, -240.0, -903.0
152.4225856, 341.0, -238.0, -895.0
152.441853056, 334.0, -241.0, -898.0
152.461120512, 335.0, -240.0, -899.0
152.480387968, 334.0, -239.0, -898.0
152.499655424, 342.0, -245.0, -896.0
152.51892288, 345.0, -243.0, -899.0
152.538190464, 338.0, -244.0, -899.0
152.55745792, 338.0, -238.0, -898.0
152.576725376, 339.0, -240.0, -893.0
152.595992832, 342.0, -242.0, -899.0
152.615260288, 339.0, -243.0, -894.0
152.634527744, 341.0, -243.0, -899.0
152.6537952, 343.0, -240.0, -898.0
152.673062784, 342.0, -237.0, -896.0
152.69233024, 341.0, -238.0, -899.0
152.711597696, 342.0, -237.0, -897.0
152.730865152, 339.0, -242.0, -900.0
152.750132608, 337.0, -238.0, -896.0
152.769400064, 345.0, -237.0, -896.0
152.78866752, 342.0, -238.0, -898.0
152.807935104, 336.0, -241.0, -892.0
152.82720256, 334.0, -241.0, -902.0
152.846470016, 338.0, -243.0, -899.0
152.865737472, 343.0, -241.0, -899.0
152.885004928, 344.0, -240.0, -897.0
152.904272384, 342.0, -244.0, -899.0
152.92353984, 335.0, -238.0, -895.0
152.942807424, 340.0, -243.0, -897.0
152.96207488, 340.0, -241.0, -898.0
152.981342336, 340.0, -243.0, -899.0
153.000609792, 342.0, -245.0, -898.0
153.019877248, 342.0, -243.0, -898.0
153.039144704, 336.0, -238.0, -897.0
153.05841216, 341.0, -245.0, -894.0
153.077679744, 342.0, -243.0, -902.0
153.0969472, 340.0, -241.0, -897.0
153.116214656, 345.0, -244.0, -897.0
153.135482112, 342.0, -236.0, -899.0
153.154749568, 343.0, -241.0, -898.0
153.174017024, 336.0, -241.0, -897.0
153.193284608, 336.0, -239.0, -897.0
153.212552064, 345.0, -240.0, -900.0
153.23181952, 337.0, -241.0, -897.0
153.251086976, 337.0, -245.0, -895.0
153.270354432, 343.0, -242.0, -897.0
153.289621888, 341.0, -245.0, -897.0
153.308889344, 339.0, -249.0, -896.0
153.328156928, 344.0, -240.0, -897.0
153.347424384, 339.0, -239.0, -904.0
153.36669184, 340.0, -244.0, -895.0
153.385959296, 346.0, -239.0, -895.0
153.405226752, 340.0, -246.0, -899.0
153.424494208, 341.0, -243.0, -899.0
153.443761683, 345.0, -240.0, -896.0
153.46302976, 346.0, -241.0, -895.0
153.482297856, 343.0, -238.0, -898.0
153.50156608, 340.0, -240.0, -900.0
153.520834176, 345.0, -238.0, -897.0
153.540102272, 348.0, -242.0, -892.0
153.559370496, 348.0, -243.0, -896.0
153.578638592, 338.0, -245.0, -896.0
153.597906688, 334.0, -240.0, -892.0
153.617174912, 342.0, -244.0, -898.0
153.636443008, 350.0, -244.0, -895.0
153.655711104, 346.0, -243.0, -899.0
153.674979328, 335.0, -244.0, -894.0
153.694247424, 339.0, -245.0, -897.0
153.713515648, 347.0, -246.0, -895.0
153.732783744, 348.0, -242.0, -896.0
153.75205184, 341.0, -253.0, -893.0
153.771320064, 340.0, -246.0, -896.0
153.79058816, 342.0, -236.0, -894.0
153.809856256, 341.0, -241.0, -899.0
153.82912448, 344.0, -245.0, -895.0
153.848392576, 343.0, -243.0, -899.0
153.867660672, 344.0, -239.0, -892.0
153.886928896, 343.0, -242.0, -895.0
153.906196992, 340.0, -244.0, -897.0
153.925465088, 340.0, -242.0, -893.0
153.944733312, 338.0, -244.0, -895.0
153.964001408, 346.0, -236.0, -897.0
153.983269504, 347.0, -235.0, -897.0
154.002537728, 341.0, -237.0, -896.0
154.021805824, 342.0, -239.0, -899.0
154.04107392, 342.0, -242.0, -899.0
154.060342144, 342.0, -243.0, -897.0
154.07961024, 340.0, -244.0, -893.0
154.098878336, 338.0, -243.0, -892.0
154.11814656, 339.0, -245.0, -896.0
154.137414656, 342.0, -241.0, -896.0
154.156682752, 341.0, -244.0, -896.0
154.175950976, 345.0, -243.0, -895.0
154.195219072, 342.0, -239.0, -894.0
154.214487296, 338.0, -242.0, -897.0
154.233755392, 340.0, -245.0, -897.0
154.253023488, 343.0, -244.0, -899.0
154.272291712, 341.0, -240.0, -899.0
154.291559808, 338.0, -237.0, -895.0
154.310827904, 341.0, -237.0, -898.0
154.330096128, 341.0, -240.0, -898.0
154.349364224, 336.0, -244.0, -901.0
154.36863232, 335.0, -243.0, -895.0
154.387900544, 342.0, -236.0, -899.0
154.40716864, 340.0, -238.0, -902.0
154.426436736, 340.0, -238.0, -895.0
154.44570496, 338.0, -244.0, -900.0
154.464973056, 334.0, -242.0, -900.0
154.484241152, 337.0, -246.0, -898.0
154.503509376, 341.0, -242.0, -895.0
154.522777472, 341.0, -239.0, -902.0
154.542045568, 333.0, -244.0, -900.0
154.561313792, 338.0, -240.0, -898.0
154.580581888, 341.0, -244.0, -899.0
154.599849984, 344.0, -243.0, -901.0
154.619118208, 341.0, -240.0, -897.0
154.638386304, 338.0, -241.0, -899.0
154.657654528, 339.0, -240.0, -901.0
154.676922624, 341.0, -241.0, -900.0
154.69619072, 339.0, -242.0, -903.0
154.715458944, 339.0, -241.0, -899.0
154.73472704, 336.0, -247.0, -899.0
154.753995136, 333.0, -243.0, -900.0
154.77326336, 337.0, -239.0, -900.0
154.792531456, 334.0, -240.0, -900.0
154.811799552, 331.0, -240.0, -899.0
154.831067776, 338.0, -237.0, -900.0
154.850335872, 335.0, -247.0, -895.0
154.869603968, 331.0, -240.0, -900.0
154.888872192, 333.0, -240.0, -898.0
154.908140288, 334.0, -238.0, -897.0
154.927408384, 341.0, -242.0, -896.0
154.946676608, 332.0, -243.0, -899.0
154.965944704, 330.0, -248.0, -900.0
154.9852128, 333.0, -245.0, -898.0
155.004481024, 339.0, -244.0, -901.0
155.02374912, 345.0, -239.0, -903.0
155.043017216, 335.0, -238.0, -901.0
155.06228544, 324.0, -238.0, -897.0
155.081553536, 330.0, -239.0, -902.0
155.100821632, 342.0, -246.0, -900.0
155.120089856, 342.0, -237.0, -899.0
155.139357952, 334.0, -236.0, -904.0
155.158626176, 331.0, -235.0, -896.0
155.177894272, 334.0, -238.0, -898.0
155.197162368, 330.0, -245.0, -901.0
155.216430592, 345.0, -248.0, -899.0
155.235698688, 342.0, -243.0, -900.0
155.254966784, 332.0, -236.0, -897.0
155.274235008, 333.0, -241.0, -898.0
155.293503104, 341.0, -240.0, -898.0
155.3127712, 340.0, -248.0, -898.0
155.332039424, 335.0, -244.0, -900.0
155.351307584, 338.0, -241.0, -900.0
155.370575488, 338.0, -242.0, -897.0
155.389843328, 336.0, -244.0, -899.0
155.40911104, 335.0, -244.0, -897.0
155.42837888, 340.0, -241.0, -900.0
155.447646592, 344.0, -244.0, -897.0
155.466914432, 339.0, -240.0, -898.0
155.486182144, 340.0, -240.0, -900.0
155.505449984, 340.0, -237.0, -897.0
155.524717824, 342.0, -246.0, -896.0
155.543985536, 341.0, -242.0, -895.0
155.563253376, 338.0, -242.0, -903.0
155.582521088, 335.0, -237.0, -898.0
155.601788928, 335.0, -242.0, -897.0
155.621056768, 339.0, -240.0, -895.0
155.64032448, 339.0, -244.0, -905.0
155.65959232, 344.0, -241.0, -895.0
155.678860032, 335.0, -246.0, -897.0
155.698127872, 342.0, -244.0, -896.0
155.717395584, 344.0, -247.0, -900.0
155.736663424, 339.0, -243.0, -894.0
155.755931264, 339.0, -244.0, -897.0
155.775198976, 337.0, -247.0, -896.0
155.794466816, 343.0, -244.0, -899.0
155.813734528, 343.0, -240.0, -892.0
155.833002368, 345.0, -241.0, -899.0
155.85227008, 342.0, -241.0, -896.0
155.87153792, 341.0, -243.0, -898.0
155.89080576, 340.0, -241.0, -899.0
155.910073472, 343.0, -242.0, -898.0
155.929341312, 346.0, -239.0, -898.0
155.948609024, 343.0, -239.0, -899.0
155.967876864, 338.0, -242.0, -897.0
155.987144576, 340.0, -241.0, -901.0
156.006412416, 337.0, -239.0, -894.0
156.025680256, 345.0, -246.0, -899.0
156.044947968, 343.0, -241.0, -898.0
156.064215808, 340.0, -241.0, -896.0
156.08348352, 341.0, -243.0, -893.0
156.10275136, 341.0, -246.0, -897.0
156.1220192, 343.0, -243.0, -896.0
156.141286912, 343.0, -248.0, -899.0
156.160554752, 344.0, -241.0, -898.0
156.179822464, 350.0, -242.0, -895.0
156.199090304, 348.0, -242.0, -895.0
156.218358016, 340.0, -246.0, -897.0
156.237625856, 341.0, -244.0, -897.0
156.256893696, 343.0, -237.0, -894.0
156.276161408, 348.0, -237.0, -894.0
156.295429248, 341.0, -240.0, -898.0
156.31469696, 343.0, -240.0, -895.0
156.3339648, 345.0, -238.0, -900.0
156.353232512, 346.0, -243.0, -895.0
156.372500352, 340.0, -242.0, -898.0
156.391768192, 339.0, -240.0, -891.0
156.411035904, 342.0, -242.0, -897.0
156.430303744, 345.0, -242.0, -896.0
156.449571456, 342.0, -246.0, -897.0
156.468839296, 342.0, -243.0, -896.0
156.488107008, 342.0, -245.0, -898.0
156.507374848, 340.0, -245.0, -895.0
156.526642688, 342.0, -243.0, -893.0
156.5459104, 347.0, -246.0, -899.0
156.56517824, 347.0, -245.0, -897.0
156.584445952, 346.0, -244.0, -896.0
156.603713792, 343.0, -242.0, -897.0
156.622981632, 341.0, -245.0, -895.0
156.642249344, 346.0, -243.0, -897.0
156.661517184, 349.0, -242.0, -896.0
156.680784896, 346.0, -243.0, -898.0
156.700052736, 340.0, -236.0, -897.0
156.719320448, 344.0, -241.0, -897.0
156.738588288, 342.0, -239.0, -898.0
156.757856128, 346.0, -242.0, -900.0
156.77712384, 339.0, -240.0, -897.0
156.79639168, 340.0, -241.0, -898.0
156.815659392, 346.0, -243.0, -895.0
156.834927232, 342.0, -243.0, -900.0
156.854194944, 341.0, -246.0, -897.0
156.873462784, 340.0, -240.0, -900.0
156.892730624, 343.0, -237.0, -896.0
156.911998336, 341.0, -245.0, -894.0
156.931266176, 345.0, -248.0, -896.0
156.950533888, 341.0, -237.0, -898.0
156.969801728, 336.0, -244.0, -893.0
156.989069568, 340.0, -246.0, -898.0
157.00833728, 343.0, -242.0, -891.0
157.02760512, 339.0, -243.0, -897.0
157.046872832, 340.0, -241.0, -897.0
157.066140672, 343.0, -238.0, -902.0
157.085408384, 341.0, -238.0, -897.0
157.104676224, 337.0, -240.0, -896.0
157.123944064, 335.0, -243.0, -895.0
157.143211776, 339.0, -238.0, -896.0
157.162479616, 338.0, -241.0, -902.0
157.181747328, 342.0, -234.0, -894.0
157.201015168, 340.0, -243.0, -899.0
157.22028288, 337.0, -240.0, -900.0
157.23955072, 331.0, -239.0, -896.0
157.258818389, 335.0, -246.0, -898.0
157.278087808, 341.0, -245.0, -900.0
157.297357184, 340.0, -242.0, -897.0
157.316626688, 332.0, -242.0, -895.0
157.335896064, 332.0, -248.0, -902.0
157.355165568, 339.0, -245.0, -900.0
157.374434944, 342.0, -246.0, -900.0
157.393704448, 338.0, -240.0, -898.0
157.412973824, 336.0, -244.0, -901.0
157.4322432, 340.0, -242.0, -897.0
157.451512704, 338.0, -243.0, -904.0
157.47078208, 341.0, -236.0, -896.0
157.490051584, 334.0, -239.0, -901.0
157.50932096, 333.0, -244.0, -901.0
157.528590464, 336.0, -235.0, -900.0
157.54785984, 333.0, -241.0, -900.0
157.567129216, 337.0, -238.0, -901.0
157.58639872, 340.0, -238.0, -900.0
157.605668096, 336.0, -236.0, -900.0
157.6249376, 329.0, -238.0, -900.0
157.644206976, 336.0, -240.0, -902.0
157.66347648, 335.0, -239.0, -895.0
157.682745856, 336.0, -240.0, -902.0
157.702015232, 330.0, -241.0, -900.0
157.721284736, 338.0, -240.0, -896.0
157.740554112, 341.0, -238.0, -896.0
157.759823616, 337.0, -240.0, -899.0
157.779092992, 339.0, -242.0, -902.0
157.798362496, 337.0, -242.0, -899.0
157.817631872, 339.0, -244.0, -897.0
157.836901248, 345.0, -238.0, -902.0
157.856170752, 340.0, -241.0, -902.0
157.875440128, 331.0, -237.0, -899.0
157.894709632, 338.0, -237.0, -896.0
157.913979008, 345.0, -238.0, -901.0
157.933248512, 338.0, -243.0, -902.0
157.952517888, 333.0, -243.0, -898.0
157.971787264, 336.0, -238.0, -902.0
157.991056768, 344.0, -239.0, -897.0
158.010326144, 344.0, -241.0, -901.0
158.029595648, 339.0, -243.0, -897.0
158.048865024, 335.0, -241.0, -898.0
158.068134528, 338.0, -241.0, -898.0
158.087403904, 336.0, -241.0, -896.0
158.10667328, 338.0, -242.0, -896.0
158.125942784, 338.0, -244.0, -896.0
158.14521216, 335.0, -240.0, -898.0
158.164481664, 333.0, -238.0, -892.0
158.18375104, 339.0, -239.0, -898.0
158.203020544, 343.0, -244.0, -898.0
158.22228992, 339.0, -242.0, -895.0
158.241559296, 341.0, -241.0, -896.0
158.2608288, 341.0, -236.0, -898.0
158.280098176, 344.0, -239.0, -899.0
158.29936768, 343.0, -240.0, -899.0
158.318637056, 339.0, -241.0, -898.0
158.33790656, 338.0, -237.0, -899.0
158.357175936, 338.0, -238.0, -894.0
158.376445312, 341.0, -240.0, -898.0
158.395714816, 345.0, -239.0, -896.0
158.414984192, 343.0, -236.0, -901.0
158.434253696, 335.0, -240.0, -897.0
158.453523072, 336.0, -244.0, -901.0
158.472792576, 343.0, -244.0, -897.0
158.492061952, 344.0, -243.0, -896.0
158.511331328, 340.0, -238.0, -897.0
158.530600832, 338.0, -241.0, -893.0
158.549870208, 342.0, -242.0, -897.0
158.569139712, 340.0, -245.0, -894.0
158.588409088, 337.0, -243.0, -895.0
158.607678592, 343.0, -242.0, -894.0
158.626947968, 342.0, -241.0, -900.0
158.646217344, 341.0, -240.0, -893.0
158.665486848, 338.0, -243.0, -904.0
158.684756224, 340.0, -246.0, -897.0
158.704025728, 344.0, -242.0, -893.0
158.723295104, 345.0, -240.0, -898.0
158.742564608, 346.0, -236.0, -896.0
158.761833984, 343.0, -238.0, -898.0
158.78110336, 343.0, -239.0, -894.0
158.800372864, 341.0, -245.0, -894.0
158.81964224, 342.0, -242.0, -896.0
158.838911744, 336.0, -238.0, -897.0
158.85818112, 337.0, -239.0, -896.0
158.877450624, 341.0, -242.0, -899.0
158.89672, 347.0, -243.0, -895.0
158.915989376, 340.0, -241.0, -899.0
158.93525888, 341.0, -243.0, -893.0
158.954528256, 344.0, -242.0, -897.0
158.97379776, 344.0, -244.0, -896.0
158.993067136, 337.0, -246.0, -894.0
159.012336512, 339.0, -245.0, -895.0
159.031606016, 347.0, -244.0, -896.0
159.050875392, 349.0, -242.0, -897.0
159.070144896, 347.0, -242.0, -897.0
159.089414272, 341.0, -243.0, -896.0
159.108683741, 344.0, -241.0, -892.0
159.127953152, 348.0, -245.0, -900.0
159.147222528, 347.0, -238.0, -897.0
159.166492032, 346.0, -238.0, -889.0
159.185761408, 339.0, -239.0, -899.0
159.205030784, 342.0, -241.0, -897.0
159.22430016, 348.0, -237.0, -899.0
159.243569664, 350.0, -237.0, -898.0
159.26283904, 343.0, -242.0, -895.0
159.282108416, 336.0, -244.0, -897.0
159.301377792, 337.0, -239.0, -892.0
159.320647296, 341.0, -239.0, -898.0
159.339916672, 339.0, -246.0, -898.0
159.359186048, 342.0, -239.0, -897.0
159.378455424, 341.0, -245.0, -898.0
159.397724928, 347.0, -246.0, -894.0
159.416994304, 344.0, -241.0, -895.0
159.43626368, 339.0, -241.0, -898.0
159.455533056, 341.0, -243.0, -895.0
159.47480256, 345.0, -243.0, -895.0
159.494071936, 343.0, -237.0, -896.0
159.513341312, 342.0, -242.0, -898.0
159.532610688, 343.0, -240.0, -894.0
159.551880192, 340.0, -239.0, -899.0
159.571149568, 337.0, -243.0, -899.0
159.590418944, 339.0, -241.0, -897.0
159.60968832, 344.0, -237.0, -899.0
159.628957824, 337.0, -239.0, -899.0
159.6482272, 336.0, -241.0, -897.0
159.667496576, 334.0, -240.0, -899.0
159.686765952, 339.0, -239.0, -901.0
159.706035456, 342.0, -237.0, -896.0
159.725304832, 342.0, -240.0, -899.0
159.744574208, 334.0, -244.0, -898.0
159.763843584, 333.0, -238.0, -897.0
159.783113088, 340.0, -243.0, -897.0
159.802382464, 338.0, -249.0, -900.0
159.82165184, 340.0, -246.0, -900.0
159.840921216, 336.0, -239.0, -898.0
159.86019072, 340.0, -236.0, -896.0
159.879460096, 342.0, -238.0, -900.0
159.898729472, 336.0, -243.0, -897.0
159.917998848, 338.0, -241.0, -901.0
159.937268352, 336.0, -242.0, -903.0
159.956537728, 338.0, -239.0, -901.0
159.975807104, 341.0, -237.0, -899.0
159.99507648, 337.0, -239.0, -899.0
160.014345984, 332.0, -241.0, -895.0
160.03361536, 336.0, -241.0, -899.0
160.052884736, 342.0, -239.0, -897.0
160.072154112, 333.0, -240.0, -900.0
160.091423616, 331.0, -238.0, -897.0
160.110692992, 330.0, -236.0, -902.0
160.129962368, 339.0, -241.0, -900.0
160.149231744, 345.0, -243.0, -900.0
160.168501248, 340.0, -242.0, -900.0
160.187770624, 332.0, -240.0, -898.0
160.20704, 335.0, -237.0, -898.0
160.226309376, 339.0, -240.0, -898.0
160.24557888, 344.0, -244.0, -895.0
160.264848256, 344.0, -240.0, -898.0
160.284117632, 339.0, -247.0, -899.0
160.303387008, 335.0, -245.0, -897.0
160.322656512, 339.0, -242.0, -899.0
160.341925888, 341.0, -245.0, -896.0
160.361195264, 345.0, -250.0, -897.0
160.38046464, 342.0, -247.0, -902.0
160.399734144, 345.0, -230.0, -898.0
160.41900352, 339.0, -219.0, -901.0
160.438272896, 328.0, -240.0, -898.0
160.457542272, 332.0, -269.0, -901.0
160.476811776, 340.0, -251.0, -902.0
160.496081152, 325.0, -240.0, -908.0
160.515350528, 304.0, -233.0, -902.0
160.534619904, 305.0, -248.0, -902.0
160.553889408, 341.0, -236.0, -898.0
160.573158784, 366.0, -233.0, -898.0
160.59242816, 335.0, -234.0, -901.0
160.611697536, 316.0, -250.0, -901.0
160.63096704, 288.0, -245.0, -900.0
160.650236416, 280.0, -236.0, -900.0
160.669505792, 347.0, -225.0, -898.0
160.688775168, 378.0, -195.0, -899.0
160.708044672, 348.0, -200.0, -900.0
160.727314048, 335.0, -212.0, -889.0
160.746583424, 348.0, -261.0, -886.0
160.7658528, 385.0, -249.0, -901.0
160.785122304, 378.0, -225.0, -879.0
160.80439168, 365.0, -219.0, -899.0
160.823661064, 357.0, -209.0, -887.0
160.84292928, 379.0, -211.0, -889.0
160.862197504, 392.0, -213.0, -890.0
160.8814656, 395.0, -220.0, -888.0
160.900733824, 385.0, -233.0, -884.0
160.92000192, 371.0, -242.0, -880.0
160.939270144, 390.0, -231.0, -880.0
160.95853824, 414.0, -232.0, -880.0
160.977806464, 423.0, -232.0, -876.0
160.99707456, 398.0, -227.0, -883.0
161.016342784, 363.0, -234.0, -880.0
161.03561088, 351.0, -239.0, -880.0
161.054879104, 377.0, -243.0, -881.0
161.0741472, 407.0, -248.0, -874.0
161.093415424, 433.0, -237.0, -874.0
161.112683648, 420.0, -223.0, -872.0
161.131951744, 391.0, -219.0, -879.0
161.151219968, 388.0, -220.0, -876.0
161.170488064, 395.0, -232.0, -873.0
161.189756288, 420.0, -246.0, -877.0
161.209024384, 415.0, -238.0, -877.0
161.228292608, 397.0, -232.0, -883.0
161.247560704, 383.0, -236.0, -875.0
161.266828928, 395.0, -229.0, -878.0
161.286097024, 399.0, -234.0, -872.0
161.305365248, 395.0, -234.0, -877.0
161.324633472, 386.0, -237.0, -883.0
161.343901568, 395.0, -235.0, -873.0
161.363169792, 408.0, -224.0, -880.0
161.382437888, 395.0, -223.0, -871.0
161.401706112, 389.0, -226.0, -879.0
161.420974208, 398.0, -232.0, -879.0
161.440242432, 407.0, -225.0, -877.0
161.459510528, 402.0, -235.0, -877.0
161.478778752, 393.0, -236.0, -883.0
161.498046848, 383.0, -229.0, -876.0
161.517315072, 374.0, -232.0, -882.0
161.536583168, 374.0, -235.0, -879.0
161.555851392, 394.0, -236.0, -881.0
161.575119616, 392.0, -233.0, -878.0
161.594387712, 363.0, -231.0, -878.0
161.613655936, 363.0, -229.0, -887.0
161.632924032, 380.0, -239.0, -877.0
161.652192256, 393.0, -222.0, -877.0
161.671460352, 413.0, -210.0, -875.0
161.690728576, 441.0, -219.0, -876.0
161.709996672, 414.0, -227.0, -873.0
161.729264896, 359.0, -242.0, -872.0
161.748532992, 349.0, -236.0, -869.0
161.767801216, 406.0, -238.0, -857.0
161.78706944, 452.0, -242.0, -864.0
161.806337536, 455.0, -221.0, -848.0
161.82560576, 483.0, -230.0, -877.0
161.844873856, 469.0, -222.0, -856.0
161.86414208, 440.0, -236.0, -856.0
161.883410176, 424.0, -233.0, -864.0
161.9026784, 386.0, -237.0, -871.0
161.921946496, 423.0, -210.0, -921.0
161.94121472, 462.0, -236.0, -834.0
161.960482816, 438.0, -218.0, -870.0
161.97975104, 428.0, -254.0, -863.0
161.999019136, 396.0, -229.0, -879.0
162.01828736, 382.0, -228.0, -867.0
162.037555584, 387.0, -226.0, -868.0
162.05682368, 399.0, -234.0, -877.0
162.076091904, 400.0, -233.0, -876.0
162.09536, 396.0, -237.0, -871.0
162.114628224, 408.0, -230.0, -872.0
162.13389632, 406.0, -224.0, -874.0
162.153164544, 409.0, -230.0, -872.0
162.17243264, 410.0, -233.0, -870.0
162.191700864, 424.0, -235.0, -876.0
162.21096896, 415.0, -224.0, -874.0
162.230237184, 396.0, -229.0, -873.0
162.249505408, 392.0, -233.0, -874.0
162.268773504, 390.0, -236.0, -872.0
162.288041728, 394.0, -236.0, -878.0
162.307309824, 403.0, -232.0, -877.0
162.326577958, 407.0, -224.0, -878.0
162.345845504, 400.0, -225.0, -879.0
162.365113088, 397.0, -230.0, -874.0
162.384380544, 399.0, -230.0, -877.0
162.403648128, 404.0, -226.0, -875.0
162.422915712, 407.0, -223.0, -877.0
162.442183168, 401.0, -222.0, -873.0
162.461450752, 405.0, -229.0, -873.0
162.480718336, 398.0, -228.0, -882.0
162.499985792, 393.0, -225.0, -879.0
162.519253376, 395.0, -225.0, -876.0
162.53852096, 396.0, -232.0, -871.0
162.557788416, 400.0, -227.0, -878.0
162.577056, 408.0, -229.0, -879.0
162.596323456, 410.0, -228.0, -876.0
162.61559104, 396.0, -237.0, -875.0
162.634858624, 386.0, -235.0, -877.0
162.65412608, 393.0, -225.0, -880.0
162.673393664, 397.0, -226.0, -879.0
162.692661248, 397.0, -233.0, -872.0
162.711928704, 404.0, -238.0, -876.0
162.731196288, 403.0, -233.0, -879.0
162.750463872, 403.0, -224.0, -879.0
162.769731328, 393.0, -223.0, -877.0
162.788998912, 392.0, -225.0, -875.0
162.808266496, 392.0, -235.0, -878.0
162.827533952, 401.0, -230.0, -879.0
162.846801536, 391.0, -225.0, -883.0
162.86606912, 377.0, -228.0, -883.0
162.885336576, 384.0, -223.0, -871.0
162.90460416, 411.0, -225.0, -878.0
162.923871744, 413.0, -226.0, -875.0
162.9431392, 417.0, -229.0, -871.0
162.962406784, 441.0, -226.0, -872.0
162.98167424, 435.0, -218.0, -878.0
163.000941824, 390.0, -224.0, -874.0
163.020209408, 369.0, -239.0, -873.0
163.039476864, 419.0, -239.0, -877.0
163.058744448, 440.0, -219.0, -881.0
163.078012032, 403.0, -218.0, -877.0
163.097279488, 355.0, -239.0, -886.0
163.116547072, 330.0, -241.0, -886.0
163.135814656, 320.0, -244.0, -892.0
163.155082112, 335.0, -238.0, -894.0
163.174349696, 351.0, -224.0, -890.0
163.19361728, 359.0, -225.0, -890.0
163.212884736, 362.0, -223.0, -890.0
163.23215232, 367.0, -222.0, -889.0
163.251419904, 386.0, -214.0, -881.0
163.27068736, 407.0, -212.0, -883.0
163.289954944, 381.0, -226.0, -887.0
163.309222528, 363.0, -225.0, -887.0
163.328489984, 399.0, -228.0, -889.0
163.347757568, 416.0, -241.0, -882.0
163.367025152, 360.0, -230.0, -897.0
163.386292608, 301.0, -234.0, -894.0
163.405560192, 313.0, -229.0, -882.0
163.424827648, 390.0, -223.0, -886.0
163.444095232, 433.0, -230.0, -887.0
163.463362816, 417.0, -225.0, -886.0
163.482630272, 406.0, -207.0, -884.0
163.501897856, 376.0, -219.0, -880.0
163.52116544, 343.0, -232.0, -886.0
163.540432896, 331.0, -241.0, -896.0
163.55970048, 352.0, -232.0, -887.0
163.578968064, 359.0, -242.0, -891.0
163.59823552, 323.0, -237.0, -881.0
163.617503104, 329.0, -229.0, -881.0
163.636770688, 398.0, -225.0, -882.0
163.656038144, 444.0, -214.0, -850.0
163.675305728, 517.0, -203.0, -872.0
163.694573312, 631.0, -217.0, -845.0
163.713840768, 482.0, -222.0, -814.0
163.733108352, 319.0, -282.0, -928.0
163.752375868, 347.0, -223.0, -872.0
163.771642752, 396.0, -194.0, -850.0
163.790909696, 435.0, -207.0, -862.0
163.810176512, 431.0, -247.0, -883.0
163.829443456, 386.0, -262.0, -896.0
163.8487104, 347.0, -234.0, -868.0
163.867977344, 361.0, -220.0, -874.0
163.88724416, 384.0, -222.0, -879.0
163.906511104, 414.0, -234.0, -878.0
163.925778048, 430.0, -234.0, -870.0
163.945044992, 426.0, -225.0, -868.0
163.964311808, 406.0, -231.0, -870.0
163.983578752, 403.0, -225.0, -878.0
164.002845696, 403.0, -227.0, -873.0
164.02211264, 404.0, -236.0, -871.0
164.041379456, 406.0, -233.0, -875.0
164.0606464, 416.0, -230.0, -876.0
164.079913344, 407.0, -222.0, -875.0
164.099180288, 398.0, -226.0, -868.0
164.118447104, 399.0, -227.0, -871.0
164.137714048, 404.0, -227.0, -876.0
164.156980992, 418.0, -231.0, -873.0
164.176247936, 415.0, -232.0, -864.0
164.195514752, 408.0, -228.0, -873.0
164.214781696, 410.0, -236.0, -872.0
164.23404864, 420.0, -234.0, -871.0
164.253315584, 416.0, -230.0, -869.0
164.2725824, 413.0, -229.0, -868.0
164.291849344, 411.0, -230.0, -866.0
164.311116288, 421.0, -236.0, -870.0
164.330383232, 415.0, -234.0, -863.0
164.349650048, 403.0, -230.0, -875.0
164.368916992, 414.0, -235.0, -873.0
164.388183936, 417.0, -231.0, -870.0
164.407450752, 410.0, -233.0, -877.0
164.426717696, 408.0, -226.0, -872.0
164.44598464, 412.0, -227.0, -869.0
164.465251584, 406.0, -231.0, -871.0
164.4845184, 408.0, -241.0, -873.0
164.503785344, 409.0, -232.0, -869.0
164.523052288, 408.0, -223.0, -870.0
164.542319232, 409.0, -229.0, -870.0
164.561586048, 405.0, -235.0, -868.0
164.580852992, 412.0, -239.0, -871.0
164.600119936, 412.0, -232.0, -868.0
164.61938688, 406.0, -231.0, -867.0
164.638653696, 408.0, -230.0, -866.0
164.65792064, 410.0, -235.0, -876.0
164.677187584, 411.0, -229.0, -871.0
164.696454528, 414.0, -231.0, -871.0
164.715721344, 407.0, -224.0, -867.0
164.734988288, 403.0, -233.0, -870.0
164.754255232, 399.0, -233.0, -873.0
164.773522176, 404.0, -236.0, -869.0
164.792788992, 413.0, -226.0, -872.0
164.812055936, 414.0, -225.0, -870.0
164.83132288, 407.0, -237.0, -874.0
164.850589824, 410.0, -233.0, -865.0
164.86985664, 411.0, -236.0, -875.0
164.889123584, 406.0, -233.0, -872.0
164.908390528, 405.0, -230.0, -872.0
164.927657472, 411.0, -234.0, -871.0
164.946924288, 405.0, -232.0, -871.0
164.966191232, 405.0, -241.0, -872.0
164.985458176, 410.0, -236.0, -871.0
165.004724992, 404.0, -239.0, -870.0
165.023991936, 403.0, -236.0, -870.0
165.04325888, 408.0, -230.0, -874.0
165.062525824, 402.0, -231.0, -870.0
165.08179264, 394.0, -236.0, -872.0
165.101059584, 401.0, -230.0, -872.0
165.120326528, 421.0, -228.0, -869.0
165.139593472, 427.0, -224.0, -870.0
165.158860288, 415.0, -228.0, -867.0
165.178127232, 403.0, -227.0, -870.0
165.197394176, 411.0, -235.0, -867.0
165.21666112, 419.0, -232.0, -871.0
165.235927936, 411.0, -234.0, -867.0
165.25519488, 409.0, -223.0, -876.0
165.274461824, 398.0, -227.0, -872.0
165.293728768, 380.0, -247.0, -874.0
165.312995584, 390.0, -240.0, -871.0
165.332262528, 406.0, -241.0, -870.0
165.351529472, 429.0, -218.0, -860.0
165.370796416, 419.0, -230.0, -867.0
165.390063301, 419.0, -225.0, -866.0
165.409329664, 415.0, -225.0, -868.0
165.428595968, 412.0, -222.0, -862.0
165.4478624, 447.0, -225.0, -867.0
165.467128704, 415.0, -219.0, -874.0
165.486395136, 371.0, -226.0, -877.0
165.50566144, 368.0, -226.0, -861.0
165.524927744, 415.0, -245.0, -864.0
165.544194176, 478.0, -230.0, -860.0
165.56346048, 488.0, -233.0, -860.0
165.582726912, 458.0, -216.0, -852.0
165.601993216, 410.0, -231.0, -884.0
165.62125952, 420.0, -205.0, -839.0
165.640525952, 494.0, -181.0, -830.0
165.659792256, 522.0, -191.0, -823.0
165.679058688, 467.0, -220.0, -871.0
165.698324992, 387.0, -261.0, -883.0
165.717591296, 336.0, -306.0, -901.0
165.736857728, 303.0, -294.0, -956.0
165.756124032, 210.0, -268.0, -930.0
165.775390464, 231.0, -284.0, -911.0
165.794656768, 724.0, -291.0, -874.0
165.813923072, 842.0, -361.0, -826.0
165.833189504, 1431.0, -349.0, -884.0
165.852455808, 414.0, -545.0, -864.0
165.87172224, 997.0, -472.0, -668.0
165.890988544, 690.0, -542.0, -731.0
165.910254848, 593.0, -420.0, -627.0
165.92952128, 426.0, -241.0, -719.0
165.948787584, 817.0, -214.0, -1038.0
165.968054016, 645.0, -364.0, -727.0
165.98732032, 493.0, -150.0, -775.0
166.006586624, 697.0, -132.0, -943.0
166.025853056, 631.0, -115.0, -934.0
166.04511936, 641.0, -100.0, -828.0
166.064385792, 445.0, -165.0, -831.0
166.083652096, 353.0, -188.0, -891.0
166.1029184, 406.0, -91.0, -864.0
166.122184832, 487.0, -29.0, -874.0
166.141451136, 469.0, -53.0, -880.0
166.160717568, 392.0, -71.0, -886.0
166.179983872, 366.0, -59.0, -873.0
166.199250176, 419.0, 8.0, -843.0
166.218516608, 437.0, 32.0, -883.0
166.237782912, 382.0, -25.0, -864.0
166.257049344, 375.0, -10.0, -854.0
166.276315648, 383.0, 16.0, -848.0
166.295581952, 436.0, 52.0, -856.0
166.314848384, 483.0, 75.0, -892.0
166.334114688, 491.0, 14.0, -861.0
166.35338112, 534.0, 9.0, -837.0
166.372647424, 557.0, 52.0, -840.0
166.391913728, 540.0, 39.0, -848.0
166.41118016, 554.0, 21.0, -818.0
166.430446464, 577.0, -26.0, -789.0
166.449712896, 567.0, -35.0, -778.0
166.4689792, 574.0, -25.0, -755.0
166.488245504, 643.0, -13.0, -747.0
166.507511915, 635.0, -53.0, -771.0
166.526779136, 623.0, -97.0, -765.0
166.546046336, 664.0, -133.0, -744.0
166.565313664, 670.0, -126.0, -766.0
166.584580864, 629.0, -129.0, -766.0
166.603848192, 560.0, -133.0, -738.0
166.623115392, 523.0, -166.0, -741.0
166.64238272, 777.0, -277.0, -1019.0
166.66164992, 422.0, -360.0, -1047.0
166.68091712, 1038.0, -175.0, -861.0
166.700184448, 971.0, -51.0, -461.0
166.719451648, 306.0, -315.0, -743.0
166.738718976, 312.0, -303.0, -852.0
166.757986176, 543.0, -300.0, -719.0
166.777253504, 729.0, -339.0, -697.0
166.796520704, 733.0, -348.0, -742.0
166.815788032, 592.0, -369.0, -770.0
166.835055232, 553.0, -356.0, -721.0
166.854322432, 614.0, -311.0, -665.0
166.87358976, 630.0, -275.0, -707.0
166.89285696, 624.0, -254.0, -733.0
166.912124288, 612.0, -253.0, -756.0
166.931391488, 593.0, -221.0, -746.0
166.950658816, 600.0, -204.0, -734.0
166.969926016, 591.0, -216.0, -734.0
166.989193216, 602.0, -246.0, -733.0
167.008460544, 623.0, -257.0, -710.0
167.027727744, 637.0, -255.0, -693.0
167.046995072, 626.0, -257.0, -689.0
167.066262272, 624.0, -248.0, -708.0
167.0855296, 657.0, -232.0, -703.0
167.1047968, 660.0, -221.0, -719.0
167.124064128, 657.0, -214.0, -724.0
167.143331328, 657.0, -206.0, -723.0
167.162598528, 659.0, -216.0, -748.0
167.181865856, 662.0, -191.0, -753.0
167.201133056, 656.0, -209.0, -751.0
167.220400384, 663.0, -214.0, -740.0
167.239667584, 650.0, -206.0, -735.0
167.258934912, 636.0, -205.0, -736.0
167.278202112, 636.0, -204.0, -729.0
167.297469312, 640.0, -206.0, -722.0
167.31673664, 636.0, -203.0, -720.0
167.33600384, 638.0, -207.0, -724.0
167.355271168, 635.0, -210.0, -727.0
167.374538368, 637.0, -212.0, -726.0
167.393805696, 635.0, -217.0, -725.0
167.413072896, 642.0, -224.0, -731.0
167.432340224, 650.0, -220.0, -725.0
167.451607424, 648.0, -210.0, -733.0
167.470874624, 652.0, -220.0, -735.0
167.490141952, 669.0, -222.0, -728.0
167.509409152, 675.0, -227.0, -724.0
167.52867648, 678.0, -229.0, -708.0
167.54794368, 681.0, -225.0, -687.0
167.567211008, 671.0, -218.0, -674.0
167.586478208, 667.0, -213.0, -670.0
167.605745408, 680.0, -214.0, -672.0
167.625012736, 693.0, -204.0, -663.0
167.644279936, 691.0, -197.0, -664.0
167.663547264, 690.0, -207.0, -663.0
167.682814464, 693.0, -207.0, -676.0
167.702081792, 696.0, -216.0, -682.0
167.721348992, 693.0, -223.0, -683.0
167.740616192, 679.0, -225.0, -682.0
167.75988352, 671.0, -223.0, -684.0
167.77915072, 661.0, -224.0, -678.0
167.798418048, 664.0, -228.0, -674.0
167.817685248, 662.0, -246.0, -681.0
167.836952576, 674.0, -242.0, -683.0
167.856219825, 675.0, -241.0, -670.0
167.875485952, 683.0, -243.0, -647.0
167.894752128, 687.0, -238.0, -643.0
167.914018176, 676.0, -238.0, -629.0
167.933284352, 678.0, -237.0, -627.0
167.9525504, 687.0, -245.0, -646.0
167.971816576, 706.0, -235.0, -643.0
167.991082624, 723.0, -226.0, -639.0
168.0103488, 738.0, -202.0, -643.0
168.029614848, 735.0, -205.0, -661.0
168.048881024, 754.0, -228.0, -672.0
168.0681472, 788.0, -273.0, -682.0
168.087413248, 836.0, -227.0, -638.0
168.106679424, 832.0, -195.0, -641.0
168.125945472, 715.0, -188.0, -709.0
168.145211648, 657.0, -252.0, -693.0
168.164477696, 663.0, -182.0, -666.0
168.183743872, 659.0, -168.0, -678.0
168.20300992, 711.0, -132.0, -681.0
168.222276096, 709.0, -136.0, -687.0
168.241542272, 717.0, -131.0, -700.0
168.26080832, 750.0, -116.0, -690.0
168.280074496, 741.0, -140.0, -678.0
168.299340544, 730.0, -129.0, -660.0
168.31860672, 758.0, -140.0, -636.0
168.337872768, 762.0, -161.0, -598.0
168.357138944, 749.0, -199.0, -578.0
168.37640512, 733.0, -288.0, -573.0
168.395671168, 734.0, -333.0, -544.0
168.414937344, 741.0, -359.0, -536.0
168.434203392, 723.0, -401.0, -506.0
168.453469568, 708.0, -442.0, -479.0
168.472735616, 703.0, -491.0, -461.0
168.492001792, 717.0, -526.0, -451.0
168.51126784, 736.0, -561.0, -420.0
168.530534016, 758.0, -552.0, -393.0
168.549800192, 735.0, -557.0, -363.0
168.56906624, 720.0, -566.0, -364.0
168.588332416, 721.0, -555.0, -378.0
168.607598464, 752.0, -440.0, -426.0
168.62686464, 784.0, -363.0, -482.0
168.646130688, 807.0, -332.0, -502.0
168.665396864, 797.0, -295.0, -513.0
168.684662912, 787.0, -277.0, -511.0
168.703929088, 788.0, -310.0, -528.0
168.723195264, 770.0, -365.0, -511.0
168.742461312, 765.0, -369.0, -487.0
168.761727488, 773.0, -382.0, -487.0
168.780993536, 783.0, -374.0, -482.0
168.800259712, 780.0, -366.0, -491.0
168.81952576, 771.0, -348.0, -497.0
168.838791936, 776.0, -341.0, -498.0
168.858057984, 766.0, -341.0, -500.0
168.87732416, 750.0, -341.0, -505.0
168.896590336, 759.0, -349.0, -508.0
168.915856384, 796.0, -331.0, -486.0
168.93512256, 857.0, -326.0, -478.0
168.954388608, 849.0, -331.0, -501.0
168.973654784, 818.0, -344.0, -498.0
168.992920832, 794.0, -331.0, -517.0
169.012187008, 759.0, -334.0, -552.0
169.031453056, 738.0, -324.0, -566.0
169.050719232, 741.0, -321.0, -584.0
169.069985408, 757.0, -319.0, -593.0
169.089251456, 757.0, -310.0, -584.0
169.108517632, 739.0, -307.0, -582.0
169.12778368, 727.0, -304.0, -567.0
169.147049856, 682.0, -310.0, -557.0
169.166315904, 645.0, -330.0, -572.0
169.18558208, 669.0, -345.0, -599.0
169.204848128, 748.0, -367.0, -629.0
169.224114304, 838.0, -351.0, -638.0
169.243380423, 849.0, -338.0, -649.0
169.262647552, 844.0, -295.0, -638.0
169.281914624, 797.0, -257.0, -644.0
169.301181696, 722.0, -227.0, -686.0
169.32044864, 595.0, -223.0, -709.0
169.339715712, 561.0, -173.0, -690.0
169.358982784, 720.0, -110.0, -725.0
169.378249856, 750.0, -154.0, -725.0
169.397516928, 751.0, -123.0, -733.0
169.416783872, 695.0, -124.0, -744.0
169.436050944, 645.0, -126.0, -753.0
169.455318016, 670.0, -175.0, -718.0
169.474585088, 643.0, -180.0, -690.0
169.49385216, 578.0, -171.0, -672.0
169.513119104, 535.0, -205.0, -672.0
169.532386176, 612.0, -208.0, -679.0
169.551653248, 634.0, -215.0, -654.0
169.57092032, 622.0, -245.0, -616.0
169.590187392, 618.0, -283.0, -606.0
169.609454336, 613.0, -392.0, -693.0
169.628721408, 660.0, -375.0, -709.0
169.64798848, 743.0, -238.0, -682.0
169.667255552, 783.0, -163.0, -670.0
169.686522624, 702.0, -108.0, -748.0
169.705789696, 622.0, -144.0, -723.0
169.72505664, 628.0, -184.0, -779.0
169.744323712, 711.0, -251.0, -740.0
169.763590784, 714.0, -199.0, -677.0
169.782857856, 597.0, -203.0, -690.0
169.802124928, 538.0, -207.0, -688.0
169.821391872, 594.0, -215.0, -675.0
169.840658944, 589.0, -227.0, -697.0
169.859926016, 529.0, -198.0, -745.0
169.879193088, 548.0, -197.0, -755.0
169.89846016, 553.0, -186.0, -761.0
169.917727104, 553.0, -175.0, -764.0
169.936994176, 546.0, -222.0, -782.0
169.956261248, 575.0, -200.0, -747.0
169.97552832, 611.0, -198.0, -725.0
169.994795392, 646.0, -176.0, -749.0
170.014062336, 603.0, -101.0, -767.0
170.033329408, 594.0, -106.0, -789.0
170.05259648, 690.0, -98.0, -746.0
170.071863552, 671.0, -92.0, -732.0
170.091130624, 670.0, -78.0, -756.0
170.110397568, 694.0, -99.0, -768.0
170.12966464, 683.0, -72.0, -785.0
170.148931712, 645.0, -48.0, -765.0
170.168198784, 621.0, -111.0, -792.0
170.187465856, 635.0, -98.0, -762.0
170.2067328, 631.0, -143.0, -760.0
170.225999872, 630.0, -152.0, -749.0
170.245266944, 638.0, -195.0, -743.0
170.264534016, 623.0, -217.0, -730.0
170.283801088, 622.0, -220.0, -725.0
170.303068032, 586.0, -189.0, -710.0
170.322335104, 550.0, -169.0, -729.0
170.341602176, 599.0, -125.0, -730.0
170.360869248, 662.0, -139.0, -736.0
170.38013632, 719.0, -158.0, -740.0
170.399403392, 731.0, -146.0, -721.0
170.418670336, 717.0, -142.0, -732.0
170.437937341, 711.0, -152.0, -719.0
170.457204096, 731.0, -173.0, -700.0
170.476470912, 713.0, -201.0, -674.0
170.4957376, 681.0, -207.0, -651.0
170.515004416, 646.0, -234.0, -641.0
170.534271232, 632.0, -287.0, -625.0
170.55353792, 627.0, -291.0, -575.0
170.572804736, 625.0, -302.0, -565.0
170.592071552, 617.0, -329.0, -605.0
170.611338368, 573.0, -338.0, -640.0
170.630605056, 560.0, -342.0, -626.0
170.649871872, 565.0, -278.0, -640.0
170.669138688, 553.0, -266.0, -653.0
170.688405376, 531.0, -284.0, -714.0
170.707672192, 609.0, -288.0, -785.0
170.726939008, 645.0, -264.0, -826.0
170.746205696, 666.0, -259.0, -892.0
170.765472512, 724.0, -200.0, -862.0
170.784739328, 767.0, -145.0, -774.0
170.804006016, 804.0, -100.0, -664.0
170.823272832, 775.0, -81.0, -645.0
170.842539648, 758.0, -73.0, -646.0
170.861806336, 752.0, -108.0, -659.0
170.881073152, 766.0, -127.0, -644.0
170.900339968, 822.0, -167.0, -664.0
170.919606784, 843.0, -209.0, -694.0
170.938873472, 827.0, -220.0, -689.0
170.958140288, 804.0, -238.0, -654.0
170.977407104, 777.0, -266.0, -641.0
170.996673792, 759.0, -285.0, -675.0
171.015940608, 735.0, -292.0, -661.0
171.035207424, 705.0, -299.0, -649.0
171.054474112, 677.0, -299.0, -632.0
171.073740928, 657.0, -305.0, -650.0
171.093007744, 626.0, -315.0, -640.0
171.112274432, 613.0, -320.0, -629.0
171.131541248, 618.0, -321.0, -618.0
171.150808064, 616.0, -327.0, -624.0
171.17007488, 615.0, -323.0, -644.0
171.189341568, 630.0, -329.0, -647.0
171.208608384, 648.0, -329.0, -652.0
171.2278752, 671.0, -321.0, -652.0
171.247141888, 683.0, -312.0, -657.0
171.266408704, 688.0, -303.0, -640.0
171.28567552, 690.0, -291.0, -631.0
171.304942208, 694.0, -288.0, -622.0
171.324209024, 680.0, -293.0, -617.0
171.34347584, 674.0, -301.0, -631.0
171.362742528, 667.0, -308.0, -647.0
171.382009344, 660.0, -310.0, -653.0
171.40127616, 657.0, -303.0, -655.0
171.420542976, 635.0, -297.0, -666.0
171.439809664, 641.0, -295.0, -667.0
171.45907648, 655.0, -290.0, -675.0
171.478343296, 686.0, -288.0, -692.0
171.497609984, 704.0, -290.0, -701.0
171.5168768, 712.0, -272.0, -676.0
171.536143616, 713.0, -251.0, -649.0
171.555410304, 704.0, -232.0, -643.0
171.57467712, 688.0, -243.0, -649.0
171.593943936, 682.0, -242.0, -652.0
171.613210624, 703.0, -253.0, -646.0
171.63247744, 721.0, -255.0, -666.0
171.651744256, 705.0, -259.0, -671.0
171.671010944, 710.0, -260.0, -673.0
171.69027776, 708.0, -262.0, -684.0
171.709544576, 692.0, -275.0, -684.0
171.728811392, 686.0, -271.0, -678.0
171.74807808, 683.0, -266.0, -673.0
171.767344896, 683.0, -265.0, -663.0
171.786611712, 693.0, -266.0, -651.0
171.8058784, 682.0, -261.0, -644.0
171.825145216, 667.0, -259.0, -643.0
171.844412032, 663.0, -259.0, -650.0
171.86367872, 667.0, -259.0, -650.0
171.882945536, 664.0, -258.0, -659.0
171.902212352, 670.0, -257.0, -669.0
171.92147904, 662.0, -261.0, -684.0
171.940745856, 671.0, -260.0, -680.0
171.960012672, 672.0, -258.0, -684.0
171.979279449, 683.0, -248.0, -661.0
171.998546688, 715.0, -241.0, -650.0
172.017813888, 706.0, -247.0, -680.0
172.037081088, 696.0, -245.0, -672.0
172.056348416, 705.0, -248.0, -663.0
172.075615616, 697.0, -247.0, -651.0
172.094882816, 681.0, -243.0, -642.0
172.114150016, 671.0, -238.0, -636.0
172.133417216, 673.0, -231.0, -644.0
172.152684544, 677.0, -229.0, -652.0
172.171951744, 686.0, -244.0, -680.0
172.191218944, 697.0, -242.0, -701.0
172.210486144, 689.0, -239.0, -713.0
172.229753344, 687.0, -241.0, -681.0
172.249020544, 696.0, -232.0, -686.0
172.268287872, 683.0, -229.0, -660.0
172.287555072, 682.0, -226.0, -667.0
172.306822272, 674.0, -229.0, -676.0
172.326089472, 685.0, -242.0, -691.0
172.345356672, 699.0, -242.0, -706.0
172.364624, 691.0, -246.0, -714.0
172.3838912, 677.0, -246.0, -709.0
172.4031584, 667.0, -242.0, -686.0
172.4224256, 658.0, -233.0, -669.0
172.4416928, 648.0, -226.0, -653.0
172.460960128, 651.0, -216.0, -658.0
172.480227328, 665.0, -224.0, -673.0
172.499494528, 680.0, -237.0, -701.0
172.518761728, 682.0, -243.0, -717.0
172.538028928, 688.0, -247.0, -707.0
172.557296128, 668.0, -255.0, -700.0
172.576563456, 652.0, -245.0, -686.0
172.595830656, 629.0, -233.0, -678.0
172.615097856, 627.0, -220.0, -680.0
172.634365056, 634.0, -214.0, -698.0
172.653632256, 635.0, -216.0, -722.0
172.672899584, 664.0, -221.0, -719.0
172.692166784, 687.0, -232.0, -719.0
172.711433984, 692.0, -243.0, -721.0
172.730701184, 688.0, -238.0, -697.0
172.749968384, 672.0, -222.0, -669.0
172.769235712, 657.0, -213.0, -660.0
172.788502912, 637.0, -206.0, -668.0
172.807770112, 644.0, -212.0, -681.0
172.827037312, 663.0, -225.0, -705.0
172.846304512, 675.0, -236.0, -726.0
172.865571712, 683.0, -235.0, -734.0
172.88483904, 674.0, -232.0, -729.0
172.90410624, 657.0, -220.0, -707.0
172.92337344, 648.0, -212.0, -691.0
172.94264064, 638.0, -200.0, -683.0
172.96190784, 641.0, -196.0, -690.0
172.981175168, 652.0, -200.0, -700.0
173.000442368, 666.0, -208.0, -716.0
173.019709568, 677.0, -222.0, -730.0
173.038976768, 688.0, -229.0, -727.0
173.058243968, 690.0, -230.0, -713.0
173.077511296, 675.0, -215.0, -690.0
173.096778496, 654.0, -207.0, -670.0
173.116045696, 643.0, -202.0, -670.0
173.135312896, 647.0, -204.0, -683.0
173.154580096, 659.0, -217.0, -706.0
173.173847296, 674.0, -223.0, -719.0
173.193114624, 677.0, -225.0, -724.0
173.212381824, 673.0, -222.0, -721.0
173.231649024, 657.0, -217.0, -702.0
173.250916224, 650.0, -206.0, -700.0
173.270183424, 643.0, -196.0, -689.0
173.289450752, 640.0, -193.0, -687.0
173.308717952, 648.0, -191.0, -703.0
173.327985152, 655.0, -193.0, -718.0
173.347252352, 671.0, -206.0, -725.0
173.366519552, 688.0, -217.0, -727.0
173.38578688, 692.0, -218.0, -716.0
173.40505408, 681.0, -215.0, -687.0
173.42432128, 663.0, -206.0, -671.0
173.44358848, 637.0, -201.0, -669.0
173.46285568, 641.0, -200.0, -682.0
173.482123008, 658.0, -201.0, -703.0
173.501390208, 669.0, -215.0, -720.0
173.520657408, 678.0, -214.0, -728.0
173.539924608, 682.0, -215.0, -728.0
173.559191808, 655.0, -216.0, -714.0
173.578459008, 647.0, -207.0, -701.0
173.597726336, 644.0, -195.0, -699.0
173.616993536, 643.0, -194.0, -700.0
173.636260736, 658.0, -188.0, -700.0
173.655527936, 668.0, -184.0, -704.0
173.674795136, 675.0, -196.0, -714.0
173.694062464, 686.0, -209.0, -719.0
173.713329664, 692.0, -216.0, -715.0
173.732596864, 690.0, -222.0, -708.0
173.751864067, 675.0, -215.0, -684.0
173.77113024, 656.0, -206.0, -675.0
173.790396416, 648.0, -200.0, -680.0
173.80966272, 641.0, -206.0, -700.0
173.828928896, 657.0, -211.0, -710.0
173.8481952, 674.0, -216.0, -721.0
173.867461376, 668.0, -217.0, -719.0
173.886727552, 663.0, -218.0, -719.0
173.905993856, 640.0, -216.0, -706.0
173.925260032, 639.0, -207.0, -696.0
173.944526208, 642.0, -201.0, -695.0
173.963792512, 649.0, -196.0, -697.0
173.983058688, 660.0, -191.0, -700.0
174.002324992, 665.0, -190.0, -704.0
174.021591168, 677.0, -204.0, -712.0
174.040857344, 687.0, -216.0, -719.0
174.060123648, 689.0, -220.0, -721.0
174.079389824, 681.0, -221.0, -699.0
174.098656, 673.0, -222.0, -683.0
174.117922304, 650.0, -215.0, -683.0
174.13718848, 651.0, -209.0, -687.0
174.156454784, 657.0, -207.0, -701.0
174.17572096, 672.0, -213.0, -710.0
174.194987136, 673.0, -213.0, -711.0
174.21425344, 661.0, -217.0, -712.0
174.233519616, 644.0, -223.0, -704.0
174.252785792, 630.0, -219.0, -703.0
174.272052096, 627.0, -214.0, -697.0
174.291318272, 632.0, -204.0, -696.0
174.310584576, 642.0, -199.0, -702.0
174.329850752, 653.0, -199.0, -706.0
174.349116928, 667.0, -205.0, -715.0
174.368383232, 676.0, -214.0, -720.0
174.387649408, 680.0, -226.0, -716.0
174.406915584, 686.0, -227.0, -696.0
174.426181888, 672.0, -221.0, -684.0
174.445448064, 659.0, -210.0, -680.0
174.464714368, 648.0, -205.0, -686.0
174.483980544, 658.0, -210.0, -700.0
174.50324672, 675.0, -218.0, -717.0
174.522513024, 678.0, -218.0, -723.0
174.5417792, 670.0, -219.0, -717.0
174.561045504, 650.0, -208.0, -710.0
174.58031168, 637.0, -209.0, -692.0
174.599577856, 632.0, -199.0, -689.0
174.61884416, 639.0, -191.0, -699.0
174.638110336, 644.0, -191.0, -705.0
174.657376512, 658.0, -197.0, -717.0
174.676642816, 671.0, -205.0, -722.0
174.695908992, 685.0, -212.0, -725.0
174.715175296, 689.0, -217.0, -717.0
174.734441472, 683.0, -218.0, -697.0
174.753707648, 674.0, -217.0, -675.0
174.772973952, 659.0, -208.0, -672.0
174.792240128, 655.0, -203.0, -686.0
174.811506304, 653.0, -209.0, -698.0
174.830772608, 670.0, -211.0, -715.0
174.850038784, 682.0, -210.0, -717.0
174.869305088, 673.0, -212.0, -717.0
174.888571264, 647.0, -207.0, -704.0
174.90783744, 640.0, -207.0, -691.0
174.927103744, 634.0, -203.0, -689.0
174.94636992, 640.0, -193.0, -697.0
174.965636096, 644.0, -190.0, -716.0
174.9849024, 659.0, -194.0, -724.0
175.004168576, 674.0, -203.0, -729.0
175.02343488, 684.0, -213.0, -735.0
175.042701056, 688.0, -222.0, -719.0
175.061967232, 691.0, -214.0, -699.0
175.081233536, 672.0, -210.0, -674.0
175.100499712, 652.0, -201.0, -672.0
175.119766016, 660.0, -191.0, -682.0
175.139032192, 671.0, -202.0, -703.0
175.158298368, 680.0, -205.0, -717.0
175.177564672, 685.0, -212.0, -717.0
175.196830848, 673.0, -216.0, -705.0
175.216097024, 650.0, -212.0, -700.0
175.235363328, 637.0, -204.0, -692.0
175.254629504, 634.0, -195.0, -693.0
175.273895808, 643.0, -188.0, -705.0
175.293161984, 651.0, -190.0, -716.0
175.31242816, 666.0, -195.0, -720.0
175.331694464, 682.0, -207.0, -728.0
175.35096064, 696.0, -216.0, -726.0
175.370226816, 696.0, -221.0, -713.0
175.38949312, 692.0, -214.0, -689.0
175.408759296, 679.0, -207.0, -672.0
175.4280256, 659.0, -205.0, -667.0
175.447291776, 652.0, -205.0, -685.0
175.466557952, 663.0, -208.0, -701.0
175.485824256, 678.0, -214.0, -710.0
175.505090432, 686.0, -212.0, -716.0
175.524356608, 667.0, -207.0, -715.0
175.543622912, 647.0, -209.0, -703.0
175.562889167, 632.0, -207.0, -692.0
175.582156416, 630.0, -204.0, -685.0
175.601423616, 632.0, -204.0, -692.0
175.620690688, 646.0, -196.0, -704.0
175.639957888, 664.0, -198.0, -716.0
175.65922496, 677.0, -206.0, -715.0
175.67849216, 686.0, -224.0, -725.0
175.697759232, 695.0, -226.0, -713.0
175.717026432, 693.0, -226.0, -692.0
175.736293504, 672.0, -221.0, -677.0
175.755560704, 663.0, -211.0, -668.0
175.774827776, 656.0, -210.0, -683.0
175.794094976, 665.0, -215.0, -698.0
175.813362048, 685.0, -210.0, -707.0
175.832629248, 686.0, -218.0, -709.0
175.85189632, 667.0, -220.0, -705.0
175.87116352, 650.0, -213.0, -693.0
175.890430592, 634.0, -214.0, -686.0
175.909697792, 632.0, -208.0, -691.0
175.928964864, 636.0, -202.0, -694.0
175.948232064, 650.0, -203.0, -704.0
175.967499136, 665.0, -210.0, -711.0
175.986766336, 682.0, -217.0, -718.0
176.006033408, 693.0, -223.0, -717.0
176.025300608, 694.0, -236.0, -711.0
176.04456768, 689.0, -234.0, -689.0
176.06383488, 666.0, -225.0, -671.0
176.083101952, 656.0, -219.0, -667.0
176.102369152, 655.0, -215.0, -672.0
176.121636224, 664.0, -220.0, -690.0
176.140903424, 683.0, -221.0, -706.0
176.160170496, 686.0, -223.0, -708.0
176.179437696, 668.0, -229.0, -703.0
176.198704768, 648.0, -223.0, -691.0
176.217971968, 635.0, -219.0, -685.0
176.23723904, 629.0, -216.0, -684.0
176.25650624, 633.0, -206.0, -692.0
176.275773312, 646.0, -204.0, -699.0
176.295040512, 659.0, -206.0, -706.0
176.314307712, 680.0, -216.0, -713.0
176.333574784, 693.0, -229.0, -715.0
176.352841984, 702.0, -236.0, -711.0
176.372109056, 696.0, -236.0, -696.0
176.391376256, 683.0, -228.0, -675.0
176.410643328, 660.0, -220.0, -675.0
176.429910528, 660.0, -216.0, -679.0
176.4491776, 669.0, -214.0, -692.0
176.4684448, 679.0, -218.0, -711.0
176.487711872, 679.0, -226.0, -717.0
176.506979072, 698.0, -238.0, -709.0
176.526246144, 784.0, -251.0, -727.0
176.545513344, 985.0, -277.0, -709.0
176.564780416, 1016.0, -193.0, -807.0
176.584047616, 626.0, -310.0, -760.0
176.603314688, 349.0, -302.0, -571.0
176.622581888, 475.0, -238.0, -714.0
176.64184896, 754.0, -321.0, -923.0
176.66111616, 1023.0, -226.0, -1037.0
176.680383232, 1203.0, 0.0, -932.0
176.699650432, 889.0, 23.0, -846.0
176.718917504, 635.0, 90.0, -828.0
176.738184704, 781.0, 192.0, -762.0
176.757451776, 833.0, 222.0, -734.0
176.776718976, 749.0, 254.0, -737.0
176.795986048, 728.0, 264.0, -722.0
176.815253248, 727.0, 270.0, -702.0
176.83452032, 690.0, 308.0, -643.0
176.85378752, 675.0, 354.0, -607.0
176.873054592, 647.0, 371.0, -565.0
176.892321792, 626.0, 346.0, -541.0
176.911588864, 622.0, 397.0, -471.0
176.930856064, 627.0, 439.0, -408.0
176.950123136, 569.0, 414.0, -379.0
176.969390336, 546.0, 350.0, -348.0
176.988657536, 607.0, 408.0, -327.0
177.007924608, 618.0, 479.0, -357.0
177.027191637, 564.0, 458.0, -356.0
177.046458624, 632.0, 466.0, -316.0
177.065725568, 675.0, 547.0, -296.0
177.084992384, 638.0, 562.0, -314.0
177.104259328, 673.0, 556.0, -321.0
177.123526144, 701.0, 592.0, -348.0
177.142793088, 680.0, 605.0, -371.0
177.162059904, 682.0, 631.0, -378.0
177.181326848, 678.0, 640.0, -353.0
177.200593792, 694.0, 653.0, -308.0
177.219860608, 697.0, 614.0, -313.0
177.239127552, 734.0, 609.0, -282.0
177.258394368, 724.0, 582.0, -269.0
177.277661312, 731.0, 542.0, -277.0
177.296928128, 734.0, 506.0, -272.0
177.316195072, 718.0, 522.0, -280.0
177.335462016, 685.0, 549.0, -357.0
177.354728832, 684.0, 493.0, -399.0
177.373995776, 622.0, 389.0, -270.0
177.393262592, 598.0, 382.0, -244.0
177.412529536, 604.0, 369.0, -375.0
177.431796352, 580.0, 413.0, -324.0
177.451063296, 596.0, 407.0, -424.0
177.47033024, 614.0, 470.0, -451.0
177.489597056, 630.0, 514.0, -464.0
177.508864, 659.0, 542.0, -474.0
177.528130816, 639.0, 558.0, -515.0
177.54739776, 697.0, 455.0, -544.0
177.566664576, 695.0, 356.0, -603.0
177.58593152, 744.0, 346.0, -659.0
177.605198464, 795.0, 418.0, -714.0
177.62446528, 801.0, 404.0, -807.0
177.643732224, 697.0, 285.0, -765.0
177.66299904, 799.0, 165.0, -680.0
177.682265984, 884.0, 111.0, -772.0
177.7015328, 911.0, 26.0, -819.0
177.720799744, 733.0, 5.0, -724.0
177.740066688, 535.0, -144.0, -718.0
177.759333504, 509.0, -329.0, -734.0
177.778600448, 583.0, -397.0, -781.0
177.797867264, 727.0, -374.0, -774.0
177.817134208, 908.0, -827.0, -1682.0
177.836401152, 974.0, -344.0, -1218.0
177.855667968, 1038.0, 79.0, -424.0
177.874934912, 553.0, -140.0, -291.0
177.894201728, 155.0, -257.0, -754.0
177.913468672, 415.0, -231.0, -787.0
177.932735488, 735.0, -291.0, -710.0
177.952002432, 898.0, -297.0, -656.0
177.971269376, 862.0, -274.0, -671.0
177.990536192, 683.0, -247.0, -686.0
178.009803136, 600.0, -210.0, -677.0
178.029069952, 606.0, -212.0, -704.0
178.048336896, 642.0, -224.0, -707.0
178.067603665, 703.0, -218.0, -661.0
178.08687104, 739.0, -202.0, -644.0
178.106138368, 711.0, -204.0, -657.0
178.125405824, 658.0, -206.0, -688.0
178.144673152, 633.0, -210.0, -702.0
178.163940608, 660.0, -206.0, -697.0
178.183207936, 705.0, -194.0, -697.0
178.202475264, 708.0, -202.0, -690.0
178.22174272, 699.0, -203.0, -680.0
178.241010048, 682.0, -208.0, -666.0
178.260277504, 662.0, -197.0, -666.0
178.279544832, 668.0, -198.0, -669.0
178.29881216, 647.0, -205.0, -711.0
178.318079616, 718.0, -227.0, -798.0
178.337346944, 703.0, -146.0, -655.0
178.3566144, 656.0, -156.0, -681.0
178.375881728, 626.0, -205.0, -887.0
178.395149056, 604.0, -217.0, -818.0
178.414416512, 602.0, -162.0, -674.0
178.43368384, 730.0, -142.0, -588.0
178.452951296, 761.0, -176.0, -621.0
178.472218624, 718.0, -201.0, -701.0
178.49148608, 677.0, -217.0, -754.0
178.510753408, 727.0, -217.0, -749.0
178.530020736, 714.0, -139.0, -643.0
178.549288192, 645.0, -156.0, -643.0
178.56855552, 579.0, -193.0, -740.0
178.587822976, 570.0, -212.0, -757.0
178.607090304, 588.0, -164.0, -729.0
178.626357632, 639.0, -145.0, -710.0
178.645625088, 655.0, -152.0, -732.0
178.664892416, 669.0, -174.0, -759.0
178.684159872, 680.0, -186.0, -770.0
178.7034272, 676.0, -189.0, -744.0
178.722694528, 665.0, -183.0, -710.0
178.741961984, 653.0, -178.0, -684.0
178.761229312, 653.0, -176.0, -684.0
178.780496768, 667.0, -180.0, -709.0
178.799764096, 686.0, -178.0, -731.0
178.819031424, 687.0, -179.0, -733.0
178.83829888, 684.0, -169.0, -735.0
178.857566208, 654.0, -176.0, -733.0
178.876833664, 634.0, -169.0, -710.0
178.896100992, 618.0, -170.0, -712.0
178.91536832, 613.0, -165.0, -718.0
178.934635776, 624.0, -166.0, -725.0
178.953903104, 638.0, -164.0, -731.0
178.97317056, 655.0, -168.0, -745.0
178.992437888, 666.0, -183.0, -744.0
179.011705216, 677.0, -192.0, -740.0
179.030972672, 678.0, -214.0, -719.0
179.05024, 671.0, -223.0, -698.0
179.069507456, 676.0, -209.0, -681.0
179.088774784, 678.0, -186.0, -681.0
179.108042112, 667.0, -162.0, -697.0
179.127309568, 644.0, -157.0, -714.0
179.146576896, 645.0, -168.0, -723.0
179.165844352, 667.0, -170.0, -746.0
179.18511168, 661.0, -155.0, -738.0
179.204379136, 623.0, -160.0, -738.0
179.223646464, 588.0, -154.0, -739.0
179.242913792, 597.0, -158.0, -719.0
179.262181248, 614.0, -162.0, -728.0
179.281448576, 631.0, -173.0, -727.0
179.300716032, 649.0, -165.0, -727.0
179.31998336, 656.0, -150.0, -723.0
179.339250688, 668.0, -146.0, -729.0
179.358518116, 679.0, -148.0, -734.0
179.377785472, 682.0, -155.0, -740.0
179.3970528, 678.0, -172.0, -731.0
179.416320128, 674.0, -172.0, -714.0
179.435587456, 651.0, -180.0, -717.0
179.454854784, 634.0, -185.0, -725.0
179.474121984, 631.0, -191.0, -734.0
179.493389312, 627.0, -187.0, -752.0
179.51265664, 623.0, -178.0, -763.0
179.531923968, 616.0, -172.0, -764.0
179.551191296, 616.0, -160.0, -752.0
179.570458624, 612.0, -154.0, -744.0
179.589725952, 608.0, -156.0, -741.0
179.60899328, 624.0, -155.0, -738.0
179.62826048, 639.0, -151.0, -734.0
179.647527808, 658.0, -154.0, -733.0
179.666795136, 672.0, -139.0, -730.0
179.686062464, 682.0, -134.0, -740.0
179.705329792, 689.0, -147.0, -740.0
179.72459712, 693.0, -147.0, -743.0
179.743864448, 700.0, -146.0, -729.0
179.763131776, 695.0, -146.0, -724.0
179.782398976, 682.0, -145.0, -722.0
179.801666304, 674.0, -152.0, -718.0
179.820933632, 655.0, -162.0, -724.0
179.84020096, 647.0, -175.0, -733.0
179.859468288, 647.0, -182.0, -736.0
179.878735616, 640.0, -186.0, -727.0
179.898002944, 631.0, -193.0, -719.0
179.917270272, 619.0, -193.0, -703.0
179.936537472, 614.0, -203.0, -705.0
179.9558048, 626.0, -201.0, -711.0
179.975072128, 640.0, -191.0, -711.0
179.994339456, 655.0, -188.0, -720.0
180.013606784, 664.0, -188.0, -720.0
180.032874112, 672.0, -188.0, -725.0
180.05214144, 682.0, -190.0, -731.0
180.071408768, 684.0, -196.0, -722.0
180.090675968, 675.0, -205.0, -694.0
180.109943296, 665.0, -206.0, -685.0
180.129210624, 656.0, -206.0, -681.0
180.148477952, 650.0, -215.0, -686.0
180.16774528, 646.0, -212.0, -697.0
180.187012608, 657.0, -209.0, -705.0
180.206279936, 660.0, -208.0, -714.0
180.225547264, 660.0, -207.0, -718.0
180.244814464, 649.0, -209.0, -709.0
180.264081792, 641.0, -199.0, -696.0
180.28334912, 640.0, -200.0, -683.0
180.302616448, 636.0, -206.0, -691.0
180.321883776, 636.0, -207.0, -694.0
180.341151104, 648.0, -187.0, -689.0
180.360418432, 655.0, -175.0, -702.0
180.37968576, 660.0, -157.0, -717.0
180.39895296, 661.0, -158.0, -725.0
180.418220288, 668.0, -151.0, -721.0
180.437487616, 672.0, -163.0, -723.0
180.456754944, 665.0, -175.0, -710.0
180.476022272, 662.0, -192.0, -715.0
180.4952896, 668.0, -213.0, -720.0
180.514556928, 663.0, -222.0, -724.0
180.533824256, 666.0, -231.0, -733.0
180.553091456, 661.0, -223.0, -730.0
180.572358784, 654.0, -206.0, -724.0
180.591626112, 640.0, -186.0, -721.0
180.61089344, 633.0, -184.0, -716.0
180.630160768, 628.0, -179.0, -722.0
180.649428096, 636.0, -176.0, -728.0
180.668695424, 649.0, -173.0, -737.0
180.687962752, 669.0, -167.0, -749.0
180.707229952, 678.0, -171.0, -741.0
180.72649728, 681.0, -170.0, -738.0
180.745764608, 683.0, -179.0, -717.0
180.765031936, 680.0, -181.0, -694.0
180.784299264, 675.0, -182.0, -683.0
180.803566592, 674.0, -179.0, -679.0
180.82283392, 673.0, -182.0, -697.0
180.842101248, 671.0, -184.0, -713.0
180.861368448, 677.0, -182.0, -721.0
180.880635776, 672.0, -184.0, -722.0
180.899903104, 658.0, -189.0, -723.0
180.919170432, 638.0, -200.0, -713.0
180.93843776, 631.0, -202.0, -699.0
180.957705088, 630.0, -200.0, -706.0
180.976972416, 642.0, -191.0, -707.0
180.996239744, 654.0, -192.0, -718.0
181.015506944, 667.0, -188.0, -726.0
181.034774272, 674.0, -184.0, -726.0
181.0540416, 683.0, -194.0, -722.0
181.073308928, 675.0, -200.0, -712.0
181.092576256, 671.0, -195.0, -690.0
181.111843584, 664.0, -195.0, -677.0
181.131110912, 666.0, -194.0, -684.0
181.15037824, 667.0, -194.0, -697.0
181.169645448, 682.0, -200.0, -714.0
181.188914304, 682.0, -202.0, -711.0
181.208183168, 673.0, -204.0, -710.0
181.227452032, 653.0, -200.0, -707.0
181.246720768, 634.0, -207.0, -701.0
181.265989632, 634.0, -195.0, -692.0
181.285258496, 637.0, -200.0, -693.0
181.30452736, 647.0, -197.0, -702.0
181.323796224, 661.0, -193.0, -712.0
181.34306496, 680.0, -194.0, -720.0
181.362333824, 681.0, -197.0, -716.0
181.381602688, 687.0, -203.0, -709.0
181.400871552, 685.0, -206.0, -699.0
181.420140416, 680.0, -199.0, -678.0
181.439409152, 671.0, -192.0, -676.0
181.458678016, 666.0, -197.0, -681.0
181.47794688, 668.0, -206.0, -691.0
181.497215744, 675.0, -211.0, -706.0
181.516484608, 684.0, -209.0, -715.0
181.535753344, 676.0, -208.0, -710.0
181.555022208, 660.0, -202.0, -706.0
181.574291072, 650.0, -198.0, -695.0
181.593559936, 642.0, -195.0, -688.0
181.6128288, 644.0, -192.0, -690.0
181.632097536, 652.0, -191.0, -693.0
181.6513664, 666.0, -194.0, -702.0
181.670635264, 673.0, -198.0, -707.0
181.689904128, 680.0, -198.0, -720.0
181.709172992, 687.0, -201.0, -718.0
181.728441728, 693.0, -209.0, -713.0
181.747710592, 685.0, -204.0, -697.0
181.766979456, 672.0, -206.0, -682.0
181.78624832, 666.0, -195.0, -680.0
181.805517056, 666.0, -202.0, -694.0
181.82478592, 678.0, -196.0, -701.0
181.844054784, 684.0, -201.0, -708.0
181.863323648, 676.0, -203.0, -710.0
181.882592512, 667.0, -201.0, -705.0
181.901861248, 655.0, -197.0, -706.0
181.921130112, 645.0, -196.0, -693.0
181.940398976, 643.0, -191.0, -691.0
181.95966784, 647.0, -193.0, -696.0
181.978936704, 655.0, -191.0, -703.0
181.99820544, 671.0, -192.0, -715.0
182.017474304, 678.0, -194.0, -719.0
182.036743168, 686.0, -195.0, -724.0
182.056012032, 683.0, -200.0, -712.0
182.075280896, 684.0, -199.0, -697.0
182.094549632, 674.0, -197.0, -683.0
182.113818496, 668.0, -194.0, -680.0
182.13308736, 670.0, -194.0, -696.0
182.152356224, 678.0, -200.0, -701.0
182.171625088, 688.0, -202.0, -710.0
182.190893824, 678.0, -199.0, -712.0
182.210162688, 669.0, -194.0, -709.0
182.229431552, 657.0, -200.0, -701.0
182.248700416, 645.0, -198.0, -694.0
182.26796928, 636.0, -194.0, -687.0
182.287238016, 642.0, -194.0, -693.0
182.30650688, 657.0, -194.0, -698.0
182.325775744, 663.0, -189.0, -703.0
182.345044608, 674.0, -190.0, -716.0
182.364313472, 678.0, -197.0, -722.0
182.383582208, 678.0, -197.0, -714.0
182.402851072, 678.0, -200.0, -701.0
182.422119936, 670.0, -199.0, -687.0
182.4413888, 661.0, -196.0, -679.0
182.460657664, 664.0, -199.0, -686.0
182.4799264, 672.0, -209.0, -703.0
182.499195264, 683.0, -210.0, -714.0
182.518464128, 681.0, -207.0, -714.0
182.537732992, 671.0, -203.0, -717.0
182.557001856, 655.0, -196.0, -707.0
182.576270592, 645.0, -190.0, -695.0
182.595539456, 638.0, -186.0, -694.0
182.61480832, 634.0, -191.0, -696.0
182.634077184, 652.0, -191.0, -706.0
182.653346048, 667.0, -190.0, -714.0
182.672614784, 676.0, -193.0, -721.0
182.691883648, 688.0, -201.0, -717.0
182.711152512, 691.0, -206.0, -721.0
182.730421376, 687.0, -203.0, -708.0
182.74969024, 675.0, -192.0, -694.0
182.768958976, 662.0, -184.0, -679.0
182.78822784, 655.0, -187.0, -689.0
182.807496704, 668.0, -194.0, -699.0
182.826765568, 680.0, -208.0, -714.0
182.846034304, 688.0, -204.0, -721.0
182.865303168, 678.0, -202.0, -719.0
182.884572032, 659.0, -194.0, -705.0
182.903840896, 645.0, -196.0, -695.0
182.92310976, 638.0, -185.0, -686.0
182.942378496, 643.0, -188.0, -693.0
182.96164736, 651.0, -184.0, -698.0
182.980916214, 666.0, -187.0, -714.0
183.000183808, 673.0, -190.0, -718.0
183.019451392, 685.0, -192.0, -722.0
183.038718976, 689.0, -202.0, -718.0
183.05798656, 687.0, -198.0, -700.0
183.077254272, 676.0, -195.0, -681.0
183.096521856, 664.0, -193.0, -676.0
183.11578944, 664.0, -194.0, -691.0
183.135057024, 668.0, -200.0, -708.0
183.154324608, 682.0, -201.0, -713.0
183.173592192, 684.0, -200.0, -716.0
183.192859904, 675.0, -199.0, -714.0
183.212127488, 657.0, -193.0, -704.0
183.231395072, 644.0, -188.0, -688.0
183.250662656, 638.0, -189.0, -688.0
183.26993024, 636.0, -188.0, -692.0
183.289197824, 652.0, -186.0, -707.0
183.308465536, 669.0, -192.0, -716.0
183.32773312, 677.0, -190.0, -720.0
183.347000704, 681.0, -194.0, -719.0
183.366268288, 679.0, -198.0, -715.0
183.385535872, 677.0, -195.0, -704.0
183.404803456, 672.0, -191.0, -686.0
183.42407104, 664.0, -192.0, -680.0
183.443338752, 666.0, -189.0, -693.0
183.462606336, 667.0, -192.0, -710.0
183.48187392, 680.0, -193.0, -716.0
183.501141504, 684.0, -196.0, -720.0
183.520409088, 674.0, -198.0, -713.0
183.539676672, 657.0, -189.0, -704.0
183.558944384, 649.0, -183.0, -700.0
183.578211968, 643.0, -186.0, -699.0
183.597479552, 644.0, -188.0, -696.0
183.616747136, 650.0, -191.0, -711.0
183.63601472, 665.0, -189.0, -719.0
183.655282304, 674.0, -190.0, -720.0
183.674550016, 682.0, -190.0, -725.0
183.6938176, 681.0, -194.0, -715.0
183.713085184, 674.0, -184.0, -702.0
183.732352768, 664.0, -184.0, -691.0
183.751620352, 659.0, -187.0, -687.0
183.770887936, 668.0, -188.0, -698.0
183.79015552, 670.0, -194.0, -713.0
183.809423232, 686.0, -199.0, -721.0
183.828690816, 681.0, -196.0, -717.0
183.8479584, 673.0, -191.0, -714.0
183.867225984, 660.0, -181.0, -707.0
183.886493568, 657.0, -181.0, -701.0
183.905761152, 646.0, -184.0, -699.0
183.925028864, 646.0, -181.0, -699.0
183.944296448, 651.0, -184.0, -710.0
183.963564032, 659.0, -186.0, -716.0
183.982831616, 677.0, -184.0, -724.0
184.0020992, 682.0, -186.0, -723.0
184.021366784, 683.0, -186.0, -711.0
184.040634496, 681.0, -188.0, -701.0
184.05990208, 681.0, -188.0, -686.0
184.079169664, 681.0, -188.0, -685.0
184.098437248, 678.0, -184.0, -692.0
184.117704832, 682.0, -188.0, -702.0
184.136972416, 685.0, -192.0, -708.0
184.15624, 681.0, -195.0, -712.0
184.175507712, 668.0, -198.0, -704.0
184.194775296, 656.0, -196.0, -698.0
184.21404288, 642.0, -189.0, -693.0
184.233310464, 640.0, -189.0, -699.0
184.252578048, 637.0, -192.0, -705.0
184.271845632, 650.0, -190.0, -699.0
184.291113344, 660.0, -193.0, -714.0
184.310380928, 663.0, -198.0, -714.0
184.329648512, 672.0, -196.0, -709.0
184.348916096, 682.0, -202.0, -701.0
184.36818368, 685.0, -203.0, -699.0
184.387451264, 683.0, -196.0, -691.0
184.406718976, 684.0, -201.0, -690.0
184.42598656, 685.0, -197.0, -695.0
184.445254144, 677.0, -200.0, -692.0
184.464521728, 679.0, -204.0, -696.0
184.483789312, 672.0, -207.0, -706.0
184.503056896, 661.0, -202.0, -705.0
184.52232448, 656.0, -202.0, -702.0
184.541592192, 650.0, -196.0, -696.0
184.560859776, 649.0, -194.0, -696.0
184.58012736, 653.0, -194.0, -698.0
184.599394944, 657.0, -200.0, -695.0
184.618662528, 673.0, -201.0, -693.0
184.637930112, 679.0, -203.0, -689.0
184.657197824, 683.0, -203.0, -686.0
184.676465408, 685.0, -208.0, -690.0
184.695732992, 682.0, -203.0, -685.0
184.715000576, 679.0, -198.0, -685.0
184.73426816, 676.0, -196.0, -695.0
184.753535744, 675.0, -196.0, -699.0
184.772803456, 688.0, -203.0, -705.0
184.79207101, 690.0, -202.0, -705.0
184.81133888, 683.0, -202.0, -698.0
184.83060672, 674.0, -208.0, -697.0
184.84987456, 666.0, -199.0, -691.0
184.8691424, 658.0, -198.0, -687.0
184.88841024, 648.0, -192.0, -684.0
184.90767808, 639.0, -186.0, -685.0
184.926945792, 644.0, -191.0, -692.0
184.946213632, 661.0, -193.0, -697.0
184.965481472, 678.0, -197.0, -707.0
184.984749312, 692.0, -200.0, -701.0
185.004017152, 697.0, -200.0, -700.0
185.023284992, 693.0, -205.0, -690.0
185.042552832, 690.0, -207.0, -696.0
185.061820672, 687.0, -198.0, -702.0
185.081088512, 690.0, -192.0, -698.0
185.100356352, 688.0, -190.0, -695.0
185.119624064, 685.0, -192.0, -693.0
185.138891904, 679.0, -198.0, -696.0
185.158159744, 675.0, -203.0, -692.0
185.177427584, 669.0, -204.0, -693.0
185.196695424, 661.0, -198.0, -692.0
185.215963264, 652.0, -192.0, -694.0
185.235231104, 644.0, -186.0, -692.0
185.254498944, 645.0, -183.0, -694.0
185.273766784, 652.0, -190.0, -702.0
185.293034624, 666.0, -190.0, -705.0
185.312302464, 679.0, -193.0, -704.0
185.331570176, 677.0, -200.0, -707.0
185.350838016, 697.0, -226.0, -704.0
185.370105856, 750.0, -228.0, -679.0
185.389373696, 770.0, -224.0, -670.0
185.408641536, 751.0, -180.0, -691.0
185.427909376, 708.0, -164.0, -711.0
185.447177216, 685.0, -157.0, -696.0
185.466445056, 697.0, -142.0, -678.0
185.485712896, 674.0, -144.0, -660.0
185.504980736, 679.0, -123.0, -705.0
185.524248576, 672.0, -131.0, -761.0
185.543516288, 667.0, -108.0, -776.0
185.562784128, 700.0, -50.0, -761.0
185.582051968, 695.0, -29.0, -821.0
185.601319808, 701.0, 70.0, -807.0
185.620587648, 750.0, 162.0, -751.0
185.639855488, 757.0, 197.0, -708.0
185.659123328, 766.0, 151.0, -745.0
185.678391168, 823.0, 140.0, -811.0
185.697659008, 861.0, 126.0, -756.0
185.716926848, 813.0, 118.0, -728.0
185.736194688, 741.0, 101.0, -728.0
185.7554624, 687.0, 84.0, -720.0
185.77473024, 665.0, 49.0, -707.0
185.79399808, 678.0, 23.0, -702.0
185.81326592, 702.0, 45.0, -705.0
185.83253376, 675.0, 26.0, -721.0
185.8518016, 653.0, 29.0, -694.0
185.87106944, 624.0, 34.0, -693.0
185.89033728, 626.0, 42.0, -697.0
185.90960512, 596.0, 41.0, -684.0
185.92887296, 575.0, 48.0, -675.0
185.948140672, 561.0, 57.0, -668.0
185.967408512, 556.0, 82.0, -674.0
185.986676352, 547.0, 100.0, -671.0
186.005944192, 536.0, 115.0, -696.0
186.025212032, 554.0, 128.0, -686.0
186.044479872, 614.0, 131.0, -681.0
186.063747712, 650.0, 169.0, -669.0
186.083015552, 655.0, 179.0, -702.0
186.102283392, 645.0, 190.0, -698.0
186.121551232, 635.0, 206.0, -674.0
186.140819072, 682.0, 249.0, -671.0
186.160086784, 728.0, 302.0, -699.0
186.179354624, 909.0, 736.0, -790.0
186.198622464, 1029.0, 461.0, -1022.0
186.217890282, 851.0, 31.0, -568.0
186.23715584, 682.0, 47.0, -697.0
186.256421376, 497.0, 209.0, -862.0
186.27568704, 357.0, 255.0, -827.0
186.294952576, 407.0, 328.0, -759.0
186.314218112, 482.0, 352.0, -755.0
186.333483776, 561.0, 344.0, -794.0
186.352749312, 599.0, 335.0, -787.0
186.372014848, 591.0, 330.0, -755.0
186.391280512, 516.0, 318.0, -760.0
186.410546048, 496.0, 301.0, -777.0
186.429811584, 505.0, 293.0, -796.0
186.449077248, 535.0, 284.0, -830.0
186.468342784, 529.0, 281.0, -845.0
186.48760832, 520.0, 296.0, -815.0
186.506873984, 491.0, 338.0, -803.0
186.52613952, 456.0, 346.0, -807.0
186.545405056, 456.0, 349.0, -802.0
186.564670592, 496.0, 361.0, -795.0
186.583936256, 510.0, 360.0, -805.0
186.603201792, 511.0, 343.0, -793.0
186.622467328, 509.0, 359.0, -793.0
186.641732992, 461.0, 348.0, -828.0
186.660998528, 450.0, 329.0, -845.0
186.680264064, 493.0, 323.0, -812.0
186.699529728, 527.0, 339.0, -804.0
186.718795264, 521.0, 368.0, -789.0
186.7380608, 494.0, 361.0, -790.0
186.757326464, 492.0, 364.0, -792.0
186.776592, 494.0, 355.0, -797.0
186.795857536, 529.0, 348.0, -784.0
186.8151232, 548.0, 347.0, -776.0
186.834388736, 528.0, 314.0, -797.0
186.853654272, 530.0, 297.0, -795.0
186.872919936, 543.0, 293.0, -804.0
186.892185472, 549.0, 302.0, -807.0
186.911451008, 529.0, 331.0, -800.0
186.930716672, 512.0, 375.0, -785.0
186.949982208, 491.0, 396.0, -782.0
186.969247744, 481.0, 370.0, -794.0
186.988513408, 491.0, 348.0, -799.0
187.007778944, 512.0, 340.0, -803.0
187.02704448, 526.0, 343.0, -791.0
187.046310144, 532.0, 362.0, -775.0
187.06557568, 511.0, 358.0, -789.0
187.084841216, 496.0, 353.0, -803.0
187.10410688, 509.0, 357.0, -790.0
187.123372416, 509.0, 358.0, -790.0
187.142637952, 513.0, 356.0, -784.0
187.161903616, 521.0, 356.0, -782.0
187.181169152, 523.0, 347.0, -783.0
187.200434688, 525.0, 353.0, -791.0
187.219700224, 519.0, 342.0, -792.0
187.238965888, 518.0, 337.0, -796.0
187.258231424, 521.0, 335.0, -803.0
187.27749696, 526.0, 340.0, -802.0
187.296762624, 529.0, 348.0, -795.0
187.31602816, 527.0, 344.0, -792.0
187.335293696, 521.0, 349.0, -790.0
187.35455936, 506.0, 356.0, -791.0
187.373824896, 517.0, 350.0, -783.0
187.393090432, 539.0, 358.0, -771.0
187.412356096, 536.0, 359.0, -773.0
187.431621632, 511.0, 352.0, -789.0
187.450887168, 507.0, 345.0, -790.0
187.470152832, 508.0, 345.0, -792.0
187.489418368, 507.0, 345.0, -794.0
187.508683904, 510.0, 338.0, -797.0
187.527949568, 511.0, 335.0, -804.0
187.547215104, 519.0, 339.0, -795.0
187.566480698, 524.0, 349.0, -792.0
187.585747072, 511.0, 355.0, -795.0
187.605013504, 506.0, 348.0, -791.0
187.624279936, 513.0, 359.0, -792.0
187.643546368, 508.0, 368.0, -787.0
187.6628128, 502.0, 367.0, -786.0
187.682079232, 507.0, 343.0, -790.0
187.701345664, 521.0, 343.0, -785.0
187.720612096, 537.0, 330.0, -793.0
187.739878528, 534.0, 326.0, -796.0
187.75914496, 541.0, 342.0, -789.0
187.778411392, 529.0, 335.0, -792.0
187.797677696, 524.0, 343.0, -785.0
187.816944128, 528.0, 348.0, -790.0
187.83621056, 519.0, 342.0, -796.0
187.855476992, 519.0, 339.0, -798.0
187.874743424, 522.0, 340.0, -790.0
187.894009856, 524.0, 337.0, -798.0
187.913276288, 522.0, 333.0, -806.0
187.93254272, 527.0, 331.0, -804.0
187.951809152, 534.0, 346.0, -790.0
187.971075584, 544.0, 340.0, -790.0
187.990342016, 527.0, 336.0, -803.0
188.009608448, 530.0, 356.0, -793.0
188.02887488, 519.0, 371.0, -787.0
188.048141312, 495.0, 363.0, -787.0
188.067407744, 483.0, 362.0, -796.0
188.086674176, 470.0, 366.0, -793.0
188.105940608, 491.0, 375.0, -770.0
188.12520704, 508.0, 395.0, -762.0
188.144473472, 510.0, 404.0, -755.0
188.163739904, 493.0, 383.0, -777.0
188.183006336, 461.0, 345.0, -822.0
188.20227264, 425.0, 299.0, -867.0
188.221539072, 438.0, 289.0, -876.0
188.240805504, 483.0, 310.0, -840.0
188.260071936, 494.0, 328.0, -840.0
188.279338368, 499.0, 327.0, -829.0
188.2986048, 485.0, 310.0, -831.0
188.317871232, 476.0, 291.0, -838.0
188.337137664, 492.0, 299.0, -819.0
188.356404096, 499.0, 331.0, -802.0
188.375670528, 494.0, 321.0, -793.0
188.39493696, 505.0, 284.0, -820.0
188.414203392, 505.0, 267.0, -850.0
188.433469824, 507.0, 298.0, -843.0
188.452736256, 495.0, 297.0, -839.0
188.472002688, 475.0, 272.0, -851.0
188.49126912, 466.0, 260.0, -859.0
188.510535552, 470.0, 249.0, -869.0
188.529801984, 470.0, 257.0, -859.0
188.549068416, 451.0, 260.0, -848.0
188.568334848, 446.0, 254.0, -867.0
188.587601152, 451.0, 265.0, -873.0
188.606867584, 469.0, 269.0, -874.0
188.626134016, 467.0, 256.0, -877.0
188.645400448, 427.0, 264.0, -928.0
188.66466688, 387.0, 226.0, -966.0
188.683933312, 376.0, 196.0, -953.0
188.703199744, 403.0, 167.0, -940.0
188.722466176, 397.0, 181.0, -951.0
188.741732608, 300.0, 232.0, -936.0
188.76099904, 254.0, 245.0, -883.0
188.780265472, 298.0, 262.0, -815.0
188.799531904, 330.0, 336.0, -778.0
188.818798336, 398.0, 304.0, -762.0
188.838064768, 505.0, 272.0, -724.0
188.8573312, 553.0, 271.0, -697.0
188.876597632, 507.0, 324.0, -716.0
188.895864064, 486.0, 254.0, -707.0
188.915130496, 581.0, 189.0, -628.0
188.934396928, 646.0, 196.0, -582.0
188.95366336, 659.0, 171.0, -660.0
188.972929792, 605.0, 108.0, -674.0
188.99219621, 593.0, -40.0, -617.0
189.011463936, 622.0, -74.0, -554.0
189.030731648, 358.0, -3.0, -730.0
189.049999488, 705.0, -224.0, -918.0
189.0692672, 495.0, -390.0, -1099.0
189.088534912, 1659.0, -309.0, -935.0
189.107802752, 1655.0, -30.0, -745.0
189.127070464, 686.0, -278.0, -590.0
189.146338176, 440.0, -233.0, -766.0
189.165606016, 487.0, -234.0, -881.0
189.184873728, 189.0, -237.0, -997.0
189.204141568, 167.0, -123.0, -875.0
189.22340928, 297.0, -69.0, -874.0
189.242676992, 413.0, -89.0, -913.0
189.261944832, 452.0, -111.0, -875.0
189.281212544, 472.0, -120.0, -850.0
189.300480256, 469.0, -140.0, -847.0
189.319748096, 489.0, -130.0, -875.0
189.339015808, 497.0, -133.0, -863.0
189.35828352, 508.0, -135.0, -845.0
189.37755136, 502.0, -135.0, -861.0
189.396819072, 476.0, -150.0, -890.0
189.416086784, 418.0, -135.0, -857.0
189.435354624, 449.0, -132.0, -852.0
189.454622336, 449.0, -137.0, -887.0
189.473890176, 443.0, -137.0, -892.0
189.493157888, 442.0, -123.0, -860.0
189.5124256, 467.0, -137.0, -870.0
189.53169344, 484.0, -142.0, -841.0
189.550961152, 494.0, -135.0, -869.0
189.570228864, 474.0, -125.0, -866.0
189.589496704, 452.0, -127.0, -876.0
189.608764416, 423.0, -135.0, -873.0
189.628032128, 431.0, -128.0, -867.0
189.647299968, 460.0, -136.0, -882.0
189.66656768, 464.0, -129.0, -866.0
189.685835392, 454.0, -125.0, -880.0
189.705103232, 438.0, -120.0, -884.0
189.724370944, 435.0, -122.0, -881.0
189.743638656, 431.0, -122.0, -881.0
189.762906496, 437.0, -118.0, -877.0
189.782174208, 436.0, -121.0, -889.0
189.801442048, 428.0, -130.0, -892.0
189.82070976, 416.0, -131.0, -890.0
189.839977472, 400.0, -129.0, -890.0
189.859245312, 400.0, -128.0, -897.0
189.878513024, 390.0, -127.0, -908.0
189.897780736, 397.0, -130.0, -897.0
189.917048576, 412.0, -123.0, -887.0
189.936316288, 416.0, -125.0, -893.0
189.955584, 423.0, -135.0, -900.0
189.97485184, 411.0, -118.0, -891.0
189.994119552, 413.0, -117.0, -885.0
190.013387264, 417.0, -129.0, -902.0
190.032655104, 404.0, -135.0, -896.0
190.051922816, 393.0, -139.0, -901.0
190.071190528, 385.0, -130.0, -902.0
190.090458368, 404.0, -116.0, -894.0
190.10972608, 421.0, -110.0, -890.0
190.12899392, 422.0, -115.0, -900.0
190.148261632, 405.0, -125.0, -902.0
190.167529344, 391.0, -136.0, -901.0
190.186797184, 395.0, -125.0, -899.0
190.206064896, 409.0, -129.0, -900.0
190.225332608, 406.0, -127.0, -905.0
190.244600448, 402.0, -128.0, -901.0
190.26386816, 401.0, -124.0, -894.0
190.283135872, 397.0, -124.0, -901.0
190.302403712, 410.0, -124.0, -902.0
190.321671424, 426.0, -129.0, -895.0
190.340939224, 430.0, -128.0, -898.0
190.360206848, 395.0, -130.0, -910.0
190.379474432, 364.0, -121.0, -912.0
190.398741888, 348.0, -126.0, -910.0
190.418009472, 339.0, -139.0, -907.0
190.437277056, 348.0, -134.0, -917.0
190.456544512, 351.0, -142.0, -917.0
190.475812096, 351.0, -146.0, -914.0
190.49507968, 351.0, -169.0, -910.0
190.514347136, 363.0, -172.0, -907.0
190.53361472, 364.0, -172.0, -906.0
190.552882304, 386.0, -156.0, -896.0
190.57214976, 416.0, -146.0, -906.0
190.591417344, 266.0, -154.0, -888.0
190.6106848, 430.0, -145.0, -881.0
190.629952384, 432.0, -150.0, -887.0
190.649219968, 428.0, -154.0, -892.0
190.668487424, 367.0, -140.0, -904.0
190.687755008, 210.0, -187.0, -984.0
190.707022592, 151.0, -192.0, -958.0
190.726290048, 168.0, -138.0, -883.0
190.745557632, 370.0, -130.0, -916.0
190.764825216, 498.0, -111.0, -885.0
190.784092672, 502.0, -105.0, -878.0
190.803360256, 447.0, -136.0, -891.0
190.82262784, 396.0, -165.0, -895.0
190.841895296, 385.0, -174.0, -879.0
190.86116288, 406.0, -170.0, -901.0
190.880430464, 401.0, -145.0, -884.0
190.89969792, 412.0, -154.0, -881.0
190.918965504, 425.0, -169.0, -927.0
190.938233088, 352.0, -194.0, -847.0
190.957500544, 387.0, -146.0, -876.0
190.976768128, 436.0, -138.0, -865.0
190.996035584, 535.0, -117.0, -825.0
191.015303168, 606.0, -131.0, -846.0
191.034570752, 539.0, -122.0, -846.0
191.053838208, 463.0, -112.0, -830.0
191.073105792, 493.0, -154.0, -874.0
191.092373376, 484.0, -166.0, -863.0
191.111640832, 469.0, -174.0, -863.0
191.130908416, 476.0, -163.0, -855.0
191.150176, 487.0, -150.0, -848.0
191.169443456, 492.0, -157.0, -843.0
191.18871104, 474.0, -146.0, -842.0
191.207978624, 453.0, -120.0, -849.0
191.22724608, 411.0, -122.0, -846.0
191.246513664, 440.0, -119.0, -842.0
191.265781248, 413.0, -109.0, -840.0
191.285048704, 513.0, -119.0, -827.0
191.304316288, 573.0, -99.0, -802.0
191.323583872, 632.0, -107.0, -759.0
191.342851328, 670.0, -117.0, -718.0
191.362118912, 755.0, -87.0, -688.0
191.381386368, 917.0, -80.0, -645.0
191.400653952, 1015.0, -126.0, -597.0
191.419921536, 923.0, -147.0, -627.0
191.439188992, 944.0, -93.0, -628.0
191.458456576, 885.0, -107.0, -641.0
191.47772416, 814.0, -169.0, -599.0
191.496991582, 693.0, -190.0, -676.0
191.516258304, 666.0, -200.0, -723.0
191.535524992, 669.0, -184.0, -723.0
191.55479168, 659.0, -191.0, -709.0
191.574058496, 611.0, -196.0, -721.0
191.593325184, 608.0, -161.0, -735.0
191.612591872, 624.0, -120.0, -746.0
191.63185856, 606.0, -110.0, -769.0
191.651125376, 568.0, -118.0, -767.0
191.670392064, 494.0, -69.0, -781.0
191.689658752, 578.0, -9.0, -759.0
191.70892544, 520.0, 19.0, -777.0
191.728192256, 516.0, 66.0, -757.0
191.747458944, 509.0, 139.0, -747.0
191.766725632, 594.0, 195.0, -765.0
191.78599232, 608.0, 155.0, -809.0
191.805259008, 519.0, 28.0, -887.0
191.824525824, 478.0, -83.0, -924.0
191.843792512, 601.0, -96.0, -945.0
191.8630592, 609.0, -51.0, -975.0
191.882325888, 540.0, 23.0, -910.0
191.901592704, 471.0, 125.0, -761.0
191.920859392, 392.0, 124.0, -723.0
191.94012608, 393.0, 68.0, -796.0
191.959392768, 462.0, 13.0, -922.0
191.978659584, 533.0, 19.0, -890.0
191.997926272, 599.0, 55.0, -840.0
192.01719296, 579.0, 60.0, -822.0
192.036459648, 702.0, -27.0, -886.0
192.055726336, 970.0, 24.0, -891.0
192.074993152, 655.0, 73.0, -884.0
192.09425984, 397.0, 72.0, -759.0
192.113526528, 151.0, -69.0, -796.0
192.132793216, 234.0, -83.0, -941.0
192.152060032, 441.0, -160.0, -916.0
192.17132672, 514.0, -60.0, -872.0
192.190593408, 493.0, -24.0, -834.0
192.209860096, 411.0, -59.0, -795.0
192.229126912, 513.0, -74.0, -817.0
192.2483936, 664.0, -7.0, -820.0
192.267660288, 655.0, -25.0, -863.0
192.286926976, 598.0, -23.0, -833.0
192.306193664, 581.0, 0.0, -837.0
192.32546048, 553.0, -17.0, -830.0
192.344727168, 488.0, -49.0, -827.0
192.363993856, 497.0, -24.0, -850.0
192.383260544, 476.0, 14.0, -835.0
192.40252736, 534.0, 40.0, -836.0
192.421794048, 537.0, -22.0, -861.0
192.441060736, 532.0, -9.0, -869.0
192.460327424, 516.0, 16.0, -836.0
192.47959424, 545.0, 10.0, -847.0
192.498860928, 530.0, 28.0, -816.0
192.518127616, 521.0, -36.0, -845.0
192.537394304, 528.0, -60.0, -836.0
192.55666112, 518.0, -50.0, -864.0
192.575927808, 482.0, -79.0, -863.0
192.595194496, 490.0, -91.0, -853.0
192.614461184, 488.0, -107.0, -852.0
192.633727872, 524.0, -121.0, -886.0
192.652994688, 485.0, -188.0, -858.0
192.672261376, 469.0, -185.0, -843.0
192.691528064, 507.0, -161.0, -813.0
192.710794752, 425.0, -145.0, -844.0
192.730061568, 463.0, -106.0, -856.0
192.749328229, 494.0, -85.0, -859.0
192.768594944, 545.0, -56.0, -870.0
192.787861632, 565.0, -19.0, -870.0
192.807128448, 459.0, -32.0, -866.0
192.826395136, 535.0, 13.0, -853.0
192.845661952, 488.0, -2.0, -902.0
192.86492864, 438.0, -39.0, -965.0
192.884195328, 225.0, -90.0, -1005.0
192.903462144, 170.0, -143.0, -986.0
192.922728832, 334.0, -112.0, -877.0
192.941995648, 478.0, -72.0, -766.0
192.961262336, 532.0, -166.0, -830.0
192.980529024, 589.0, -195.0, -855.0
192.99979584, 663.0, -81.0, -794.0
193.019062528, 561.0, -12.0, -737.0
193.038329344, 489.0, -3.0, -697.0
193.057596032, 468.0, 22.0, -681.0
193.07686272, 534.0, 44.0, -686.0
193.096129536, 596.0, -18.0, -708.0
193.115396224, 733.0, -153.0, -747.0
193.13466304, 929.0, -247.0, -782.0
193.153929728, 866.0, -253.0, -708.0
193.173196544, 931.0, -226.0, -620.0
193.192463232, 973.0, -183.0, -665.0
193.21172992, 886.0, -137.0, -681.0
193.230996736, 657.0, -131.0, -727.0
193.250263424, 508.0, -128.0, -786.0
193.26953024, 446.0, -138.0, -796.0
193.288796928, 592.0, -128.0, -797.0
193.308063616, 664.0, -82.0, -808.0
193.327330432, 530.0, -84.0, -838.0
193.34659712, 386.0, -152.0, -868.0
193.365863936, 413.0, -98.0, -831.0
193.385130624, 586.0, -89.0, -798.0
193.404397312, 620.0, -114.0, -862.0
193.423664128, 518.0, -90.0, -857.0
193.442930816, 465.0, -83.0, -844.0
193.462197632, 450.0, -87.0, -868.0
193.48146432, 457.0, -98.0, -876.0
193.500731008, 463.0, -99.0, -884.0
193.519997824, 429.0, -95.0, -898.0
193.539264512, 392.0, -93.0, -902.0
193.558531328, 349.0, -106.0, -917.0
193.577798016, 312.0, -113.0, -925.0
193.597064704, 288.0, -117.0, -931.0
193.61633152, 260.0, -109.0, -941.0
193.635598208, 276.0, -96.0, -944.0
193.654865024, 296.0, -85.0, -936.0
193.674131712, 328.0, -100.0, -925.0
193.6933984, 342.0, -115.0, -927.0
193.712665216, 342.0, -113.0, -931.0
193.731931904, 335.0, -112.0, -923.0
193.75119872, 356.0, -111.0, -931.0
193.770465408, 307.0, -116.0, -937.0
193.789732224, 315.0, -108.0, -942.0
193.808998912, 288.0, -105.0, -939.0
193.8282656, 263.0, -113.0, -942.0
193.847532416, 260.0, -119.0, -951.0
193.866799104, 274.0, -129.0, -946.0
193.88606592, 283.0, -136.0, -940.0
193.905332608, 287.0, -131.0, -943.0
193.924599296, 287.0, -121.0, -948.0
193.943866112, 281.0, -118.0, -935.0
193.963132848, 282.0, -119.0, -936.0
193.982401152, 288.0, -129.0, -945.0
194.001669504, 291.0, -130.0, -945.0
194.020937984, 290.0, -136.0, -940.0
194.040206336, 281.0, -132.0, -940.0
194.059474688, 285.0, -128.0, -943.0
194.07874304, 286.0, -130.0, -940.0
194.09801152, 295.0, -135.0, -943.0
194.117279872, 298.0, -128.0, -936.0
194.136548224, 297.0, -126.0, -938.0
194.155816576, 291.0, -131.0, -942.0
194.175085056, 289.0, -130.0, -944.0
194.194353408, 292.0, -124.0, -943.0
194.21362176, 295.0, -132.0, -940.0
194.23289024, 296.0, -130.0, -941.0
194.252158592, 292.0, -135.0, -944.0
194.271426944, 288.0, -126.0, -939.0
194.290695296, 291.0, -129.0, -940.0
194.309963776, 294.0, -134.0, -936.0
194.329232128, 290.0, -133.0, -942.0
194.34850048, 282.0, -128.0, -943.0
194.367768832, 276.0, -135.0, -941.0
194.387037312, 278.0, -135.0, -941.0
194.406305664, 281.0, -134.0, -943.0
194.425574016, 286.0, -135.0, -941.0
194.444842496, 278.0, -132.0, -939.0
194.464110848, 303.0, -134.0, -941.0
194.4833792, 283.0, -130.0, -942.0
194.502647552, 271.0, -128.0, -942.0
194.521916032, 274.0, -135.0, -946.0
194.541184384, 283.0, -133.0, -940.0
194.560452736, 282.0, -128.0, -945.0
194.579721088, 282.0, -134.0, -946.0
194.598989568, 280.0, -130.0, -943.0
194.61825792, 283.0, -128.0, -946.0
194.637526272, 281.0, -132.0, -939.0
194.656794752, 289.0, -131.0, -940.0
194.676063104, 282.0, -126.0, -941.0
194.695331456, 281.0, -126.0, -943.0
194.714599808, 286.0, -131.0, -941.0
194.733868288, 289.0, -134.0, -940.0
194.75313664, 291.0, -130.0, -938.0
194.772404992, 283.0, -132.0, -941.0
194.791673344, 280.0, -131.0, -943.0
194.810941824, 278.0, -132.0, -941.0
194.830210176, 287.0, -132.0, -939.0
194.849478528, 286.0, -131.0, -944.0
194.868747008, 284.0, -135.0, -939.0
194.88801536, 278.0, -134.0, -943.0
194.907283712, 270.0, -134.0, -943.0
194.926552064, 270.0, -132.0, -947.0
194.945820544, 278.0, -137.0, -944.0
194.965088896, 280.0, -139.0, -941.0
194.984357248, 280.0, -133.0, -943.0
195.003625728, 273.0, -131.0, -945.0
195.02289408, 270.0, -130.0, -941.0
195.042162432, 268.0, -128.0, -945.0
195.061430784, 275.0, -132.0, -949.0
195.080699264, 275.0, -132.0, -946.0
195.099967616, 276.0, -132.0, -944.0
195.119235968, 278.0, -138.0, -941.0
195.13850432, 281.0, -128.0, -944.0
195.1577728, 282.0, -128.0, -945.0
195.177041152, 280.0, -131.0, -942.0
195.196309504, 281.0, -133.0, -941.0
195.215577984, 283.0, -127.0, -942.0
195.234846336, 295.0, -137.0, -947.0
195.254114688, 290.0, -135.0, -943.0
195.27338304, 284.0, -131.0, -940.0
195.29265152, 281.0, -127.0, -941.0
195.311919872, 279.0, -127.0, -941.0
195.331188224, 282.0, -134.0, -944.0
195.350456576, 278.0, -130.0, -942.0
195.369725056, 282.0, -131.0, -941.0
195.388993408, 279.0, -129.0, -937.0
195.40826176, 276.0, -129.0, -942.0
195.42753024, 281.0, -133.0, -943.0
195.446798592, 281.0, -135.0, -944.0
195.466066944, 284.0, -129.0, -948.0
195.485335296, 280.0, -135.0, -943.0
195.504603776, 277.0, -130.0, -943.0
195.523872128, 277.0, -131.0, -946.0
195.54314048, 281.0, -134.0, -942.0
195.562408832, 284.0, -134.0, -942.0
195.581677312, 284.0, -135.0, -943.0
195.600945664, 281.0, -136.0, -940.0
195.620214016, 277.0, -133.0, -942.0
195.639482496, 277.0, -136.0, -941.0
195.658750848, 276.0, -133.0, -943.0
195.6780192, 274.0, -129.0, -942.0
195.697287552, 272.0, -130.0, -944.0
195.716556032, 269.0, -132.0, -947.0
195.735824384, 270.0, -138.0, -947.0
195.755092736, 274.0, -132.0, -942.0
195.774361088, 271.0, -139.0, -946.0
195.793629568, 268.0, -131.0, -946.0
195.81289792, 278.0, -128.0, -945.0
195.832166272, 274.0, -131.0, -945.0
195.851434752, 274.0, -137.0, -942.0
195.870703165, 271.0, -130.0, -943.0
195.889970176, 273.0, -131.0, -946.0
195.909237248, 277.0, -130.0, -948.0
195.92850432, 278.0, -129.0, -942.0
195.947771392, 278.0, -135.0, -945.0
195.967038464, 278.0, -132.0, -944.0
195.986305536, 270.0, -132.0, -942.0
196.005572608, 270.0, -131.0, -944.0
196.024839552, 280.0, -133.0, -943.0
196.044106624, 279.0, -134.0, -944.0
196.063373696, 281.0, -130.0, -942.0
196.082640768, 277.0, -133.0, -946.0
196.10190784, 269.0, -131.0, -944.0
196.121174912, 269.0, -132.0, -950.0
196.140441984, 273.0, -136.0, -947.0
196.159709056, 276.0, -136.0, -944.0
196.178976128, 280.0, -133.0, -946.0
196.1982432, 274.0, -130.0, -948.0
196.217510272, 270.0, -132.0, -943.0
196.236777344, 273.0, -135.0, -945.0
196.256044416, 276.0, -133.0, -947.0
196.275311488, 278.0, -131.0, -948.0
196.294578432, 272.0, -131.0, -946.0
196.313845504, 269.0, -133.0, -946.0
196.333112576, 276.0, -133.0, -944.0
196.352379648, 279.0, -131.0, -939.0
196.37164672, 284.0, -139.0, -944.0
196.390913792, 277.0, -135.0, -945.0
196.410180864, 273.0, -132.0, -945.0
196.429447936, 269.0, -135.0, -944.0
196.448715008, 273.0, -133.0, -946.0
196.46798208, 277.0, -133.0, -942.0
196.487249152, 275.0, -131.0, -946.0
196.506516224, 268.0, -134.0, -946.0
196.525783296, 265.0, -135.0, -946.0
196.54505024, 273.0, -136.0, -945.0
196.564317312, 273.0, -138.0, -948.0
196.583584384, 269.0, -132.0, -947.0
196.602851456, 265.0, -131.0, -942.0
196.622118528, 272.0, -130.0, -945.0
196.6413856, 279.0, -133.0, -945.0
196.660652672, 282.0, -135.0, -948.0
196.679919744, 278.0, -133.0, -945.0
196.699186816, 282.0, -136.0, -940.0
196.718453888, 285.0, -132.0, -944.0
196.73772096, 288.0, -130.0, -939.0
196.756988032, 278.0, -131.0, -946.0
196.776255104, 277.0, -130.0, -940.0
196.795522048, 282.0, -129.0, -943.0
196.81478912, 282.0, -136.0, -946.0
196.834056192, 284.0, -138.0, -944.0
196.853323264, 280.0, -131.0, -940.0
196.872590336, 283.0, -130.0, -943.0
196.891857408, 285.0, -132.0, -945.0
196.91112448, 279.0, -132.0, -945.0
196.930391552, 271.0, -137.0, -947.0
196.949658624, 272.0, -134.0, -939.0
196.968925696, 271.0, -134.0, -942.0
196.988192768, 274.0, -136.0, -944.0
197.00745984, 271.0, -139.0, -944.0
197.026726912, 277.0, -136.0, -944.0
197.045993984, 274.0, -135.0, -943.0
197.065260928, 272.0, -137.0, -945.0
197.084528, 274.0, -131.0, -943.0
197.103795072, 279.0, -133.0, -940.0
197.123062144, 279.0, -133.0, -941.0
197.142329216, 273.0, -132.0, -941.0
197.161596288, 272.0, -129.0, -947.0
197.18086336, 274.0, -133.0, -946.0
197.200130432, 280.0, -125.0, -946.0
197.219397504, 285.0, -128.0, -948.0
197.238664576, 280.0, -130.0, -945.0
197.257931648, 276.0, -131.0, -943.0
197.27719872, 271.0, -136.0, -945.0
197.296465792, 278.0, -139.0, -948.0
197.315732736, 270.0, -137.0, -941.0
197.334999808, 270.0, -133.0, -945.0
197.35426688, 270.0, -139.0, -947.0
197.373533952, 274.0, -130.0, -943.0
197.392801024, 275.0, -135.0, -946.0
197.412068096, 278.0, -136.0, -944.0
197.431335168, 274.0, -139.0, -950.0
197.45060224, 275.0, -137.0, -939.0
197.469869312, 274.0, -134.0, -945.0
197.489136384, 277.0, -134.0, -947.0
197.508403456, 281.0, -131.0, -943.0
197.527670528, 280.0, -131.0, -944.0
197.5469376, 280.0, -134.0, -945.0
197.566204672, 274.0, -135.0, -945.0
197.585471616, 273.0, -131.0, -943.0
197.604738688, 276.0, -130.0, -942.0
197.62400576, 280.0, -134.0, -945.0
197.643272832, 283.0, -133.0, -944.0
197.662539904, 277.0, -132.0, -945.0
197.681806976, 270.0, -133.0, -944.0
197.701074048, 272.0, -135.0, -943.0
197.720341161, 279.0, -136.0, -944.0
197.739607168, 278.0, -139.0, -944.0
197.758873216, 276.0, -134.0, -943.0
197.778139136, 278.0, -125.0, -941.0
197.797405184, 280.0, -124.0, -941.0
197.816671232, 286.0, -135.0, -943.0
197.83593728, 284.0, -143.0, -946.0
197.8552032, 276.0, -141.0, -948.0
197.874469248, 260.0, -137.0, -945.0
197.893735296, 258.0, -132.0, -950.0
197.913001344, 259.0, -124.0, -952.0
197.932267264, 271.0, -127.0, -945.0
197.951533312, 277.0, -133.0, -946.0
197.97079936, 278.0, -136.0, -950.0
197.99006528, 276.0, -131.0, -942.0
198.009331328, 273.0, -130.0, -945.0
198.028597376, 279.0, -129.0, -949.0
198.047863424, 282.0, -132.0, -940.0
198.067129344, 280.0, -137.0, -943.0
198.086395392, 282.0, -132.0, -941.0
198.10566144, 282.0, -135.0, -947.0
198.124927488, 280.0, -136.0, -939.0
198.144193408, 281.0, -136.0, -940.0
198.163459456, 285.0, -139.0, -944.0
198.182725504, 276.0, -132.0, -943.0
198.201991552, 277.0, -130.0, -941.0
198.221257472, 290.0, -129.0, -938.0
198.24052352, 295.0, -134.0, -938.0
198.259789568, 288.0, -134.0, -946.0
198.279055488, 281.0, -134.0, -946.0
198.298321536, 273.0, -130.0, -947.0
198.317587584, 275.0, -135.0, -948.0
198.336853632, 286.0, -129.0, -940.0
198.356119552, 290.0, -134.0, -944.0
198.3753856, 287.0, -127.0, -945.0
198.394651648, 277.0, -130.0, -944.0
198.413917696, 276.0, -132.0, -939.0
198.433183616, 275.0, -135.0, -942.0
198.452449664, 281.0, -133.0, -944.0
198.471715712, 278.0, -135.0, -945.0
198.490981632, 276.0, -132.0, -939.0
198.51024768, 276.0, -129.0, -945.0
198.529513728, 270.0, -132.0, -940.0
198.548779776, 280.0, -135.0, -941.0
198.568045696, 281.0, -137.0, -940.0
198.587311744, 277.0, -131.0, -939.0
198.606577792, 272.0, -134.0, -943.0
198.62584384, 274.0, -131.0, -944.0
198.64510976, 277.0, -129.0, -948.0
198.664375808, 277.0, -135.0, -942.0
198.683641856, 278.0, -137.0, -948.0
198.702907776, 274.0, -133.0, -947.0
198.722173824, 269.0, -127.0, -947.0
198.741439872, 275.0, -133.0, -945.0
198.76070592, 278.0, -132.0, -944.0
198.77997184, 280.0, -129.0, -941.0
198.799237888, 286.0, -129.0, -945.0
198.818503936, 284.0, -128.0, -944.0
198.837769984, 280.0, -131.0, -944.0
198.857035904, 278.0, -132.0, -942.0
198.876301952, 274.0, -133.0, -944.0
198.895568, 278.0, -134.0, -944.0
198.91483392, 276.0, -136.0, -940.0
198.934099968, 283.0, -133.0, -940.0
198.953366016, 281.0, -138.0, -944.0
198.972632064, 278.0, -133.0, -943.0
198.991897984, 275.0, -134.0, -941.0
199.011164032, 276.0, -138.0, -942.0
199.03043008, 275.0, -137.0, -944.0
199.049696128, 279.0, -129.0, -944.0
199.068962048, 281.0, -131.0, -943.0
199.088228096, 278.0, -132.0, -942.0
199.107494144, 274.0, -127.0, -945.0
199.126760064, 277.0, -131.0, -945.0
199.146026112, 281.0, -130.0, -944.0
199.16529216, 278.0, -126.0, -941.0
199.184558208, 276.0, -131.0, -942.0
199.203824128, 279.0, -129.0, -945.0
199.223090176, 278.0, -128.0, -947.0
199.242356224, 281.0, -132.0, -944.0
199.261622272, 278.0, -129.0, -945.0
199.280888192, 280.0, -131.0, -948.0
199.30015424, 274.0, -135.0, -946.0
199.319420288, 266.0, -136.0, -944.0
199.338686336, 269.0, -133.0, -942.0
199.357952256, 280.0, -134.0, -943.0
199.377218304, 280.0, -132.0, -943.0
199.396484352, 280.0, -140.0, -942.0
199.415750272, 279.0, -129.0, -945.0
199.43501632, 273.0, -131.0, -945.0
199.454282368, 274.0, -135.0, -947.0
199.473548416, 271.0, -133.0, -946.0
199.492814336, 279.0, -125.0, -946.0
199.512080384, 282.0, -128.0, -943.0
199.531346432, 280.0, -132.0, -941.0
199.55061248, 279.0, -134.0, -949.0
199.569878441, 274.0, -138.0, -948.0
199.589147776, 275.0, -130.0, -946.0
199.608417152, 278.0, -134.0, -947.0
199.627686528, 276.0, -132.0, -944.0
199.646955904, 280.0, -131.0, -944.0
199.666225408, 283.0, -130.0, -944.0
199.685494784, 281.0, -129.0, -944.0
199.70476416, 281.0, -132.0, -941.0
199.724033536, 279.0, -135.0, -944.0
199.743302912, 277.0, -133.0, -940.0
199.762572288, 275.0, -137.0, -946.0
199.781841664, 277.0, -136.0, -940.0
199.80111104, 275.0, -134.0, -943.0
199.820380544, 277.0, -133.0, -943.0
199.83964992, 281.0, -134.0, -942.0
199.858919296, 275.0, -135.0, -942.0
199.878188672, 275.0, -135.0, -942.0
199.897458048, 278.0, -135.0, -942.0
199.916727424, 282.0, -127.0, -946.0
199.9359968, 283.0, -129.0, -942.0
199.955266176, 278.0, -136.0, -945.0
199.97453568, 276.0, -132.0, -945.0
199.993805056, 279.0, -131.0, -945.0
200.013074432, 279.0, -134.0, -941.0
200.032343808, 281.0, -133.0, -946.0
200.051613184, 275.0, -131.0, -946.0
200.07088256, 283.0, -127.0, -943.0
200.090151936, 277.0, -138.0, -943.0
200.109421312, 286.0, -132.0, -944.0
200.128690816, 276.0, -136.0, -941.0
200.147960192, 270.0, -133.0, -944.0
200.167229568, 266.0, -133.0, -943.0
200.186498944, 271.0, -137.0, -943.0
200.20576832, 275.0, -134.0, -944.0
200.225037696, 282.0, -134.0, -945.0
200.244307072, 275.0, -139.0, -943.0
200.263576448, 274.0, -135.0, -945.0
200.282845952, 274.0, -137.0, -947.0
200.302115328, 272.0, -132.0, -945.0
200.321384704, 276.0, -133.0, -943.0
200.34065408, 274.0, -131.0, -946.0
200.359923456, 277.0, -134.0, -947.0
200.379192832, 279.0, -129.0, -944.0
200.398462208, 279.0, -135.0, -943.0
200.417731584, 279.0, -129.0, -945.0
200.437001088, 276.0, -134.0, -944.0
200.456270464, 276.0, -133.0, -945.0
200.47553984, 275.0, -136.0, -945.0
200.494809216, 276.0, -135.0, -943.0
200.514078592, 282.0, -135.0, -943.0
200.533347968, 279.0, -138.0, -940.0
200.552617344, 281.0, -138.0, -943.0
200.57188672, 280.0, -140.0, -941.0
200.591156224, 274.0, -139.0, -942.0
200.6104256, 276.0, -132.0, -944.0
200.629694976, 274.0, -134.0, -945.0
200.648964352, 279.0, -132.0, -945.0
200.668233728, 278.0, -133.0, -946.0
200.687503104, 270.0, -133.0, -943.0
200.70677248, 267.0, -129.0, -948.0
200.726041856, 274.0, -134.0, -941.0
200.74531136, 276.0, -136.0, -941.0
200.764580736, 282.0, -135.0, -947.0
200.783850112, 275.0, -128.0, -945.0
200.803119488, 273.0, -133.0, -948.0
200.822388864, 272.0, -133.0, -944.0
200.84165824, 277.0, -133.0, -946.0
200.860927616, 279.0, -132.0, -940.0
200.880196992, 278.0, -135.0, -946.0
200.899466496, 270.0, -135.0, -939.0
200.918735872, 272.0, -139.0, -943.0
200.938005248, 275.0, -133.0, -942.0
200.957274624, 282.0, -133.0, -943.0
200.976544, 278.0, -135.0, -943.0
200.995813376, 274.0, -133.0, -945.0
201.015082752, 270.0, -137.0, -944.0
201.034352128, 270.0, -138.0, -948.0
201.053621632, 268.0, -137.0, -947.0
201.072891008, 271.0, -132.0, -950.0
201.092160384, 273.0, -132.0, -947.0
201.11142976, 273.0, -132.0, -946.0
201.130699136, 275.0, -137.0, -944.0
201.149968512, 278.0, -136.0, -945.0
201.169237888, 278.0, -131.0, -945.0
201.188507392, 273.0, -132.0, -945.0
201.207776768, 273.0, -134.0, -946.0
201.227046144, 283.0, -138.0, -941.0
201.24631552, 281.0, -130.0, -941.0
201.265584896, 278.0, -130.0, -941.0
201.284854272, 281.0, -133.0, -942.0
201.304123648, 281.0, -133.0, -944.0
201.323393024, 281.0, -135.0, -942.0
201.342662528, 275.0, -135.0, -945.0
201.361931904, 274.0, -139.0, -941.0
201.38120128, 272.0, -135.0, -943.0
201.400470656, 272.0, -135.0, -944.0
201.419740032, 274.0, -136.0, -945.0
201.439009408, 275.0, -136.0, -944.0
201.458278877, 271.0, -136.0, -944.0
201.477545728, 273.0, -133.0, -947.0
201.496812544, 278.0, -139.0, -940.0
201.516079488, 276.0, -133.0, -948.0
201.535346304, 273.0, -134.0, -947.0
201.554613248, 271.0, -130.0, -948.0
201.573880064, 278.0, -133.0, -944.0
201.593147008, 276.0, -132.0, -945.0
201.612413824, 282.0, -134.0, -945.0
201.631680768, 276.0, -131.0, -946.0
201.650947584, 280.0, -128.0, -941.0
201.670214528, 280.0, -136.0, -945.0
201.689481344, 279.0, -137.0, -947.0
201.708748288, 275.0, -138.0, -945.0
201.728015104, 272.0, -134.0, -940.0
201.747282048, 273.0, -137.0, -943.0
201.766548864, 275.0, -133.0, -943.0
201.785815808, 277.0, -136.0, -941.0
201.805082624, 275.0, -138.0, -944.0
201.824349568, 274.0, -137.0, -944.0
201.843616384, 272.0, -136.0, -946.0
201.862883328, 278.0, -135.0, -942.0
201.882150144, 281.0, -135.0, -947.0
201.901417088, 273.0, -134.0, -947.0
201.920683904, 266.0, -134.0, -941.0
201.939950848, 268.0, -135.0, -943.0
201.959217664, 281.0, -133.0, -942.0
201.978484608, 282.0, -131.0, -939.0
201.997751424, 281.0, -133.0, -942.0
202.017018368, 278.0, -136.0, -942.0
202.036285184, 272.0, -136.0, -943.0
202.055552128, 271.0, -131.0, -942.0
202.074818944, 273.0, -134.0, -940.0
202.094085888, 278.0, -138.0, -947.0
202.113352704, 274.0, -139.0, -943.0
202.132619648, 273.0, -137.0, -944.0
202.151886464, 273.0, -137.0, -943.0
202.171153408, 276.0, -135.0, -942.0
202.190420224, 276.0, -133.0, -946.0
202.209687168, 275.0, -136.0, -945.0
202.228953984, 276.0, -140.0, -945.0
202.248220928, 272.0, -138.0, -943.0
202.267487744, 270.0, -133.0, -946.0
202.286754688, 277.0, -134.0, -944.0
202.306021504, 277.0, -132.0, -942.0
202.325288448, 281.0, -132.0, -947.0
202.344555264, 277.0, -132.0, -940.0
202.363822208, 277.0, -134.0, -946.0
202.383089024, 275.0, -132.0, -943.0
202.402355968, 280.0, -134.0, -944.0
202.421622784, 280.0, -129.0, -944.0
202.440889728, 281.0, -134.0, -944.0
202.460156544, 281.0, -133.0, -945.0
202.479423488, 281.0, -133.0, -943.0
202.498690304, 277.0, -133.0, -941.0
202.517957248, 276.0, -137.0, -944.0
202.537224064, 280.0, -133.0, -940.0
202.556491008, 276.0, -134.0, -943.0
202.575757824, 273.0, -133.0, -943.0
202.595024768, 272.0, -131.0, -946.0
202.614291584, 273.0, -138.0, -948.0
202.633558528, 275.0, -134.0, -943.0
202.652825344, 274.0, -132.0, -947.0
202.672092288, 272.0, -139.0, -948.0
202.691359104, 272.0, -136.0, -949.0
202.710626048, 275.0, -136.0, -944.0
202.729892864, 275.0, -134.0, -946.0
202.749159808, 277.0, -128.0, -945.0
202.768426624, 281.0, -131.0, -942.0
202.787693568, 281.0, -128.0, -943.0
202.806960384, 276.0, -132.0, -943.0
202.826227328, 276.0, -134.0, -946.0
202.845494144, 274.0, -136.0, -945.0
202.864761088, 278.0, -132.0, -943.0
202.884027904, 279.0, -130.0, -947.0
202.903294848, 280.0, -133.0, -944.0
202.922561664, 275.0, -135.0, -942.0
202.941828608, 275.0, -133.0, -942.0
202.961095424, 275.0, -134.0, -939.0
202.980362368, 269.0, -135.0, -945.0
202.999629184, 274.0, -137.0, -945.0
203.018896128, 277.0, -132.0, -941.0
203.038162944, 273.0, -135.0, -943.0
203.057429888, 270.0, -134.0, -942.0
203.076696704, 274.0, -134.0, -947.0
203.095963648, 278.0, -136.0, -945.0
203.115230464, 271.0, -130.0, -941.0
203.134497408, 276.0, -131.0, -945.0
203.153764224, 273.0, -132.0, -948.0
203.173031168, 277.0, -135.0, -943.0
203.192297984, 279.0, -134.0, -943.0
203.211564928, 284.0, -129.0, -947.0
203.230831744, 277.0, -132.0, -947.0
203.250098688, 279.0, -128.0, -947.0
203.269365504, 279.0, -133.0, -943.0
203.288632448, 278.0, -133.0, -941.0
203.307899264, 277.0, -129.0, -942.0
203.327166208, 274.0, -132.0, -945.0
203.346433024, 275.0, -133.0, -938.0
203.365699968, 276.0, -134.0, -941.0
203.384966784, 273.0, -133.0, -942.0
203.404233728, 271.0, -136.0, -940.0
203.423500544, 270.0, -128.0, -945.0
203.442767488, 271.0, -135.0, -945.0
203.462034304, 274.0, -132.0, -943.0
203.481301248, 273.0, -130.0, -947.0
203.500568064, 278.0, -131.0, -940.0
203.519835008, 273.0, -133.0, -947.0
203.539101824, 274.0, -134.0, -942.0
203.558368768, 278.0, -135.0, -941.0
203.577635584, 281.0, -132.0, -942.0
203.596902498, 279.0, -129.0, -943.0
203.616167936, 275.0, -129.0, -944.0
203.635433344, 278.0, -130.0, -944.0
203.654698624, 279.0, -132.0, -942.0
203.673964032, 277.0, -134.0, -941.0
203.693229312, 275.0, -130.0, -941.0
203.71249472, 274.0, -131.0, -943.0
203.73176, 279.0, -134.0, -947.0
203.751025408, 271.0, -130.0, -943.0
203.770290688, 272.0, -136.0, -946.0
203.789556096, 273.0, -135.0, -942.0
203.808821376, 276.0, -135.0, -949.0
203.828086784, 275.0, -135.0, -942.0
203.847352192, 271.0, -133.0, -945.0
203.866617472, 270.0, -136.0, -943.0
203.88588288, 275.0, -130.0, -942.0
203.90514816, 273.0, -134.0, -942.0
203.924413568, 284.0, -135.0, -948.0
203.943678848, 275.0, -134.0, -940.0
203.962944256, 277.0, -135.0, -943.0
203.982209536, 273.0, -142.0, -949.0
204.001474944, 275.0, -127.0, -947.0
204.020740224, 281.0, -131.0, -944.0
204.040005632, 283.0, -132.0, -948.0
204.05927104, 282.0, -135.0, -946.0
204.07853632, 278.0, -133.0, -942.0
204.097801728, 277.0, -134.0, -946.0
204.117067008, 276.0, -138.0, -947.0
204.136332416, 279.0, -133.0, -946.0
204.155597696, 278.0, -134.0, -942.0
204.174863104, 271.0, -133.0, -942.0
204.194128384, 276.0, -135.0, -940.0
204.213393792, 270.0, -138.0, -944.0
204.232659072, 267.0, -139.0, -943.0
204.25192448, 269.0, -135.0, -946.0
204.271189888, 273.0, -132.0, -946.0
204.290455168, 278.0, -136.0, -943.0
204.309720576, 275.0, -137.0, -949.0
204.328985856, 270.0, -137.0, -944.0
204.348251264, 268.0, -135.0, -947.0
204.367516544, 265.0, -134.0, -948.0
204.386781952, 273.0, -129.0, -946.0
204.406047232, 280.0, -129.0, -944.0
204.42531264, 282.0, -133.0, -945.0
204.444578048, 276.0, -133.0, -949.0
204.463843328, 275.0, -134.0, -941.0
204.483108736, 279.0, -131.0, -939.0
204.502374016, 274.0, -134.0, -944.0
204.521639424, 278.0, -136.0, -944.0
204.540904704, 281.0, -132.0, -940.0
204.560170112, 279.0, -134.0, -942.0
204.579435392, 272.0, -135.0, -942.0
204.5987008, 269.0, -139.0, -946.0
204.61796608, 268.0, -130.0, -944.0
204.637231488, 273.0, -136.0, -943.0
204.656496896, 269.0, -140.0, -943.0
204.675762176, 267.0, -137.0, -944.0
204.695027584, 267.0, -134.0, -945.0
204.714292864, 272.0, -136.0, -944.0
204.733558272, 276.0, -135.0, -947.0
204.752823552, 281.0, -133.0, -943.0
204.77208896, 277.0, -128.0, -947.0
204.79135424, 271.0, -134.0, -946.0
204.810619648, 271.0, -137.0, -945.0
204.829884928, 277.0, -130.0, -947.0
204.849150336, 278.0, -132.0, -947.0
204.868415744, 280.0, -133.0, -947.0
204.887681024, 274.0, -132.0, -945.0
204.906946432, 274.0, -130.0, -944.0
204.926211712, 271.0, -132.0, -946.0
204.94547712, 270.0, -137.0, -944.0
204.9647424, 271.0, -137.0, -943.0
204.984007808, 273.0, -133.0, -945.0
205.003273088, 276.0, -135.0, -946.0
205.022538496, 274.0, -133.0, -939.0
205.041803776, 274.0, -134.0, -944.0
205.061069184, 272.0, -135.0, -943.0
205.080334592, 273.0, -131.0, -947.0
205.099599872, 278.0, -137.0, -942.0
205.11886528, 275.0, -137.0, -944.0
205.13813056, 275.0, -135.0, -945.0
205.157395968, 274.0, -126.0, -944.0
205.176661248, 272.0, -132.0, -942.0
205.195926656, 276.0, -135.0, -945.0
205.215191936, 280.0, -132.0, -943.0
205.234457344, 279.0, -133.0, -947.0
205.253722624, 276.0, -128.0, -944.0
205.272988032, 275.0, -131.0, -942.0
205.29225344, 275.0, -131.0, -947.0
205.31151872, 275.0, -130.0, -946.0
205.330784128, 276.0, -130.0, -943.0
205.350049408, 277.0, -133.0, -941.0
205.369314698, 271.0, -136.0, -944.0
205.38858048, 271.0, -135.0, -943.0
205.407846272, 271.0, -132.0, -942.0
205.427112192, 278.0, -133.0, -943.0
205.446377984, 276.0, -135.0, -945.0
205.465643904, 270.0, -135.0, -945.0
205.484909696, 271.0, -138.0, -947.0
205.504175488, 267.0, -137.0, -946.0
205.523441408, 270.0, -135.0, -948.0
205.5427072, 274.0, -134.0, -943.0
205.56197312, 276.0, -131.0, -948.0
205.581238912, 276.0, -136.0, -947.0
205.600504704, 276.0, -138.0, -943.0
205.619770624, 277.0, -134.0, -946.0
205.639036416, 272.0, -135.0, -945.0
205.658302336, 274.0, -133.0, -945.0
205.677568128, 273.0, -133.0, -947.0
205.69683392, 273.0, -133.0, -948.0
205.71609984, 279.0, -133.0, -944.0
205.735365632, 277.0, -132.0, -941.0
205.754631552, 276.0, -140.0, -941.0
205.773897344, 273.0, -131.0, -944.0
205.793163136, 272.0, -134.0, -942.0
205.812429056, 272.0, -135.0, -947.0
205.831694848, 273.0, -134.0, -943.0
205.850960768, 275.0, -135.0, -941.0
205.87022656, 274.0, -136.0, -947.0
205.88949248, 275.0, -136.0, -945.0
205.908758272, 272.0, -131.0, -945.0
205.928024064, 271.0, -131.0, -946.0
205.947289984, 272.0, -136.0, -946.0
205.966555776, 275.0, -136.0, -942.0
205.985821696, 277.0, -135.0, -938.0
206.005087488, 271.0, -130.0, -945.0
206.02435328, 275.0, -131.0, -944.0
206.0436192, 277.0, -131.0, -942.0
206.062884992, 274.0, -132.0, -945.0
206.082150912, 271.0, -133.0, -944.0
206.101416704, 277.0, -134.0, -943.0
206.120682496, 277.0, -133.0, -938.0
206.139948416, 276.0, -131.0, -941.0
206.159214208, 269.0, -131.0, -946.0
206.178480128, 273.0, -137.0, -942.0
206.19774592, 276.0, -136.0, -943.0
206.217011712, 281.0, -136.0, -947.0
206.236277632, 275.0, -137.0, -945.0
206.255543424, 270.0, -133.0, -943.0
206.274809344, 271.0, -137.0, -942.0
206.294075136, 273.0, -135.0, -943.0
206.313340928, 275.0, -133.0, -949.0
206.332606848, 279.0, -130.0, -944.0
206.35187264, 275.0, -132.0, -941.0
206.37113856, 275.0, -138.0, -946.0
206.390404352, 271.0, -134.0, -943.0
206.409670144, 273.0, -131.0, -945.0
206.428936064, 272.0, -129.0, -947.0
206.448201856, 274.0, -137.0, -942.0
206.467467776, 275.0, -136.0, -943.0
206.486733568, 276.0, -132.0, -946.0
206.50599936, 281.0, -133.0, -947.0
206.52526528, 283.0, -130.0, -944.0
206.544531072, 277.0, -127.0, -945.0
206.563796992, 272.0, -133.0, -942.0
206.583062784, 275.0, -134.0, -945.0
206.602328576, 278.0, -138.0, -945.0
206.621594496, 276.0, -135.0, -948.0
206.640860288, 281.0, -133.0, -939.0
206.660126208, 276.0, -136.0, -945.0
206.679392, 273.0, -141.0, -944.0
206.69865792, 272.0, -138.0, -948.0
206.717923712, 279.0, -135.0, -945.0
206.737189504, 277.0, -134.0, -943.0
206.756455424, 275.0, -133.0, -945.0
206.775721216, 272.0, -132.0, -948.0
206.794987136, 275.0, -136.0, -944.0
206.814252928, 279.0, -137.0, -945.0
206.83351872, 277.0, -136.0, -946.0
206.85278464, 271.0, -132.0, -944.0
206.872050432, 275.0, -134.0, -942.0
206.891316352, 280.0, -129.0, -940.0
206.910582144, 278.0, -136.0, -948.0
206.929847936, 277.0, -137.0, -943.0
206.949113856, 274.0, -135.0, -946.0
206.968379648, 308.0, -29.0, -957.0
206.987645568, 401.0, -115.0, -965.0
207.00691136, 416.0, -107.0, -977.0
207.026177152, 248.0, -224.0, -933.0
207.045443072, 227.0, -286.0, -908.0
207.064708864, 326.0, -260.0, -1000.0
207.083974784, 347.0, -298.0, -1031.0
207.10324064, 409.0, -362.0, -1050.0
207.122507904, 408.0, -221.0, -1040.0
207.141775232, 473.0, -148.0, -972.0
207.16104256, 529.0, -78.0, -921.0
207.18030976, 831.0, 53.0, -753.0
207.199577088, 657.0, -49.0, -882.0
207.218844416, 439.0, -34.0, -710.0
207.238111744, 328.0, -21.0, -731.0
207.257379072, 356.0, 18.0, -795.0
207.2766464, 312.0, 58.0, -775.0
207.2959136, 342.0, 127.0, -769.0
207.315180928, 377.0, 212.0, -803.0
207.334448256, 309.0, 235.0, -843.0
207.353715584, 251.0, 212.0, -930.0
207.372982912, 271.0, 176.0, -995.0
207.39225024, 300.0, 130.0, -1004.0
207.41151744, 302.0, 101.0, -993.0
207.430784768, 274.0, 12.0, -1077.0
207.450052096, 272.0, -18.0, -1078.0
207.469319424, 229.0, 42.0, -1101.0
207.488586752, 155.0, 154.0, -920.0
207.50785408, 119.0, 180.0, -970.0
207.52712128, 307.0, 243.0, -1002.0
207.546388608, 235.0, 298.0, -877.0
207.565655936, 177.0, 302.0, -959.0
207.584923264, 130.0, 283.0, -918.0
207.604190592, 134.0, 264.0, -915.0
207.62345792, 223.0, 208.0, -946.0
207.64272512, 308.0, 196.0, -919.0
207.661992448, 458.0, 210.0, -895.0
207.681259776, 471.0, 271.0, -870.0
207.700527104, 427.0, 360.0, -815.0
207.719794432, 328.0, 423.0, -793.0
207.73906176, 260.0, 376.0, -866.0
207.75832896, 185.0, 262.0, -974.0
207.777596288, 127.0, 234.0, -1021.0
207.796863616, 124.0, 241.0, -1038.0
207.816130944, 173.0, 258.0, -968.0
207.835398272, 159.0, 243.0, -875.0
207.8546656, 193.0, 227.0, -957.0
207.8739328, 311.0, 282.0, -1005.0
207.893200128, 236.0, 361.0, -911.0
207.912467456, 75.0, 376.0, -938.0
207.931734784, 111.0, 393.0, -943.0
207.951002112, 237.0, 352.0, -905.0
207.97026944, 305.0, 309.0, -918.0
207.98953664, 279.0, 286.0, -906.0
208.008803968, 284.0, 288.0, -885.0
208.028071296, 270.0, 291.0, -901.0
208.047338624, 264.0, 306.0, -927.0
208.066605952, 245.0, 323.0, -886.0
208.08587328, 222.0, 323.0, -899.0
208.10514048, 223.0, 294.0, -952.0
208.124407808, 227.0, 286.0, -973.0
208.143675136, 234.0, 270.0, -968.0
208.162942464, 234.0, 261.0, -951.0
208.182209792, 227.0, 255.0, -938.0
208.20147712, 234.0, 255.0, -945.0
208.22074432, 273.0, 260.0, -942.0
208.240011727, 283.0, 254.0, -946.0
208.259277312, 290.0, 258.0, -927.0
208.278542848, 285.0, 266.0, -908.0
208.297808384, 270.0, 281.0, -905.0
208.31707392, 260.0, 282.0, -928.0
208.336339456, 265.0, 258.0, -941.0
208.355604864, 281.0, 238.0, -969.0
208.3748704, 293.0, 270.0, -919.0
208.394135936, 252.0, 260.0, -900.0
208.413401472, 245.0, 262.0, -958.0
208.432667008, 300.0, 248.0, -972.0
208.451932544, 299.0, 234.0, -946.0
208.47119808, 305.0, 260.0, -907.0
208.490463616, 283.0, 265.0, -934.0
208.509729024, 287.0, 250.0, -933.0
208.52899456, 313.0, 243.0, -936.0
208.548260096, 286.0, 239.0, -955.0
208.567525632, 266.0, 271.0, -900.0
208.586791168, 216.0, 272.0, -858.0
208.606056704, 223.0, 254.0, -965.0
208.62532224, 292.0, 240.0, -997.0
208.644587776, 290.0, 240.0, -991.0
208.663853312, 249.0, 239.0, -958.0
208.68311872, 244.0, 254.0, -898.0
208.702384256, 269.0, 267.0, -844.0
208.721649792, 255.0, 244.0, -918.0
208.740915328, 224.0, 226.0, -899.0
208.760180864, 370.0, 224.0, -881.0
208.7794464, 327.0, 276.0, -862.0
208.798711936, 326.0, 223.0, -827.0
208.817977472, 457.0, 215.0, -871.0
208.837243008, 410.0, 148.0, -899.0
208.856508416, 292.0, 130.0, -867.0
208.875773952, 267.0, 159.0, -904.0
208.895039488, 322.0, 165.0, -843.0
208.914305024, 463.0, 95.0, -820.0
208.93357056, 517.0, 69.0, -771.0
208.952836096, 496.0, 48.0, -806.0
208.972101632, 387.0, 71.0, -847.0
208.991367168, 377.0, -55.0, -836.0
209.010632576, 533.0, -113.0, -1104.0
209.029898112, 634.0, -213.0, -822.0
209.049163648, 591.0, -208.0, -946.0
209.068429184, 513.0, -131.0, -944.0
209.08769472, 692.0, -305.0, -1019.0
209.106960256, 495.0, -335.0, -1308.0
209.126225792, 387.0, -189.0, -829.0
209.145491328, 487.0, 31.0, -680.0
209.164756864, 447.0, 9.0, -779.0
209.184022272, 444.0, -93.0, -907.0
209.203287808, 519.0, -126.0, -1025.0
209.222553344, 556.0, -94.0, -898.0
209.24181888, 462.0, -39.0, -830.0
209.261084416, 348.0, -110.0, -884.0
209.280349952, 307.0, -109.0, -953.0
209.299615488, 373.0, -96.0, -914.0
209.318881024, 410.0, -94.0, -903.0
209.33814656, 386.0, -87.0, -910.0
209.357411968, 361.0, -92.0, -924.0
209.376677504, 350.0, -99.0, -921.0
209.39594304, 344.0, -98.0, -933.0
209.415208576, 343.0, -88.0, -925.0
209.434474039, 340.0, -99.0, -929.0
209.453739392, 338.0, -100.0, -915.0
209.4730048, 363.0, -92.0, -926.0
209.492270208, 373.0, -95.0, -924.0
209.511535488, 371.0, -96.0, -918.0
209.530800896, 370.0, -97.0, -917.0
209.550066304, 373.0, -101.0, -913.0
209.569331712, 376.0, -100.0, -912.0
209.588596992, 374.0, -90.0, -918.0
209.6078624, 368.0, -91.0, -918.0
209.627127808, 360.0, -92.0, -914.0
209.646393216, 373.0, -97.0, -921.0
209.665658496, 370.0, -98.0, -915.0
209.684923904, 373.0, -99.0, -917.0
209.704189312, 368.0, -93.0, -914.0
209.72345472, 369.0, -96.0, -920.0
209.74272, 362.0, -101.0, -918.0
209.761985408, 366.0, -106.0, -918.0
209.781250816, 364.0, -108.0, -919.0
209.800516224, 353.0, -103.0, -920.0
209.819781504, 349.0, -103.0, -918.0
209.839046912, 354.0, -104.0, -919.0
209.85831232, 353.0, -103.0, -926.0
209.877577728, 351.0, -109.0, -920.0
209.896843136, 354.0, -112.0, -919.0
209.916108416, 348.0, -111.0, -922.0
209.935373824, 353.0, -108.0, -924.0
209.954639232, 348.0, -111.0, -924.0
209.97390464, 348.0, -107.0, -925.0
209.99316992, 347.0, -111.0, -921.0
210.012435328, 355.0, -105.0, -926.0
210.031700736, 351.0, -107.0, -918.0
210.050966144, 360.0, -106.0, -925.0
210.070231424, 359.0, -109.0, -922.0
210.089496832, 359.0, -114.0, -924.0
210.10876224, 349.0, -108.0, -929.0
210.128027648, 347.0, -101.0, -926.0
210.147292928, 348.0, -105.0, -926.0
210.166558336, 351.0, -110.0, -922.0
210.185823744, 348.0, -105.0, -923.0
210.205089152, 349.0, -105.0, -923.0
210.22435456, 346.0, -111.0, -924.0
210.24361984, 349.0, -112.0, -923.0
210.262885248, 349.0, -109.0, -921.0
210.282150656, 350.0, -109.0, -921.0
210.301416064, 353.0, -101.0, -921.0
210.320681344, 353.0, -108.0, -926.0
210.339946752, 347.0, -109.0, -922.0
210.35921216, 348.0, -112.0, -920.0
210.378477568, 349.0, -107.0, -921.0
210.397742848, 355.0, -103.0, -924.0
210.417008256, 354.0, -106.0, -923.0
210.436273664, 348.0, -104.0, -921.0
210.455539072, 344.0, -108.0, -922.0
210.474804352, 349.0, -109.0, -924.0
210.49406976, 355.0, -106.0, -920.0
210.513335168, 357.0, -107.0, -919.0
210.532600576, 350.0, -105.0, -924.0
210.551865856, 345.0, -103.0, -927.0
210.571131264, 342.0, -103.0, -925.0
210.590396672, 351.0, -113.0, -918.0
210.60966208, 352.0, -113.0, -922.0
210.628927488, 348.0, -110.0, -925.0
210.648192768, 348.0, -106.0, -920.0
210.667458176, 344.0, -108.0, -922.0
210.686723584, 349.0, -107.0, -927.0
210.705988992, 349.0, -111.0, -926.0
210.725254272, 349.0, -111.0, -924.0
210.74451968, 347.0, -108.0, -924.0
210.763785088, 349.0, -107.0, -922.0
210.783050496, 354.0, -103.0, -921.0
210.802315776, 351.0, -107.0, -923.0
210.821581184, 351.0, -106.0, -926.0
210.840846592, 342.0, -105.0, -926.0
210.860112, 349.0, -104.0, -924.0
210.87937728, 358.0, -105.0, -923.0
210.898642688, 356.0, -110.0, -923.0
210.917908096, 354.0, -105.0, -921.0
210.937173504, 351.0, -110.0, -922.0
210.956438784, 353.0, -111.0, -922.0
210.975704192, 352.0, -108.0, -921.0
210.9949696, 343.0, -112.0, -922.0
211.014235008, 340.0, -113.0, -921.0
211.033500416, 347.0, -114.0, -924.0
211.052765696, 350.0, -108.0, -923.0
211.072031104, 352.0, -113.0, -925.0
211.091296512, 346.0, -115.0, -920.0
211.11056192, 348.0, -110.0, -923.0
211.1298272, 350.0, -104.0, -923.0
211.149092608, 352.0, -110.0, -923.0
211.168358016, 342.0, -108.0, -921.0
211.187623424, 341.0, -112.0, -926.0
211.206888704, 353.0, -112.0, -925.0
211.226154112, 346.0, -111.0, -929.0
211.24541952, 352.0, -110.0, -925.0
211.264684928, 348.0, -109.0, -925.0
211.283950291, 349.0, -109.0, -922.0
211.303216384, 348.0, -107.0, -923.0
211.322482432, 350.0, -105.0, -921.0
211.341748352, 349.0, -110.0, -926.0
211.3610144, 343.0, -116.0, -924.0
211.380280448, 349.0, -111.0, -917.0
211.399546496, 348.0, -115.0, -924.0
211.418812416, 340.0, -114.0, -922.0
211.438078464, 343.0, -112.0, -921.0
211.457344512, 348.0, -112.0, -922.0
211.47661056, 351.0, -112.0, -924.0
211.49587648, 350.0, -110.0, -924.0
211.515142528, 345.0, -111.0, -920.0
211.534408576, 343.0, -111.0, -926.0
211.553674496, 342.0, -111.0, -926.0
211.572940544, 346.0, -110.0, -924.0
211.592206592, 352.0, -108.0, -928.0
211.61147264, 345.0, -113.0, -927.0
211.63073856, 351.0, -107.0, -925.0
211.650004608, 345.0, -114.0, -923.0
211.669270656, 348.0, -111.0, -929.0
211.688536704, 343.0, -111.0, -925.0
211.707802624, 348.0, -114.0, -925.0
211.727068672, 349.0, -110.0, -924.0
211.74633472, 348.0, -115.0, -924.0
211.765600768, 345.0, -115.0, -921.0
211.784866688, 345.0, -111.0, -925.0
211.804132736, 350.0, -107.0, -923.0
211.823398784, 350.0, -110.0, -921.0
211.842664704, 345.0, -114.0, -922.0
211.861930752, 346.0, -113.0, -927.0
211.8811968, 345.0, -118.0, -924.0
211.900462848, 340.0, -106.0, -928.0
211.919728768, 348.0, -113.0, -927.0
211.938994816, 348.0, -112.0, -919.0
211.958260864, 349.0, -110.0, -924.0
211.977526912, 352.0, -111.0, -924.0
211.996792832, 352.0, -110.0, -925.0
212.01605888, 341.0, -106.0, -925.0
212.035324928, 346.0, -106.0, -927.0
212.054590848, 339.0, -107.0, -923.0
212.073856896, 346.0, -112.0, -924.0
212.093122944, 349.0, -113.0, -926.0
212.112388992, 347.0, -110.0, -924.0
212.131654912, 345.0, -111.0, -922.0
212.15092096, 344.0, -109.0, -925.0
212.170187008, 345.0, -109.0, -924.0
212.189453056, 349.0, -113.0, -922.0
212.208718976, 346.0, -111.0, -922.0
212.227985024, 347.0, -110.0, -922.0
212.247251072, 346.0, -112.0, -923.0
212.266516992, 342.0, -108.0, -926.0
212.28578304, 346.0, -109.0, -921.0
212.305049088, 347.0, -109.0, -923.0
212.324315136, 349.0, -110.0, -922.0
212.343581056, 349.0, -109.0, -926.0
212.362847104, 345.0, -107.0, -925.0
212.382113152, 347.0, -108.0, -929.0
212.4013792, 349.0, -106.0, -926.0
212.42064512, 345.0, -106.0, -925.0
212.439911168, 338.0, -112.0, -929.0
212.459177216, 346.0, -108.0, -923.0
212.478443264, 344.0, -114.0, -927.0
212.497709184, 346.0, -109.0, -927.0
212.516975232, 347.0, -112.0, -922.0
212.53624128, 342.0, -110.0, -923.0
212.5555072, 346.0, -113.0, -924.0
212.574773248, 344.0, -109.0, -923.0
212.594039296, 346.0, -111.0, -924.0
212.613305344, 347.0, -109.0, -924.0
212.632571264, 347.0, -108.0, -923.0
212.651837312, 346.0, -114.0, -922.0
212.67110336, 347.0, -113.0, -926.0
212.690369408, 345.0, -112.0, -924.0
212.709635328, 349.0, -111.0, -926.0
212.728901376, 348.0, -108.0, -926.0
212.748167424, 347.0, -107.0, -925.0
212.767433344, 340.0, -109.0, -920.0
212.786699392, 343.0, -105.0, -925.0
212.80596544, 344.0, -111.0, -924.0
212.825231488, 349.0, -110.0, -926.0
212.844497408, 350.0, -113.0, -928.0
212.863763456, 348.0, -108.0, -926.0
212.883029504, 344.0, -109.0, -921.0
212.902295552, 345.0, -110.0, -920.0
212.921561472, 343.0, -111.0, -923.0
212.94082752, 352.0, -106.0, -926.0
212.960093568, 351.0, -110.0, -922.0
212.979359488, 346.0, -108.0, -922.0
212.998625536, 340.0, -109.0, -925.0
213.017891584, 346.0, -107.0, -923.0
213.037157632, 350.0, -107.0, -923.0
213.056423552, 351.0, -113.0, -927.0
213.0756896, 344.0, -114.0, -924.0
213.094955648, 343.0, -109.0, -925.0
213.114221696, 346.0, -107.0, -925.0
213.133487616, 350.0, -113.0, -925.0
213.152753592, 344.0, -110.0, -926.0
213.172019584, 348.0, -110.0, -926.0
213.191285632, 345.0, -112.0, -929.0
213.210551552, 345.0, -108.0, -927.0
213.2298176, 341.0, -112.0, -919.0
213.249083648, 352.0, -106.0, -927.0
213.268349696, 351.0, -107.0, -926.0
213.287615616, 349.0, -111.0, -925.0
213.306881664, 349.0, -115.0, -925.0
213.326147712, 344.0, -109.0, -924.0
213.34541376, 346.0, -111.0, -926.0
213.36467968, 343.0, -108.0, -925.0
213.383945728, 348.0, -112.0, -918.0
213.403211776, 349.0, -112.0, -923.0
213.422477696, 349.0, -109.0, -923.0
213.441743744, 346.0, -115.0, -923.0
213.461009792, 345.0, -105.0, -919.0
213.48027584, 350.0, -110.0, -923.0
213.49954176, 345.0, -109.0, -925.0
213.518807808, 347.0, -110.0, -923.0
213.538073856, 350.0, -109.0, -924.0
213.557339904, 347.0, -110.0, -924.0
213.576605824, 345.0, -112.0, -922.0
213.595871872, 345.0, -109.0, -925.0
213.61513792, 350.0, -104.0, -926.0
213.634403968, 347.0, -111.0, -927.0
213.653669888, 345.0, -110.0, -928.0
213.672935936, 340.0, -110.0, -922.0
213.692201984, 345.0, -109.0, -926.0
213.711467904, 349.0, -110.0, -925.0
213.730733952, 352.0, -111.0, -926.0
213.75, 343.0, -107.0, -926.0
213.769266048, 339.0, -110.0, -924.0
213.788531968, 343.0, -109.0, -925.0
213.807798016, 344.0, -111.0, -925.0
213.827064064, 350.0, -112.0, -927.0
213.846330112, 348.0, -110.0, -922.0
213.865596032, 345.0, -115.0, -922.0
213.88486208, 340.0, -113.0, -925.0
213.904128128, 341.0, -112.0, -926.0
213.923394048, 343.0, -114.0, -927.0
213.942660096, 346.0, -111.0, -928.0
213.961926144, 344.0, -109.0, -923.0
213.981192192, 345.0, -113.0, -928.0
214.000458112, 351.0, -109.0, -925.0
214.01972416, 348.0, -115.0, -923.0
214.038990208, 352.0, -110.0, -928.0
214.058256256, 348.0, -115.0, -924.0
214.077522176, 350.0, -110.0, -927.0
214.096788224, 351.0, -115.0, -924.0
214.116054272, 353.0, -110.0, -922.0
214.135320192, 353.0, -109.0, -923.0
214.15458624, 344.0, -108.0, -925.0
214.173852288, 346.0, -112.0, -926.0
214.193118336, 345.0, -110.0, -921.0
214.212384256, 349.0, -115.0, -924.0
214.231650304, 344.0, -116.0, -925.0
214.250916352, 346.0, -112.0, -921.0
214.2701824, 352.0, -110.0, -926.0
214.28944832, 351.0, -111.0, -924.0
214.308714368, 348.0, -111.0, -925.0
214.327980416, 351.0, -116.0, -925.0
214.347246464, 345.0, -110.0, -928.0
214.366512384, 342.0, -108.0, -921.0
214.385778432, 345.0, -105.0, -928.0
214.40504448, 343.0, -111.0, -923.0
214.4243104, 351.0, -109.0, -923.0
214.443576448, 346.0, -109.0, -930.0
214.462842496, 343.0, -108.0, -928.0
214.482108544, 336.0, -112.0, -924.0
214.501374464, 347.0, -115.0, -923.0
214.520640512, 350.0, -111.0, -927.0
214.53990656, 347.0, -111.0, -925.0
214.559172608, 343.0, -105.0, -921.0
214.578438528, 350.0, -109.0, -922.0
214.597704576, 349.0, -112.0, -924.0
214.616970624, 346.0, -114.0, -925.0
214.636236544, 334.0, -113.0, -925.0
214.655502592, 335.0, -110.0, -928.0
214.67476864, 345.0, -108.0, -923.0
214.694034688, 348.0, -109.0, -921.0
214.713300608, 349.0, -116.0, -924.0
214.732566656, 342.0, -113.0, -925.0
214.751832704, 340.0, -109.0, -922.0
214.771098752, 339.0, -115.0, -924.0
214.790364672, 345.0, -114.0, -925.0
214.80963072, 343.0, -114.0, -925.0
214.828896768, 344.0, -106.0, -927.0
214.848162688, 345.0, -107.0, -927.0
214.867428736, 347.0, -114.0, -925.0
214.886694784, 350.0, -114.0, -923.0
214.905960832, 356.0, -109.0, -925.0
214.925226752, 350.0, -112.0, -925.0
214.9444928, 346.0, -114.0, -925.0
214.963758848, 343.0, -114.0, -926.0
214.983024896, 350.0, -111.0, -926.0
215.00229088, 346.0, -109.0, -928.0
215.02155712, 340.0, -113.0, -923.0
215.040823424, 341.0, -115.0, -925.0
215.060089728, 345.0, -112.0, -924.0
215.079356032, 342.0, -114.0, -923.0
215.098622336, 339.0, -112.0, -924.0
215.11788864, 344.0, -111.0, -925.0
215.137154944, 343.0, -112.0, -923.0
215.156421248, 342.0, -114.0, -923.0
215.175687424, 336.0, -110.0, -930.0
215.194953728, 343.0, -111.0, -923.0
215.214220032, 345.0, -107.0, -926.0
215.233486336, 351.0, -108.0, -924.0
215.25275264, 351.0, -110.0, -927.0
215.272018944, 345.0, -109.0, -927.0
215.291285248, 338.0, -109.0, -927.0
215.310551552, 345.0, -110.0, -925.0
215.329817856, 348.0, -115.0, -923.0
215.34908416, 349.0, -111.0, -925.0
215.368350464, 351.0, -108.0, -923.0
215.387616768, 348.0, -110.0, -924.0
215.406883072, 346.0, -109.0, -922.0
215.426149376, 340.0, -113.0, -925.0
215.44541568, 341.0, -115.0, -922.0
215.464681984, 347.0, -114.0, -923.0
215.48394816, 345.0, -112.0, -923.0
215.503214464, 334.0, -108.0, -922.0
215.522480768, 340.0, -113.0, -925.0
215.541747072, 339.0, -116.0, -925.0
215.561013376, 342.0, -106.0, -928.0
215.58027968, 340.0, -110.0, -927.0
215.599545984, 349.0, -110.0, -926.0
215.618812288, 344.0, -109.0, -929.0
215.638078592, 342.0, -112.0, -925.0
215.657344896, 346.0, -110.0, -924.0
215.6766112, 349.0, -107.0, -926.0
215.695877504, 349.0, -110.0, -925.0
215.715143808, 347.0, -108.0, -926.0
215.734410112, 342.0, -110.0, -931.0
215.753676416, 345.0, -114.0, -922.0
215.77294272, 351.0, -113.0, -925.0
215.792208896, 348.0, -111.0, -923.0
215.8114752, 344.0, -110.0, -926.0
215.830741504, 339.0, -108.0, -924.0
215.850007808, 347.0, -111.0, -924.0
215.869274112, 347.0, -114.0, -924.0
215.888540416, 343.0, -108.0, -920.0
215.90780672, 341.0, -107.0, -924.0
215.927073024, 346.0, -110.0, -925.0
215.946339328, 341.0, -114.0, -924.0
215.965605632, 342.0, -108.0, -926.0
215.984871936, 339.0, -111.0, -928.0
216.00413824, 339.0, -110.0, -928.0
216.023404544, 345.0, -116.0, -925.0
216.042670848, 346.0, -117.0, -929.0
216.061937152, 345.0, -110.0, -924.0
216.081203456, 346.0, -106.0, -926.0
216.100469632, 342.0, -107.0, -927.0
216.119735936, 349.0, -107.0, -925.0
216.13900224, 345.0, -105.0, -926.0
216.158268544, 343.0, -109.0, -925.0
216.177534848, 341.0, -110.0, -925.0
216.196801152, 347.0, -108.0, -926.0
216.216067456, 350.0, -109.0, -926.0
216.23533376, 347.0, -109.0, -924.0
216.254600064, 340.0, -111.0, -922.0
216.273866368, 337.0, -111.0, -927.0
216.293132672, 339.0, -109.0, -923.0
216.312398976, 342.0, -121.0, -923.0
216.33166528, 341.0, -116.0, -924.0
216.350931584, 346.0, -110.0, -925.0
216.370197888, 348.0, -114.0, -919.0
216.389464192, 342.0, -111.0, -925.0
216.408730368, 344.0, -111.0, -926.0
216.427996672, 346.0, -114.0, -926.0
216.447262976, 346.0, -105.0, -922.0
216.46652928, 345.0, -111.0, -926.0
216.485795584, 348.0, -110.0, -926.0
216.505061888, 349.0, -114.0, -928.0
216.524328192, 349.0, -109.0, -926.0
216.543594496, 346.0, -106.0, -925.0
216.5628608, 350.0, -105.0, -927.0
216.582127104, 348.0, -110.0, -926.0
216.601393408, 344.0, -113.0, -925.0
216.620659712, 337.0, -113.0, -925.0
216.639926016, 334.0, -106.0, -924.0
216.65919232, 339.0, -107.0, -926.0
216.678458624, 343.0, -112.0, -924.0
216.697724928, 344.0, -114.0, -924.0
216.716991104, 344.0, -108.0, -922.0
216.736257408, 339.0, -111.0, -924.0
216.755523712, 341.0, -109.0, -923.0
216.774790016, 343.0, -107.0, -927.0
216.79405632, 345.0, -112.0, -924.0
216.813322624, 346.0, -114.0, -925.0
216.832588928, 346.0, -109.0, -926.0
216.851855232, 343.0, -111.0, -930.0
216.871121536, 343.0, -108.0, -928.0
216.89038784, 344.0, -110.0, -929.0
216.909654144, 345.0, -112.0, -929.0
216.928920448, 350.0, -113.0, -928.0
216.948186752, 347.0, -108.0, -926.0
216.967453056, 348.0, -106.0, -924.0
216.98671936, 347.0, -107.0, -926.0
217.005985664, 347.0, -107.0, -926.0
217.02525184, 346.0, -111.0, -927.0
217.044518144, 342.0, -110.0, -920.0
217.063784448, 341.0, -112.0, -922.0
217.083050842, 344.0, -111.0, -923.0
217.102317312, 349.0, -115.0, -922.0
217.121583744, 344.0, -109.0, -927.0
217.140850176, 342.0, -113.0, -922.0
217.16011648, 341.0, -111.0, -925.0
217.179382912, 341.0, -109.0, -926.0
217.198649344, 343.0, -110.0, -928.0
217.217915776, 349.0, -114.0, -924.0
217.237182208, 345.0, -114.0, -927.0
217.256448512, 346.0, -111.0, -925.0
217.275714944, 346.0, -111.0, -925.0
217.294981376, 338.0, -107.0, -923.0
217.314247808, 346.0, -107.0, -926.0
217.33351424, 344.0, -107.0, -924.0
217.352780544, 345.0, -111.0, -925.0
217.372046976, 346.0, -113.0, -928.0
217.391313408, 343.0, -107.0, -927.0
217.41057984, 344.0, -113.0, -926.0
217.429846272, 344.0, -109.0, -924.0
217.449112576, 343.0, -115.0, -925.0
217.468379008, 348.0, -112.0, -924.0
217.48764544, 344.0, -115.0, -927.0
217.506911872, 340.0, -112.0, -928.0
217.526178304, 338.0, -112.0, -922.0
217.545444608, 342.0, -113.0, -927.0
217.56471104, 341.0, -112.0, -926.0
217.583977472, 342.0, -112.0, -923.0
217.603243904, 342.0, -108.0, -928.0
217.622510336, 345.0, -111.0, -920.0
217.64177664, 356.0, -112.0, -923.0
217.661043072, 349.0, -110.0, -927.0
217.680309504, 352.0, -106.0, -927.0
217.699575936, 348.0, -109.0, -921.0
217.718842368, 345.0, -108.0, -927.0
217.738108672, 349.0, -113.0, -929.0
217.757375104, 340.0, -115.0, -926.0
217.776641536, 340.0, -110.0, -929.0
217.795907968, 338.0, -105.0, -924.0
217.8151744, 345.0, -110.0, -925.0
217.834440704, 342.0, -115.0, -922.0
217.853707136, 345.0, -116.0, -927.0
217.872973568, 347.0, -116.0, -921.0
217.89224, 342.0, -114.0, -926.0
217.911506432, 343.0, -109.0, -921.0
217.930772736, 344.0, -110.0, -924.0
217.950039168, 345.0, -116.0, -921.0
217.9693056, 353.0, -109.0, -923.0
217.988572032, 352.0, -113.0, -921.0
218.007838464, 351.0, -118.0, -924.0
218.027104896, 350.0, -112.0, -924.0
218.0463712, 352.0, -112.0, -924.0
218.065637632, 350.0, -107.0, -926.0
218.084904064, 347.0, -110.0, -925.0
218.104170496, 355.0, -108.0, -924.0
218.123436928, 354.0, -112.0, -924.0
218.142703232, 347.0, -110.0, -927.0
218.161969664, 348.0, -114.0, -920.0
218.181236096, 351.0, -109.0, -925.0
218.200502528, 355.0, -117.0, -923.0
218.21976896, 345.0, -112.0, -923.0
218.239035264, 347.0, -111.0, -923.0
218.258301696, 351.0, -113.0, -923.0
218.277568128, 350.0, -115.0, -922.0
218.29683456, 348.0, -111.0, -924.0
218.316100992, 349.0, -108.0, -923.0
218.335367296, 342.0, -114.0, -924.0
218.354633728, 349.0, -118.0, -927.0
218.37390016, 348.0, -112.0, -925.0
218.393166592, 345.0, -111.0, -923.0
218.412433024, 343.0, -109.0, -925.0
218.431699328, 354.0, -109.0, -922.0
218.45096576, 354.0, -114.0, -924.0
218.470232192, 347.0, -115.0, -925.0
218.489498624, 342.0, -112.0, -923.0
218.508765056, 346.0, -108.0, -927.0
218.52803136, 352.0, -108.0, -922.0
218.547297792, 346.0, -107.0, -924.0
218.566564224, 344.0, -107.0, -925.0
218.585830656, 346.0, -113.0, -923.0
218.605097088, 345.0, -115.0, -924.0
218.624363392, 347.0, -115.0, -924.0
218.643629824, 344.0, -108.0, -921.0
218.662896256, 351.0, -110.0, -926.0
218.682162688, 348.0, -114.0, -920.0
218.70142912, 350.0, -121.0, -922.0
218.720695424, 350.0, -111.0, -923.0
218.739961856, 345.0, -110.0, -920.0
218.759228288, 345.0, -111.0, -924.0
218.77849472, 347.0, -115.0, -923.0
218.797761152, 349.0, -112.0, -924.0
218.817027456, 355.0, -110.0, -926.0
218.836293888, 358.0, -109.0, -924.0
218.85556032, 347.0, -110.0, -925.0
218.874826752, 351.0, -105.0, -919.0
218.894093184, 348.0, -111.0, -926.0
218.913359488, 349.0, -105.0, -926.0
218.93262592, 342.0, -114.0, -924.0
218.951892291, 344.0, -110.0, -925.0
218.971158912, 341.0, -110.0, -924.0
218.990425472, 341.0, -105.0, -924.0
219.009692032, 342.0, -112.0, -924.0
219.028958592, 357.0, -112.0, -920.0
219.048225152, 357.0, -115.0, -921.0
219.067491712, 349.0, -109.0, -922.0
219.086758272, 340.0, -113.0, -923.0
219.106024832, 339.0, -110.0, -917.0
219.125291392, 340.0, -115.0, -926.0
219.144557952, 344.0, -110.0, -921.0
219.163824512, 346.0, -106.0, -926.0
219.183091072, 339.0, -111.0, -925.0
219.202357632, 349.0, -117.0, -924.0
219.22162432, 347.0, -115.0, -928.0
219.24089088, 345.0, -111.0, -924.0
219.26015744, 346.0, -108.0, -921.0
219.279424, 345.0, -112.0, -928.0
219.29869056, 352.0, -115.0, -923.0
219.31795712, 350.0, -115.0, -923.0
219.33722368, 350.0, -112.0, -928.0
219.35649024, 348.0, -107.0, -926.0
219.3757568, 346.0, -108.0, -928.0
219.39502336, 340.0, -112.0, -926.0
219.41428992, 348.0, -111.0, -924.0
219.43355648, 352.0, -108.0, -922.0
219.45282304, 346.0, -112.0, -922.0
219.4720896, 341.0, -113.0, -923.0
219.49135616, 341.0, -117.0, -926.0
219.51062272, 349.0, -114.0, -922.0
219.52988928, 345.0, -111.0, -922.0
219.54915584, 351.0, -114.0, -923.0
219.5684224, 345.0, -118.0, -925.0
219.58768896, 342.0, -104.0, -931.0
219.60695552, 338.0, -109.0, -925.0
219.62622208, 344.0, -118.0, -924.0
219.64548864, 347.0, -114.0, -925.0
219.6647552, 350.0, -111.0, -926.0
219.684021888, 349.0, -112.0, -924.0
219.703288448, 349.0, -106.0, -928.0
219.722555008, 349.0, -110.0, -919.0
219.741821568, 349.0, -113.0, -923.0
219.761088128, 349.0, -112.0, -924.0
219.780354688, 349.0, -108.0, -928.0
219.799621248, 347.0, -111.0, -925.0
219.818887808, 343.0, -109.0, -927.0
219.838154368, 346.0, -109.0, -924.0
219.857420928, 349.0, -114.0, -925.0
219.876687488, 352.0, -111.0, -918.0
219.895954048, 350.0, -113.0, -923.0
219.915220608, 344.0, -112.0, -920.0
219.934487168, 340.0, -110.0, -921.0
219.953753728, 346.0, -115.0, -920.0
219.973020288, 342.0, -113.0, -917.0
219.992286848, 345.0, -114.0, -925.0
220.011553408, 336.0, -111.0, -925.0
220.030819968, 340.0, -107.0, -924.0
220.050086528, 346.0, -108.0, -924.0
220.069353088, 346.0, -113.0, -928.0
220.088619648, 346.0, -114.0, -926.0
220.107886208, 345.0, -107.0, -924.0
220.127152768, 343.0, -112.0, -933.0
220.146419456, 345.0, -108.0, -926.0
220.165686016, 348.0, -105.0, -927.0
220.184952576, 353.0, -108.0, -924.0
220.204219136, 349.0, -112.0, -925.0
220.223485696, 349.0, -114.0, -927.0
220.242752256, 342.0, -111.0, -926.0
220.262018816, 348.0, -107.0, -921.0
220.281285376, 348.0, -110.0, -922.0
220.300551936, 350.0, -110.0, -919.0
220.319818496, 347.0, -108.0, -926.0
220.339085056, 342.0, -114.0, -924.0
220.358351616, 341.0, -112.0, -927.0
220.377618176, 342.0, -114.0, -926.0
220.396884736, 350.0, -110.0, -924.0
220.416151296, 344.0, -111.0, -924.0
220.435417856, 352.0, -112.0, -924.0
220.454684416, 342.0, -115.0, -928.0
220.473950976, 342.0, -111.0, -926.0
220.493217536, 347.0, -112.0, -927.0
220.512484096, 348.0, -111.0, -924.0
220.531750656, 346.0, -108.0, -927.0
220.551017216, 348.0, -113.0, -927.0
220.570283776, 347.0, -114.0, -922.0
220.589550336, 350.0, -109.0, -927.0
220.608817024, 350.0, -109.0, -927.0
220.628083584, 349.0, -112.0, -921.0
220.647350144, 348.0, -115.0, -928.0
220.666616704, 348.0, -112.0, -923.0
220.685883264, 346.0, -112.0, -922.0
220.705149824, 346.0, -106.0, -922.0
220.724416384, 343.0, -110.0, -924.0
220.743682944, 347.0, -108.0, -923.0
220.762949427, 350.0, -109.0, -919.0
220.782216576, 344.0, -111.0, -924.0
220.801483776, 345.0, -106.0, -926.0
220.820751104, 345.0, -109.0, -929.0
220.840018304, 343.0, -114.0, -925.0
220.859285632, 341.0, -107.0, -928.0
220.878552832, 343.0, -110.0, -922.0
220.897820032, 345.0, -110.0, -926.0
220.91708736, 348.0, -110.0, -923.0
220.93635456, 346.0, -107.0, -928.0
220.95562176, 344.0, -107.0, -926.0
220.974889088, 346.0, -107.0, -929.0
220.994156288, 347.0, -113.0, -925.0
221.013423616, 351.0, -107.0, -929.0
221.032690816, 350.0, -105.0, -925.0
221.051958016, 345.0, -110.0, -922.0
221.071225344, 349.0, -110.0, -922.0
221.090492544, 348.0, -113.0, -924.0
221.109759872, 346.0, -110.0, -925.0
221.129027072, 344.0, -109.0, -922.0
221.148294272, 348.0, -110.0, -922.0
221.1675616, 346.0, -115.0, -923.0
221.1868288, 343.0, -110.0, -926.0
221.206096, 341.0, -109.0, -920.0
221.225363328, 341.0, -112.0, -924.0
221.244630528, 341.0, -112.0, -928.0
221.263897856, 340.0, -112.0, -927.0
221.283165056, 337.0, -115.0, -926.0
221.302432256, 344.0, -110.0, -925.0
221.321699584, 345.0, -109.0, -925.0
221.340966784, 347.0, -113.0, -918.0
221.360234112, 347.0, -115.0, -925.0
221.379501312, 344.0, -110.0, -928.0
221.398768512, 346.0, -107.0, -925.0
221.41803584, 341.0, -113.0, -927.0
221.43730304, 343.0, -110.0, -928.0
221.45657024, 342.0, -109.0, -923.0
221.475837568, 344.0, -111.0, -924.0
221.495104768, 340.0, -118.0, -925.0
221.514372096, 342.0, -120.0, -923.0
221.533639296, 334.0, -120.0, -927.0
221.552906496, 346.0, -122.0, -923.0
221.572173824, 347.0, -116.0, -924.0
221.591441024, 350.0, -110.0, -925.0
221.610708352, 340.0, -102.0, -923.0
221.629975552, 339.0, -106.0, -927.0
221.649242752, 343.0, -101.0, -927.0
221.66851008, 339.0, -107.0, -927.0
221.68777728, 336.0, -116.0, -929.0
221.707044608, 337.0, -125.0, -927.0
221.726311808, 343.0, -120.0, -927.0
221.745579008, 344.0, -111.0, -927.0
221.764846336, 349.0, -108.0, -921.0
221.784113536, 359.0, -110.0, -926.0
221.803380736, 361.0, -105.0, -924.0
221.822648064, 362.0, -106.0, -923.0
221.841915264, 348.0, -103.0, -922.0
221.861182592, 338.0, -106.0, -925.0
221.880449792, 334.0, -105.0, -929.0
221.899716992, 340.0, -107.0, -924.0
221.91898432, 342.0, -110.0, -926.0
221.93825152, 346.0, -117.0, -926.0
221.957518848, 341.0, -109.0, -925.0
221.976786048, 341.0, -111.0, -924.0
221.996053248, 348.0, -111.0, -922.0
222.015320576, 349.0, -107.0, -920.0
222.034587776, 351.0, -109.0, -922.0
222.053854976, 347.0, -107.0, -928.0
222.073122304, 340.0, -106.0, -923.0
222.092389504, 343.0, -104.0, -926.0
222.111656832, 340.0, -107.0, -931.0
222.130924032, 343.0, -112.0, -928.0
222.150191232, 338.0, -113.0, -929.0
222.16945856, 346.0, -111.0, -926.0
222.18872576, 349.0, -114.0, -928.0
222.207993088, 351.0, -110.0, -924.0
222.227260288, 347.0, -108.0, -926.0
222.246527488, 344.0, -108.0, -922.0
222.265794816, 346.0, -111.0, -925.0
222.285062016, 346.0, -108.0, -923.0
222.304329216, 342.0, -108.0, -925.0
222.323596544, 340.0, -110.0, -927.0
222.342863744, 343.0, -111.0, -920.0
222.362131072, 337.0, -111.0, -928.0
222.381398272, 340.0, -114.0, -925.0
222.400665472, 343.0, -109.0, -928.0
222.4199328, 343.0, -115.0, -926.0
222.4392, 345.0, -114.0, -926.0
222.458467328, 338.0, -112.0, -927.0
222.477734528, 342.0, -109.0, -925.0
222.497001728, 343.0, -110.0, -930.0
222.516269056, 341.0, -106.0, -925.0
222.535536256, 343.0, -109.0, -926.0
222.554803456, 349.0, -106.0, -925.0
222.574070784, 349.0, -105.0, -929.0
222.593337984, 349.0, -107.0, -923.0
222.612605312, 345.0, -110.0, -922.0
222.631872512, 342.0, -105.0, -939.0
222.651139712, 326.0, -100.0, -940.0
222.67040704, 322.0, -112.0, -926.0
222.689674363, 297.0, -108.0, -944.0
222.708940928, 265.0, -136.0, -947.0
222.728207488, 260.0, -142.0, -923.0
222.74747392, 273.0, -167.0, -936.0
222.76674048, 313.0, -114.0, -893.0
222.78600704, 381.0, 20.0, -917.0
222.805273472, 455.0, -26.0, -887.0
222.824540032, 564.0, -80.0, -846.0
222.843806464, 572.0, -99.0, -878.0
222.863073024, 512.0, -125.0, -889.0
222.882339584, 407.0, -127.0, -922.0
222.901606016, 344.0, -124.0, -930.0
222.920872576, 338.0, -101.0, -918.0
222.940139136, 362.0, -86.0, -917.0
222.959405568, 396.0, -86.0, -901.0
222.978672128, 412.0, -95.0, -903.0
222.997938688, 372.0, -106.0, -938.0
223.01720512, 316.0, -109.0, -925.0
223.03647168, 281.0, -114.0, -937.0
223.05573824, 287.0, -112.0, -931.0
223.075004672, 319.0, -108.0, -923.0
223.094271232, 347.0, -105.0, -928.0
223.113537664, 353.0, -99.0, -928.0
223.132804224, 348.0, -106.0, -915.0
223.152070784, 362.0, -102.0, -916.0
223.171337216, 378.0, -103.0, -917.0
223.190603776, 382.0, -113.0, -910.0
223.209870336, 376.0, -114.0, -917.0
223.229136768, 359.0, -106.0, -918.0
223.248403328, 354.0, -107.0, -917.0
223.267669888, 349.0, -106.0, -920.0
223.28693632, 341.0, -110.0, -923.0
223.30620288, 356.0, -105.0, -919.0
223.325469312, 367.0, -89.0, -915.0
223.344735872, 380.0, -85.0, -904.0
223.364002432, 404.0, -83.0, -903.0
223.383268864, 407.0, -85.0, -898.0
223.402535424, 442.0, -88.0, -895.0
223.421801984, 429.0, -93.0, -890.0
223.441068416, 427.0, -87.0, -881.0
223.460334976, 446.0, -84.0, -880.0
223.479601536, 464.0, -90.0, -871.0
223.498867968, 485.0, -95.0, -862.0
223.518134528, 504.0, -82.0, -845.0
223.53740096, 585.0, -66.0, -840.0
223.55666752, 657.0, -45.0, -823.0
223.57593408, 528.0, -60.0, -846.0
223.595200512, 537.0, -59.0, -837.0
223.614467072, 520.0, -60.0, -844.0
223.633733632, 542.0, -53.0, -837.0
223.653000064, 534.0, -47.0, -830.0
223.672266624, 555.0, -41.0, -827.0
223.691533184, 574.0, -41.0, -828.0
223.710799616, 605.0, -37.0, -827.0
223.730066176, 602.0, -36.0, -821.0
223.749332736, 598.0, -40.0, -823.0
223.768599168, 541.0, -47.0, -836.0
223.787865728, 529.0, -93.0, -858.0
223.80713216, 535.0, -100.0, -846.0
223.82639872, 517.0, -125.0, -900.0
223.84566528, 610.0, -115.0, -834.0
223.864931706, 545.0, -144.0, -804.0
223.884198784, 546.0, -125.0, -860.0
223.903465856, 499.0, -152.0, -909.0
223.922733056, 407.0, -156.0, -902.0
223.942000128, 359.0, -85.0, -849.0
223.961267328, 442.0, -68.0, -810.0
223.9805344, 475.0, -67.0, -801.0
223.999801472, 287.0, 13.0, -852.0
224.019068672, 505.0, -96.0, -817.0
224.038335744, 533.0, -91.0, -816.0
224.057602816, 543.0, -118.0, -835.0
224.076870016, 525.0, -135.0, -829.0
224.096137088, 488.0, -161.0, -860.0
224.115404288, 495.0, -146.0, -854.0
224.13467136, 506.0, -128.0, -862.0
224.153938432, 519.0, -92.0, -842.0
224.173205632, 521.0, -64.0, -816.0
224.192472704, 540.0, -42.0, -820.0
224.211739904, 573.0, -55.0, -818.0
224.231006976, 600.0, -77.0, -805.0
224.250274048, 601.0, -83.0, -824.0
224.269541248, 578.0, -90.0, -815.0
224.28880832, 539.0, -100.0, -826.0
224.308075392, 516.0, -107.0, -821.0
224.327342592, 531.0, -106.0, -836.0
224.346609664, 552.0, -110.0, -846.0
224.365876864, 535.0, -109.0, -822.0
224.385143936, 536.0, -110.0, -823.0
224.404411008, 543.0, -108.0, -822.0
224.423678208, 546.0, -116.0, -825.0
224.44294528, 531.0, -129.0, -821.0
224.46221248, 526.0, -141.0, -817.0
224.481479552, 531.0, -138.0, -827.0
224.500746624, 521.0, -135.0, -826.0
224.520013824, 532.0, -131.0, -839.0
224.539280896, 523.0, -123.0, -830.0
224.558547968, 541.0, -119.0, -841.0
224.577815168, 540.0, -119.0, -818.0
224.59708224, 533.0, -130.0, -836.0
224.61634944, 521.0, -127.0, -836.0
224.635616512, 501.0, -129.0, -841.0
224.654883584, 503.0, -118.0, -836.0
224.674150784, 511.0, -115.0, -831.0
224.693417856, 521.0, -123.0, -830.0
224.712685056, 521.0, -132.0, -826.0
224.731952128, 518.0, -136.0, -834.0
224.7512192, 524.0, -144.0, -840.0
224.7704864, 514.0, -138.0, -839.0
224.789753472, 503.0, -131.0, -840.0
224.809020544, 501.0, -130.0, -840.0
224.828287744, 503.0, -129.0, -833.0
224.847554816, 505.0, -133.0, -837.0
224.866822016, 520.0, -134.0, -829.0
224.886089088, 538.0, -134.0, -832.0
224.90535616, 542.0, -125.0, -835.0
224.92462336, 525.0, -109.0, -819.0
224.943890432, 534.0, -110.0, -831.0
224.963157632, 539.0, -113.0, -827.0
224.982424704, 532.0, -116.0, -835.0
225.001691776, 526.0, -129.0, -830.0
225.020958976, 524.0, -132.0, -826.0
225.040226048, 526.0, -129.0, -839.0
225.05949312, 518.0, -137.0, -839.0
225.07876032, 514.0, -131.0, -832.0
225.098027392, 510.0, -136.0, -838.0
225.117294592, 513.0, -130.0, -834.0
225.136561664, 521.0, -141.0, -834.0
225.155828736, 522.0, -147.0, -833.0
225.175095936, 524.0, -152.0, -839.0
225.194363008, 514.0, -150.0, -822.0
225.213630208, 508.0, -149.0, -841.0
225.23289728, 501.0, -142.0, -847.0
225.252164352, 498.0, -138.0, -838.0
225.271431553, 504.0, -138.0, -840.0
225.290699136, 499.0, -134.0, -842.0
225.30996672, 504.0, -127.0, -845.0
225.329234432, 499.0, -122.0, -842.0
225.348502016, 511.0, -124.0, -840.0
225.367769728, 519.0, -124.0, -838.0
225.387037312, 519.0, -119.0, -830.0
225.406304896, 519.0, -116.0, -838.0
225.425572608, 519.0, -121.0, -846.0
225.444840192, 506.0, -124.0, -845.0
225.464107904, 503.0, -125.0, -839.0
225.483375488, 502.0, -123.0, -849.0
225.502643072, 494.0, -121.0, -850.0
225.521910784, 478.0, -122.0, -853.0
225.541178368, 484.0, -132.0, -856.0
225.56044608, 484.0, -140.0, -850.0
225.579713664, 480.0, -136.0, -865.0
225.598981376, 479.0, -150.0, -863.0
225.61824896, 487.0, -156.0, -878.0
225.637516544, 486.0, -137.0, -889.0
225.656784256, 529.0, -136.0, -890.0
225.67605184, 542.0, -135.0, -903.0
225.695319552, 505.0, -121.0, -890.0
225.714587136, 503.0, -45.0, -895.0
225.73385472, 435.0, -24.0, -911.0
225.753122432, 770.0, 31.0, -844.0
225.772390016, 653.0, 143.0, -697.0
225.791657728, 790.0, 135.0, -768.0
225.810925312, 805.0, 78.0, -750.0
225.830192896, 759.0, 244.0, -786.0
225.849460608, 773.0, 100.0, -801.0
225.868728192, 686.0, -90.0, -791.0
225.887995904, 524.0, 301.0, -858.0
225.907263488, 741.0, 42.0, -716.0
225.926531072, 655.0, 115.0, -679.0
225.945798784, 616.0, 111.0, -724.0
225.965066368, 574.0, 129.0, -715.0
225.98433408, 505.0, 122.0, -728.0
226.003601664, 487.0, 157.0, -708.0
226.022869248, 538.0, 175.0, -698.0
226.04213696, 594.0, 169.0, -719.0
226.061404544, 673.0, 128.0, -775.0
226.080672256, 810.0, 74.0, -782.0
226.09993984, 506.0, 99.0, -874.0
226.119207552, 748.0, 158.0, -710.0
226.138475136, 420.0, 238.0, -752.0
226.15774272, 689.0, 301.0, -749.0
226.177010432, 561.0, 298.0, -805.0
226.196278016, 490.0, 205.0, -876.0
226.215545728, 545.0, 132.0, -867.0
226.234813312, 563.0, 109.0, -805.0
226.254080896, 513.0, 121.0, -794.0
226.273348608, 410.0, 129.0, -767.0
226.292616192, 351.0, 135.0, -702.0
226.311883904, 576.0, 332.0, -840.0
226.331151488, 591.0, 465.0, -1087.0
226.350419072, 684.0, 221.0, -772.0
226.369686784, 699.0, 82.0, -720.0
226.388954368, 553.0, 234.0, -836.0
226.40822208, 403.0, 250.0, -903.0
226.427489664, 404.0, 285.0, -857.0
226.446757248, 448.0, 294.0, -813.0
226.46602496, 482.0, 308.0, -816.0
226.48529263, 477.0, 297.0, -841.0
226.50456064, 467.0, 287.0, -827.0
226.523828608, 451.0, 271.0, -818.0
226.543096448, 441.0, 255.0, -838.0
226.562364416, 474.0, 253.0, -836.0
226.581632384, 474.0, 268.0, -839.0
226.600900224, 473.0, 269.0, -846.0
226.620168192, 469.0, 254.0, -855.0
226.639436032, 472.0, 250.0, -856.0
226.658704, 499.0, 253.0, -844.0
226.677971968, 523.0, 244.0, -838.0
226.697239808, 517.0, 237.0, -847.0
226.716507776, 510.0, 225.0, -836.0
226.735775744, 536.0, 235.0, -820.0
226.755043584, 543.0, 246.0, -816.0
226.774311552, 547.0, 243.0, -815.0
226.793579392, 551.0, 237.0, -810.0
226.81284736, 554.0, 242.0, -810.0
226.832115328, 551.0, 240.0, -811.0
226.851383168, 564.0, 231.0, -817.0
226.870651136, 583.0, 212.0, -827.0
226.889919104, 606.0, 188.0, -847.0
226.909186944, 636.0, 165.0, -895.0
226.928454912, 636.0, 122.0, -930.0
226.94772288, 570.0, 70.0, -979.0
226.96699072, 558.0, 105.0, -910.0
226.986258688, 435.0, 126.0, -919.0
227.005526528, 348.0, 163.0, -870.0
227.024794496, 390.0, 161.0, -795.0
227.044062464, 477.0, 153.0, -776.0
227.063330304, 511.0, 181.0, -759.0
227.082598272, 570.0, 157.0, -727.0
227.10186624, 582.0, 126.0, -725.0
227.12113408, 641.0, 172.0, -644.0
227.140402048, 694.0, 255.0, -593.0
227.159669888, 675.0, 311.0, -577.0
227.178937856, 724.0, 260.0, -529.0
227.198205824, 743.0, 273.0, -497.0
227.217473664, 747.0, 244.0, -469.0
227.236741632, 744.0, 214.0, -520.0
227.2560096, 712.0, 116.0, -588.0
227.27527744, 779.0, 45.0, -577.0
227.294545408, 893.0, 64.0, -580.0
227.313813376, 867.0, 112.0, -602.0
227.333081216, 703.0, 123.0, -920.0
227.352349184, 1040.0, 225.0, -672.0
227.371617024, 1002.0, 225.0, -810.0
227.390884992, 1113.0, 196.0, -764.0
227.41015296, 872.0, 274.0, -741.0
227.4294208, 656.0, 199.0, -818.0
227.448688768, 486.0, 67.0, -840.0
227.467956736, 421.0, -103.0, -912.0
227.487224576, 282.0, -224.0, -959.0
227.506492544, 276.0, -226.0, -891.0
227.525760384, 364.0, -173.0, -838.0
227.545028352, 443.0, -201.0, -862.0
227.56429632, 346.0, -222.0, -900.0
227.58356416, 348.0, -147.0, -926.0
227.602832128, 407.0, -93.0, -904.0
227.622100096, 463.0, -84.0, -878.0
227.641367936, 507.0, -69.0, -836.0
227.660635904, 535.0, -93.0, -852.0
227.679903872, 547.0, -131.0, -854.0
227.699171712, 526.0, -139.0, -861.0
227.718439566, 483.0, -139.0, -861.0
227.737709056, 459.0, -147.0, -857.0
227.75697856, 455.0, -134.0, -848.0
227.776247936, 469.0, -144.0, -857.0
227.79551744, 482.0, -152.0, -863.0
227.814786816, 478.0, -131.0, -859.0
227.83405632, 455.0, -114.0, -870.0
227.853325696, 456.0, -119.0, -866.0
227.8725952, 486.0, -131.0, -855.0
227.891864576, 503.0, -136.0, -848.0
227.91113408, 488.0, -150.0, -860.0
227.930403584, 453.0, -141.0, -871.0
227.94967296, 431.0, -136.0, -876.0
227.968942464, 451.0, -124.0, -865.0
227.98821184, 488.0, -145.0, -853.0
228.007481344, 481.0, -140.0, -860.0
228.02675072, 457.0, -144.0, -867.0
228.046020224, 459.0, -134.0, -868.0
228.0652896, 473.0, -148.0, -862.0
228.084559104, 470.0, -145.0, -851.0
228.10382848, 496.0, -153.0, -858.0
228.123097984, 484.0, -159.0, -848.0
228.142367488, 449.0, -150.0, -864.0
228.161636864, 428.0, -137.0, -877.0
228.180906368, 434.0, -138.0, -869.0
228.200175744, 451.0, -125.0, -870.0
228.219445248, 459.0, -130.0, -865.0
228.238714624, 460.0, -136.0, -866.0
228.257984128, 454.0, -138.0, -863.0
228.277253504, 469.0, -138.0, -853.0
228.296523008, 478.0, -138.0, -840.0
228.315792512, 542.0, -174.0, -815.0
228.335061888, 568.0, -176.0, -823.0
228.354331392, 540.0, -189.0, -812.0
228.373600768, 522.0, -188.0, -832.0
228.392870272, 517.0, -191.0, -820.0
228.412139648, 525.0, -187.0, -826.0
228.431409152, 551.0, -179.0, -823.0
228.450678528, 560.0, -181.0, -810.0
228.469948032, 553.0, -180.0, -804.0
228.489217536, 555.0, -168.0, -811.0
228.508486912, 545.0, -178.0, -805.0
228.527756416, 534.0, -173.0, -808.0
228.547025792, 523.0, -167.0, -818.0
228.566295296, 522.0, -156.0, -818.0
228.585564672, 534.0, -146.0, -819.0
228.604834176, 543.0, -161.0, -814.0
228.624103552, 539.0, -159.0, -816.0
228.643373056, 541.0, -161.0, -818.0
228.66264256, 537.0, -165.0, -820.0
228.681911936, 535.0, -163.0, -813.0
228.70118144, 542.0, -163.0, -816.0
228.720450816, 541.0, -168.0, -807.0
228.73972032, 565.0, -166.0, -817.0
228.758989696, 556.0, -163.0, -812.0
228.7782592, 550.0, -162.0, -795.0
228.797528576, 559.0, -165.0, -802.0
228.81679808, 563.0, -162.0, -787.0
228.836067456, 567.0, -171.0, -793.0
228.85533696, 564.0, -184.0, -792.0
228.874606464, 557.0, -190.0, -809.0
228.89387584, 543.0, -191.0, -811.0
228.913145344, 529.0, -179.0, -810.0
228.93241472, 521.0, -172.0, -808.0
228.951684224, 531.0, -162.0, -812.0
228.9709536, 545.0, -168.0, -809.0
228.990223104, 550.0, -165.0, -804.0
229.00949248, 562.0, -177.0, -801.0
229.028761984, 566.0, -186.0, -806.0
229.048031488, 553.0, -180.0, -797.0
229.067300864, 547.0, -173.0, -807.0
229.086570368, 536.0, -169.0, -810.0
229.105839744, 544.0, -179.0, -808.0
229.125109248, 550.0, -182.0, -814.0
229.144378624, 543.0, -170.0, -807.0
229.163648128, 527.0, -166.0, -813.0
229.182917504, 531.0, -174.0, -811.0
229.202187008, 535.0, -173.0, -813.0
229.221456512, 535.0, -172.0, -812.0
229.240725888, 534.0, -193.0, -821.0
229.2599953, 514.0, -190.0, -815.0
229.279264256, 512.0, -179.0, -819.0
229.298533248, 525.0, -182.0, -810.0
229.317802112, 537.0, -177.0, -812.0
229.337071104, 547.0, -172.0, -807.0
229.356339968, 533.0, -173.0, -804.0
229.37560896, 548.0, -173.0, -799.0
229.394877824, 545.0, -183.0, -806.0
229.414146816, 542.0, -178.0, -812.0
229.43341568, 553.0, -192.0, -813.0
229.452684672, 539.0, -185.0, -815.0
229.471953664, 524.0, -178.0, -820.0
229.491222528, 526.0, -176.0, -812.0
229.51049152, 538.0, -175.0, -815.0
229.529760384, 542.0, -177.0, -816.0
229.549029376, 552.0, -171.0, -809.0
229.56829824, 546.0, -179.0, -809.0
229.587567232, 549.0, -176.0, -812.0
229.606836096, 536.0, -184.0, -808.0
229.626105088, 537.0, -183.0, -808.0
229.64537408, 540.0, -177.0, -813.0
229.664642944, 533.0, -174.0, -807.0
229.683911936, 539.0, -179.0, -809.0
229.7031808, 536.0, -184.0, -807.0
229.722449792, 533.0, -186.0, -809.0
229.741718656, 535.0, -189.0, -805.0
229.760987648, 536.0, -183.0, -810.0
229.780256512, 534.0, -180.0, -805.0
229.799525504, 542.0, -187.0, -808.0
229.818794496, 548.0, -183.0, -809.0
229.83806336, 546.0, -183.0, -807.0
229.857332352, 541.0, -182.0, -815.0
229.876601216, 542.0, -180.0, -814.0
229.895870208, 545.0, -182.0, -810.0
229.915139072, 544.0, -178.0, -811.0
229.934408064, 538.0, -183.0, -813.0
229.953676928, 541.0, -182.0, -813.0
229.97294592, 538.0, -179.0, -806.0
229.992214912, 534.0, -176.0, -816.0
230.011483776, 535.0, -182.0, -816.0
230.030752768, 531.0, -183.0, -816.0
230.050021632, 527.0, -184.0, -815.0
230.069290624, 519.0, -186.0, -816.0
230.088559488, 530.0, -188.0, -815.0
230.10782848, 532.0, -188.0, -814.0
230.127097472, 527.0, -189.0, -812.0
230.146366336, 531.0, -188.0, -810.0
230.165635328, 524.0, -182.0, -813.0
230.184904192, 528.0, -185.0, -816.0
230.204173184, 521.0, -184.0, -816.0
230.223442048, 540.0, -186.0, -817.0
230.24271104, 537.0, -186.0, -814.0
230.261979904, 534.0, -185.0, -811.0
230.281248896, 539.0, -179.0, -811.0
230.300517888, 543.0, -182.0, -820.0
230.319786752, 536.0, -183.0, -816.0
230.339055744, 526.0, -179.0, -820.0
230.358324608, 525.0, -180.0, -818.0
230.3775936, 536.0, -190.0, -816.0
230.396862464, 532.0, -189.0, -811.0
230.416131456, 527.0, -184.0, -815.0
230.43540032, 529.0, -191.0, -818.0
230.454669312, 530.0, -184.0, -810.0
230.473938304, 542.0, -180.0, -805.0
230.493207168, 545.0, -177.0, -810.0
230.51247616, 539.0, -173.0, -810.0
230.531745024, 545.0, -169.0, -811.0
230.551014016, 543.0, -166.0, -814.0
230.57028288, 523.0, -164.0, -821.0
230.589551872, 510.0, -174.0, -826.0
230.608820736, 518.0, -186.0, -819.0
230.628089728, 530.0, -187.0, -825.0
230.64735872, 524.0, -183.0, -818.0
230.666627584, 537.0, -177.0, -818.0
230.685896576, 541.0, -170.0, -816.0
230.70516544, 534.0, -164.0, -822.0
230.724434432, 518.0, -174.0, -826.0
230.743703296, 510.0, -174.0, -826.0
230.762972288, 514.0, -177.0, -826.0
230.782241152, 525.0, -185.0, -821.0
230.801510144, 523.0, -190.0, -825.0
230.820779136, 516.0, -189.0, -825.0
230.840048, 524.0, -184.0, -821.0
230.859316992, 524.0, -184.0, -821.0
230.878585856, 523.0, -180.0, -820.0
230.897854848, 525.0, -179.0, -822.0
230.917123712, 523.0, -184.0, -813.0
230.936392704, 519.0, -181.0, -824.0
230.955661568, 505.0, -183.0, -821.0
230.97493056, 506.0, -177.0, -825.0
230.994199552, 530.0, -178.0, -817.0
231.013468416, 547.0, -186.0, -812.0
231.032737408, 546.0, -185.0, -809.0
231.052006272, 544.0, -197.0, -816.0
231.071275216, 528.0, -190.0, -820.0
231.09054144, 519.0, -177.0, -823.0
231.109807616, 526.0, -170.0, -824.0
231.129073792, 531.0, -171.0, -820.0
231.148339968, 534.0, -170.0, -815.0
231.167606016, 535.0, -172.0, -821.0
231.186872192, 532.0, -173.0, -820.0
231.206138368, 527.0, -174.0, -818.0
231.225404544, 522.0, -183.0, -822.0
231.24467072, 521.0, -184.0, -822.0
231.263936896, 517.0, -186.0, -823.0
231.283203072, 524.0, -187.0, -818.0
231.30246912, 531.0, -190.0, -812.0
231.321735296, 524.0, -184.0, -818.0
231.341001472, 530.0, -179.0, -821.0
231.360267648, 528.0, -183.0, -814.0
231.379533824, 524.0, -180.0, -819.0
231.3988, 528.0, -181.0, -818.0
231.418066176, 522.0, -182.0, -817.0
231.437332224, 527.0, -182.0, -816.0
231.4565984, 530.0, -178.0, -819.0
231.475864576, 530.0, -179.0, -822.0
231.495130752, 528.0, -180.0, -827.0
231.514396928, 518.0, -187.0, -819.0
231.533663104, 525.0, -192.0, -814.0
231.55292928, 539.0, -189.0, -811.0
231.572195328, 544.0, -188.0, -818.0
231.591461504, 531.0, -176.0, -822.0
231.61072768, 519.0, -178.0, -827.0
231.629993856, 512.0, -168.0, -821.0
231.649260032, 514.0, -177.0, -825.0
231.668526208, 507.0, -182.0, -824.0
231.687792384, 497.0, -185.0, -830.0
231.707058432, 505.0, -182.0, -829.0
231.726324608, 514.0, -183.0, -825.0
231.745590784, 518.0, -186.0, -822.0
231.76485696, 534.0, -187.0, -813.0
231.784123136, 523.0, -183.0, -820.0
231.803389312, 517.0, -179.0, -821.0
231.822655488, 524.0, -175.0, -819.0
231.841921664, 531.0, -173.0, -818.0
231.861187712, 528.0, -171.0, -823.0
231.880453888, 507.0, -166.0, -831.0
231.899720064, 501.0, -158.0, -831.0
231.91898624, 503.0, -161.0, -832.0
231.938252416, 522.0, -171.0, -819.0
231.957518592, 540.0, -171.0, -822.0
231.976784768, 536.0, -176.0, -824.0
231.996050816, 516.0, -174.0, -819.0
232.015316992, 513.0, -175.0, -824.0
232.034583168, 525.0, -186.0, -816.0
232.053849344, 539.0, -193.0, -816.0
232.07311552, 529.0, -195.0, -814.0
232.092381696, 530.0, -191.0, -818.0
232.111647872, 520.0, -192.0, -816.0
232.13091392, 522.0, -193.0, -820.0
232.150180096, 523.0, -188.0, -818.0
232.169446272, 513.0, -187.0, -826.0
232.188712448, 530.0, -197.0, -815.0
232.207978624, 532.0, -186.0, -821.0
232.2272448, 520.0, -179.0, -822.0
232.246510976, 526.0, -178.0, -827.0
232.265777024, 521.0, -178.0, -826.0
232.2850432, 509.0, -187.0, -832.0
232.304309376, 498.0, -186.0, -831.0
232.323575552, 496.0, -186.0, -836.0
232.342841728, 495.0, -186.0, -839.0
232.362107904, 492.0, -183.0, -832.0
232.38137408, 507.0, -182.0, -830.0
232.400640128, 515.0, -186.0, -824.0
232.419906304, 518.0, -191.0, -820.0
232.43917248, 536.0, -185.0, -818.0
232.458438656, 531.0, -180.0, -822.0
232.477704832, 514.0, -177.0, -827.0
232.496971008, 494.0, -180.0, -832.0
232.516237184, 496.0, -177.0, -830.0
232.535503232, 504.0, -186.0, -832.0
232.554769408, 509.0, -184.0, -829.0
232.574035584, 512.0, -184.0, -823.0
232.59330176, 515.0, -184.0, -829.0
232.612567936, 517.0, -185.0, -823.0
232.631834112, 516.0, -185.0, -825.0
232.651100288, 517.0, -188.0, -823.0
232.670366336, 518.0, -186.0, -818.0
232.689632512, 515.0, -185.0, -825.0
232.708898688, 506.0, -186.0, -835.0
232.728164864, 501.0, -183.0, -833.0
232.74743104, 510.0, -185.0, -831.0
232.766697216, 505.0, -181.0, -824.0
232.785963392, 521.0, -180.0, -832.0
232.80522944, 521.0, -183.0, -826.0
232.824495616, 521.0, -182.0, -823.0
232.843761792, 509.0, -186.0, -832.0
232.863027968, 505.0, -184.0, -836.0
232.882294144, 500.0, -185.0, -815.0
232.901560225, 505.0, -185.0, -838.0
232.920827008, 495.0, -198.0, -848.0
232.940093824, 497.0, -189.0, -836.0
232.959360512, 498.0, -176.0, -809.0
232.978627328, 514.0, -171.0, -809.0
232.997894016, 510.0, -174.0, -824.0
233.017160832, 514.0, -164.0, -830.0
233.036427648, 520.0, -160.0, -825.0
233.055694336, 545.0, -161.0, -821.0
233.074961152, 560.0, -168.0, -826.0
233.094227968, 547.0, -186.0, -818.0
233.113494656, 530.0, -182.0, -821.0
233.132761472, 504.0, -192.0, -828.0
233.15202816, 511.0, -173.0, -826.0
233.171294976, 503.0, -163.0, -829.0
233.190561792, 512.0, -159.0, -823.0
233.20982848, 536.0, -168.0, -826.0
233.229095296, 534.0, -187.0, -826.0
233.248361984, 524.0, -188.0, -819.0
233.2676288, 527.0, -193.0, -821.0
233.286895616, 515.0, -201.0, -825.0
233.306162304, 508.0, -187.0, -822.0
233.32542912, 503.0, -185.0, -830.0
233.344695936, 509.0, -189.0, -836.0
233.363962624, 508.0, -181.0, -830.0
233.38322944, 484.0, -185.0, -830.0
233.402496128, 503.0, -193.0, -823.0
233.421762944, 525.0, -196.0, -834.0
233.44102976, 505.0, -189.0, -832.0
233.460296448, 474.0, -177.0, -821.0
233.479563264, 495.0, -175.0, -854.0
233.498829952, 511.0, -185.0, -821.0
233.518096768, 534.0, -178.0, -827.0
233.537363584, 516.0, -172.0, -817.0
233.556630272, 521.0, -179.0, -844.0
233.575897088, 499.0, -186.0, -824.0
233.595163904, 510.0, -177.0, -828.0
233.614430592, 522.0, -186.0, -831.0
233.633697408, 514.0, -175.0, -832.0
233.652964096, 504.0, -182.0, -829.0
233.672230912, 493.0, -188.0, -835.0
233.691497728, 500.0, -189.0, -836.0
233.710764416, 486.0, -183.0, -834.0
233.730031232, 496.0, -191.0, -836.0
233.74929792, 491.0, -189.0, -836.0
233.768564736, 500.0, -184.0, -829.0
233.787831552, 504.0, -185.0, -834.0
233.80709824, 509.0, -184.0, -823.0
233.826365056, 514.0, -186.0, -825.0
233.845631872, 506.0, -181.0, -820.0
233.86489856, 515.0, -183.0, -835.0
233.884165376, 515.0, -193.0, -826.0
233.903432064, 514.0, -180.0, -820.0
233.92269888, 491.0, -183.0, -835.0
233.941965696, 467.0, -170.0, -836.0
233.961232384, 444.0, -190.0, -872.0
233.9804992, 450.0, -202.0, -874.0
233.999765888, 452.0, -185.0, -862.0
234.019032704, 447.0, -158.0, -859.0
234.03829952, 466.0, -147.0, -829.0
234.057566208, 479.0, -155.0, -843.0
234.076833024, 486.0, -184.0, -834.0
234.09609984, 516.0, -180.0, -837.0
234.115366528, 519.0, -169.0, -821.0
234.134633344, 549.0, -184.0, -802.0
234.153900032, 602.0, -180.0, -800.0
234.173166848, 604.0, -169.0, -794.0
234.192433664, 587.0, -197.0, -774.0
234.211700352, 573.0, -197.0, -790.0
234.230967168, 553.0, -207.0, -809.0
234.250233856, 524.0, -200.0, -822.0
234.269500672, 524.0, -222.0, -811.0
234.288767488, 525.0, -182.0, -794.0
234.308034176, 527.0, -190.0, -774.0
234.327300992, 532.0, -186.0, -795.0
234.34656768, 579.0, -168.0, -797.0
234.365834496, 588.0, -170.0, -806.0
234.385101312, 584.0, -168.0, -813.0
234.404368, 554.0, -166.0, -803.0
234.423634794, 561.0, -155.0, -807.0
234.442901632, 575.0, -143.0, -809.0
234.462168448, 576.0, -138.0, -805.0
234.481435136, 583.0, -120.0, -804.0
234.500701952, 572.0, -95.0, -807.0
234.519968768, 558.0, -64.0, -815.0
234.539235456, 571.0, -85.0, -834.0
234.558502272, 582.0, -100.0, -860.0
234.577769088, 449.0, -123.0, -843.0
234.597035904, 406.0, -139.0, -847.0
234.616302592, 423.0, -153.0, -860.0
234.635569408, 443.0, -192.0, -870.0
234.654836224, 420.0, -251.0, -865.0
234.674102912, 401.0, -308.0, -850.0
234.693369728, 400.0, -346.0, -857.0
234.712636544, 365.0, -330.0, -873.0
234.731903232, 399.0, -266.0, -866.0
234.751170048, 421.0, -204.0, -865.0
234.770436864, 420.0, -179.0, -875.0
234.789703552, 417.0, -194.0, -876.0
234.808970368, 414.0, -208.0, -873.0
234.828237184, 417.0, -224.0, -869.0
234.847503872, 409.0, -234.0, -876.0
234.866770688, 387.0, -227.0, -872.0
234.886037504, 382.0, -222.0, -878.0
234.90530432, 362.0, -207.0, -879.0
234.924571008, 362.0, -198.0, -877.0
234.943837824, 396.0, -200.0, -885.0
234.96310464, 403.0, -195.0, -879.0
234.982371328, 417.0, -198.0, -876.0
235.001638144, 451.0, -198.0, -869.0
235.02090496, 539.0, -212.0, -856.0
235.040171648, 563.0, -227.0, -827.0
235.059438464, 553.0, -203.0, -829.0
235.07870528, 559.0, -186.0, -825.0
235.097971968, 561.0, -212.0, -815.0
235.117238784, 596.0, -202.0, -799.0
235.1365056, 673.0, -199.0, -798.0
235.155772416, 660.0, -193.0, -781.0
235.175039104, 624.0, -131.0, -812.0
235.19430592, 590.0, -127.0, -804.0
235.213572736, 615.0, -87.0, -762.0
235.232839424, 641.0, -68.0, -781.0
235.25210624, 644.0, -63.0, -773.0
235.271373056, 612.0, -25.0, -773.0
235.290639744, 695.0, -3.0, -803.0
235.30990656, 626.0, 26.0, -787.0
235.329173376, 656.0, -9.0, -846.0
235.348440064, 578.0, 21.0, -802.0
235.36770688, 554.0, 0.0, -810.0
235.386973696, 442.0, -23.0, -872.0
235.406240384, 486.0, -25.0, -871.0
235.4255072, 580.0, 15.0, -831.0
235.444774016, 574.0, 7.0, -912.0
235.464040832, 595.0, 0.0, -893.0
235.48330752, 687.0, -156.0, -881.0
235.502574336, 674.0, -27.0, -851.0
235.521841152, 726.0, 89.0, -639.0
235.54110784, 518.0, 11.0, -646.0
235.560374656, 445.0, 41.0, -795.0
235.579641472, 463.0, -45.0, -815.0
235.59890816, 720.0, -144.0, -812.0
235.618174976, 718.0, -44.0, -821.0
235.637441792, 521.0, -19.0, -866.0
235.656708478, 423.0, 0.0, -886.0
235.675975936, 430.0, 85.0, -866.0
235.695243392, 366.0, 193.0, -832.0
235.714510848, 394.0, 250.0, -848.0
235.733778304, 400.0, 320.0, -795.0
235.75304576, 381.0, 317.0, -879.0
235.772313216, 368.0, 311.0, -877.0
235.791580672, 347.0, 325.0, -882.0
235.810848256, 364.0, 330.0, -866.0
235.830115712, 411.0, 346.0, -862.0
235.849383168, 425.0, 350.0, -832.0
235.868650624, 392.0, 342.0, -867.0
235.88791808, 321.0, 313.0, -887.0
235.907185536, 320.0, 271.0, -910.0
235.926452992, 321.0, 271.0, -925.0
235.945720448, 287.0, 281.0, -907.0
235.964987904, 283.0, 295.0, -906.0
235.98425536, 298.0, 314.0, -902.0
236.003522816, 345.0, 332.0, -891.0
236.022790272, 351.0, 331.0, -887.0
236.042057856, 341.0, 327.0, -891.0
236.061325312, 317.0, 328.0, -893.0
236.080592768, 303.0, 325.0, -900.0
236.099860224, 309.0, 333.0, -899.0
236.11912768, 291.0, 335.0, -906.0
236.138395136, 295.0, 319.0, -911.0
236.157662592, 299.0, 307.0, -926.0
236.176930048, 307.0, 310.0, -908.0
236.196197504, 299.0, 312.0, -907.0
236.21546496, 294.0, 323.0, -904.0
236.234732416, 303.0, 322.0, -906.0
236.253999872, 309.0, 334.0, -903.0
236.273267456, 305.0, 324.0, -908.0
236.292534912, 306.0, 317.0, -911.0
236.311802368, 313.0, 320.0, -906.0
236.331069824, 314.0, 326.0, -909.0
236.35033728, 322.0, 318.0, -901.0
236.369604736, 328.0, 319.0, -901.0
236.388872192, 317.0, 322.0, -901.0
236.408139648, 304.0, 327.0, -902.0
236.427407104, 294.0, 332.0, -899.0
236.44667456, 292.0, 336.0, -908.0
236.465942016, 295.0, 331.0, -908.0
236.485209472, 312.0, 332.0, -898.0
236.504477056, 337.0, 335.0, -877.0
236.523744512, 317.0, 316.0, -903.0
236.543011968, 306.0, 333.0, -902.0
236.562279424, 311.0, 332.0, -907.0
236.58154688, 311.0, 331.0, -911.0
236.600814336, 310.0, 329.0, -903.0
236.620081792, 312.0, 325.0, -906.0
236.639349248, 313.0, 324.0, -897.0
236.658616704, 318.0, 331.0, -894.0
236.67788416, 322.0, 317.0, -904.0
236.697151616, 322.0, 321.0, -900.0
236.716419072, 326.0, 323.0, -906.0
236.735686656, 308.0, 320.0, -898.0
236.754954112, 313.0, 320.0, -903.0
236.774221568, 319.0, 325.0, -890.0
236.793489024, 318.0, 332.0, -892.0
236.81275648, 324.0, 327.0, -904.0
236.832023936, 332.0, 320.0, -894.0
236.851291392, 330.0, 322.0, -900.0
236.870558848, 319.0, 324.0, -901.0
236.889826304, 313.0, 334.0, -893.0
236.90909376, 319.0, 327.0, -900.0
236.928361216, 333.0, 320.0, -902.0
236.947628672, 328.0, 319.0, -903.0
236.966896256, 323.0, 321.0, -906.0
236.986163712, 316.0, 325.0, -901.0
237.005431168, 329.0, 330.0, -893.0
237.024698624, 335.0, 321.0, -895.0
237.04396608, 331.0, 328.0, -897.0
237.063233536, 327.0, 328.0, -895.0
237.082500992, 325.0, 317.0, -903.0
237.101768448, 331.0, 327.0, -889.0
237.121035904, 334.0, 326.0, -897.0
237.14030336, 330.0, 329.0, -897.0
237.159570816, 337.0, 320.0, -891.0
237.178838272, 324.0, 331.0, -889.0
237.198105856, 323.0, 327.0, -899.0
237.217373312, 330.0, 322.0, -893.0
237.236640768, 336.0, 325.0, -892.0
237.255908224, 320.0, 330.0, -892.0
237.275175674, 319.0, 330.0, -895.0
237.294441472, 337.0, 325.0, -887.0
237.313707264, 328.0, 324.0, -899.0
237.332973184, 323.0, 326.0, -898.0
237.352238976, 331.0, 322.0, -903.0
237.371504896, 339.0, 323.0, -890.0
237.390770688, 329.0, 321.0, -896.0
237.410036608, 351.0, 320.0, -891.0
237.4293024, 362.0, 313.0, -891.0
237.44856832, 355.0, 317.0, -896.0
237.467834112, 341.0, 315.0, -899.0
237.487100032, 335.0, 308.0, -899.0
237.506365824, 351.0, 306.0, -900.0
237.525631744, 353.0, 309.0, -891.0
237.544897536, 358.0, 324.0, -880.0
237.564163456, 383.0, 315.0, -896.0
237.583429248, 341.0, 304.0, -905.0
237.602695168, 357.0, 306.0, -885.0
237.62196096, 334.0, 315.0, -901.0
237.64122688, 346.0, 318.0, -890.0
237.660492672, 356.0, 316.0, -888.0
237.679758592, 350.0, 321.0, -885.0
237.699024384, 346.0, 326.0, -883.0
237.718290176, 337.0, 322.0, -891.0
237.737556096, 336.0, 312.0, -901.0
237.756821888, 335.0, 309.0, -896.0
237.776087808, 336.0, 302.0, -897.0
237.7953536, 331.0, 306.0, -902.0
237.81461952, 363.0, 303.0, -907.0
237.833885312, 360.0, 297.0, -903.0
237.853151232, 351.0, 300.0, -906.0
237.872417024, 350.0, 304.0, -900.0
237.891682944, 362.0, 303.0, -902.0
237.910948736, 340.0, 302.0, -895.0
237.930214656, 353.0, 306.0, -904.0
237.949480448, 340.0, 309.0, -891.0
237.968746368, 347.0, 297.0, -901.0
237.98801216, 349.0, 308.0, -887.0
238.00727808, 344.0, 316.0, -896.0
238.026543872, 354.0, 318.0, -886.0
238.045809792, 351.0, 308.0, -880.0
238.065075584, 370.0, 306.0, -892.0
238.084341376, 369.0, 304.0, -892.0
238.103607296, 358.0, 306.0, -891.0
238.122873088, 359.0, 314.0, -894.0
238.142139008, 353.0, 318.0, -894.0
238.1614048, 345.0, 303.0, -905.0
238.18067072, 361.0, 318.0, -890.0
238.199936512, 350.0, 305.0, -889.0
238.219202432, 371.0, 316.0, -909.0
238.238468224, 365.0, 304.0, -874.0
238.257734144, 366.0, 316.0, -894.0
238.276999936, 358.0, 315.0, -887.0
238.296265856, 340.0, 313.0, -893.0
238.315531648, 350.0, 315.0, -898.0
238.334797568, 341.0, 311.0, -896.0
238.35406336, 334.0, 310.0, -896.0
238.37332928, 335.0, 308.0, -891.0
238.392595072, 358.0, 314.0, -890.0
238.411860992, 361.0, 307.0, -890.0
238.431126784, 351.0, 315.0, -883.0
238.450392704, 331.0, 313.0, -896.0
238.469658496, 333.0, 319.0, -895.0
238.488924288, 340.0, 311.0, -895.0
238.508190208, 347.0, 315.0, -890.0
238.527456, 343.0, 316.0, -901.0
238.54672192, 341.0, 312.0, -889.0
238.565987712, 344.0, 317.0, -899.0
238.585253632, 342.0, 314.0, -896.0
238.604519424, 334.0, 315.0, -894.0
238.623785344, 352.0, 312.0, -894.0
238.643051136, 343.0, 305.0, -893.0
238.662317056, 344.0, 310.0, -897.0
238.681582848, 341.0, 309.0, -897.0
238.700848768, 338.0, 311.0, -896.0
238.72011456, 339.0, 312.0, -900.0
238.739380488, 334.0, 311.0, -888.0
238.75864768, 344.0, 308.0, -897.0
238.77791488, 346.0, 299.0, -897.0
238.79718208, 346.0, 300.0, -899.0
238.816449152, 342.0, 304.0, -905.0
238.835716352, 343.0, 308.0, -896.0
238.854983552, 349.0, 305.0, -899.0
238.874250752, 349.0, 306.0, -895.0
238.893517824, 347.0, 306.0, -895.0
238.912785024, 339.0, 299.0, -896.0
238.932052224, 342.0, 306.0, -903.0
238.951319424, 332.0, 306.0, -901.0
238.970586624, 346.0, 300.0, -906.0
238.989853696, 355.0, 305.0, -898.0
239.009120896, 341.0, 302.0, -897.0
239.028388096, 332.0, 304.0, -900.0
239.047655296, 335.0, 299.0, -897.0
239.066922368, 333.0, 309.0, -900.0
239.086189568, 342.0, 302.0, -904.0
239.105456768, 345.0, 299.0, -901.0
239.124723968, 337.0, 298.0, -898.0
239.14399104, 331.0, 302.0, -902.0
239.16325824, 333.0, 303.0, -900.0
239.18252544, 348.0, 302.0, -897.0
239.20179264, 351.0, 303.0, -894.0
239.22105984, 341.0, 304.0, -896.0
239.240326912, 339.0, 298.0, -900.0
239.259594112, 350.0, 294.0, -904.0
239.278861312, 337.0, 296.0, -905.0
239.298128512, 337.0, 301.0, -899.0
239.317395584, 339.0, 300.0, -898.0
239.336662784, 338.0, 302.0, -899.0
239.355929984, 341.0, 297.0, -904.0
239.375197184, 344.0, 303.0, -905.0
239.394464384, 347.0, 302.0, -894.0
239.413731456, 340.0, 304.0, -893.0
239.432998656, 334.0, 301.0, -897.0
239.452265856, 343.0, 300.0, -909.0
239.471533056, 349.0, 294.0, -901.0
239.490800128, 338.0, 300.0, -901.0
239.510067328, 332.0, 301.0, -905.0
239.529334528, 337.0, 306.0, -901.0
239.548601728, 340.0, 300.0, -899.0
239.5678688, 345.0, 303.0, -895.0
239.587136, 337.0, 306.0, -888.0
239.6064032, 334.0, 308.0, -900.0
239.6256704, 340.0, 306.0, -896.0
239.6449376, 336.0, 307.0, -895.0
239.664204672, 335.0, 303.0, -896.0
239.683471872, 339.0, 304.0, -897.0
239.702739072, 348.0, 304.0, -892.0
239.722006272, 342.0, 297.0, -905.0
239.741273344, 342.0, 301.0, -894.0
239.760540544, 342.0, 300.0, -897.0
239.779807744, 343.0, 307.0, -897.0
239.799074944, 343.0, 294.0, -903.0
239.818342144, 353.0, 298.0, -897.0
239.837609216, 350.0, 300.0, -897.0
239.856876416, 355.0, 305.0, -899.0
239.876143616, 353.0, 302.0, -896.0
239.895410816, 353.0, 301.0, -897.0
239.914677888, 350.0, 301.0, -895.0
239.933945088, 352.0, 295.0, -896.0
239.953212288, 353.0, 301.0, -892.0
239.972479488, 356.0, 304.0, -892.0
239.99174656, 354.0, 304.0, -891.0
240.01101376, 350.0, 304.0, -891.0
240.03028096, 355.0, 300.0, -893.0
240.04954816, 352.0, 294.0, -896.0
240.06881536, 354.0, 292.0, -889.0
240.088082432, 351.0, 298.0, -894.0
240.107349632, 356.0, 300.0, -895.0
240.126616832, 353.0, 297.0, -897.0
240.145884032, 360.0, 297.0, -896.0
240.165151104, 355.0, 291.0, -893.0
240.184418304, 361.0, 304.0, -896.0
240.203685504, 356.0, 302.0, -897.0
240.222952704, 353.0, 294.0, -903.0
240.242219904, 373.0, 307.0, -871.0
240.261486976, 378.0, 275.0, -895.0
240.280754176, 345.0, 299.0, -916.0
240.300021376, 360.0, 292.0, -892.0
240.319288576, 362.0, 308.0, -886.0
240.338555648, 363.0, 307.0, -890.0
240.357822848, 369.0, 304.0, -891.0
240.377090048, 358.0, 301.0, -892.0
240.396357248, 352.0, 297.0, -891.0
240.415624363, 350.0, 294.0, -891.0
240.434891264, 353.0, 299.0, -884.0
240.454158208, 348.0, 298.0, -894.0
240.473425024, 359.0, 300.0, -898.0
240.492691968, 349.0, 299.0, -890.0
240.511958912, 350.0, 301.0, -892.0
240.531225856, 346.0, 295.0, -891.0
240.550492672, 356.0, 302.0, -895.0
240.569759616, 354.0, 298.0, -894.0
240.58902656, 343.0, 303.0, -898.0
240.608293376, 348.0, 300.0, -894.0
240.62756032, 356.0, 293.0, -892.0
240.646827264, 358.0, 298.0, -897.0
240.66609408, 356.0, 302.0, -892.0
240.685361024, 354.0, 300.0, -902.0
240.704627968, 363.0, 293.0, -891.0
240.723894912, 356.0, 292.0, -894.0
240.743161728, 355.0, 300.0, -892.0
240.762428672, 347.0, 287.0, -897.0
240.781695616, 356.0, 287.0, -895.0
240.800962432, 352.0, 289.0, -897.0
240.820229376, 361.0, 293.0, -896.0
240.83949632, 362.0, 306.0, -890.0
240.858763264, 363.0, 310.0, -885.0
240.87803008, 372.0, 306.0, -888.0
240.897297024, 360.0, 301.0, -888.0
240.916563968, 351.0, 302.0, -887.0
240.935830784, 348.0, 286.0, -893.0
240.955097728, 360.0, 287.0, -893.0
240.974364672, 360.0, 287.0, -900.0
240.993631488, 353.0, 296.0, -898.0
241.012898432, 358.0, 287.0, -904.0
241.032165376, 362.0, 290.0, -907.0
241.05143232, 372.0, 285.0, -902.0
241.070699136, 373.0, 294.0, -896.0
241.08996608, 363.0, 297.0, -898.0
241.109233024, 365.0, 300.0, -890.0
241.12849984, 356.0, 300.0, -886.0
241.147766784, 350.0, 303.0, -890.0
241.167033728, 350.0, 311.0, -888.0
241.186300544, 370.0, 298.0, -893.0
241.205567488, 374.0, 298.0, -899.0
241.224834432, 358.0, 312.0, -892.0
241.244101376, 351.0, 295.0, -899.0
241.263368192, 351.0, 301.0, -899.0
241.282635136, 339.0, 293.0, -898.0
241.30190208, 346.0, 304.0, -898.0
241.321168896, 350.0, 309.0, -890.0
241.34043584, 366.0, 310.0, -897.0
241.359702784, 361.0, 302.0, -889.0
241.378969728, 356.0, 308.0, -892.0
241.398236544, 341.0, 308.0, -897.0
241.417503488, 350.0, 308.0, -896.0
241.436770432, 357.0, 307.0, -891.0
241.456037248, 359.0, 305.0, -891.0
241.475304192, 345.0, 311.0, -891.0
241.494571136, 347.0, 309.0, -888.0
241.513837952, 358.0, 307.0, -899.0
241.533104896, 367.0, 310.0, -886.0
241.55237184, 361.0, 309.0, -892.0
241.571638784, 352.0, 314.0, -883.0
241.5909056, 349.0, 308.0, -892.0
241.610172544, 351.0, 315.0, -889.0
241.629439488, 351.0, 315.0, -889.0
241.648706304, 352.0, 309.0, -892.0
241.667973248, 353.0, 311.0, -888.0
241.687240192, 357.0, 316.0, -890.0
241.706507136, 349.0, 311.0, -894.0
241.725773952, 343.0, 312.0, -891.0
241.745040896, 346.0, 310.0, -897.0
241.76430784, 354.0, 306.0, -894.0
241.783574656, 359.0, 305.0, -889.0
241.8028416, 352.0, 308.0, -891.0
241.822108544, 352.0, 307.0, -899.0
241.84137536, 356.0, 308.0, -892.0
241.860642304, 351.0, 310.0, -894.0
241.879909248, 351.0, 310.0, -895.0
241.899176192, 350.0, 303.0, -893.0
241.918443008, 360.0, 304.0, -890.0
241.937709952, 357.0, 309.0, -892.0
241.956976896, 349.0, 308.0, -892.0
241.976243712, 358.0, 308.0, -892.0
241.995510656, 359.0, 310.0, -887.0
242.0147776, 356.0, 312.0, -891.0
242.034044416, 349.0, 310.0, -890.0
242.05331136, 353.0, 310.0, -890.0
242.072578304, 361.0, 304.0, -893.0
242.091845248, 353.0, 306.0, -890.0
242.111112064, 349.0, 311.0, -896.0
242.130379008, 357.0, 310.0, -893.0
242.149645952, 361.0, 307.0, -887.0
242.168912768, 353.0, 310.0, -898.0
242.188179712, 348.0, 308.0, -894.0
242.207446656, 343.0, 308.0, -892.0
242.226713547, 355.0, 307.0, -897.0
242.245980672, 353.0, 310.0, -896.0
242.265247744, 351.0, 314.0, -890.0
242.284514816, 357.0, 306.0, -895.0
242.303782016, 357.0, 310.0, -889.0
242.323049088, 353.0, 312.0, -892.0
242.34231616, 354.0, 311.0, -890.0
242.361583232, 357.0, 306.0, -889.0
242.380850432, 355.0, 309.0, -892.0
242.400117504, 357.0, 309.0, -895.0
242.419384576, 352.0, 310.0, -889.0
242.438651648, 348.0, 309.0, -893.0
242.45791872, 357.0, 310.0, -891.0
242.47718592, 361.0, 307.0, -892.0
242.496452992, 357.0, 309.0, -890.0
242.515720064, 348.0, 305.0, -892.0
242.534987136, 354.0, 306.0, -895.0
242.554254336, 362.0, 306.0, -895.0
242.573521408, 353.0, 317.0, -888.0
242.59278848, 352.0, 317.0, -886.0
242.612055552, 356.0, 309.0, -889.0
242.631322752, 369.0, 307.0, -892.0
242.650589824, 356.0, 308.0, -889.0
242.669856896, 353.0, 312.0, -887.0
242.689123968, 357.0, 311.0, -886.0
242.70839104, 360.0, 310.0, -892.0
242.72765824, 361.0, 312.0, -892.0
242.746925312, 358.0, 309.0, -886.0
242.766192384, 350.0, 310.0, -894.0
242.785459456, 358.0, 308.0, -897.0
242.804726656, 363.0, 305.0, -891.0
242.823993728, 356.0, 310.0, -891.0
242.8432608, 354.0, 305.0, -895.0
242.862527872, 362.0, 306.0, -894.0
242.881794944, 366.0, 302.0, -889.0
242.901062144, 372.0, 307.0, -893.0
242.920329216, 360.0, 305.0, -901.0
242.939596288, 351.0, 293.0, -904.0
242.95886336, 342.0, 306.0, -907.0
242.97813056, 362.0, 302.0, -903.0
242.997397632, 357.0, 320.0, -882.0
243.016664704, 360.0, 319.0, -891.0
243.035931776, 349.0, 319.0, -896.0
243.055198976, 363.0, 326.0, -889.0
243.074466048, 357.0, 326.0, -885.0
243.09373312, 342.0, 325.0, -883.0
243.113000192, 339.0, 336.0, -870.0
243.132267264, 336.0, 356.0, -864.0
243.151534464, 336.0, 382.0, -855.0
243.170801536, 328.0, 379.0, -853.0
243.190068608, 321.0, 367.0, -863.0
243.20933568, 306.0, 344.0, -888.0
243.22860288, 314.0, 335.0, -901.0
243.247869952, 313.0, 317.0, -908.0
243.267137024, 321.0, 302.0, -911.0
243.286404096, 310.0, 300.0, -916.0
243.305671168, 307.0, 299.0, -929.0
243.324938368, 313.0, 298.0, -930.0
243.34420544, 311.0, 301.0, -919.0
243.363472512, 308.0, 304.0, -921.0
243.382739584, 306.0, 309.0, -924.0
243.402006784, 318.0, 305.0, -917.0
243.421273856, 324.0, 312.0, -908.0
243.440540928, 311.0, 324.0, -905.0
243.459808, 307.0, 342.0, -901.0
243.4790752, 297.0, 351.0, -894.0
243.498342272, 300.0, 355.0, -890.0
243.517609344, 307.0, 370.0, -882.0
243.536876416, 316.0, 365.0, -884.0
243.556143488, 306.0, 353.0, -893.0
243.575410688, 316.0, 347.0, -891.0
243.59467776, 304.0, 339.0, -894.0
243.613944832, 302.0, 350.0, -891.0
243.633211904, 310.0, 350.0, -896.0
243.652479104, 311.0, 348.0, -896.0
243.671746176, 305.0, 349.0, -897.0
243.691013248, 304.0, 359.0, -904.0
243.71028032, 290.0, 376.0, -877.0
243.729547392, 306.0, 351.0, -889.0
243.748814592, 317.0, 341.0, -889.0
243.768081664, 323.0, 347.0, -894.0
243.787348736, 310.0, 348.0, -896.0
243.806615808, 309.0, 354.0, -891.0
243.825883008, 324.0, 359.0, -886.0
243.84515008, 330.0, 353.0, -875.0
243.864417152, 328.0, 356.0, -888.0
243.883684224, 318.0, 356.0, -888.0
243.902951296, 330.0, 358.0, -879.0
243.922218496, 333.0, 361.0, -883.0
243.941485568, 330.0, 361.0, -891.0
243.96075264, 323.0, 359.0, -885.0
243.980019712, 327.0, 346.0, -888.0
243.999286912, 335.0, 355.0, -878.0
244.018553984, 329.0, 355.0, -886.0
244.037821043, 331.0, 354.0, -890.0
244.057088, 326.0, 358.0, -892.0
244.076354944, 321.0, 349.0, -887.0
244.095621888, 325.0, 348.0, -891.0
244.11488896, 323.0, 342.0, -896.0
244.134155904, 329.0, 350.0, -895.0
244.153422848, 321.0, 350.0, -888.0
244.172689792, 321.0, 347.0, -886.0
244.191956736, 326.0, 354.0, -882.0
244.211223808, 340.0, 347.0, -888.0
244.230490752, 317.0, 342.0, -892.0
244.249757696, 320.0, 341.0, -897.0
244.26902464, 322.0, 346.0, -893.0
244.288291712, 321.0, 350.0, -900.0
244.307558656, 321.0, 342.0, -897.0
244.3268256, 327.0, 347.0, -891.0
244.346092544, 329.0, 344.0, -895.0
244.365359488, 326.0, 346.0, -888.0
244.38462656, 329.0, 347.0, -894.0
244.403893504, 326.0, 347.0, -889.0
244.423160448, 323.0, 349.0, -890.0
244.442427392, 323.0, 346.0, -892.0
244.461694336, 322.0, 341.0, -893.0
244.480961408, 323.0, 344.0, -889.0
244.500228352, 324.0, 348.0, -888.0
244.519495296, 323.0, 342.0, -894.0
244.53876224, 327.0, 342.0, -892.0
244.558029312, 321.0, 341.0, -894.0
244.577296256, 323.0, 338.0, -895.0
244.5965632, 332.0, 345.0, -884.0
244.615830144, 329.0, 346.0, -892.0
244.635097088, 328.0, 346.0, -894.0
244.65436416, 327.0, 344.0, -884.0
244.673631104, 327.0, 339.0, -890.0
244.692898048, 331.0, 342.0, -897.0
244.712164992, 335.0, 348.0, -889.0
244.731431936, 338.0, 345.0, -887.0
244.750699008, 331.0, 343.0, -890.0
244.769965952, 334.0, 340.0, -886.0
244.789232896, 335.0, 344.0, -889.0
244.80849984, 325.0, 344.0, -896.0
244.827766784, 325.0, 344.0, -889.0
244.847033856, 332.0, 343.0, -888.0
244.8663008, 329.0, 340.0, -897.0
244.885567744, 328.0, 339.0, -893.0
244.904834688, 329.0, 344.0, -889.0
244.92410176, 329.0, 342.0, -888.0
244.943368704, 340.0, 338.0, -886.0
244.962635648, 337.0, 345.0, -891.0
244.981902592, 317.0, 348.0, -889.0
245.001169536, 317.0, 339.0, -891.0
245.020436608, 334.0, 338.0, -895.0
245.039703552, 343.0, 344.0, -887.0
245.058970496, 329.0, 337.0, -890.0
245.07823744, 319.0, 342.0, -896.0
245.097504384, 327.0, 341.0, -896.0
245.116771456, 332.0, 345.0, -891.0
245.1360384, 329.0, 349.0, -892.0
245.155305344, 326.0, 352.0, -892.0
245.174572288, 328.0, 349.0, -892.0
245.19383936, 327.0, 347.0, -892.0
245.213106304, 317.0, 348.0, -892.0
245.232373248, 318.0, 348.0, -884.0
245.251640192, 323.0, 357.0, -885.0
245.270907136, 327.0, 355.0, -888.0
245.290174208, 328.0, 350.0, -893.0
245.309441152, 329.0, 351.0, -888.0
245.328708096, 319.0, 358.0, -885.0
245.34797504, 313.0, 353.0, -888.0
245.367241984, 311.0, 356.0, -890.0
245.386509056, 316.0, 355.0, -889.0
245.405776, 314.0, 352.0, -895.0
245.425042944, 307.0, 350.0, -899.0
245.444309888, 313.0, 351.0, -889.0
245.463576832, 320.0, 351.0, -897.0
245.482843904, 318.0, 350.0, -890.0
245.502110848, 324.0, 362.0, -893.0
245.521377792, 312.0, 358.0, -887.0
245.540644736, 311.0, 351.0, -889.0
245.559911808, 314.0, 354.0, -897.0
245.579178752, 320.0, 359.0, -890.0
245.598445696, 317.0, 360.0, -889.0
245.61771264, 319.0, 364.0, -888.0
245.636979584, 312.0, 364.0, -888.0
245.656246656, 312.0, 363.0, -890.0
245.6755136, 306.0, 367.0, -891.0
245.694780544, 314.0, 363.0, -888.0
245.714047488, 311.0, 364.0, -893.0
245.733314432, 308.0, 363.0, -896.0
245.752581504, 308.0, 361.0, -889.0
245.771848448, 306.0, 362.0, -887.0
245.791115392, 314.0, 365.0, -886.0
245.810382336, 313.0, 359.0, -891.0
245.829649408, 311.0, 359.0, -885.0
245.848916333, 306.0, 363.0, -887.0
245.868180864, 310.0, 364.0, -897.0
245.887445376, 317.0, 366.0, -884.0
245.906709888, 311.0, 367.0, -884.0
245.925974272, 307.0, 359.0, -897.0
245.945238784, 308.0, 359.0, -894.0
245.964503296, 306.0, 359.0, -895.0
245.983767808, 310.0, 363.0, -898.0
246.00303232, 314.0, 361.0, -892.0
246.022296704, 309.0, 356.0, -892.0
246.041561216, 300.0, 362.0, -894.0
246.060825728, 306.0, 359.0, -891.0
246.08009024, 309.0, 366.0, -888.0
246.099354752, 304.0, 361.0, -888.0
246.118619264, 309.0, 370.0, -882.0
246.137883648, 304.0, 365.0, -891.0
246.15714816, 308.0, 365.0, -893.0
246.176412672, 314.0, 362.0, -885.0
246.195677184, 309.0, 368.0, -888.0
246.214941696, 303.0, 369.0, -896.0
246.23420608, 307.0, 359.0, -894.0
246.253470592, 306.0, 363.0, -891.0
246.272735104, 304.0, 362.0, -891.0
246.291999616, 305.0, 364.0, -890.0
246.311264128, 308.0, 361.0, -897.0
246.330528512, 308.0, 369.0, -893.0
246.349793024, 305.0, 362.0, -892.0
246.369057536, 310.0, 362.0, -892.0
246.388322048, 308.0, 357.0, -893.0
246.40758656, 303.0, 367.0, -893.0
246.426850944, 300.0, 365.0, -891.0
246.446115456, 301.0, 363.0, -892.0
246.465379968, 311.0, 363.0, -891.0
246.48464448, 306.0, 365.0, -895.0
246.503908992, 301.0, 367.0, -888.0
246.523173376, 301.0, 366.0, -888.0
246.542437888, 307.0, 368.0, -890.0
246.5617024, 311.0, 366.0, -888.0
246.580966912, 305.0, 367.0, -892.0
246.600231424, 301.0, 360.0, -892.0
246.619495936, 309.0, 358.0, -890.0
246.63876032, 313.0, 360.0, -892.0
246.658024832, 307.0, 362.0, -894.0
246.677289344, 311.0, 361.0, -887.0
246.696553856, 311.0, 362.0, -893.0
246.715818368, 311.0, 363.0, -894.0
246.735082752, 313.0, 363.0, -892.0
246.754347264, 311.0, 358.0, -892.0
246.773611776, 309.0, 357.0, -895.0
246.792876288, 307.0, 354.0, -894.0
246.8121408, 305.0, 356.0, -892.0
246.831405184, 305.0, 362.0, -892.0
246.850669696, 309.0, 358.0, -893.0
246.869934208, 309.0, 360.0, -889.0
246.88919872, 308.0, 358.0, -893.0
246.908463232, 307.0, 360.0, -885.0
246.927727616, 313.0, 362.0, -887.0
246.946992128, 311.0, 359.0, -897.0
246.96625664, 311.0, 361.0, -893.0
246.985521152, 308.0, 358.0, -893.0
247.004785664, 312.0, 363.0, -890.0
247.024050048, 312.0, 357.0, -892.0
247.04331456, 306.0, 358.0, -892.0
247.062579072, 300.0, 352.0, -896.0
247.081843584, 309.0, 360.0, -894.0
247.101108096, 319.0, 359.0, -887.0
247.120372608, 314.0, 352.0, -891.0
247.139636992, 305.0, 359.0, -892.0
247.158901504, 307.0, 358.0, -897.0
247.178166016, 317.0, 352.0, -892.0
247.197430528, 321.0, 352.0, -892.0
247.21669504, 309.0, 359.0, -889.0
247.235959424, 307.0, 357.0, -895.0
247.255223936, 310.0, 353.0, -894.0
247.274488448, 315.0, 358.0, -890.0
247.29375296, 312.0, 362.0, -888.0
247.313017472, 308.0, 360.0, -890.0
247.332281856, 308.0, 360.0, -893.0
247.351546368, 307.0, 363.0, -890.0
247.37081088, 307.0, 359.0, -890.0
247.390075392, 310.0, 355.0, -894.0
247.409339904, 321.0, 351.0, -893.0
247.428604288, 316.0, 353.0, -892.0
247.4478688, 311.0, 363.0, -890.0
247.467133312, 316.0, 358.0, -894.0
247.486397824, 322.0, 353.0, -892.0
247.505662336, 319.0, 363.0, -888.0
247.52492672, 303.0, 355.0, -897.0
247.544191232, 308.0, 355.0, -891.0
247.563455744, 311.0, 356.0, -895.0
247.582720256, 311.0, 358.0, -895.0
247.601984768, 307.0, 355.0, -896.0
247.62124928, 304.0, 353.0, -894.0
247.640513664, 304.0, 361.0, -895.0
247.659778151, 302.0, 357.0, -890.0
247.679044096, 313.0, 355.0, -891.0
247.698310016, 308.0, 357.0, -892.0
247.717575936, 305.0, 357.0, -894.0
247.736841856, 305.0, 354.0, -889.0
247.756107776, 309.0, 358.0, -889.0
247.775373696, 310.0, 360.0, -892.0
247.794639616, 313.0, 362.0, -879.0
247.813905536, 336.0, 348.0, -893.0
247.833171456, 303.0, 353.0, -899.0
247.852437376, 321.0, 354.0, -879.0
247.871703296, 298.0, 361.0, -892.0
247.890969216, 320.0, 360.0, -899.0
247.910235136, 325.0, 363.0, -882.0
247.929501056, 312.0, 361.0, -893.0
247.948766976, 309.0, 351.0, -892.0
247.968032896, 314.0, 355.0, -886.0
247.987298816, 311.0, 365.0, -888.0
248.006564736, 318.0, 365.0, -890.0
248.025830656, 316.0, 351.0, -891.0
248.045096576, 320.0, 343.0, -908.0
248.064362496, 320.0, 356.0, -897.0
248.083628416, 333.0, 355.0, -884.0
248.102894336, 313.0, 350.0, -905.0
248.122160256, 321.0, 361.0, -893.0
248.141426176, 303.0, 359.0, -893.0
248.160692096, 294.0, 354.0, -894.0
248.179958016, 282.0, 355.0, -892.0
248.199223936, 297.0, 364.0, -908.0
248.218489856, 299.0, 351.0, -891.0
248.237755776, 285.0, 358.0, -894.0
248.257021696, 288.0, 355.0, -911.0
248.276287616, 290.0, 347.0, -896.0
248.295553536, 266.0, 345.0, -902.0
248.314819456, 252.0, 371.0, -885.0
248.334085376, 251.0, 369.0, -920.0
248.353351296, 315.0, 342.0, -918.0
248.372617216, 320.0, 375.0, -876.0
248.391883136, 230.0, 345.0, -877.0
248.411149056, 216.0, 338.0, -927.0
248.430414976, 245.0, 350.0, -925.0
248.449680896, 322.0, 351.0, -901.0
248.468946816, 325.0, 357.0, -899.0
248.488212736, 304.0, 357.0, -902.0
248.507478656, 268.0, 354.0, -891.0
248.526744576, 268.0, 355.0, -905.0
248.546010496, 299.0, 360.0, -903.0
248.565276416, 319.0, 356.0, -888.0
248.584542336, 312.0, 352.0, -901.0
248.603808256, 290.0, 354.0, -901.0
248.623074176, 282.0, 354.0, -898.0
248.642340096, 302.0, 347.0, -900.0
248.661606016, 301.0, 349.0, -894.0
248.680871936, 302.0, 357.0, -908.0
248.700137856, 307.0, 352.0, -899.0
248.719403776, 309.0, 350.0, -898.0
248.738669696, 300.0, 350.0, -900.0
248.757935616, 296.0, 350.0, -904.0
248.777201536, 304.0, 350.0, -897.0
248.796467456, 303.0, 353.0, -899.0
248.815733376, 301.0, 350.0, -901.0
248.834999296, 309.0, 352.0, -895.0
248.854265216, 293.0, 359.0, -897.0
248.873531136, 301.0, 358.0, -896.0
248.892797056, 304.0, 359.0, -889.0
248.912062976, 301.0, 358.0, -896.0
248.931328896, 302.0, 353.0, -894.0
248.950594816, 300.0, 352.0, -891.0
248.969860736, 298.0, 361.0, -889.0
248.989126656, 296.0, 366.0, -896.0
249.008392576, 309.0, 354.0, -891.0
249.027658496, 304.0, 353.0, -891.0
249.046924416, 301.0, 359.0, -897.0
249.066190336, 301.0, 357.0, -897.0
249.085456256, 304.0, 353.0, -896.0
249.104722176, 309.0, 355.0, -895.0
249.123988096, 306.0, 354.0, -892.0
249.143254016, 308.0, 355.0, -892.0
249.162519936, 303.0, 355.0, -891.0
249.181785856, 307.0, 352.0, -892.0
249.201051776, 306.0, 354.0, -897.0
249.220317608, 306.0, 360.0, -897.0
249.239583616, 304.0, 349.0, -894.0
249.258849664, 316.0, 355.0, -892.0
249.278115584, 306.0, 356.0, -896.0
249.297381632, 308.0, 355.0, -896.0
249.31664768, 302.0, 352.0, -896.0
249.335913728, 311.0, 355.0, -893.0
249.355179648, 310.0, 356.0, -890.0
249.374445696, 306.0, 343.0, -897.0
249.393711744, 319.0, 358.0, -882.0
249.412977792, 322.0, 341.0, -897.0
249.432243712, 308.0, 358.0, -897.0
249.45150976, 315.0, 357.0, -890.0
249.470775808, 318.0, 361.0, -903.0
249.490041728, 306.0, 355.0, -902.0
249.509307776, 313.0, 354.0, -881.0
249.528573824, 328.0, 362.0, -889.0
249.547839872, 316.0, 363.0, -896.0
249.567105792, 309.0, 337.0, -907.0
249.58637184, 303.0, 332.0, -896.0
249.605637888, 319.0, 349.0, -890.0
249.624903936, 335.0, 359.0, -899.0
249.644169856, 317.0, 344.0, -911.0
249.663435904, 310.0, 335.0, -905.0
249.682701952, 301.0, 346.0, -907.0
249.701968, 293.0, 365.0, -891.0
249.72123392, 328.0, 356.0, -905.0
249.740499968, 336.0, 332.0, -886.0
249.759766016, 351.0, 334.0, -889.0
249.779031936, 353.0, 340.0, -900.0
249.798297984, 324.0, 347.0, -918.0
249.817564032, 338.0, 334.0, -905.0
249.83683008, 340.0, 335.0, -900.0
249.856096, 400.0, 340.0, -872.0
249.875362048, 500.0, 315.0, -847.0
249.894628096, 553.0, 295.0, -861.0
249.913894144, 538.0, 310.0, -820.0
249.933160064, 551.0, 339.0, -774.0
249.952426112, 601.0, 346.0, -749.0
249.97169216, 726.0, 392.0, -783.0
249.99095808, 649.0, 430.0, -777.0
250.010224128, 569.0, 484.0, -788.0
250.029490176, 563.0, 477.0, -796.0
250.048756224, 596.0, 489.0, -790.0
250.068022144, 601.0, 483.0, -774.0
250.087288192, 559.0, 454.0, -796.0
250.10655424, 541.0, 465.0, -795.0
250.125820288, 534.0, 465.0, -776.0
250.145086208, 507.0, 448.0, -786.0
250.164352256, 516.0, 449.0, -767.0
250.183618304, 540.0, 431.0, -762.0
250.202884224, 561.0, 435.0, -761.0
250.222150272, 542.0, 432.0, -743.0
250.24141632, 481.0, 338.0, -817.0
250.260682368, 488.0, 312.0, -785.0
250.279948288, 606.0, 277.0, -733.0
250.299214336, 595.0, 265.0, -703.0
250.318480384, 558.0, 252.0, -737.0
250.337746432, 529.0, 212.0, -746.0
250.357012352, 570.0, 216.0, -723.0
250.3762784, 588.0, 181.0, -699.0
250.395544448, 681.0, 187.0, -698.0
250.414810496, 700.0, 172.0, -678.0
250.434076416, 603.0, 157.0, -704.0
250.453342464, 573.0, 148.0, -694.0
250.472608512, 649.0, 153.0, -708.0
250.491874432, 714.0, 128.0, -675.0
250.51114048, 721.0, 86.0, -694.0
250.530406528, 677.0, 88.0, -694.0
250.549672576, 632.0, 73.0, -709.0
250.568938496, 662.0, 85.0, -702.0
250.588204544, 726.0, 62.0, -686.0
250.607470592, 719.0, 26.0, -688.0
250.62673664, 713.0, -4.0, -690.0
250.64600256, 675.0, -3.0, -693.0
250.665268608, 678.0, -16.0, -675.0
250.684534628, 713.0, -27.0, -675.0
250.703801984, 706.0, -40.0, -656.0
250.723069312, 719.0, -64.0, -659.0
250.74233664, 723.0, -65.0, -652.0
250.761603968, 727.0, -77.0, -643.0
250.780871296, 707.0, -64.0, -638.0
250.800138624, 705.0, -41.0, -646.0
250.819405952, 716.0, -39.0, -653.0
250.83867328, 744.0, -59.0, -657.0
250.857940608, 724.0, -67.0, -671.0
250.877207936, 713.0, -58.0, -661.0
250.896475264, 725.0, -55.0, -670.0
250.91574272, 757.0, -72.0, -663.0
250.935010048, 752.0, -81.0, -652.0
250.954277376, 739.0, -98.0, -651.0
250.973544704, 733.0, -79.0, -630.0
250.992812032, 737.0, -71.0, -625.0
251.01207936, 750.0, -83.0, -624.0
251.031346688, 748.0, -103.0, -625.0
251.050614016, 748.0, -105.0, -636.0
251.069881344, 721.0, -95.0, -640.0
251.089148672, 722.0, -82.0, -620.0
251.108416, 715.0, -93.0, -601.0
251.127683328, 728.0, -108.0, -619.0
251.146950656, 714.0, -108.0, -625.0
251.166217984, 720.0, -96.0, -614.0
251.185485312, 730.0, -92.0, -589.0
251.20475264, 719.0, -110.0, -594.0
251.224019968, 735.0, -100.0, -614.0
251.243287296, 768.0, -93.0, -599.0
251.262554624, 784.0, -93.0, -605.0
251.281821952, 768.0, -81.0, -610.0
251.301089408, 763.0, -64.0, -638.0
251.320356736, 746.0, -87.0, -646.0
251.339624064, 751.0, -70.0, -661.0
251.358891392, 736.0, -41.0, -645.0
251.37815872, 765.0, -33.0, -633.0
251.397426048, 779.0, -25.0, -630.0
251.416693376, 772.0, -32.0, -651.0
251.435960704, 758.0, -55.0, -651.0
251.455228032, 739.0, -42.0, -671.0
251.47449536, 771.0, -58.0, -651.0
251.493762688, 777.0, -29.0, -622.0
251.513030016, 695.0, -66.0, -676.0
251.532297344, 733.0, -70.0, -688.0
251.551564672, 706.0, -65.0, -677.0
251.570832, 727.0, -82.0, -704.0
251.590099328, 790.0, -77.0, -663.0
251.609366656, 758.0, -77.0, -677.0
251.628633984, 689.0, -77.0, -693.0
251.647901312, 721.0, -91.0, -673.0
251.66716864, 728.0, -117.0, -669.0
251.686436096, 711.0, -99.0, -672.0
251.705703424, 744.0, -102.0, -666.0
251.724970752, 701.0, -105.0, -665.0
251.74423808, 698.0, -117.0, -640.0
251.763505408, 722.0, -136.0, -642.0
251.782772736, 702.0, -117.0, -635.0
251.802040064, 674.0, -106.0, -609.0
251.821307392, 667.0, -295.0, -824.0
251.84057472, 1226.0, -191.0, -790.0
251.859842048, 1100.0, -227.0, -737.0
251.879109376, 485.0, 124.0, -645.0
251.898376704, 680.0, -182.0, -700.0
251.917644032, 651.0, -233.0, -646.0
251.93691136, 582.0, -190.0, -663.0
251.956178688, 667.0, -240.0, -643.0
251.975446029, 785.0, -284.0, -692.0
251.994712704, 705.0, -182.0, -656.0
252.013979392, 725.0, -151.0, -696.0
252.033246208, 835.0, -119.0, -708.0
252.052512896, 815.0, -33.0, -672.0
252.071779712, 799.0, -17.0, -702.0
252.0910464, 702.0, -62.0, -734.0
252.110313216, 643.0, -121.0, -716.0
252.129579904, 637.0, -140.0, -734.0
252.14884672, 628.0, -156.0, -764.0
252.168113408, 596.0, -124.0, -753.0
252.187380224, 617.0, -119.0, -747.0
252.206646912, 627.0, -137.0, -752.0
252.225913728, 594.0, -130.0, -760.0
252.245180416, 601.0, -122.0, -759.0
252.264447232, 636.0, -105.0, -743.0
252.28371392, 686.0, -105.0, -721.0
252.302980736, 681.0, -108.0, -714.0
252.322247424, 662.0, -107.0, -729.0
252.34151424, 665.0, -109.0, -732.0
252.360780928, 683.0, -108.0, -724.0
252.380047744, 677.0, -108.0, -715.0
252.399314432, 683.0, -104.0, -713.0
252.418581248, 684.0, -109.0, -715.0
252.437847936, 678.0, -107.0, -711.0
252.457114752, 676.0, -113.0, -714.0
252.47638144, 665.0, -112.0, -724.0
252.495648256, 675.0, -111.0, -713.0
252.514914944, 678.0, -107.0, -714.0
252.53418176, 691.0, -107.0, -706.0
252.553448448, 679.0, -110.0, -707.0
252.572715264, 686.0, -106.0, -703.0
252.591981952, 684.0, -112.0, -707.0
252.611248768, 680.0, -110.0, -706.0
252.630515456, 690.0, -112.0, -704.0
252.649782144, 703.0, -113.0, -702.0
252.66904896, 694.0, -110.0, -700.0
252.688315648, 687.0, -109.0, -704.0
252.707582464, 687.0, -112.0, -703.0
252.726849152, 688.0, -120.0, -703.0
252.746115968, 691.0, -125.0, -708.0
252.765382656, 689.0, -125.0, -699.0
252.784649472, 693.0, -118.0, -693.0
252.80391616, 700.0, -111.0, -700.0
252.823182976, 710.0, -106.0, -684.0
252.842449664, 723.0, -111.0, -684.0
252.86171648, 711.0, -118.0, -688.0
252.880983168, 696.0, -120.0, -704.0
252.900249984, 701.0, -114.0, -698.0
252.919516672, 706.0, -109.0, -693.0
252.938783488, 696.0, -115.0, -694.0
252.958050176, 687.0, -112.0, -704.0
252.977316992, 693.0, -110.0, -703.0
252.99658368, 690.0, -111.0, -703.0
253.015850496, 700.0, -102.0, -700.0
253.035117184, 697.0, -109.0, -709.0
253.054384, 682.0, -117.0, -711.0
253.073650688, 670.0, -124.0, -711.0
253.092917504, 667.0, -123.0, -714.0
253.112184192, 677.0, -116.0, -709.0
253.131451008, 684.0, -116.0, -705.0
253.150717696, 681.0, -113.0, -712.0
253.169984512, 677.0, -107.0, -705.0
253.1892512, 697.0, -106.0, -701.0
253.208518016, 689.0, -106.0, -704.0
253.227784704, 686.0, -103.0, -703.0
253.24705152, 675.0, -111.0, -710.0
253.266318208, 680.0, -110.0, -711.0
253.285584896, 694.0, -98.0, -698.0
253.304851712, 711.0, -105.0, -698.0
253.3241184, 703.0, -110.0, -698.0
253.343385216, 689.0, -113.0, -695.0
253.362651904, 691.0, -115.0, -705.0
253.38191872, 690.0, -117.0, -712.0
253.401185408, 664.0, -103.0, -713.0
253.420452224, 684.0, -104.0, -712.0
253.439718912, 689.0, -104.0, -708.0
253.458985728, 687.0, -112.0, -705.0
253.478252416, 684.0, -110.0, -707.0
253.497519232, 680.0, -115.0, -707.0
253.51678592, 678.0, -103.0, -710.0
253.536052736, 684.0, -119.0, -713.0
253.555319424, 672.0, -103.0, -711.0
253.57458624, 680.0, -113.0, -718.0
253.593852928, 676.0, -105.0, -717.0
253.613119744, 688.0, -111.0, -707.0
253.632386432, 686.0, -114.0, -710.0
253.651653284, 682.0, -116.0, -705.0
253.670920832, 685.0, -113.0, -706.0
253.690188416, 680.0, -108.0, -710.0
253.709456128, 690.0, -116.0, -702.0
253.728723712, 686.0, -104.0, -705.0
253.747991424, 694.0, -110.0, -702.0
253.767259008, 692.0, -111.0, -704.0
253.786526592, 690.0, -113.0, -701.0
253.805794304, 680.0, -117.0, -707.0
253.825061888, 688.0, -114.0, -699.0
253.8443296, 692.0, -113.0, -706.0
253.863597184, 688.0, -109.0, -702.0
253.882864896, 687.0, -111.0, -700.0
253.90213248, 693.0, -109.0, -700.0
253.921400064, 694.0, -111.0, -698.0
253.940667776, 697.0, -103.0, -705.0
253.95993536, 675.0, -109.0, -712.0
253.979203072, 678.0, -109.0, -705.0
253.998470656, 693.0, -109.0, -699.0
254.01773824, 696.0, -112.0, -701.0
254.037005952, 695.0, -112.0, -713.0
254.056273536, 689.0, -99.0, -703.0
254.075541248, 693.0, -102.0, -695.0
254.094808832, 689.0, -115.0, -710.0
254.114076416, 694.0, -108.0, -697.0
254.133344128, 678.0, -103.0, -699.0
254.152611712, 679.0, -121.0, -710.0
254.171879424, 674.0, -105.0, -714.0
254.191147008, 691.0, -100.0, -704.0
254.21041472, 687.0, -124.0, -707.0
254.229682304, 687.0, -102.0, -701.0
254.248949888, 687.0, -113.0, -704.0
254.2682176, 682.0, -108.0, -705.0
254.287485184, 687.0, -106.0, -697.0
254.306752896, 684.0, -114.0, -708.0
254.32602048, 687.0, -100.0, -697.0
254.345288064, 690.0, -110.0, -706.0
254.364555776, 691.0, -115.0, -705.0
254.38382336, 689.0, -109.0, -705.0
254.403091072, 691.0, -118.0, -700.0
254.422358656, 692.0, -110.0, -701.0
254.44162624, 688.0, -116.0, -704.0
254.460893952, 688.0, -111.0, -707.0
254.480161536, 678.0, -111.0, -712.0
254.499429248, 678.0, -114.0, -710.0
254.518696832, 682.0, -117.0, -707.0
254.537964544, 687.0, -117.0, -704.0
254.557232128, 687.0, -117.0, -707.0
254.576499712, 684.0, -116.0, -706.0
254.595767424, 684.0, -117.0, -704.0
254.615035008, 680.0, -113.0, -705.0
254.63430272, 691.0, -114.0, -702.0
254.653570304, 695.0, -117.0, -704.0
254.672837888, 683.0, -117.0, -706.0
254.6921056, 690.0, -116.0, -702.0
254.711373184, 691.0, -118.0, -700.0
254.730640896, 687.0, -117.0, -702.0
254.74990848, 686.0, -119.0, -705.0
254.769176064, 686.0, -115.0, -705.0
254.788443776, 689.0, -116.0, -696.0
254.80771136, 687.0, -113.0, -707.0
254.826979072, 692.0, -118.0, -702.0
254.846246656, 690.0, -117.0, -697.0
254.865514368, 690.0, -115.0, -704.0
254.884781952, 681.0, -115.0, -703.0
254.904049536, 686.0, -114.0, -705.0
254.923317248, 688.0, -113.0, -705.0
254.942584832, 689.0, -112.0, -706.0
254.961852544, 681.0, -116.0, -701.0
254.981120128, 690.0, -116.0, -701.0
255.000387712, 691.0, -115.0, -704.0
255.019655424, 682.0, -113.0, -707.0
255.038923008, 690.0, -115.0, -707.0
255.05819072, 682.0, -114.0, -698.0
255.077458304, 684.0, -117.0, -705.0
255.096725888, 690.0, -117.0, -699.0
255.1159936, 694.0, -117.0, -698.0
255.135261184, 694.0, -113.0, -702.0
255.154528896, 683.0, -115.0, -705.0
255.17379648, 693.0, -117.0, -705.0
255.193064192, 688.0, -113.0, -700.0
255.212331776, 694.0, -115.0, -704.0
255.23159936, 701.0, -119.0, -700.0
255.250867072, 690.0, -116.0, -712.0
255.270134656, 687.0, -111.0, -706.0
255.289402368, 678.0, -117.0, -713.0
255.308669952, 681.0, -109.0, -710.0
255.327937536, 681.0, -117.0, -702.0
255.347205248, 677.0, -116.0, -709.0
255.366472832, 686.0, -115.0, -698.0
255.385740544, 687.0, -112.0, -706.0
255.405008128, 686.0, -112.0, -705.0
255.424275712, 684.0, -112.0, -703.0
255.443543424, 684.0, -115.0, -701.0
255.462811136, 683.0, -119.0, -701.0
255.482079616, 683.0, -118.0, -701.0
255.501348096, 687.0, -117.0, -702.0
255.520616576, 691.0, -120.0, -701.0
255.539885056, 693.0, -120.0, -700.0
255.559153536, 687.0, -115.0, -699.0
255.578422016, 693.0, -118.0, -700.0
255.597690496, 688.0, -118.0, -699.0
255.616958976, 688.0, -118.0, -705.0
255.636227456, 693.0, -119.0, -702.0
255.655495808, 690.0, -119.0, -703.0
255.674764288, 687.0, -119.0, -700.0
255.694032768, 689.0, -113.0, -704.0
255.713301248, 687.0, -114.0, -704.0
255.732569728, 691.0, -121.0, -702.0
255.751838208, 691.0, -117.0, -702.0
255.771106688, 683.0, -114.0, -707.0
255.790375168, 685.0, -116.0, -707.0
255.809643648, 684.0, -119.0, -698.0
255.828912128, 684.0, -115.0, -698.0
255.848180608, 688.0, -116.0, -699.0
255.867449088, 690.0, -119.0, -698.0
255.886717568, 689.0, -122.0, -700.0
255.905986048, 689.0, -115.0, -702.0
255.925254528, 686.0, -116.0, -701.0
255.944523008, 687.0, -117.0, -704.0
255.963791488, 689.0, -116.0, -701.0
255.98305984, 696.0, -116.0, -701.0
256.00232832, 695.0, -114.0, -697.0
256.0215968, 691.0, -115.0, -700.0
256.04086528, 695.0, -113.0, -699.0
256.06013376, 695.0, -111.0, -697.0
256.07940224, 697.0, -115.0, -702.0
256.09867072, 693.0, -119.0, -706.0
256.1179392, 692.0, -115.0, -705.0
256.13720768, 692.0, -117.0, -704.0
256.15647616, 685.0, -117.0, -703.0
256.17574464, 687.0, -116.0, -705.0
256.19501312, 692.0, -119.0, -702.0
256.2142816, 693.0, -120.0, -694.0
256.23355008, 690.0, -120.0, -700.0
256.25281856, 689.0, -121.0, -697.0
256.27208704, 686.0, -118.0, -697.0
256.29135552, 694.0, -116.0, -694.0
256.310624, 695.0, -117.0, -691.0
256.329892352, 697.0, -121.0, -698.0
256.349160832, 698.0, -117.0, -697.0
256.368429312, 692.0, -116.0, -701.0
256.387697792, 694.0, -115.0, -699.0
256.406966272, 691.0, -115.0, -702.0
256.426234752, 693.0, -112.0, -701.0
256.445503232, 699.0, -122.0, -696.0
256.464771712, 691.0, -120.0, -700.0
256.484040192, 691.0, -117.0, -703.0
256.503308672, 695.0, -117.0, -699.0
256.522577152, 689.0, -115.0, -696.0
256.541845632, 691.0, -118.0, -701.0
256.561114112, 694.0, -115.0, -704.0
256.580382592, 691.0, -120.0, -693.0
256.599651072, 692.0, -114.0, -698.0
256.618919552, 694.0, -113.0, -696.0
256.638188032, 695.0, -116.0, -694.0
256.657456384, 692.0, -115.0, -696.0
256.676724864, 694.0, -115.0, -694.0
256.695993344, 694.0, -117.0, -695.0
256.715261824, 695.0, -114.0, -693.0
256.734530304, 696.0, -116.0, -695.0
256.753798784, 698.0, -117.0, -697.0
256.773067264, 695.0, -115.0, -692.0
256.792335744, 700.0, -117.0, -691.0
256.811604224, 702.0, -115.0, -697.0
256.830872704, 698.0, -118.0, -698.0
256.850141184, 699.0, -120.0, -694.0
256.869409664, 699.0, -121.0, -697.0
256.888678144, 699.0, -118.0, -697.0
256.907946624, 699.0, -119.0, -699.0
256.927215104, 697.0, -113.0, -700.0
256.946483584, 690.0, -113.0, -697.0
256.965752064, 695.0, -113.0, -695.0
256.985020416, 699.0, -117.0, -693.0
257.004288896, 693.0, -114.0, -699.0
257.023557376, 689.0, -114.0, -700.0
257.042825856, 690.0, -116.0, -697.0
257.062094336, 692.0, -117.0, -701.0
257.081362816, 693.0, -113.0, -701.0
257.100631296, 695.0, -113.0, -692.0
257.119899776, 699.0, -114.0, -692.0
257.139168256, 700.0, -114.0, -700.0
257.158436736, 694.0, -117.0, -694.0
257.177705216, 695.0, -118.0, -695.0
257.196973696, 691.0, -119.0, -700.0
257.216242176, 694.0, -117.0, -695.0
257.235510656, 701.0, -115.0, -693.0
257.254779136, 697.0, -116.0, -697.0
257.274047616, 698.0, -117.0, -699.0
257.293316096, 695.0, -116.0, -704.0
257.312584576, 699.0, -115.0, -695.0
257.331852928, 692.0, -118.0, -699.0
257.351121408, 692.0, -112.0, -695.0
257.370389888, 687.0, -118.0, -697.0
257.389658368, 692.0, -117.0, -697.0
257.408926848, 697.0, -114.0, -694.0
257.428195328, 693.0, -117.0, -696.0
257.447463815, 697.0, -114.0, -692.0
257.466731904, 697.0, -115.0, -699.0
257.486, 692.0, -118.0, -695.0
257.505267968, 688.0, -120.0, -699.0
257.524536064, 692.0, -119.0, -694.0
257.54380416, 692.0, -116.0, -700.0
257.563072256, 695.0, -118.0, -697.0
257.582340224, 698.0, -117.0, -697.0
257.60160832, 691.0, -119.0, -701.0
257.620876416, 693.0, -125.0, -701.0
257.640144512, 690.0, -117.0, -704.0
257.65941248, 687.0, -120.0, -703.0
257.678680576, 691.0, -120.0, -702.0
257.697948672, 693.0, -122.0, -698.0
257.717216768, 692.0, -118.0, -699.0
257.736484736, 686.0, -118.0, -699.0
257.755752832, 683.0, -114.0, -700.0
257.775020928, 683.0, -118.0, -700.0
257.794289024, 687.0, -120.0, -702.0
257.813556992, 690.0, -118.0, -703.0
257.832825088, 680.0, -116.0, -702.0
257.852093184, 682.0, -118.0, -696.0
257.871361152, 681.0, -127.0, -711.0
257.890629248, 669.0, -118.0, -714.0
257.909897344, 668.0, -125.0, -718.0
257.92916544, 676.0, -128.0, -714.0
257.948433408, 680.0, -115.0, -712.0
257.967701504, 700.0, -105.0, -699.0
257.9869696, 713.0, -91.0, -692.0
258.006237696, 712.0, -101.0, -686.0
258.025505664, 718.0, -104.0, -686.0
258.04477376, 734.0, -126.0, -679.0
258.064041856, 712.0, -114.0, -688.0
258.083309952, 721.0, -116.0, -670.0
258.10257792, 728.0, -114.0, -663.0
258.121846016, 734.0, -108.0, -663.0
258.141114112, 782.0, -130.0, -643.0
258.160382208, 825.0, -149.0, -636.0
258.179650176, 838.0, -162.0, -651.0
258.198918272, 820.0, -154.0, -691.0
258.218186368, 815.0, -182.0, -677.0
258.237454464, 873.0, -229.0, -668.0
258.256722432, 814.0, -263.0, -690.0
258.275990528, 1082.0, -364.0, -642.0
258.295258624, 922.0, -249.0, -723.0
258.314526592, 674.0, -231.0, -552.0
258.333794688, 685.0, -352.0, -533.0
258.353062784, 666.0, -378.0, -484.0
258.37233088, 636.0, -442.0, -491.0
258.391598848, 678.0, -475.0, -524.0
258.410866944, 695.0, -435.0, -572.0
258.43013504, 730.0, -393.0, -602.0
258.449403136, 754.0, -338.0, -637.0
258.468671104, 763.0, -293.0, -682.0
258.4879392, 742.0, -248.0, -704.0
258.507207296, 720.0, -233.0, -698.0
258.526475392, 707.0, -211.0, -733.0
258.54574336, 658.0, -198.0, -760.0
258.565011456, 615.0, -161.0, -754.0
258.584279552, 611.0, -59.0, -722.0
258.603547648, 643.0, 3.0, -694.0
258.622815616, 610.0, -9.0, -733.0
258.642083712, 627.0, 51.0, -744.0
258.661351808, 636.0, 129.0, -708.0
258.680619776, 681.0, 176.0, -639.0
258.699887872, 694.0, 174.0, -666.0
258.719155968, 630.0, 229.0, -690.0
258.738424064, 537.0, 287.0, -665.0
258.757692032, 506.0, 295.0, -685.0
258.776960128, 555.0, 322.0, -685.0
258.796228183, 572.0, 354.0, -663.0
258.815494656, 536.0, 349.0, -683.0
258.834761088, 494.0, 339.0, -680.0
258.854027648, 514.0, 336.0, -653.0
258.87329408, 538.0, 401.0, -663.0
258.892560512, 499.0, 430.0, -595.0
258.911826944, 465.0, 440.0, -610.0
258.931093504, 458.0, 409.0, -684.0
258.950359936, 487.0, 387.0, -675.0
258.969626368, 538.0, 437.0, -667.0
258.988892928, 563.0, 464.0, -656.0
259.00815936, 556.0, 480.0, -681.0
259.027425792, 577.0, 478.0, -704.0
259.046692224, 612.0, 452.0, -729.0
259.065958784, 659.0, 496.0, -710.0
259.085225216, 657.0, 547.0, -699.0
259.104491648, 607.0, 539.0, -695.0
259.123758208, 584.0, 565.0, -720.0
259.14302464, 528.0, 594.0, -762.0
259.162291072, 502.0, 576.0, -805.0
259.181557504, 489.0, 581.0, -762.0
259.200824064, 455.0, 572.0, -710.0
259.220090496, 463.0, 533.0, -748.0
259.239356928, 448.0, 473.0, -794.0
259.258623488, 479.0, 411.0, -789.0
259.27788992, 415.0, 412.0, -801.0
259.297156352, 370.0, 417.0, -790.0
259.316422912, 412.0, 421.0, -775.0
259.335689344, 390.0, 429.0, -783.0
259.354955776, 347.0, 425.0, -802.0
259.374222208, 307.0, 379.0, -847.0
259.393488768, 328.0, 299.0, -868.0
259.4127552, 384.0, 263.0, -890.0
259.432021632, 356.0, 263.0, -892.0
259.451288192, 337.0, 235.0, -857.0
259.470554624, 289.0, 227.0, -838.0
259.489821056, 325.0, 207.0, -869.0
259.509087488, 391.0, 172.0, -885.0
259.528354048, 426.0, 108.0, -867.0
259.54762048, 542.0, 393.0, -1118.0
259.566886912, 402.0, 234.0, -1072.0
259.586153472, 436.0, 109.0, -854.0
259.605419904, 543.0, 76.0, -840.0
259.624686336, 371.0, 134.0, -954.0
259.643952768, 301.0, 115.0, -952.0
259.663219328, 327.0, 131.0, -952.0
259.68248576, 391.0, 68.0, -940.0
259.701752192, 407.0, 59.0, -935.0
259.721018752, 316.0, 32.0, -956.0
259.740285184, 218.0, 14.0, -994.0
259.759551616, 249.0, 28.0, -964.0
259.778818048, 333.0, 17.0, -936.0
259.798084608, 369.0, 42.0, -908.0
259.81735104, 356.0, 60.0, -914.0
259.836617472, 346.0, 51.0, -943.0
259.855884032, 343.0, 24.0, -965.0
259.875150464, 381.0, -44.0, -977.0
259.894416896, 364.0, -27.0, -967.0
259.913683328, 276.0, -12.0, -946.0
259.932949888, 329.0, -42.0, -972.0
259.95221632, 376.0, -45.0, -951.0
259.971482752, 338.0, -29.0, -943.0
259.990749312, 297.0, -33.0, -966.0
260.010015744, 307.0, -44.0, -963.0
260.029282176, 344.0, -51.0, -956.0
260.048548608, 344.0, -39.0, -944.0
260.067815168, 332.0, -26.0, -928.0
260.087081604, 316.0, -33.0, -935.0
260.106349184, 326.0, -53.0, -936.0
260.125616768, 339.0, -60.0, -930.0
260.144884224, 310.0, -57.0, -927.0
260.164151808, 322.0, -53.0, -922.0
260.183419392, 348.0, -63.0, -923.0
260.202686848, 360.0, -62.0, -919.0
260.221954432, 392.0, -53.0, -904.0
260.241222016, 372.0, -67.0, -926.0
260.260489472, 372.0, -95.0, -930.0
260.279757056, 398.0, -85.0, -910.0
260.29902464, 414.0, -77.0, -911.0
260.318292096, 403.0, -69.0, -925.0
260.33755968, 394.0, -75.0, -923.0
260.356827136, 389.0, -80.0, -908.0
260.37609472, 390.0, -85.0, -919.0
260.395362304, 410.0, -90.0, -921.0
260.41462976, 393.0, -87.0, -909.0
260.433897344, 402.0, -84.0, -907.0
260.453164928, 402.0, -101.0, -927.0
260.472432384, 397.0, -99.0, -935.0
260.491699968, 372.0, -104.0, -929.0
260.510967552, 368.0, -107.0, -905.0
260.530235008, 426.0, -107.0, -902.0
260.549502592, 480.0, -112.0, -896.0
260.568770176, 415.0, -105.0, -898.0
260.588037632, 311.0, -89.0, -963.0
260.607305216, 216.0, -136.0, -974.0
260.6265728, 169.0, -135.0, -939.0
260.645840256, 200.0, -119.0, -937.0
260.66510784, 184.0, -137.0, -961.0
260.684375424, 177.0, -136.0, -975.0
260.70364288, 214.0, -98.0, -967.0
260.722910464, 181.0, -58.0, -961.0
260.74217792, 183.0, -62.0, -967.0
260.761445504, 194.0, -84.0, -971.0
260.780713088, 244.0, -103.0, -952.0
260.799980544, 273.0, -132.0, -953.0
260.819248128, 285.0, -121.0, -949.0
260.838515712, 274.0, -116.0, -937.0
260.857783168, 254.0, -113.0, -953.0
260.877050752, 232.0, -107.0, -956.0
260.896318336, 231.0, -95.0, -959.0
260.915585792, 240.0, -104.0, -959.0
260.934853376, 247.0, -113.0, -961.0
260.95412096, 255.0, -120.0, -959.0
260.973388416, 268.0, -118.0, -950.0
260.992656, 269.0, -111.0, -956.0
261.011923584, 259.0, -98.0, -954.0
261.03119104, 242.0, -99.0, -958.0
261.050458624, 230.0, -117.0, -946.0
261.069726208, 233.0, -126.0, -960.0
261.088993664, 236.0, -121.0, -958.0
261.108261248, 234.0, -126.0, -955.0
261.127528704, 228.0, -123.0, -956.0
261.146796288, 233.0, -135.0, -955.0
261.166063872, 231.0, -130.0, -959.0
261.185331328, 220.0, -122.0, -962.0
261.204598912, 216.0, -125.0, -960.0
261.223866496, 213.0, -123.0, -961.0
261.243133952, 225.0, -132.0, -961.0
261.262401536, 227.0, -126.0, -964.0
261.28166912, 235.0, -120.0, -957.0
261.300936576, 229.0, -119.0, -958.0
261.32020416, 225.0, -122.0, -959.0
261.339471744, 217.0, -126.0, -966.0
261.3587392, 222.0, -137.0, -961.0
261.378006784, 222.0, -136.0, -962.0
261.397274368, 216.0, -127.0, -960.0
261.416541824, 215.0, -127.0, -961.0
261.435809408, 219.0, -130.0, -958.0
261.455076992, 220.0, -136.0, -960.0
261.474344448, 218.0, -132.0, -962.0
261.493612032, 221.0, -126.0, -958.0
261.512879616, 225.0, -124.0, -962.0
261.532147072, 212.0, -132.0, -962.0
261.551414656, 209.0, -137.0, -957.0
261.570682112, 211.0, -130.0, -956.0
261.589949696, 214.0, -122.0, -964.0
261.60921728, 213.0, -120.0, -958.0
261.628484748, 203.0, -133.0, -962.0
261.647751424, 213.0, -123.0, -967.0
261.667018112, 230.0, -123.0, -956.0
261.6862848, 211.0, -133.0, -959.0
261.70555136, 207.0, -125.0, -963.0
261.724818048, 210.0, -120.0, -957.0
261.744084736, 225.0, -130.0, -963.0
261.763351424, 229.0, -127.0, -959.0
261.782618112, 212.0, -125.0, -969.0
261.801884672, 198.0, -122.0, -964.0
261.82115136, 210.0, -127.0, -962.0
261.840418048, 221.0, -134.0, -960.0
261.859684736, 223.0, -130.0, -958.0
261.878951424, 224.0, -134.0, -956.0
261.898217984, 229.0, -123.0, -958.0
261.917484672, 215.0, -127.0, -956.0
261.93675136, 212.0, -119.0, -951.0
261.956018048, 209.0, -137.0, -967.0
261.975284736, 224.0, -139.0, -961.0
261.994551296, 234.0, -126.0, -953.0
262.013817984, 226.0, -128.0, -952.0
262.033084672, 229.0, -129.0, -968.0
262.05235136, 220.0, -132.0, -954.0
262.071618048, 211.0, -133.0, -965.0
262.090884608, 224.0, -133.0, -962.0
262.110151296, 221.0, -125.0, -955.0
262.129417984, 225.0, -123.0, -953.0
262.148684672, 217.0, -132.0, -959.0
262.16795136, 220.0, -133.0, -962.0
262.18721792, 223.0, -130.0, -966.0
262.206484608, 225.0, -131.0, -963.0
262.225751296, 223.0, -134.0, -958.0
262.245017984, 218.0, -131.0, -961.0
262.264284672, 213.0, -134.0, -964.0
262.283551232, 211.0, -129.0, -959.0
262.30281792, 223.0, -133.0, -963.0
262.322084608, 226.0, -128.0, -957.0
262.341351296, 218.0, -139.0, -957.0
262.360617984, 213.0, -132.0, -962.0
262.379884544, 217.0, -128.0, -958.0
262.399151232, 214.0, -128.0, -964.0
262.41841792, 220.0, -127.0, -959.0
262.437684608, 227.0, -136.0, -962.0
262.456951296, 219.0, -133.0, -954.0
262.476217856, 220.0, -126.0, -962.0
262.495484544, 217.0, -130.0, -962.0
262.514751232, 220.0, -125.0, -958.0
262.53401792, 217.0, -129.0, -960.0
262.553284608, 223.0, -130.0, -959.0
262.572551168, 218.0, -134.0, -962.0
262.591817856, 219.0, -125.0, -960.0
262.611084544, 219.0, -127.0, -963.0
262.630351232, 215.0, -129.0, -962.0
262.64961792, 213.0, -137.0, -963.0
262.668884608, 215.0, -134.0, -959.0
262.688151168, 212.0, -131.0, -958.0
262.707417856, 215.0, -130.0, -963.0
262.726684544, 212.0, -134.0, -961.0
262.745951232, 217.0, -134.0, -964.0
262.76521792, 218.0, -134.0, -962.0
262.78448448, 208.0, -133.0, -960.0
262.803751168, 215.0, -124.0, -964.0
262.823017856, 213.0, -124.0, -961.0
262.842284544, 217.0, -132.0, -961.0
262.861551232, 214.0, -131.0, -963.0
262.880817792, 210.0, -126.0, -960.0
262.90008448, 216.0, -126.0, -962.0
262.919351168, 217.0, -128.0, -963.0
262.938617856, 212.0, -127.0, -958.0
262.957884544, 217.0, -129.0, -957.0
262.977151104, 215.0, -127.0, -962.0
262.996417792, 214.0, -132.0, -962.0
263.01568448, 214.0, -131.0, -962.0
263.034951168, 217.0, -130.0, -959.0
263.054217856, 208.0, -131.0, -960.0
263.073484416, 214.0, -135.0, -965.0
263.092751104, 212.0, -133.0, -963.0
263.112017792, 209.0, -129.0, -958.0
263.13128448, 211.0, -126.0, -963.0
263.150551168, 213.0, -127.0, -957.0
263.169817728, 210.0, -127.0, -961.0
263.189084416, 213.0, -136.0, -958.0
263.208351104, 212.0, -136.0, -962.0
263.227617792, 211.0, -127.0, -962.0
263.24688448, 211.0, -130.0, -963.0
263.26615104, 213.0, -131.0, -962.0
263.285417728, 210.0, -128.0, -962.0
263.304684416, 210.0, -133.0, -958.0
263.323951104, 207.0, -129.0, -964.0
263.343217792, 214.0, -132.0, -962.0
263.362484352, 213.0, -133.0, -961.0
263.38175104, 212.0, -127.0, -959.0
263.401017728, 209.0, -135.0, -961.0
263.420284416, 209.0, -131.0, -967.0
263.439551038, 205.0, -129.0, -964.0
263.458817664, 207.0, -135.0, -964.0
263.478084352, 201.0, -138.0, -964.0
263.497350912, 208.0, -143.0, -964.0
263.5166176, 205.0, -132.0, -958.0
263.535884288, 204.0, -129.0, -967.0
263.555150848, 205.0, -131.0, -958.0
263.574417536, 205.0, -138.0, -961.0
263.593684224, 204.0, -140.0, -960.0
263.612950784, 201.0, -132.0, -958.0
263.632217472, 207.0, -131.0, -960.0
263.651484032, 207.0, -132.0, -968.0
263.67075072, 204.0, -135.0, -963.0
263.690017408, 207.0, -137.0, -960.0
263.709283968, 206.0, -136.0, -965.0
263.728550656, 208.0, -131.0, -964.0
263.747817344, 209.0, -128.0, -962.0
263.767083904, 207.0, -129.0, -962.0
263.786350592, 205.0, -130.0, -961.0
263.80561728, 205.0, -132.0, -960.0
263.82488384, 208.0, -134.0, -959.0
263.844150528, 210.0, -132.0, -962.0
263.863417216, 208.0, -136.0, -965.0
263.882683776, 210.0, -137.0, -959.0
263.901950464, 207.0, -132.0, -964.0
263.921217024, 210.0, -134.0, -963.0
263.940483712, 204.0, -133.0, -965.0
263.9597504, 208.0, -133.0, -964.0
263.97901696, 205.0, -136.0, -962.0
263.998283648, 206.0, -134.0, -966.0
264.017550336, 203.0, -135.0, -963.0
264.036816896, 203.0, -134.0, -961.0
264.056083584, 200.0, -133.0, -957.0
264.075350272, 203.0, -129.0, -964.0
264.094616832, 209.0, -130.0, -960.0
264.11388352, 206.0, -129.0, -959.0
264.133150208, 206.0, -135.0, -963.0
264.152416768, 203.0, -134.0, -966.0
264.171683456, 204.0, -135.0, -963.0
264.190950144, 208.0, -135.0, -963.0
264.210216704, 206.0, -127.0, -962.0
264.229483392, 207.0, -134.0, -963.0
264.248749952, 201.0, -133.0, -961.0
264.26801664, 205.0, -134.0, -963.0
264.287283328, 205.0, -136.0, -966.0
264.306549888, 199.0, -135.0, -962.0
264.325816576, 203.0, -132.0, -962.0
264.345083264, 200.0, -133.0, -964.0
264.364349824, 203.0, -136.0, -965.0
264.383616512, 203.0, -133.0, -965.0
264.4028832, 207.0, -135.0, -966.0
264.42214976, 204.0, -130.0, -963.0
264.441416448, 201.0, -129.0, -964.0
264.460683136, 205.0, -126.0, -968.0
264.479949696, 201.0, -130.0, -968.0
264.499216384, 203.0, -132.0, -961.0
264.518483072, 202.0, -124.0, -961.0
264.537749632, 203.0, -130.0, -965.0
264.55701632, 204.0, -130.0, -963.0
264.57628288, 204.0, -128.0, -959.0
264.595549568, 207.0, -132.0, -962.0
264.614816256, 204.0, -131.0, -966.0
264.634082816, 205.0, -128.0, -966.0
264.653349504, 205.0, -129.0, -961.0
264.672616192, 209.0, -133.0, -964.0
264.691882752, 206.0, -133.0, -966.0
264.71114944, 197.0, -131.0, -963.0
264.730416128, 203.0, -132.0, -960.0
264.749682688, 197.0, -135.0, -962.0
264.768949376, 200.0, -129.0, -966.0
264.788216064, 204.0, -130.0, -963.0
264.807482624, 199.0, -131.0, -963.0
264.826749312, 198.0, -135.0, -964.0
264.846015872, 198.0, -132.0, -964.0
264.86528256, 197.0, -127.0, -966.0
264.884549248, 203.0, -131.0, -962.0
264.903815808, 205.0, -134.0, -961.0
264.923082496, 203.0, -126.0, -961.0
264.942349184, 197.0, -131.0, -961.0
264.961615744, 205.0, -127.0, -964.0
264.980882432, 204.0, -133.0, -964.0
265.00014912, 200.0, -128.0, -968.0
265.01941568, 201.0, -126.0, -963.0
265.038682368, 196.0, -134.0, -964.0
265.057949056, 197.0, -128.0, -970.0
265.077215616, 197.0, -131.0, -966.0
265.096482304, 198.0, -131.0, -964.0
265.115748992, 198.0, -129.0, -959.0
265.135015552, 198.0, -135.0, -969.0
265.15428224, 191.0, -133.0, -968.0
265.1735488, 191.0, -132.0, -964.0
265.192815488, 189.0, -127.0, -965.0
265.212082176, 194.0, -125.0, -967.0
265.231348736, 194.0, -130.0, -966.0
265.250615424, 189.0, -132.0, -965.0
265.269882112, 191.0, -129.0, -964.0
265.289148672, 191.0, -132.0, -961.0
265.308415375, 187.0, -132.0, -971.0
265.327681664, 190.0, -128.0, -969.0
265.346947968, 190.0, -129.0, -962.0
265.366214272, 197.0, -127.0, -961.0
265.385480576, 195.0, -130.0, -963.0
265.40474688, 194.0, -127.0, -967.0
265.424013184, 196.0, -128.0, -960.0
265.443279488, 192.0, -131.0, -971.0
265.462545664, 193.0, -128.0, -965.0
265.481811968, 193.0, -129.0, -968.0
265.501078272, 190.0, -131.0, -968.0
265.520344576, 186.0, -131.0, -967.0
265.53961088, 188.0, -130.0, -969.0
265.558877184, 188.0, -132.0, -967.0
265.578143488, 184.0, -130.0, -968.0
265.597409792, 188.0, -131.0, -963.0
265.616676096, 187.0, -133.0, -969.0
265.6359424, 186.0, -129.0, -965.0
265.655208704, 188.0, -129.0, -964.0
265.674475008, 188.0, -125.0, -968.0
265.693741184, 186.0, -127.0, -963.0
265.713007488, 190.0, -129.0, -966.0
265.732273792, 188.0, -125.0, -966.0
265.751540096, 190.0, -125.0, -965.0
265.7708064, 191.0, -129.0, -966.0
265.790072704, 192.0, -129.0, -967.0
265.809339008, 194.0, -130.0, -971.0
265.828605312, 192.0, -132.0, -965.0
265.847871616, 192.0, -135.0, -963.0
265.86713792, 190.0, -129.0, -967.0
265.886404224, 193.0, -131.0, -968.0
265.905670528, 191.0, -131.0, -964.0
265.924936704, 184.0, -133.0, -965.0
265.944203008, 189.0, -130.0, -968.0
265.963469312, 194.0, -131.0, -968.0
265.982735616, 189.0, -131.0, -962.0
266.00200192, 190.0, -131.0, -964.0
266.021268224, 193.0, -129.0, -964.0
266.040534528, 191.0, -131.0, -964.0
266.059800832, 192.0, -128.0, -963.0
266.079067136, 194.0, -127.0, -969.0
266.09833344, 191.0, -131.0, -968.0
266.117599744, 189.0, -131.0, -965.0
266.136866048, 194.0, -128.0, -966.0
266.156132224, 193.0, -130.0, -966.0
266.175398528, 201.0, -129.0, -962.0
266.194664832, 203.0, -132.0, -965.0
266.213931136, 194.0, -129.0, -965.0
266.23319744, 189.0, -124.0, -964.0
266.252463744, 196.0, -130.0, -965.0
266.271730048, 192.0, -127.0, -968.0
266.290996352, 190.0, -125.0, -967.0
266.310262656, 190.0, -129.0, -966.0
266.32952896, 190.0, -129.0, -964.0
266.348795264, 192.0, -132.0, -969.0
266.368061568, 189.0, -134.0, -966.0
266.387327744, 189.0, -128.0, -968.0
266.406594048, 187.0, -133.0, -964.0
266.425860352, 189.0, -137.0, -968.0
266.445126656, 192.0, -134.0, -966.0
266.46439296, 192.0, -130.0, -965.0
266.483659264, 188.0, -128.0, -966.0
266.502925568, 190.0, -127.0, -965.0
266.522191872, 192.0, -128.0, -965.0
266.541458176, 193.0, -134.0, -967.0
266.56072448, 193.0, -127.0, -964.0
266.579990784, 199.0, -126.0, -969.0
266.599257088, 197.0, -125.0, -961.0
266.618523264, 195.0, -128.0, -966.0
266.637789568, 195.0, -125.0, -966.0
266.657055872, 191.0, -128.0, -970.0
266.676322176, 196.0, -130.0, -967.0
266.69558848, 194.0, -133.0, -972.0
266.714854784, 192.0, -126.0, -965.0
266.734121088, 189.0, -131.0, -966.0
266.753387392, 191.0, -136.0, -965.0
266.772653696, 186.0, -129.0, -963.0
266.79192, 193.0, -136.0, -969.0
266.811186304, 192.0, -133.0, -968.0
266.830452608, 188.0, -133.0, -967.0
266.849718784, 192.0, -127.0, -962.0
266.868985088, 191.0, -131.0, -964.0
266.888251392, 186.0, -127.0, -967.0
266.907517696, 190.0, -128.0, -967.0
266.926784, 192.0, -124.0, -967.0
266.946050304, 192.0, -126.0, -968.0
266.965316608, 196.0, -129.0, -959.0
266.984582912, 195.0, -127.0, -961.0
267.003849216, 192.0, -129.0, -963.0
267.02311552, 195.0, -131.0, -965.0
267.042381824, 196.0, -126.0, -967.0
267.061648128, 197.0, -126.0, -970.0
267.080914304, 192.0, -129.0, -967.0
267.100180608, 195.0, -132.0, -969.0
267.119446912, 195.0, -134.0, -967.0
267.138713216, 193.0, -129.0, -965.0
267.15797952, 188.0, -126.0, -965.0
267.177245824, 184.0, -129.0, -969.0
267.196512128, 188.0, -128.0, -964.0
267.215778432, 189.0, -135.0, -968.0
267.235044736, 188.0, -132.0, -965.0
267.25431104, 189.0, -133.0, -963.0
267.273577344, 187.0, -129.0, -964.0
267.292843648, 192.0, -128.0, -966.0
267.312109824, 193.0, -133.0, -964.0
267.331376128, 194.0, -127.0, -965.0
267.350642432, 194.0, -131.0, -964.0
267.369908736, 190.0, -127.0, -964.0
267.38917504, 194.0, -126.0, -965.0
267.408441358, 195.0, -131.0, -965.0
267.4277088, 195.0, -134.0, -964.0
267.446976256, 190.0, -132.0, -968.0
267.46624384, 188.0, -128.0, -969.0
267.485511296, 189.0, -130.0, -963.0
267.504778752, 194.0, -130.0, -968.0
267.524046208, 185.0, -128.0, -970.0
267.543313792, 185.0, -135.0, -966.0
267.562581248, 185.0, -135.0, -972.0
267.581848704, 187.0, -137.0, -968.0
267.601116288, 182.0, -137.0, -965.0
267.620383744, 182.0, -131.0, -968.0
267.6396512, 183.0, -127.0, -969.0
267.658918656, 183.0, -126.0, -966.0
267.67818624, 187.0, -131.0, -966.0
267.697453696, 184.0, -131.0, -969.0
267.716721152, 186.0, -135.0, -962.0
267.735988736, 186.0, -132.0, -968.0
267.755256192, 186.0, -127.0, -968.0
267.774523648, 194.0, -130.0, -965.0
267.793791104, 188.0, -131.0, -966.0
267.813058688, 192.0, -132.0, -969.0
267.832326144, 190.0, -128.0, -967.0
267.8515936, 195.0, -126.0, -969.0
267.870861056, 189.0, -132.0, -968.0
267.89012864, 189.0, -130.0, -968.0
267.909396096, 186.0, -129.0, -966.0
267.928663552, 187.0, -130.0, -969.0
267.947931136, 188.0, -131.0, -969.0
267.967198592, 183.0, -130.0, -964.0
267.986466048, 182.0, -131.0, -967.0
268.005733504, 179.0, -132.0, -970.0
268.025001088, 189.0, -129.0, -968.0
268.044268544, 189.0, -129.0, -969.0
268.063536, 185.0, -129.0, -968.0
268.082803584, 181.0, -137.0, -966.0
268.10207104, 192.0, -133.0, -969.0
268.121338496, 190.0, -130.0, -963.0
268.140605952, 186.0, -126.0, -969.0
268.159873536, 192.0, -127.0, -968.0
268.179140992, 189.0, -127.0, -968.0
268.198408448, 190.0, -127.0, -964.0
268.217676032, 184.0, -125.0, -968.0
268.236943488, 187.0, -131.0, -967.0
268.256210944, 183.0, -134.0, -966.0
268.2754784, 191.0, -135.0, -966.0
268.294745984, 185.0, -128.0, -968.0
268.31401344, 184.0, -129.0, -965.0
268.333280896, 189.0, -128.0, -968.0
268.35254848, 185.0, -133.0, -968.0
268.371815936, 188.0, -131.0, -966.0
268.391083392, 188.0, -130.0, -966.0
268.410350848, 184.0, -132.0, -967.0
268.429618432, 186.0, -133.0, -967.0
268.448885888, 188.0, -130.0, -968.0
268.468153344, 190.0, -130.0, -968.0
268.4874208, 191.0, -127.0, -969.0
268.506688384, 189.0, -128.0, -965.0
268.52595584, 189.0, -127.0, -965.0
268.545223296, 195.0, -125.0, -966.0
268.56449088, 192.0, -126.0, -967.0
268.583758336, 189.0, -126.0, -968.0
268.603025792, 190.0, -126.0, -969.0
268.622293248, 191.0, -126.0, -966.0
268.641560832, 196.0, -125.0, -963.0
268.660828288, 192.0, -127.0, -966.0
268.680095744, 193.0, -130.0, -965.0
268.699363328, 187.0, -129.0, -963.0
268.718630784, 190.0, -132.0, -971.0
268.73789824, 188.0, -128.0, -970.0
268.757165696, 191.0, -127.0, -968.0
268.77643328, 187.0, -127.0, -968.0
268.795700736, 185.0, -127.0, -967.0
268.814968192, 187.0, -128.0, -966.0
268.834235776, 189.0, -133.0, -971.0
268.853503232, 188.0, -131.0, -967.0
268.872770688, 188.0, -127.0, -969.0
268.892038144, 191.0, -127.0, -966.0
268.911305728, 186.0, -132.0, -966.0
268.930573184, 186.0, -130.0, -968.0
268.94984064, 192.0, -128.0, -969.0
268.969108224, 194.0, -126.0, -964.0
268.98837568, 190.0, -125.0, -964.0
269.007643136, 188.0, -126.0, -970.0
269.026910592, 190.0, -125.0, -967.0
269.046178176, 191.0, -128.0, -963.0
269.065445632, 197.0, -126.0, -967.0
269.084713088, 191.0, -123.0, -962.0
269.103980672, 189.0, -128.0, -967.0
269.123248128, 189.0, -128.0, -966.0
269.142515584, 191.0, -132.0, -969.0
269.16178304, 185.0, -132.0, -966.0
269.181050624, 187.0, -130.0, -969.0
269.20031808, 195.0, -130.0, -969.0
269.219585536, 191.0, -130.0, -968.0
269.238852992, 187.0, -133.0, -970.0
269.258120576, 187.0, -128.0, -969.0
269.277388089, 189.0, -134.0, -968.0
269.296655616, 186.0, -134.0, -968.0
269.3159232, 185.0, -132.0, -965.0
269.335190784, 190.0, -129.0, -965.0
269.354458368, 190.0, -126.0, -964.0
269.373725952, 187.0, -127.0, -965.0
269.392993536, 191.0, -124.0, -965.0
269.41226112, 189.0, -129.0, -969.0
269.431528704, 189.0, -128.0, -966.0
269.450796288, 190.0, -129.0, -963.0
269.470063872, 190.0, -123.0, -965.0
269.489331456, 191.0, -127.0, -965.0
269.50859904, 189.0, -126.0, -965.0
269.527866624, 189.0, -128.0, -965.0
269.547134208, 189.0, -131.0, -967.0
269.566401792, 188.0, -131.0, -966.0
269.585669376, 187.0, -135.0, -967.0
269.60493696, 186.0, -133.0, -967.0
269.624204544, 188.0, -135.0, -970.0
269.643472128, 182.0, -137.0, -966.0
269.662739712, 191.0, -134.0, -964.0
269.682007296, 188.0, -136.0, -972.0
269.70127488, 188.0, -133.0, -967.0
269.720542464, 187.0, -131.0, -968.0
269.739810048, 184.0, -131.0, -969.0
269.759077632, 182.0, -128.0, -968.0
269.778345216, 186.0, -126.0, -968.0
269.7976128, 191.0, -130.0, -968.0
269.816880384, 188.0, -132.0, -967.0
269.836147968, 187.0, -129.0, -964.0
269.855415552, 184.0, -130.0, -967.0
269.874683136, 187.0, -129.0, -968.0
269.89395072, 186.0, -128.0, -965.0
269.913218304, 189.0, -127.0, -967.0
269.932485888, 188.0, -135.0, -967.0
269.951753472, 189.0, -135.0, -967.0
269.971021056, 186.0, -130.0, -968.0
269.99028864, 186.0, -137.0, -966.0
270.009556224, 188.0, -135.0, -969.0
270.028823808, 181.0, -139.0, -966.0
270.048091392, 187.0, -132.0, -968.0
270.067358976, 187.0, -132.0, -969.0
270.08662656, 186.0, -137.0, -969.0
270.105894144, 184.0, -133.0, -963.0
270.125161728, 183.0, -131.0, -966.0
270.144429312, 181.0, -135.0, -963.0
270.163696896, 185.0, -129.0, -968.0
270.18296448, 187.0, -129.0, -967.0
270.202232064, 189.0, -133.0, -964.0
270.221499648, 190.0, -128.0, -968.0
270.240767232, 185.0, -124.0, -967.0
270.260034816, 188.0, -128.0, -970.0
270.2793024, 189.0, -132.0, -965.0
270.298569984, 189.0, -128.0, -966.0
270.317837568, 188.0, -132.0, -966.0
270.337105152, 188.0, -131.0, -969.0
270.356372736, 182.0, -131.0, -967.0
270.37564032, 190.0, -128.0, -969.0
270.394907904, 188.0, -130.0, -970.0
270.414175488, 191.0, -135.0, -966.0
270.433443072, 188.0, -131.0, -965.0
270.452710656, 191.0, -128.0, -967.0
270.47197824, 186.0, -133.0, -967.0
270.491245824, 184.0, -133.0, -966.0
270.510513408, 184.0, -133.0, -969.0
270.529780992, 189.0, -134.0, -968.0
270.549048576, 186.0, -128.0, -964.0
270.56831616, 184.0, -131.0, -964.0
270.587583744, 184.0, -128.0, -965.0
270.606851328, 186.0, -131.0, -965.0
270.626118912, 190.0, -125.0, -970.0
270.645386496, 183.0, -129.0, -965.0
270.66465408, 188.0, -130.0, -966.0
270.683921664, 193.0, -128.0, -962.0
270.703189248, 188.0, -127.0, -967.0
270.722456832, 191.0, -131.0, -966.0
270.741724416, 191.0, -126.0, -968.0
270.760992, 193.0, -128.0, -971.0
270.780259584, 193.0, -129.0, -973.0
270.799527168, 190.0, -132.0, -965.0
270.818794752, 190.0, -129.0, -970.0
270.838062336, 185.0, -134.0, -971.0
270.85732992, 188.0, -134.0, -968.0
270.876597504, 188.0, -128.0, -965.0
270.895865088, 186.0, -130.0, -962.0
270.915132672, 186.0, -129.0, -967.0
270.934400256, 189.0, -129.0, -965.0
270.95366784, 187.0, -133.0, -965.0
270.972935424, 184.0, -128.0, -968.0
270.992203008, 189.0, -132.0, -966.0
271.011470592, 190.0, -126.0, -968.0
271.030738176, 190.0, -126.0, -963.0
271.05000576, 189.0, -128.0, -965.0
271.069273344, 191.0, -125.0, -970.0
271.088540928, 190.0, -135.0, -970.0
271.107808512, 193.0, -128.0, -964.0
271.127076096, 196.0, -129.0, -969.0
271.14634368, 189.0, -127.0, -966.0
271.165611264, 192.0, -128.0, -968.0
271.184878848, 191.0, -135.0, -967.0
271.204146432, 192.0, -133.0, -969.0
271.223414016, 186.0, -131.0, -965.0
271.2426816, 190.0, -134.0, -967.0
271.261949218, 190.0, -132.0, -971.0
271.28121664, 189.0, -128.0, -967.0
271.300484096, 189.0, -130.0, -964.0
271.319751424, 184.0, -131.0, -969.0
271.33901888, 191.0, -128.0, -968.0
271.358286208, 185.0, -129.0, -965.0
271.377553664, 187.0, -129.0, -963.0
271.396820992, 189.0, -125.0, -967.0
271.416088448, 186.0, -132.0, -966.0
271.435355904, 185.0, -120.0, -964.0
271.454623232, 193.0, -127.0, -967.0
271.473890688, 191.0, -127.0, -963.0
271.493158016, 190.0, -130.0, -968.0
271.512425472, 189.0, -130.0, -967.0
271.5316928, 189.0, -131.0, -966.0
271.550960256, 191.0, -133.0, -967.0
271.570227712, 193.0, -129.0, -968.0
271.58949504, 189.0, -133.0, -969.0
271.608762496, 190.0, -130.0, -969.0
271.628029824, 187.0, -132.0, -970.0
271.64729728, 180.0, -131.0, -968.0
271.666564608, 184.0, -135.0, -967.0
271.685832064, 186.0, -133.0, -966.0
271.705099392, 186.0, -131.0, -970.0
271.724366848, 184.0, -135.0, -970.0
271.743634304, 183.0, -136.0, -967.0
271.762901632, 182.0, -132.0, -966.0
271.782169088, 186.0, -132.0, -968.0
271.801436416, 183.0, -127.0, -965.0
271.820703872, 188.0, -130.0, -966.0
271.8399712, 187.0, -130.0, -963.0
271.859238656, 191.0, -126.0, -969.0
271.878506112, 185.0, -126.0, -965.0
271.89777344, 185.0, -130.0, -965.0
271.917040896, 185.0, -132.0, -968.0
271.936308224, 190.0, -132.0, -967.0
271.95557568, 188.0, -130.0, -969.0
271.974843008, 193.0, -132.0, -968.0
271.994110464, 189.0, -131.0, -969.0
272.01337792, 187.0, -135.0, -969.0
272.032645248, 190.0, -136.0, -965.0
272.051912704, 189.0, -136.0, -969.0
272.071180032, 188.0, -131.0, -966.0
272.090447488, 183.0, -137.0, -968.0
272.109714816, 182.0, -134.0, -968.0
272.128982272, 183.0, -130.0, -965.0
272.148249728, 183.0, -130.0, -971.0
272.167517056, 185.0, -129.0, -970.0
272.186784512, 183.0, -136.0, -966.0
272.20605184, 185.0, -129.0, -965.0
272.225319296, 186.0, -128.0, -966.0
272.244586624, 185.0, -130.0, -966.0
272.26385408, 184.0, -131.0, -963.0
272.283121408, 189.0, -125.0, -967.0
272.302388864, 191.0, -129.0, -967.0
272.32165632, 191.0, -126.0, -966.0
272.340923648, 190.0, -132.0, -964.0
272.360191104, 187.0, -133.0, -969.0
272.379458432, 189.0, -132.0, -969.0
272.398725888, 188.0, -133.0, -969.0
272.417993216, 187.0, -133.0, -968.0
272.437260672, 187.0, -133.0, -969.0
272.456528128, 182.0, -137.0, -968.0
272.475795456, 185.0, -134.0, -967.0
272.495062912, 183.0, -133.0, -968.0
272.51433024, 185.0, -129.0, -966.0
272.533597696, 188.0, -130.0, -967.0
272.552865024, 182.0, -132.0, -965.0
272.57213248, 185.0, -135.0, -969.0
272.591399936, 187.0, -129.0, -966.0
272.610667264, 182.0, -132.0, -967.0
272.62993472, 187.0, -130.0, -967.0
272.649202048, 189.0, -130.0, -963.0
272.668469504, 191.0, -128.0, -968.0
272.687736832, 189.0, -131.0, -965.0
272.707004288, 192.0, -129.0, -969.0
272.726271744, 190.0, -130.0, -965.0
272.745539072, 193.0, -129.0, -967.0
272.764806528, 194.0, -137.0, -967.0
272.784073856, 188.0, -132.0, -968.0
272.803341312, 186.0, -135.0, -969.0
272.82260864, 190.0, -132.0, -968.0
272.841876096, 191.0, -133.0, -965.0
272.861143424, 188.0, -135.0, -967.0
272.88041088, 185.0, -131.0, -970.0
272.899678336, 182.0, -137.0, -966.0
272.918945664, 186.0, -136.0, -965.0
272.93821312, 184.0, -134.0, -967.0
272.957480448, 185.0, -127.0, -970.0
272.976747904, 183.0, -132.0, -970.0
272.996015232, 184.0, -127.0, -967.0
273.015282688, 187.0, -129.0, -966.0
273.034550144, 186.0, -129.0, -968.0
273.053817472, 191.0, -127.0, -962.0
273.073084928, 189.0, -128.0, -968.0
273.092352256, 190.0, -134.0, -966.0
273.111619712, 193.0, -127.0, -962.0
273.13088704, 197.0, -130.0, -965.0
273.150154496, 193.0, -133.0, -969.0
273.169421952, 185.0, -135.0, -967.0
273.18868928, 187.0, -128.0, -965.0
273.207956736, 189.0, -132.0, -967.0
273.227224064, 188.0, -132.0, -963.0
273.24649152, 186.0, -130.0, -964.0
273.265758848, 183.0, -132.0, -964.0
273.285026304, 184.0, -131.0, -968.0
273.30429376, 185.0, -134.0, -967.0
273.323561088, 182.0, -133.0, -966.0
273.342828544, 183.0, -127.0, -967.0
273.362095872, 184.0, -135.0, -967.0
273.381363278, 185.0, -135.0, -967.0
273.400632192, 185.0, -131.0, -971.0
273.419901056, 187.0, -130.0, -964.0
273.43916992, 184.0, -129.0, -968.0
273.458438784, 186.0, -131.0, -967.0
273.47770752, 190.0, -129.0, -969.0
273.496976384, 187.0, -134.0, -963.0
273.516245248, 187.0, -134.0, -967.0
273.535514112, 184.0, -135.0, -969.0
273.554782976, 189.0, -127.0, -968.0
273.57405184, 186.0, -134.0, -968.0
273.593320704, 185.0, -133.0, -970.0
273.612589568, 184.0, -131.0, -970.0
273.631858304, 185.0, -134.0, -968.0
273.651127168, 184.0, -138.0, -965.0
273.670396032, 180.0, -135.0, -966.0
273.689664896, 183.0, -137.0, -968.0
273.70893376, 182.0, -138.0, -971.0
273.728202624, 184.0, -131.0, -966.0
273.747471488, 184.0, -128.0, -969.0
273.766740352, 180.0, -132.0, -969.0
273.786009088, 185.0, -135.0, -964.0
273.805277952, 183.0, -133.0, -968.0
273.824546816, 183.0, -131.0, -969.0
273.84381568, 186.0, -131.0, -969.0
273.863084544, 187.0, -133.0, -967.0
273.882353408, 186.0, -129.0, -967.0
273.901622272, 186.0, -132.0, -971.0
273.920891008, 189.0, -133.0, -964.0
273.940159872, 185.0, -133.0, -966.0
273.959428736, 189.0, -132.0, -963.0
273.9786976, 185.0, -133.0, -968.0
273.997966464, 186.0, -137.0, -968.0
274.017235328, 182.0, -135.0, -965.0
274.036504192, 183.0, -137.0, -969.0
274.055773056, 186.0, -133.0, -971.0
274.075041792, 182.0, -134.0, -967.0
274.094310656, 188.0, -137.0, -970.0
274.11357952, 182.0, -137.0, -968.0
274.132848384, 184.0, -130.0, -967.0
274.152117248, 182.0, -129.0, -966.0
274.171386112, 188.0, -137.0, -970.0
274.190654976, 186.0, -135.0, -963.0
274.209923712, 188.0, -135.0, -967.0
274.229192576, 193.0, -132.0, -969.0
274.24846144, 190.0, -131.0, -966.0
274.267730304, 191.0, -129.0, -967.0
274.286999168, 189.0, -130.0, -966.0
274.306268032, 186.0, -129.0, -964.0
274.325536896, 188.0, -129.0, -967.0
274.34480576, 186.0, -128.0, -968.0
274.364074496, 191.0, -133.0, -968.0
274.38334336, 191.0, -133.0, -968.0
274.402612224, 186.0, -137.0, -968.0
274.421881088, 185.0, -136.0, -969.0
274.441149952, 189.0, -137.0, -971.0
274.460418816, 185.0, -136.0, -967.0
274.47968768, 187.0, -135.0, -967.0
274.498956544, 187.0, -136.0, -963.0
274.51822528, 185.0, -133.0, -967.0
274.537494144, 182.0, -136.0, -970.0
274.556763008, 184.0, -134.0, -971.0
274.576031872, 186.0, -136.0, -967.0
274.595300736, 184.0, -133.0, -968.0
274.6145696, 181.0, -130.0, -966.0
274.633838464, 189.0, -130.0, -967.0
274.6531072, 191.0, -125.0, -969.0
274.672376064, 185.0, -129.0, -965.0
274.691644928, 190.0, -129.0, -964.0
274.710913792, 189.0, -128.0, -967.0
274.730182656, 195.0, -136.0, -966.0
274.74945152, 193.0, -127.0, -966.0
274.768720384, 188.0, -131.0, -971.0
274.787989248, 188.0, -129.0, -969.0
274.807257984, 192.0, -134.0, -971.0
274.826526848, 191.0, -131.0, -971.0
274.845795712, 188.0, -130.0, -968.0
274.865064576, 187.0, -127.0, -969.0
274.88433344, 185.0, -134.0, -968.0
274.903602304, 188.0, -133.0, -965.0
274.922871168, 185.0, -138.0, -964.0
274.942140032, 184.0, -132.0, -968.0
274.961408768, 186.0, -132.0, -973.0
274.980677632, 189.0, -131.0, -963.0
274.999946496, 187.0, -132.0, -972.0
275.01921536, 187.0, -133.0, -968.0
275.038484224, 186.0, -127.0, -964.0
275.057753088, 187.0, -130.0, -963.0
275.077021952, 189.0, -133.0, -968.0
275.096290688, 191.0, -132.0, -962.0
275.115559552, 191.0, -131.0, -967.0
275.134828416, 187.0, -130.0, -963.0
275.15409728, 188.0, -128.0, -965.0
275.173366144, 190.0, -129.0, -967.0
275.192635008, 192.0, -128.0, -963.0
275.211903872, 188.0, -127.0, -963.0
275.231172736, 192.0, -133.0, -968.0
275.250441472, 188.0, -132.0, -967.0
275.269710336, 181.0, -139.0, -968.0
275.2889792, 184.0, -137.0, -970.0
275.308248064, 185.0, -138.0, -966.0
275.327516928, 184.0, -133.0, -967.0
275.346785792, 184.0, -133.0, -967.0
275.366054656, 185.0, -132.0, -966.0
275.385323392, 187.0, -139.0, -967.0
275.404592235, 181.0, -134.0, -969.0
275.423860096, 189.0, -132.0, -967.0
275.443127936, 187.0, -134.0, -971.0
275.462395776, 188.0, -125.0, -964.0
275.481663616, 182.0, -127.0, -968.0
275.500931456, 185.0, -134.0, -964.0
275.520199296, 190.0, -131.0, -965.0
275.539467136, 187.0, -130.0, -968.0
275.558734976, 188.0, -130.0, -966.0
275.578002816, 186.0, -135.0, -963.0
275.597270528, 188.0, -130.0, -968.0
275.616538368, 185.0, -132.0, -967.0
275.635806208, 185.0, -130.0, -967.0
275.655074048, 183.0, -135.0, -971.0
275.674341888, 188.0, -134.0, -966.0
275.693609728, 185.0, -136.0, -967.0
275.712877568, 185.0, -134.0, -964.0
275.732145408, 184.0, -133.0, -968.0
275.751413248, 184.0, -138.0, -968.0
275.770681088, 185.0, -138.0, -966.0
275.789948928, 187.0, -131.0, -968.0
275.809216768, 183.0, -133.0, -970.0
275.828484608, 182.0, -127.0, -968.0
275.847752448, 184.0, -133.0, -969.0
275.867020288, 186.0, -130.0, -972.0
275.886288128, 187.0, -126.0, -965.0
275.905555968, 181.0, -128.0, -969.0
275.924823808, 181.0, -133.0, -965.0
275.94409152, 185.0, -129.0, -964.0
275.96335936, 188.0, -127.0, -967.0
275.9826272, 188.0, -128.0, -965.0
276.00189504, 186.0, -134.0, -963.0
276.02116288, 184.0, -124.0, -967.0
276.04043072, 187.0, -135.0, -964.0
276.05969856, 189.0, -135.0, -968.0
276.0789664, 187.0, -132.0, -970.0
276.09823424, 180.0, -132.0, -966.0
276.11750208, 183.0, -133.0, -967.0
276.13676992, 190.0, -142.0, -967.0
276.15603776, 185.0, -136.0, -967.0
276.1753056, 180.0, -133.0, -970.0
276.19457344, 181.0, -131.0, -967.0
276.21384128, 184.0, -129.0, -968.0
276.23310912, 185.0, -134.0, -967.0
276.25237696, 186.0, -137.0, -967.0
276.2716448, 185.0, -133.0, -967.0
276.290912512, 186.0, -130.0, -967.0
276.310180352, 183.0, -134.0, -965.0
276.329448192, 184.0, -127.0, -967.0
276.348716032, 189.0, -129.0, -969.0
276.367983872, 185.0, -131.0, -966.0
276.387251712, 190.0, -129.0, -963.0
276.406519552, 193.0, -132.0, -961.0
276.425787392, 189.0, -132.0, -971.0
276.445055232, 188.0, -135.0, -968.0
276.464323072, 191.0, -133.0, -966.0
276.483590912, 191.0, -134.0, -969.0
276.502858752, 185.0, -133.0, -969.0
276.522126592, 182.0, -134.0, -966.0
276.541394432, 182.0, -133.0, -965.0
276.560662272, 189.0, -135.0, -968.0
276.579930112, 185.0, -135.0, -970.0
276.599197952, 189.0, -133.0, -970.0
276.618465664, 180.0, -130.0, -968.0
276.637733504, 186.0, -137.0, -963.0
276.657001344, 188.0, -135.0, -967.0
276.676269184, 188.0, -131.0, -966.0
276.695537024, 186.0, -129.0, -967.0
276.714804864, 186.0, -132.0, -964.0
276.734072704, 191.0, -130.0, -960.0
276.753340544, 188.0, -131.0, -967.0
276.772608384, 186.0, -126.0, -964.0
276.791876224, 189.0, -131.0, -964.0
276.811144064, 189.0, -129.0, -971.0
276.830411904, 188.0, -134.0, -967.0
276.849679744, 189.0, -131.0, -968.0
276.868947584, 187.0, -132.0, -967.0
276.888215424, 191.0, -136.0, -968.0
276.907483264, 189.0, -133.0, -967.0
276.926751104, 188.0, -134.0, -964.0
276.946018944, 182.0, -130.0, -970.0
276.965286656, 188.0, -135.0, -969.0
276.984554496, 186.0, -137.0, -969.0
277.003822336, 183.0, -136.0, -966.0
277.023090176, 183.0, -132.0, -965.0
277.042358016, 184.0, -130.0, -966.0
277.061625856, 188.0, -131.0, -966.0
277.080893696, 183.0, -132.0, -970.0
277.100161536, 182.0, -129.0, -968.0
277.119429376, 190.0, -130.0, -966.0
277.138697216, 190.0, -128.0, -962.0
277.157965056, 191.0, -129.0, -963.0
277.177232896, 189.0, -135.0, -963.0
277.196500736, 185.0, -131.0, -969.0
277.215768576, 185.0, -132.0, -967.0
277.235036416, 193.0, -134.0, -964.0
277.254304256, 192.0, -135.0, -968.0
277.273572096, 187.0, -128.0, -969.0
277.292839808, 192.0, -137.0, -967.0
277.312107648, 187.0, -133.0, -971.0
277.331375488, 188.0, -134.0, -965.0
277.350643328, 184.0, -137.0, -969.0
277.369911168, 185.0, -133.0, -966.0
277.389179008, 187.0, -135.0, -968.0
277.408446839, 185.0, -136.0, -968.0
277.427714432, 179.0, -138.0, -968.0
277.446982016, 182.0, -127.0, -968.0
277.466249472, 186.0, -131.0, -968.0
277.485517056, 184.0, -130.0, -966.0
277.50478464, 183.0, -131.0, -964.0
277.524052096, 179.0, -132.0, -970.0
277.54331968, 186.0, -130.0, -966.0
277.562587264, 189.0, -133.0, -964.0
277.58185472, 188.0, -128.0, -967.0
277.601122304, 187.0, -130.0, -969.0
277.620389888, 183.0, -133.0, -968.0
277.639657344, 185.0, -132.0, -971.0
277.658924928, 187.0, -130.0, -966.0
277.678192384, 187.0, -134.0, -967.0
277.697459968, 185.0, -133.0, -970.0
277.716727552, 182.0, -135.0, -971.0
277.735995008, 186.0, -143.0, -966.0
277.755262592, 187.0, -140.0, -965.0
277.774530176, 180.0, -134.0, -968.0
277.793797632, 184.0, -132.0, -962.0
277.813065216, 182.0, -135.0, -969.0
277.8323328, 179.0, -139.0, -970.0
277.851600256, 184.0, -134.0, -972.0
277.87086784, 179.0, -132.0, -964.0
277.890135424, 185.0, -134.0, -965.0
277.90940288, 182.0, -132.0, -966.0
277.928670464, 189.0, -132.0, -966.0
277.947938048, 183.0, -128.0, -963.0
277.967205504, 185.0, -135.0, -966.0
277.986473088, 186.0, -132.0, -967.0
278.005740672, 189.0, -132.0, -969.0
278.025008128, 186.0, -130.0, -966.0
278.044275712, 186.0, -134.0, -967.0
278.063543168, 191.0, -131.0, -968.0
278.082810752, 186.0, -137.0, -970.0
278.102078336, 186.0, -135.0, -967.0
278.121345792, 183.0, -136.0, -969.0
278.140613376, 185.0, -135.0, -971.0
278.15988096, 183.0, -131.0, -968.0
278.179148416, 184.0, -135.0, -970.0
278.198416, 181.0, -135.0, -971.0
278.217683584, 183.0, -134.0, -969.0
278.23695104, 186.0, -132.0, -966.0
278.256218624, 184.0, -130.0, -964.0
278.275486208, 182.0, -134.0, -967.0
278.294753664, 178.0, -134.0, -963.0
278.314021248, 189.0, -130.0, -967.0
278.333288832, 191.0, -127.0, -966.0
278.352556288, 188.0, -132.0, -969.0
278.371823872, 184.0, -133.0, -968.0
278.391091456, 186.0, -128.0, -968.0
278.410358912, 188.0, -130.0, -963.0
278.429626496, 192.0, -129.0, -967.0
278.44889408, 187.0, -130.0, -962.0
278.468161536, 186.0, -131.0, -968.0
278.48742912, 189.0, -133.0, -965.0
278.506696576, 185.0, -129.0, -969.0
278.52596416, 183.0, -134.0, -967.0
278.545231744, 187.0, -136.0, -968.0
278.5644992, 184.0, -135.0, -968.0
278.583766784, 178.0, -134.0, -963.0
278.603034368, 185.0, -130.0, -970.0
278.622301824, 185.0, -130.0, -968.0
278.641569408, 179.0, -134.0, -967.0
278.660836992, 181.0, -130.0, -968.0
278.680104448, 182.0, -131.0, -966.0
278.699372032, 187.0, -130.0, -967.0
278.718639616, 182.0, -130.0, -968.0
278.737907072, 188.0, -131.0, -965.0
278.757174656, 189.0, -131.0, -968.0
278.77644224, 197.0, -128.0, -966.0
278.795709696, 191.0, -128.0, -966.0
278.81497728, 192.0, -128.0, -963.0
278.834244864, 189.0, -125.0, -965.0
278.85351232, 191.0, -125.0, -964.0
278.872779904, 189.0, -133.0, -972.0
278.89204736, 187.0, -130.0, -968.0
278.911314944, 185.0, -128.0, -968.0
278.930582528, 184.0, -132.0, -967.0
278.949849984, 188.0, -118.0, -985.0
278.969117568, 178.0, -133.0, -958.0
278.988385152, 178.0, -141.0, -972.0
279.007652608, 181.0, -142.0, -967.0
279.026920192, 182.0, -131.0, -961.0
279.046187776, 199.0, -136.0, -970.0
279.065455232, 198.0, -141.0, -967.0
279.084722816, 189.0, -146.0, -965.0
279.1039904, 184.0, -136.0, -962.0
279.123257856, 188.0, -130.0, -960.0
279.14252544, 191.0, -130.0, -970.0
279.161792918, 187.0, -130.0, -968.0
279.181060224, 187.0, -125.0, -965.0
279.200327552, 193.0, -143.0, -964.0
279.21959488, 189.0, -143.0, -967.0
279.238862336, 176.0, -141.0, -961.0
279.258129664, 173.0, -135.0, -968.0
279.277396992, 172.0, -133.0, -969.0
279.29666432, 183.0, -133.0, -967.0
279.315931776, 180.0, -136.0, -970.0
279.335199104, 171.0, -140.0, -971.0
279.354466432, 136.0, -139.0, -954.0
279.37373376, 174.0, -126.0, -973.0
279.393001216, 166.0, -126.0, -971.0
279.412268544, 160.0, -128.0, -968.0
279.431535872, 163.0, -133.0, -973.0
279.4508032, 164.0, -132.0, -975.0
279.470070656, 165.0, -132.0, -969.0
279.489337984, 168.0, -125.0, -970.0
279.508605312, 176.0, -123.0, -968.0
279.52787264, 181.0, -122.0, -970.0
279.547140096, 167.0, -122.0, -968.0
279.566407424, 167.0, -122.0, -969.0
279.585674752, 171.0, -123.0, -969.0
279.60494208, 184.0, -118.0, -966.0
279.624209536, 181.0, -108.0, -962.0
279.643476864, 182.0, -124.0, -979.0
279.662744192, 182.0, -119.0, -958.0
279.68201152, 179.0, -121.0, -973.0
279.701278976, 156.0, -128.0, -978.0
279.720546304, 172.0, -115.0, -967.0
279.739813632, 165.0, -120.0, -973.0
279.75908096, 166.0, -131.0, -977.0
279.778348416, 171.0, -139.0, -965.0
279.797615744, 170.0, -141.0, -971.0
279.816883072, 158.0, -150.0, -973.0
279.8361504, 152.0, -153.0, -968.0
279.855417856, 149.0, -153.0, -968.0
279.874685184, 159.0, -142.0, -974.0
279.893952512, 161.0, -137.0, -969.0
279.91321984, 169.0, -130.0, -971.0
279.932487296, 173.0, -129.0, -969.0
279.951754624, 178.0, -133.0, -969.0
279.971021952, 168.0, -129.0, -968.0
279.99028928, 178.0, -132.0, -968.0
280.009556736, 182.0, -124.0, -969.0
280.028824064, 181.0, -132.0, -970.0
280.048091392, 181.0, -136.0, -970.0
280.06735872, 180.0, -132.0, -963.0
280.086626176, 187.0, -129.0, -965.0
280.105893504, 189.0, -127.0, -971.0
280.125160832, 177.0, -130.0, -968.0
280.14442816, 178.0, -136.0, -964.0
280.163695616, 178.0, -136.0, -967.0
280.182962944, 181.0, -140.0, -968.0
280.202230272, 183.0, -139.0, -967.0
280.2214976, 186.0, -144.0, -968.0
280.240765056, 187.0, -141.0, -965.0
280.260032384, 182.0, -141.0, -967.0
280.279299712, 175.0, -139.0, -968.0
280.29856704, 182.0, -140.0, -964.0
280.317834496, 182.0, -136.0, -970.0
280.337101824, 185.0, -139.0, -964.0
280.356369152, 182.0, -133.0, -965.0
280.37563648, 185.0, -134.0, -966.0
280.394903936, 182.0, -137.0, -964.0
280.414171264, 184.0, -133.0, -965.0
280.433438592, 180.0, -133.0, -965.0
280.45270592, 181.0, -134.0, -966.0
280.471973376, 187.0, -144.0, -969.0
280.491240704, 183.0, -136.0, -971.0
280.510508032, 181.0, -138.0, -964.0
280.52977536, 181.0, -137.0, -966.0
280.549042816, 178.0, -139.0, -967.0
280.568310144, 177.0, -140.0, -970.0
280.587577472, 176.0, -140.0, -968.0
280.6068448, 178.0, -138.0, -968.0
280.626112256, 177.0, -137.0, -972.0
280.645379584, 176.0, -135.0, -966.0
280.664646912, 174.0, -145.0, -969.0
280.68391424, 178.0, -141.0, -969.0
280.703181696, 177.0, -136.0, -968.0
280.722449024, 179.0, -140.0, -970.0
280.741716352, 180.0, -133.0, -964.0
280.76098368, 180.0, -130.0, -966.0
280.780251136, 182.0, -132.0, -966.0
280.799518495, 186.0, -134.0, -965.0
280.818787712, 189.0, -133.0, -967.0
280.83805696, 187.0, -136.0, -964.0
280.85732608, 182.0, -132.0, -969.0
280.876595328, 178.0, -130.0, -968.0
280.895864576, 178.0, -133.0, -966.0
280.915133696, 184.0, -134.0, -967.0
280.934402944, 187.0, -138.0, -966.0
280.953672064, 177.0, -138.0, -967.0
280.972941312, 177.0, -136.0, -966.0
280.99221056, 177.0, -138.0, -968.0
281.01147968, 177.0, -139.0, -966.0
281.030748928, 181.0, -137.0, -968.0
281.050018176, 178.0, -135.0, -968.0
281.069287296, 180.0, -139.0, -968.0
281.088556544, 182.0, -139.0, -967.0
281.107825792, 177.0, -130.0, -964.0
281.127094912, 185.0, -131.0, -965.0
281.14636416, 180.0, -128.0, -968.0
281.16563328, 182.0, -135.0, -967.0
281.184902528, 180.0, -135.0, -967.0
281.204171776, 185.0, -136.0, -964.0
281.223440896, 183.0, -134.0, -967.0
281.242710144, 185.0, -133.0, -965.0
281.261979392, 186.0, -137.0, -968.0
281.281248512, 181.0, -135.0, -967.0
281.30051776, 180.0, -135.0, -964.0
281.31978688, 184.0, -138.0, -965.0
281.339056128, 183.0, -136.0, -968.0
281.358325376, 179.0, -136.0, -970.0
281.377594496, 179.0, -137.0, -968.0
281.396863744, 173.0, -138.0, -971.0
281.416132992, 176.0, -142.0, -966.0
281.435402112, 179.0, -139.0, -971.0
281.45467136, 177.0, -138.0, -964.0
281.473940608, 176.0, -137.0, -970.0
281.493209728, 174.0, -135.0, -966.0
281.512478976, 177.0, -131.0, -965.0
281.531748096, 177.0, -136.0, -966.0
281.551017344, 180.0, -137.0, -968.0
281.570286592, 181.0, -134.0, -967.0
281.589555712, 179.0, -137.0, -965.0
281.60882496, 179.0, -135.0, -964.0
281.628094208, 183.0, -133.0, -966.0
281.647363328, 181.0, -134.0, -967.0
281.666632576, 181.0, -137.0, -969.0
281.685901824, 180.0, -139.0, -964.0
281.705170944, 181.0, -135.0, -969.0
281.724440192, 183.0, -141.0, -964.0
281.743709312, 169.0, -135.0, -968.0
281.76297856, 174.0, -135.0, -965.0
281.782247808, 178.0, -137.0, -969.0
281.801516928, 181.0, -136.0, -971.0
281.820786176, 185.0, -142.0, -969.0
281.840055424, 178.0, -140.0, -974.0
281.859324544, 178.0, -139.0, -968.0
281.878593792, 170.0, -136.0, -969.0
281.89786304, 175.0, -136.0, -969.0
281.91713216, 178.0, -137.0, -971.0
281.936401408, 178.0, -135.0, -968.0
281.955670528, 179.0, -135.0, -968.0
281.974939776, 180.0, -134.0, -967.0
281.994209024, 179.0, -135.0, -967.0
282.013478144, 178.0, -128.0, -968.0
282.032747392, 179.0, -134.0, -966.0
282.05201664, 184.0, -135.0, -966.0
282.07128576, 177.0, -135.0, -962.0
282.090555008, 180.0, -135.0, -966.0
282.109824256, 180.0, -134.0, -971.0
282.129093376, 175.0, -135.0, -968.0
282.148362624, 182.0, -138.0, -969.0
282.167631744, 179.0, -135.0, -972.0
282.186900992, 183.0, -137.0, -970.0
282.20617024, 179.0, -134.0, -967.0
282.22543936, 182.0, -138.0, -973.0
282.244708608, 178.0, -145.0, -967.0
282.263977856, 180.0, -143.0, -969.0
282.283246976, 183.0, -136.0, -971.0
282.302516224, 174.0, -135.0, -968.0
282.321785344, 171.0, -131.0, -965.0
282.341054592, 179.0, -135.0, -966.0
282.36032384, 188.0, -139.0, -965.0
282.37959296, 185.0, -135.0, -964.0
282.398862208, 178.0, -129.0, -965.0
282.418131456, 180.0, -139.0, -965.0
282.437400576, 185.0, -137.0, -967.0
282.456669824, 184.0, -130.0, -967.0
282.475939072, 184.0, -143.0, -965.0
282.495208192, 178.0, -129.0, -959.0
282.51447744, 184.0, -152.0, -967.0
282.53374656, 189.0, -141.0, -966.0
282.553015808, 179.0, -133.0, -969.0
282.572285056, 173.0, -132.0, -965.0
282.591554176, 168.0, -133.0, -970.0
282.610823424, 174.0, -150.0, -968.0
282.630092672, 181.0, -144.0, -968.0
282.649361792, 178.0, -143.0, -964.0
282.66863104, 174.0, -131.0, -972.0
282.687900288, 168.0, -124.0, -967.0
282.707169408, 179.0, -123.0, -966.0
282.726438656, 177.0, -133.0, -968.0
282.745707816, 166.0, -142.0, -970.0
282.764976384, 158.0, -136.0, -975.0
282.784244992, 167.0, -139.0, -971.0
282.803513472, 166.0, -146.0, -967.0
282.82278208, 169.0, -148.0, -975.0
282.84205056, 178.0, -150.0, -960.0
282.861319168, 177.0, -155.0, -965.0
282.880587648, 177.0, -154.0, -971.0
282.899856256, 171.0, -146.0, -962.0
282.919124736, 169.0, -146.0, -963.0
282.938393344, 170.0, -144.0, -969.0
282.957661824, 178.0, -135.0, -968.0
282.976930432, 181.0, -132.0, -966.0
282.996198912, 179.0, -130.0, -973.0
283.01546752, 182.0, -134.0, -966.0
283.034736, 182.0, -143.0, -966.0
283.054004608, 178.0, -149.0, -960.0
283.073273088, 180.0, -140.0, -970.0
283.092541696, 191.0, -139.0, -967.0
283.111810176, 189.0, -135.0, -965.0
283.131078784, 185.0, -135.0, -966.0
283.150347264, 180.0, -136.0, -967.0
283.169615872, 185.0, -131.0, -970.0
283.188884352, 191.0, -130.0, -968.0
283.20815296, 188.0, -136.0, -969.0
283.22742144, 181.0, -132.0, -967.0
283.246690048, 189.0, -134.0, -967.0
283.265958528, 197.0, -137.0, -959.0
283.285227136, 191.0, -137.0, -969.0
283.304495616, 189.0, -128.0, -966.0
283.323764224, 177.0, -138.0, -967.0
283.343032704, 179.0, -134.0, -968.0
283.362301312, 181.0, -135.0, -970.0
283.381569792, 179.0, -141.0, -972.0
283.4008384, 182.0, -142.0, -967.0
283.42010688, 185.0, -142.0, -969.0
283.439375488, 185.0, -137.0, -968.0
283.458643968, 192.0, -135.0, -966.0
283.477912576, 187.0, -137.0, -971.0
283.497181056, 179.0, -137.0, -967.0
283.516449664, 180.0, -125.0, -966.0
283.535718144, 180.0, -138.0, -968.0
283.554986752, 182.0, -138.0, -962.0
283.574255232, 186.0, -141.0, -964.0
283.59352384, 189.0, -135.0, -970.0
283.61279232, 186.0, -127.0, -961.0
283.632060928, 189.0, -127.0, -963.0
283.651329536, 192.0, -131.0, -969.0
283.670598016, 189.0, -136.0, -966.0
283.689866624, 194.0, -139.0, -962.0
283.709135104, 189.0, -131.0, -961.0
283.728403712, 188.0, -132.0, -968.0
283.747672192, 189.0, -134.0, -964.0
283.7669408, 188.0, -138.0, -964.0
283.78620928, 189.0, -139.0, -968.0
283.805477888, 189.0, -133.0, -966.0
283.824746368, 190.0, -131.0, -971.0
283.844014976, 189.0, -134.0, -969.0
283.863283456, 190.0, -130.0, -966.0
283.882552064, 184.0, -133.0, -965.0
283.901820544, 194.0, -131.0, -968.0
283.921089152, 184.0, -135.0, -961.0
283.940357632, 187.0, -129.0, -968.0
283.95962624, 190.0, -126.0, -967.0
283.97889472, 189.0, -128.0, -963.0
283.998163328, 195.0, -130.0, -969.0
284.017431808, 199.0, -124.0, -966.0
284.036700416, 193.0, -127.0, -967.0
284.055968896, 190.0, -125.0, -966.0
284.075237504, 195.0, -127.0, -966.0
284.094505984, 195.0, -124.0, -967.0
284.113774592, 196.0, -133.0, -961.0
284.133043072, 203.0, -131.0, -960.0
284.15231168, 205.0, -123.0, -965.0
284.17158016, 204.0, -128.0, -965.0
284.190848768, 205.0, -126.0, -966.0
284.210117248, 201.0, -128.0, -965.0
284.229385856, 199.0, -126.0, -968.0
284.248654336, 202.0, -127.0, -967.0
284.267922944, 199.0, -131.0, -967.0
284.287191424, 188.0, -135.0, -962.0
284.306460032, 191.0, -127.0, -970.0
284.325728512, 193.0, -124.0, -969.0
284.34499712, 188.0, -125.0, -965.0
284.3642656, 185.0, -132.0, -966.0
284.383534208, 196.0, -127.0, -967.0
284.402802688, 196.0, -121.0, -958.0
284.422071296, 192.0, -120.0, -967.0
284.441339776, 189.0, -123.0, -968.0
284.460608384, 183.0, -121.0, -968.0
284.479876864, 188.0, -121.0, -965.0
284.499145449, 190.0, -112.0, -984.0
284.5184128, 213.0, -124.0, -958.0
284.537680128, 201.0, -142.0, -968.0
284.556947456, 177.0, -110.0, -970.0
284.576214656, 190.0, -123.0, -965.0
284.595481984, 197.0, -121.0, -971.0
284.614749312, 192.0, -121.0, -966.0
284.63401664, 196.0, -121.0, -970.0
284.653283968, 197.0, -121.0, -966.0
284.672551168, 197.0, -126.0, -970.0
284.691818496, 200.0, -127.0, -968.0
284.711085824, 197.0, -121.0, -961.0
284.730353152, 196.0, -124.0, -966.0
284.74962048, 190.0, -132.0, -972.0
284.76888768, 188.0, -124.0, -969.0
284.788155008, 183.0, -107.0, -964.0
284.807422336, 178.0, -110.0, -973.0
284.826689664, 179.0, -117.0, -968.0
284.845956864, 188.0, -126.0, -968.0
284.865224192, 183.0, -125.0, -968.0
284.88449152, 186.0, -128.0, -966.0
284.903758848, 190.0, -122.0, -966.0
284.923026176, 168.0, -132.0, -969.0
284.942293376, 157.0, -139.0, -971.0
284.961560704, 169.0, -141.0, -971.0
284.980828032, 176.0, -141.0, -969.0
285.00009536, 183.0, -141.0, -969.0
285.019362688, 195.0, -135.0, -958.0
285.038629888, 193.0, -133.0, -964.0
285.057897216, 146.0, -133.0, -972.0
285.077164544, 179.0, -134.0, -976.0
285.096431872, 179.0, -68.0, -936.0
285.1156992, 162.0, -115.0, -987.0
285.1349664, 199.0, -115.0, -974.0
285.154233728, 196.0, -118.0, -945.0
285.173501056, 186.0, -139.0, -986.0
285.192768384, 184.0, -139.0, -968.0
285.212035712, 176.0, -131.0, -961.0
285.231302912, 171.0, -122.0, -974.0
285.25057024, 187.0, -119.0, -969.0
285.269837568, 189.0, -128.0, -967.0
285.289104896, 188.0, -129.0, -967.0
285.308372224, 191.0, -130.0, -969.0
285.327639424, 186.0, -131.0, -965.0
285.346906752, 183.0, -129.0, -969.0
285.36617408, 179.0, -131.0, -964.0
285.385441408, 193.0, -123.0, -969.0
285.404708608, 201.0, -121.0, -968.0
285.423975936, 197.0, -130.0, -966.0
285.443243264, 185.0, -127.0, -970.0
285.462510592, 189.0, -130.0, -967.0
285.48177792, 187.0, -123.0, -968.0
285.50104512, 186.0, -133.0, -970.0
285.520312448, 187.0, -125.0, -968.0
285.539579776, 185.0, -121.0, -960.0
285.558847104, 186.0, -129.0, -966.0
285.578114432, 188.0, -128.0, -971.0
285.597381632, 187.0, -116.0, -969.0
285.61664896, 187.0, -130.0, -971.0
285.635916288, 182.0, -120.0, -963.0
285.655183616, 191.0, -124.0, -968.0
285.674450944, 189.0, -124.0, -965.0
285.693718144, 199.0, -124.0, -960.0
285.712985472, 202.0, -126.0, -970.0
285.7322528, 190.0, -128.0, -965.0
285.751520128, 193.0, -127.0, -961.0
285.770787456, 197.0, -127.0, -968.0
285.790054656, 198.0, -126.0, -962.0
285.809321984, 197.0, -132.0, -968.0
285.828589312, 193.0, -133.0, -966.0
285.84785664, 186.0, -126.0, -965.0
285.867123968, 181.0, -132.0, -970.0
285.886391168, 188.0, -126.0, -970.0
285.905658496, 191.0, -130.0, -967.0
285.924925824, 189.0, -128.0, -965.0
285.944193152, 180.0, -129.0, -969.0
285.963460352, 189.0, -125.0, -966.0
285.982727666, 194.0, -128.0, -965.0
286.001996672, 188.0, -123.0, -959.0
286.021265664, 193.0, -122.0, -965.0
286.040534656, 190.0, -130.0, -966.0
286.059803648, 186.0, -130.0, -964.0
286.079072512, 196.0, -130.0, -966.0
286.098341504, 206.0, -131.0, -969.0
286.117610496, 207.0, -123.0, -963.0
286.136879488, 191.0, -121.0, -969.0
286.15614848, 196.0, -128.0, -970.0
286.175417472, 197.0, -131.0, -966.0
286.194686336, 196.0, -128.0, -964.0
286.213955328, 197.0, -128.0, -965.0
286.23322432, 192.0, -126.0, -970.0
286.252493312, 191.0, -128.0, -964.0
286.271762304, 190.0, -135.0, -969.0
286.291031296, 188.0, -131.0, -964.0
286.31030016, 195.0, -131.0, -965.0
286.329569152, 192.0, -126.0, -965.0
286.348838144, 188.0, -127.0, -964.0
286.368107136, 188.0, -131.0, -967.0
286.387376128, 195.0, -134.0, -964.0
286.40664512, 190.0, -130.0, -965.0
286.425914112, 194.0, -125.0, -965.0
286.445182976, 190.0, -125.0, -966.0
286.464451968, 194.0, -125.0, -960.0
286.48372096, 200.0, -126.0, -964.0
286.502989952, 197.0, -132.0, -967.0
286.522258944, 196.0, -128.0, -964.0
286.541527936, 194.0, -129.0, -967.0
286.5607968, 197.0, -127.0, -966.0
286.580065792, 199.0, -135.0, -971.0
286.599334784, 191.0, -125.0, -967.0
286.618603776, 195.0, -128.0, -966.0
286.637872768, 188.0, -132.0, -971.0
286.65714176, 193.0, -132.0, -968.0
286.676410624, 193.0, -129.0, -965.0
286.695679616, 189.0, -129.0, -968.0
286.714948608, 193.0, -131.0, -968.0
286.7342176, 190.0, -128.0, -964.0
286.753486592, 188.0, -127.0, -965.0
286.772755584, 191.0, -127.0, -962.0
286.792024576, 191.0, -127.0, -964.0
286.81129344, 192.0, -129.0, -964.0
286.830562432, 191.0, -123.0, -964.0
286.849831424, 185.0, -127.0, -963.0
286.869100416, 194.0, -126.0, -968.0
286.888369408, 198.0, -127.0, -964.0
286.9076384, 195.0, -134.0, -963.0
286.926907264, 192.0, -128.0, -964.0
286.946176256, 193.0, -129.0, -967.0
286.965445248, 191.0, -128.0, -962.0
286.98471424, 192.0, -131.0, -971.0
287.003983232, 192.0, -130.0, -962.0
287.023252224, 189.0, -129.0, -967.0
287.042521088, 191.0, -128.0, -966.0
287.06179008, 193.0, -134.0, -968.0
287.081059072, 187.0, -137.0, -963.0
287.100328064, 189.0, -140.0, -968.0
287.119597056, 189.0, -134.0, -965.0
287.138866048, 191.0, -128.0, -963.0
287.15813504, 188.0, -130.0, -967.0
287.177403904, 184.0, -137.0, -967.0
287.196672896, 189.0, -135.0, -967.0
287.215941888, 192.0, -133.0, -965.0
287.23521088, 191.0, -127.0, -965.0
287.254479872, 190.0, -130.0, -968.0
287.273748864, 183.0, -130.0, -966.0
287.293017728, 191.0, -125.0, -967.0
287.31228672, 194.0, -129.0, -966.0
287.331555712, 194.0, -130.0, -968.0
287.350824704, 192.0, -128.0, -967.0
287.370093696, 194.0, -131.0, -965.0
287.389362688, 192.0, -128.0, -965.0
287.408631552, 188.0, -131.0, -966.0
287.427900544, 185.0, -138.0, -965.0
287.447169536, 187.0, -135.0, -972.0
287.466438528, 189.0, -134.0, -971.0
287.48570752, 184.0, -129.0, -967.0
287.504976512, 183.0, -136.0, -966.0
287.524245504, 186.0, -135.0, -971.0
287.543514368, 190.0, -134.0, -965.0
287.56278336, 191.0, -130.0, -965.0
287.582052352, 187.0, -135.0, -969.0
287.601321344, 183.0, -136.0, -966.0
287.620590336, 189.0, -134.0, -968.0
287.639859328, 189.0, -131.0, -968.0
287.659128192, 192.0, -126.0, -966.0
287.678397184, 185.0, -132.0, -964.0
287.697666176, 190.0, -131.0, -966.0
287.716935168, 193.0, -128.0, -967.0
287.73620416, 190.0, -125.0, -967.0
287.755473152, 192.0, -129.0, -968.0
287.774742016, 184.0, -131.0, -966.0
287.794011008, 191.0, -133.0, -964.0
287.81328, 191.0, -134.0, -966.0
287.832548992, 192.0, -133.0, -968.0
287.851817984, 185.0, -134.0, -966.0
287.8710869, 187.0, -136.0, -964.0
287.890354176, 193.0, -133.0, -971.0
287.909621504, 190.0, -128.0, -963.0
287.928888832, 185.0, -132.0, -963.0
287.94815616, 180.0, -135.0, -964.0
287.967423488, 189.0, -137.0, -966.0
287.986690816, 192.0, -132.0, -965.0
288.005958016, 194.0, -132.0, -967.0
288.025225344, 186.0, -130.0, -967.0
288.044492672, 187.0, -134.0, -966.0
288.06376, 189.0, -135.0, -966.0
288.083027328, 194.0, -135.0, -966.0
288.102294656, 190.0, -128.0, -962.0
288.121561984, 193.0, -130.0, -965.0
288.140829312, 193.0, -134.0, -967.0
288.16009664, 193.0, -130.0, -963.0
288.179363968, 187.0, -129.0, -965.0
288.198631296, 188.0, -132.0, -964.0
288.217898624, 192.0, -133.0, -966.0
288.237165824, 196.0, -134.0, -965.0
288.256433152, 188.0, -131.0, -963.0
288.27570048, 189.0, -134.0, -965.0
288.294967808, 191.0, -136.0, -966.0
288.314235136, 190.0, -138.0, -968.0
288.333502464, 186.0, -131.0, -966.0
288.352769792, 189.0, -134.0, -967.0
288.37203712, 188.0, -133.0, -967.0
288.391304448, 191.0, -135.0, -967.0
288.410571776, 190.0, -134.0, -966.0
288.429839104, 191.0, -133.0, -965.0
288.449106432, 187.0, -131.0, -963.0
288.468373632, 192.0, -134.0, -963.0
288.48764096, 193.0, -127.0, -966.0
288.506908288, 189.0, -130.0, -963.0
288.526175616, 194.0, -129.0, -968.0
288.545442944, 190.0, -129.0, -963.0
288.564710272, 191.0, -133.0, -967.0
288.5839776, 191.0, -135.0, -969.0
288.603244928, 193.0, -133.0, -962.0
288.622512256, 195.0, -133.0, -965.0
288.641779584, 191.0, -135.0, -969.0
288.661046912, 192.0, -131.0, -962.0
288.68031424, 195.0, -136.0, -966.0
288.69958144, 192.0, -135.0, -966.0
288.718848768, 186.0, -134.0, -968.0
288.738116096, 192.0, -135.0, -964.0
288.757383424, 188.0, -140.0, -965.0
288.776650752, 189.0, -137.0, -967.0
288.79591808, 191.0, -132.0, -969.0
288.815185408, 185.0, -137.0, -966.0
288.834452736, 194.0, -135.0, -964.0
288.853720064, 188.0, -131.0, -968.0
288.872987392, 191.0, -132.0, -965.0
288.89225472, 191.0, -131.0, -969.0
288.91152192, 191.0, -135.0, -965.0
288.930789248, 188.0, -134.0, -966.0
288.950056576, 197.0, -130.0, -964.0
288.969323904, 194.0, -128.0, -966.0
288.988591232, 194.0, -134.0, -965.0
289.00785856, 189.0, -134.0, -964.0
289.027125888, 193.0, -131.0, -967.0
289.046393216, 196.0, -129.0, -966.0
289.065660544, 194.0, -137.0, -964.0
289.084927872, 192.0, -138.0, -966.0
289.1041952, 185.0, -135.0, -966.0
289.123462528, 192.0, -132.0, -966.0
289.142729728, 190.0, -129.0, -968.0
289.161997056, 191.0, -135.0, -968.0
289.181264384, 191.0, -132.0, -967.0
289.200531712, 191.0, -134.0, -963.0
289.21979904, 189.0, -134.0, -965.0
289.239066368, 185.0, -132.0, -969.0
289.258333696, 192.0, -131.0, -964.0
289.277601024, 187.0, -133.0, -967.0
289.296868352, 186.0, -130.0, -969.0
289.31613568, 188.0, -134.0, -964.0
289.335403008, 190.0, -132.0, -962.0
289.354670336, 187.0, -137.0, -968.0
289.373937536, 189.0, -131.0, -963.0
289.393204864, 187.0, -129.0, -968.0
289.412472192, 192.0, -134.0, -964.0
289.43173952, 187.0, -136.0, -966.0
289.451006848, 189.0, -132.0, -967.0
289.470274176, 186.0, -132.0, -965.0
289.489541504, 192.0, -136.0, -966.0
289.508808832, 192.0, -137.0, -963.0
289.52807616, 192.0, -136.0, -968.0
289.547343488, 189.0, -134.0, -969.0
289.566610816, 188.0, -137.0, -966.0
289.585878016, 185.0, -135.0, -968.0
289.605145344, 185.0, -133.0, -965.0
289.624412672, 187.0, -137.0, -967.0
289.64368, 188.0, -131.0, -967.0
289.662947328, 194.0, -135.0, -966.0
289.682214656, 189.0, -135.0, -962.0
289.701481984, 188.0, -135.0, -968.0
289.720749312, 189.0, -131.0, -964.0
289.74001664, 186.0, -131.0, -963.0
289.759283968, 191.0, -131.0, -965.0
289.778551296, 194.0, -131.0, -964.0
289.797818624, 190.0, -134.0, -967.0
289.817085824, 193.0, -138.0, -967.0
289.836353152, 190.0, -138.0, -966.0
289.855620559, 189.0, -139.0, -969.0
289.874887936, 190.0, -134.0, -966.0
289.894155264, 190.0, -137.0, -966.0
289.91342272, 186.0, -135.0, -972.0
289.932690048, 186.0, -138.0, -966.0
289.951957376, 189.0, -137.0, -963.0
289.971224832, 192.0, -135.0, -964.0
289.99049216, 189.0, -135.0, -967.0
290.009759488, 183.0, -132.0, -966.0
290.029026944, 188.0, -136.0, -963.0
290.048294272, 189.0, -131.0, -963.0
290.067561728, 188.0, -134.0, -965.0
290.086829056, 189.0, -135.0, -969.0
290.106096384, 183.0, -133.0, -965.0
290.12536384, 193.0, -131.0, -967.0
290.144631168, 191.0, -126.0, -965.0
290.163898496, 191.0, -129.0, -965.0
290.183165952, 193.0, -131.0, -962.0
290.20243328, 194.0, -136.0, -968.0
290.221700608, 193.0, -131.0, -962.0
290.240968064, 192.0, -135.0, -969.0
290.260235392, 189.0, -137.0, -967.0
290.27950272, 191.0, -136.0, -967.0
290.298770176, 191.0, -137.0, -966.0
290.318037504, 196.0, -138.0, -965.0
290.337304832, 197.0, -133.0, -963.0
290.356572288, 188.0, -135.0, -968.0
290.375839616, 189.0, -138.0, -966.0
290.395107072, 186.0, -138.0, -966.0
290.4143744, 188.0, -135.0, -965.0
290.433641728, 190.0, -132.0, -958.0
290.452909184, 187.0, -136.0, -967.0
290.472176512, 186.0, -130.0, -968.0
290.49144384, 189.0, -133.0, -965.0
290.510711296, 193.0, -134.0, -969.0
290.529978624, 192.0, -128.0, -966.0
290.549245952, 190.0, -127.0, -967.0
290.568513408, 195.0, -137.0, -964.0
290.587780736, 194.0, -131.0, -964.0
290.607048064, 192.0, -135.0, -970.0
290.62631552, 194.0, -129.0, -962.0
290.645582848, 196.0, -130.0, -965.0
290.664850176, 194.0, -135.0, -970.0
290.684117632, 189.0, -134.0, -966.0
290.70338496, 192.0, -134.0, -964.0
290.722652416, 192.0, -133.0, -967.0
290.741919744, 192.0, -132.0, -966.0
290.761187072, 193.0, -137.0, -964.0
290.780454528, 186.0, -136.0, -966.0
290.799721856, 190.0, -136.0, -962.0
290.818989184, 191.0, -135.0, -966.0
290.83825664, 192.0, -130.0, -968.0
290.857523968, 189.0, -137.0, -969.0
290.876791296, 190.0, -131.0, -967.0
290.896058752, 191.0, -130.0, -962.0
290.91532608, 190.0, -132.0, -966.0
290.934593408, 193.0, -130.0, -964.0
290.953860864, 194.0, -130.0, -966.0
290.973128192, 194.0, -132.0, -966.0
290.99239552, 196.0, -132.0, -964.0
291.011662976, 194.0, -133.0, -968.0
291.030930304, 194.0, -135.0, -965.0
291.050197632, 192.0, -132.0, -965.0
291.069465088, 197.0, -133.0, -963.0
291.088732416, 194.0, -135.0, -967.0
291.107999872, 195.0, -137.0, -965.0
291.1272672, 191.0, -140.0, -968.0
291.146534528, 190.0, -141.0, -966.0
291.165801984, 190.0, -131.0, -965.0
291.185069312, 193.0, -131.0, -968.0
291.20433664, 189.0, -137.0, -965.0
291.223604096, 191.0, -133.0, -965.0
291.242871424, 188.0, -130.0, -968.0
291.262138752, 189.0, -136.0, -962.0
291.281406208, 192.0, -133.0, -965.0
291.300673536, 193.0, -132.0, -968.0
291.319940864, 193.0, -132.0, -962.0
291.33920832, 191.0, -134.0, -965.0
291.358475648, 190.0, -135.0, -962.0
291.377742976, 191.0, -136.0, -968.0
291.397010432, 191.0, -127.0, -965.0
291.41627776, 194.0, -132.0, -966.0
291.435545216, 191.0, -129.0, -967.0
291.454812544, 191.0, -141.0, -969.0
291.474079872, 192.0, -139.0, -969.0
291.493347328, 193.0, -138.0, -966.0
291.512614656, 191.0, -138.0, -967.0
291.531881984, 193.0, -135.0, -967.0
291.55114944, 183.0, -135.0, -967.0
291.570416768, 187.0, -138.0, -966.0
291.589684096, 187.0, -136.0, -968.0
291.608951552, 188.0, -137.0, -966.0
291.62821888, 186.0, -135.0, -964.0
291.647486208, 186.0, -134.0, -961.0
291.666753664, 186.0, -132.0, -964.0
291.686020992, 188.0, -131.0, -965.0
291.70528832, 190.0, -130.0, -964.0
291.724555776, 194.0, -132.0, -964.0
291.743823104, 187.0, -132.0, -964.0
291.76309056, 194.0, -134.0, -963.0
291.782357888, 195.0, -131.0, -964.0
291.801625242, 195.0, -133.0, -964.0
291.8208928, 192.0, -139.0, -968.0
291.840160384, 187.0, -137.0, -966.0
291.859428096, 192.0, -132.0, -966.0
291.87869568, 193.0, -132.0, -969.0
291.897963264, 191.0, -137.0, -966.0
291.917230848, 188.0, -137.0, -965.0
291.93649856, 188.0, -138.0, -964.0
291.955766144, 187.0, -139.0, -965.0
291.975033728, 188.0, -135.0, -963.0
291.99430144, 178.0, -139.0, -971.0
292.013569024, 186.0, -141.0, -963.0
292.032836608, 186.0, -140.0, -966.0
292.052104192, 189.0, -134.0, -966.0
292.071371904, 183.0, -134.0, -966.0
292.090639488, 185.0, -133.0, -964.0
292.109907072, 187.0, -132.0, -967.0
292.129174784, 190.0, -136.0, -961.0
292.148442368, 193.0, -131.0, -965.0
292.167709952, 190.0, -134.0, -965.0
292.186977536, 192.0, -127.0, -965.0
292.206245248, 192.0, -134.0, -965.0
292.225512832, 195.0, -141.0, -965.0
292.244780416, 194.0, -136.0, -962.0
292.264048128, 190.0, -140.0, -966.0
292.283315712, 193.0, -132.0, -967.0
292.302583296, 193.0, -135.0, -968.0
292.321851008, 189.0, -138.0, -963.0
292.341118592, 191.0, -138.0, -963.0
292.360386176, 192.0, -139.0, -968.0
292.37965376, 196.0, -136.0, -966.0
292.398921472, 190.0, -136.0, -966.0
292.418189056, 189.0, -139.0, -967.0
292.43745664, 189.0, -133.0, -966.0
292.456724352, 191.0, -134.0, -962.0
292.475991936, 196.0, -137.0, -962.0
292.49525952, 193.0, -136.0, -965.0
292.514527104, 191.0, -139.0, -967.0
292.533794816, 189.0, -134.0, -968.0
292.5530624, 193.0, -132.0, -964.0
292.572329984, 197.0, -134.0, -963.0
292.591597696, 198.0, -132.0, -966.0
292.61086528, 195.0, -134.0, -963.0
292.630132864, 197.0, -134.0, -967.0
292.649400448, 199.0, -136.0, -965.0
292.66866816, 191.0, -134.0, -964.0
292.687935744, 194.0, -134.0, -968.0
292.707203328, 195.0, -139.0, -966.0
292.72647104, 195.0, -137.0, -960.0
292.745738624, 192.0, -142.0, -964.0
292.765006208, 191.0, -140.0, -964.0
292.784273792, 187.0, -131.0, -964.0
292.803541504, 187.0, -135.0, -963.0
292.822809088, 193.0, -137.0, -968.0
292.842076672, 194.0, -131.0, -961.0
292.861344384, 190.0, -137.0, -967.0
292.880611968, 189.0, -135.0, -963.0
292.899879552, 190.0, -130.0, -967.0
292.919147136, 190.0, -132.0, -965.0
292.938414848, 193.0, -134.0, -964.0
292.957682432, 198.0, -133.0, -965.0
292.976950016, 191.0, -133.0, -968.0
292.996217728, 195.0, -131.0, -964.0
293.015485312, 197.0, -131.0, -964.0
293.034752896, 200.0, -135.0, -966.0
293.054020608, 196.0, -135.0, -966.0
293.073288192, 194.0, -131.0, -966.0
293.092555776, 191.0, -133.0, -967.0
293.11182336, 196.0, -137.0, -967.0
293.131091072, 193.0, -136.0, -967.0
293.150358656, 192.0, -135.0, -966.0
293.16962624, 189.0, -140.0, -969.0
293.188893952, 190.0, -137.0, -965.0
293.208161536, 188.0, -140.0, -964.0
293.22742912, 191.0, -138.0, -964.0
293.246696704, 188.0, -135.0, -967.0
293.265964416, 190.0, -139.0, -966.0
293.285232, 191.0, -138.0, -966.0
293.304499584, 191.0, -136.0, -964.0
293.323767296, 195.0, -134.0, -970.0
293.34303488, 191.0, -137.0, -966.0
293.362302464, 195.0, -131.0, -966.0
293.381570048, 201.0, -132.0, -964.0
293.40083776, 199.0, -132.0, -967.0
293.420105344, 196.0, -130.0, -969.0
293.439372928, 190.0, -132.0, -964.0
293.45864064, 196.0, -137.0, -964.0
293.477908224, 198.0, -134.0, -963.0
293.497175808, 193.0, -132.0, -966.0
293.516443392, 194.0, -134.0, -961.0
293.535711104, 190.0, -140.0, -966.0
293.554978688, 190.0, -133.0, -967.0
293.574246272, 189.0, -137.0, -966.0
293.593513984, 189.0, -135.0, -966.0
293.612781568, 188.0, -135.0, -968.0
293.632049152, 191.0, -135.0, -965.0
293.651316736, 189.0, -140.0, -967.0
293.670584448, 188.0, -135.0, -964.0
293.689852032, 190.0, -138.0, -963.0
293.709119616, 187.0, -136.0, -964.0
293.728387328, 192.0, -134.0, -968.0
293.747654912, 193.0, -133.0, -967.0
293.766922496, 191.0, -132.0, -968.0
293.78619008, 190.0, -133.0, -963.0
293.805457792, 194.0, -135.0, -968.0
293.824725376, 191.0, -132.0, -962.0
293.84399296, 193.0, -137.0, -965.0
293.863260672, 194.0, -128.0, -963.0
293.882528256, 196.0, -133.0, -967.0
293.90179584, 195.0, -139.0, -963.0
293.921063552, 187.0, -137.0, -968.0
293.940331136, 191.0, -136.0, -968.0
293.959598796, 191.0, -139.0, -967.0
293.97886528, 190.0, -136.0, -965.0
293.998131712, 188.0, -137.0, -969.0
294.017398272, 188.0, -136.0, -968.0
294.036664704, 188.0, -138.0, -963.0
294.055931136, 187.0, -137.0, -963.0
294.075197568, 187.0, -140.0, -968.0
294.094464128, 188.0, -137.0, -964.0
294.11373056, 190.0, -134.0, -966.0
294.132996992, 188.0, -134.0, -963.0
294.152263424, 192.0, -135.0, -964.0
294.171529984, 187.0, -133.0, -964.0
294.190796416, 190.0, -129.0, -964.0
294.210062848, 190.0, -134.0, -966.0
294.22932928, 193.0, -136.0, -966.0
294.24859584, 187.0, -134.0, -969.0
294.267862272, 186.0, -134.0, -971.0
294.287128704, 195.0, -135.0, -966.0
294.306395136, 192.0, -136.0, -966.0
294.325661696, 186.0, -133.0, -968.0
294.344928128, 181.0, -138.0, -965.0
294.36419456, 191.0, -135.0, -965.0
294.383460992, 190.0, -135.0, -967.0
294.402727552, 192.0, -135.0, -964.0
294.421993984, 188.0, -133.0, -969.0
294.441260416, 190.0, -138.0, -967.0
294.460526848, 185.0, -140.0, -969.0
294.479793408, 188.0, -137.0, -967.0
294.49905984, 190.0, -136.0, -969.0
294.518326272, 187.0, -131.0, -966.0
294.537592704, 192.0, -135.0, -967.0
294.556859264, 185.0, -135.0, -966.0
294.576125696, 192.0, -138.0, -966.0
294.595392128, 192.0, -132.0, -965.0
294.61465856, 191.0, -131.0, -965.0
294.63392512, 192.0, -131.0, -964.0
294.653191552, 193.0, -135.0, -967.0
294.672457984, 191.0, -136.0, -965.0
294.691724416, 191.0, -133.0, -966.0
294.710990976, 188.0, -134.0, -964.0
294.730257408, 192.0, -135.0, -967.0
294.74952384, 191.0, -136.0, -970.0
294.768790272, 190.0, -133.0, -967.0
294.788056832, 193.0, -140.0, -968.0
294.807323264, 191.0, -138.0, -965.0
294.826589696, 187.0, -136.0, -967.0
294.845856128, 191.0, -135.0, -964.0
294.865122688, 189.0, -139.0, -966.0
294.88438912, 187.0, -132.0, -966.0
294.903655552, 188.0, -138.0, -966.0
294.922921984, 193.0, -135.0, -964.0
294.942188544, 190.0, -132.0, -966.0
294.961454976, 189.0, -136.0, -963.0
294.980721408, 191.0, -133.0, -967.0
294.99998784, 188.0, -131.0, -962.0
295.0192544, 191.0, -132.0, -962.0
295.038520832, 193.0, -135.0, -962.0
295.057787264, 195.0, -131.0, -967.0
295.077053824, 192.0, -134.0, -964.0
295.096320256, 194.0, -133.0, -965.0
295.115586688, 196.0, -134.0, -966.0
295.13485312, 192.0, -134.0, -968.0
295.15411968, 194.0, -136.0, -969.0
295.173386112, 191.0, -138.0, -964.0
295.192652544, 190.0, -138.0, -968.0
295.211918976, 194.0, -135.0, -965.0
295.231185536, 189.0, -131.0, -964.0
295.250451968, 192.0, -135.0, -963.0
295.2697184, 188.0, -139.0, -967.0
295.288984832, 189.0, -137.0, -966.0
295.308251392, 190.0, -133.0, -964.0
295.327517824, 190.0, -134.0, -968.0
295.346784256, 192.0, -137.0, -962.0
295.366050688, 192.0, -133.0, -964.0
295.385317248, 191.0, -136.0, -966.0
295.40458368, 193.0, -134.0, -966.0
295.423850112, 193.0, -130.0, -964.0
295.443116544, 192.0, -135.0, -965.0
295.462383104, 194.0, -132.0, -963.0
295.481649536, 195.0, -139.0, -966.0
295.500915968, 194.0, -139.0, -963.0
295.5201824, 198.0, -138.0, -964.0
295.53944896, 196.0, -133.0, -966.0
295.558715392, 190.0, -133.0, -966.0
295.577981824, 190.0, -134.0, -968.0
295.597248256, 191.0, -135.0, -960.0
295.616514816, 191.0, -139.0, -968.0
295.635781248, 193.0, -139.0, -967.0
295.65504768, 189.0, -140.0, -964.0
295.674314112, 190.0, -138.0, -967.0
295.693580672, 190.0, -140.0, -963.0
295.712847104, 195.0, -134.0, -968.0
295.732113536, 194.0, -135.0, -965.0
295.751379968, 190.0, -133.0, -963.0
295.770646528, 189.0, -134.0, -963.0
295.78991296, 192.0, -127.0, -969.0
295.809179392, 189.0, -135.0, -965.0
295.828445824, 189.0, -138.0, -966.0
295.847712384, 186.0, -137.0, -964.0
295.866978816, 190.0, -138.0, -966.0
295.886245248, 190.0, -133.0, -965.0
295.90551168, 192.0, -135.0, -964.0
295.92477824, 188.0, -135.0, -967.0
295.944044672, 191.0, -142.0, -966.0
295.963311104, 191.0, -138.0, -967.0
295.982577536, 188.0, -140.0, -966.0
296.001844096, 191.0, -135.0, -967.0
296.021110528, 191.0, -133.0, -970.0
296.04037696, 191.0, -135.0, -965.0
296.059643392, 191.0, -138.0, -963.0
296.078909952, 183.0, -141.0, -965.0
296.098176384, 188.0, -137.0, -968.0
296.117442816, 185.0, -137.0, -964.0
296.136709376, 185.0, -134.0, -967.0
296.155975808, 187.0, -133.0, -963.0
296.175242223, 186.0, -132.0, -963.0
296.19451136, 186.0, -130.0, -965.0
296.21378048, 188.0, -130.0, -963.0
296.233049472, 189.0, -136.0, -962.0
296.252318592, 191.0, -134.0, -963.0
296.271587712, 191.0, -134.0, -970.0
296.290856704, 185.0, -136.0, -965.0
296.310125824, 197.0, -140.0, -966.0
296.329394944, 187.0, -139.0, -965.0
296.348664064, 188.0, -135.0, -964.0
296.367933056, 186.0, -134.0, -967.0
296.387202176, 190.0, -143.0, -966.0
296.406471296, 189.0, -139.0, -969.0
296.425740288, 189.0, -141.0, -967.0
296.445009408, 185.0, -136.0, -965.0
296.464278528, 182.0, -138.0, -966.0
296.48354752, 181.0, -136.0, -964.0
296.50281664, 187.0, -137.0, -966.0
296.52208576, 188.0, -134.0, -964.0
296.541354752, 186.0, -134.0, -968.0
296.560623872, 189.0, -133.0, -962.0
296.579892992, 187.0, -132.0, -963.0
296.599162112, 189.0, -133.0, -965.0
296.618431104, 189.0, -136.0, -967.0
296.637700224, 192.0, -136.0, -964.0
296.656969344, 191.0, -135.0, -966.0
296.676238336, 188.0, -135.0, -965.0
296.695507456, 194.0, -135.0, -971.0
296.714776576, 193.0, -134.0, -969.0
296.734045568, 193.0, -137.0, -969.0
296.753314688, 188.0, -135.0, -963.0
296.772583808, 192.0, -142.0, -964.0
296.7918528, 192.0, -138.0, -965.0
296.81112192, 189.0, -137.0, -967.0
296.83039104, 188.0, -137.0, -966.0
296.849660032, 187.0, -136.0, -963.0
296.868929152, 190.0, -144.0, -964.0
296.888198272, 186.0, -135.0, -966.0
296.907467392, 188.0, -138.0, -968.0
296.926736384, 187.0, -135.0, -965.0
296.946005504, 187.0, -136.0, -965.0
296.965274624, 191.0, -135.0, -963.0
296.984543616, 189.0, -135.0, -966.0
297.003812736, 193.0, -135.0, -962.0
297.023081856, 189.0, -134.0, -965.0
297.042350848, 193.0, -130.0, -967.0
297.061619968, 193.0, -141.0, -965.0
297.080889088, 194.0, -134.0, -964.0
297.10015808, 194.0, -134.0, -966.0
297.1194272, 194.0, -132.0, -966.0
297.13869632, 189.0, -135.0, -967.0
297.15796544, 191.0, -136.0, -965.0
297.177234432, 194.0, -139.0, -963.0
297.196503552, 196.0, -137.0, -966.0
297.215772672, 190.0, -134.0, -965.0
297.235041664, 186.0, -138.0, -967.0
297.254310784, 189.0, -139.0, -965.0
297.273579904, 194.0, -137.0, -963.0
297.292848896, 184.0, -140.0, -965.0
297.312118016, 189.0, -134.0, -967.0
297.331387136, 189.0, -133.0, -963.0
297.350656128, 188.0, -133.0, -968.0
297.369925248, 192.0, -132.0, -962.0
297.389194368, 191.0, -136.0, -965.0
297.408463488, 189.0, -133.0, -968.0
297.42773248, 193.0, -129.0, -964.0
297.4470016, 191.0, -131.0, -963.0
297.46627072, 195.0, -133.0, -966.0
297.485539712, 195.0, -135.0, -966.0
297.504808832, 193.0, -131.0, -967.0
297.524077952, 199.0, -138.0, -965.0
297.543346944, 193.0, -136.0, -965.0
297.562616064, 196.0, -137.0, -966.0
297.581885184, 194.0, -137.0, -967.0
297.601154176, 192.0, -132.0, -961.0
297.620423296, 191.0, -134.0, -965.0
297.639692416, 186.0, -138.0, -970.0
297.658961408, 187.0, -143.0, -965.0
297.678230528, 189.0, -136.0, -962.0
297.697499648, 193.0, -139.0, -966.0
297.716768768, 187.0, -134.0, -965.0
297.73603776, 185.0, -134.0, -963.0
297.75530688, 187.0, -139.0, -967.0
297.774576, 190.0, -135.0, -963.0
297.793844992, 189.0, -135.0, -968.0
297.813114112, 190.0, -135.0, -964.0
297.832383232, 189.0, -133.0, -971.0
297.851652224, 189.0, -132.0, -967.0
297.870921344, 190.0, -134.0, -969.0
297.890190464, 195.0, -135.0, -964.0
297.909459456, 191.0, -140.0, -963.0
297.928728576, 191.0, -137.0, -968.0
297.947997696, 189.0, -136.0, -970.0
297.967266816, 194.0, -134.0, -962.0
297.986535808, 193.0, -137.0, -965.0
298.005804928, 189.0, -141.0, -965.0
298.025074048, 188.0, -139.0, -965.0
298.04434304, 186.0, -137.0, -969.0
298.06361216, 187.0, -137.0, -969.0
298.08288128, 188.0, -137.0, -962.0
298.102150265, 189.0, -134.0, -970.0
298.121418368, 185.0, -144.0, -964.0
298.140686464, 186.0, -136.0, -962.0
298.159954688, 186.0, -134.0, -964.0
298.179222784, 189.0, -138.0, -965.0
298.19849088, 188.0, -134.0, -966.0
298.217759104, 187.0, -136.0, -966.0
298.2370272, 189.0, -129.0, -966.0
298.256295296, 191.0, -134.0, -964.0
298.27556352, 193.0, -135.0, -961.0
298.294831616, 191.0, -132.0, -962.0
298.314099712, 191.0, -135.0, -964.0
298.333367936, 189.0, -136.0, -969.0
298.352636032, 194.0, -139.0, -964.0
298.371904128, 187.0, -139.0, -968.0
298.391172224, 186.0, -137.0, -966.0
298.410440448, 187.0, -140.0, -964.0
298.429708544, 186.0, -139.0, -967.0
298.44897664, 186.0, -137.0, -966.0
298.468244864, 178.0, -139.0, -964.0
298.48751296, 181.0, -144.0, -969.0
298.506781056, 184.0, -141.0, -966.0
298.52604928, 182.0, -137.0, -965.0
298.545317376, 185.0, -131.0, -967.0
298.564585472, 185.0, -130.0, -966.0
298.583853696, 189.0, -140.0, -965.0
298.603121792, 190.0, -136.0, -963.0
298.622389888, 188.0, -133.0, -966.0
298.641658112, 190.0, -135.0, -968.0
298.660926208, 188.0, -135.0, -964.0
298.680194304, 191.0, -136.0, -966.0
298.699462528, 192.0, -137.0, -966.0
298.718730624, 188.0, -136.0, -962.0
298.73799872, 193.0, -135.0, -967.0
298.757266944, 194.0, -141.0, -966.0
298.77653504, 191.0, -137.0, -963.0
298.795803136, 192.0, -137.0, -967.0
298.81507136, 189.0, -135.0, -965.0
298.834339456, 189.0, -138.0, -966.0
298.853607552, 186.0, -137.0, -965.0
298.872875648, 186.0, -139.0, -965.0
298.892143872, 187.0, -139.0, -967.0
298.911411968, 189.0, -139.0, -967.0
298.930680064, 183.0, -140.0, -966.0
298.949948288, 184.0, -136.0, -966.0
298.969216384, 186.0, -137.0, -966.0
298.98848448, 191.0, -134.0, -965.0
299.007752704, 191.0, -136.0, -965.0
299.0270208, 190.0, -134.0, -963.0
299.046288896, 190.0, -133.0, -966.0
299.06555712, 190.0, -136.0, -966.0
299.084825216, 190.0, -137.0, -969.0
299.104093312, 190.0, -136.0, -965.0
299.123361536, 192.0, -135.0, -964.0
299.142629632, 195.0, -135.0, -966.0
299.161897728, 189.0, -134.0, -963.0
299.181165952, 187.0, -139.0, -969.0
299.200434048, 186.0, -136.0, -966.0
299.219702144, 191.0, -135.0, -966.0
299.238970368, 191.0, -134.0, -969.0
299.258238464, 189.0, -138.0, -968.0
299.27750656, 189.0, -135.0, -968.0
299.296774784, 188.0, -132.0, -967.0
299.31604288, 189.0, -137.0, -963.0
299.335310976, 189.0, -138.0, -968.0
299.354579072, 193.0, -136.0, -965.0
299.373847296, 187.0, -134.0, -963.0
299.393115392, 187.0, -136.0, -963.0
299.412383488, 187.0, -136.0, -967.0
299.431651712, 190.0, -135.0, -964.0
299.450919808, 192.0, -132.0, -967.0
299.470187904, 192.0, -135.0, -963.0
299.489456128, 194.0, -137.0, -968.0
299.508724224, 195.0, -138.0, -967.0
299.52799232, 190.0, -132.0, -968.0
299.547260544, 189.0, -135.0, -969.0
299.56652864, 190.0, -137.0, -965.0
299.585796736, 193.0, -134.0, -966.0
299.60506496, 190.0, -136.0, -960.0
299.624333056, 191.0, -136.0, -966.0
299.643601152, 189.0, -133.0, -968.0
299.662869376, 190.0, -134.0, -966.0
299.682137472, 188.0, -139.0, -967.0
299.701405568, 189.0, -138.0, -967.0
299.720673792, 189.0, -138.0, -964.0
299.739941888, 193.0, -134.0, -967.0
299.759209984, 187.0, -134.0, -966.0
299.778478208, 184.0, -133.0, -968.0
299.797746304, 190.0, -137.0, -964.0
299.8170144, 196.0, -133.0, -963.0
299.836282496, 190.0, -129.0, -964.0
299.85555072, 189.0, -134.0, -964.0
299.874818816, 192.0, -134.0, -965.0
299.894086912, 192.0, -134.0, -961.0
299.913355136, 193.0, -134.0, -962.0
299.932623232, 197.0, -135.0, -968.0
299.951891328, 192.0, -135.0, -967.0
299.971159552, 194.0, -135.0, -966.0
299.990427648, 192.0, -135.0, -970.0
300.009695744, 188.0, -139.0, -963.0
300.028963968, 188.0, -137.0, -964.0
300.048232064, 189.0, -133.0, -965.0
300.06750016, 191.0, -140.0, -965.0
300.086768384, 185.0, -137.0, -969.0
300.10603648, 185.0, -136.0, -968.0
300.125304576, 183.0, -134.0, -966.0
300.1445728, 186.0, -139.0, -965.0
300.163840896, 189.0, -138.0, -965.0
300.183108992, 192.0, -135.0, -964.0
300.202377216, 191.0, -136.0, -970.0
300.221645312, 190.0, -136.0, -960.0
300.240913408, 193.0, -139.0, -966.0
300.260181504, 189.0, -137.0, -968.0
300.279449728, 191.0, -132.0, -967.0
300.298717824, 190.0, -137.0, -965.0
300.31798592, 189.0, -140.0, -969.0
300.337254144, 188.0, -135.0, -963.0
300.35652224, 192.0, -137.0, -969.0
300.375790336, 189.0, -137.0, -965.0
300.39505856, 192.0, -143.0, -966.0
300.414326697, 191.0, -141.0, -963.0
300.433593472, 185.0, -143.0, -969.0
300.452860288, 188.0, -138.0, -965.0
300.472127104, 185.0, -134.0, -969.0
300.49139392, 188.0, -135.0, -969.0
300.510660736, 185.0, -137.0, -961.0
300.529927552, 186.0, -137.0, -967.0
300.549194368, 189.0, -137.0, -966.0
300.568461184, 191.0, -138.0, -963.0
300.587727872, 190.0, -134.0, -962.0
300.606994688, 184.0, -139.0, -963.0
300.626261504, 184.0, -137.0, -963.0
300.64552832, 188.0, -131.0, -964.0
300.664795136, 191.0, -132.0, -964.0
300.684061952, 192.0, -138.0, -961.0
300.703328768, 186.0, -137.0, -965.0
300.722595584, 188.0, -133.0, -969.0
300.7418624, 189.0, -136.0, -965.0
300.761129216, 190.0, -136.0, -964.0
300.780396032, 189.0, -138.0, -969.0
300.799662848, 186.0, -135.0, -966.0
300.818929664, 184.0, -140.0, -968.0
300.83819648, 192.0, -139.0, -967.0
300.857463296, 188.0, -140.0, -964.0
300.876729984, 187.0, -144.0, -966.0
300.8959968, 185.0, -136.0, -966.0
300.915263616, 186.0, -135.0, -967.0
300.934530432, 180.0, -138.0, -966.0
300.953797248, 185.0, -139.0, -968.0
300.973064064, 191.0, -136.0, -966.0
300.99233088, 187.0, -134.0, -965.0
301.011597696, 189.0, -136.0, -964.0
301.030864512, 186.0, -137.0, -966.0
301.050131328, 192.0, -129.0, -967.0
301.069398144, 193.0, -136.0, -968.0
301.08866496, 192.0, -135.0, -962.0
301.107931776, 189.0, -133.0, -967.0
301.127198592, 186.0, -137.0, -966.0
301.146465408, 188.0, -134.0, -966.0
301.165732096, 192.0, -136.0, -964.0
301.184998912, 191.0, -138.0, -967.0
301.204265728, 188.0, -139.0, -961.0
301.223532544, 191.0, -139.0, -962.0
301.24279936, 190.0, -135.0, -966.0
301.262066176, 188.0, -139.0, -961.0
301.281332992, 191.0, -140.0, -965.0
301.300599808, 187.0, -142.0, -967.0
301.319866624, 190.0, -142.0, -968.0
301.33913344, 187.0, -139.0, -969.0
301.358400256, 186.0, -138.0, -967.0
301.377667072, 187.0, -141.0, -965.0
301.396933888, 191.0, -134.0, -964.0
301.416200704, 190.0, -135.0, -967.0
301.43546752, 193.0, -134.0, -967.0
301.454734208, 192.0, -137.0, -963.0
301.474001024, 188.0, -131.0, -963.0
301.49326784, 188.0, -135.0, -963.0
301.512534656, 189.0, -134.0, -964.0
301.531801472, 190.0, -127.0, -965.0
301.551068288, 193.0, -133.0, -961.0
301.570335104, 193.0, -137.0, -971.0
301.58960192, 189.0, -133.0, -968.0
301.608868736, 193.0, -135.0, -966.0
301.628135552, 189.0, -134.0, -969.0
301.647402368, 189.0, -138.0, -968.0
301.666669184, 188.0, -138.0, -964.0
301.685936, 190.0, -138.0, -965.0
301.705202816, 188.0, -139.0, -965.0
301.724469632, 192.0, -138.0, -964.0
301.74373632, 185.0, -136.0, -967.0
301.763003136, 191.0, -137.0, -967.0
301.782269952, 192.0, -134.0, -965.0
301.801536768, 191.0, -135.0, -964.0
301.820803584, 189.0, -131.0, -963.0
301.8400704, 193.0, -132.0, -964.0
301.859337216, 189.0, -133.0, -965.0
301.878604032, 192.0, -137.0, -965.0
301.897870848, 190.0, -132.0, -964.0
301.917137664, 192.0, -132.0, -966.0
301.93640448, 193.0, -131.0, -963.0
301.955671296, 195.0, -136.0, -963.0
301.974938112, 191.0, -135.0, -965.0
301.994204928, 193.0, -131.0, -965.0
302.013471744, 194.0, -135.0, -966.0
302.032738432, 191.0, -140.0, -967.0
302.052005248, 190.0, -138.0, -967.0
302.071272064, 195.0, -143.0, -967.0
302.09053888, 189.0, -134.0, -964.0
302.109805696, 185.0, -143.0, -964.0
302.129072512, 185.0, -141.0, -964.0
302.148339328, 185.0, -140.0, -962.0
302.167606144, 191.0, -138.0, -967.0
302.18687296, 190.0, -136.0, -963.0
302.206139776, 189.0, -136.0, -969.0
302.225406592, 187.0, -136.0, -964.0
302.244673408, 192.0, -134.0, -967.0
302.263940224, 190.0, -137.0, -964.0
302.28320704, 187.0, -133.0, -965.0
302.302473833, 191.0, -130.0, -966.0
302.321739136, 190.0, -127.0, -963.0
302.341004416, 192.0, -135.0, -966.0
302.360269824, 196.0, -136.0, -966.0
302.379535104, 197.0, -137.0, -965.0
302.398800384, 192.0, -135.0, -963.0
302.418065664, 192.0, -137.0, -968.0
302.437331072, 191.0, -138.0, -967.0
302.456596352, 185.0, -138.0, -966.0
302.475861632, 194.0, -141.0, -969.0
302.495126912, 194.0, -137.0, -970.0
302.51439232, 190.0, -138.0, -965.0
302.5336576, 188.0, -141.0, -968.0
302.55292288, 185.0, -139.0, -965.0
302.572188288, 189.0, -139.0, -968.0
302.591453568, 187.0, -138.0, -964.0
302.610718848, 186.0, -133.0, -965.0
302.629984128, 190.0, -136.0, -965.0
302.649249536, 186.0, -133.0, -967.0
302.668514816, 190.0, -137.0, -965.0
302.687780096, 187.0, -135.0, -965.0
302.707045376, 189.0, -135.0, -962.0
302.726310784, 189.0, -135.0, -964.0
302.745576064, 186.0, -141.0, -967.0
302.764841344, 187.0, -133.0, -963.0
302.784106624, 190.0, -137.0, -965.0
302.803372032, 194.0, -137.0, -967.0
302.822637312, 190.0, -138.0, -968.0
302.841902592, 188.0, -142.0, -965.0
302.861168, 188.0, -144.0, -966.0
302.88043328, 193.0, -139.0, -964.0
302.89969856, 193.0, -141.0, -967.0
302.91896384, 186.0, -136.0, -965.0
302.938229248, 185.0, -141.0, -969.0
302.957494528, 186.0, -139.0, -964.0
302.976759808, 187.0, -141.0, -967.0
302.996025088, 185.0, -136.0, -967.0
303.015290496, 182.0, -135.0, -966.0
303.034555776, 180.0, -138.0, -967.0
303.053821056, 187.0, -136.0, -964.0
303.073086464, 189.0, -132.0, -964.0
303.092351744, 190.0, -135.0, -965.0
303.111617024, 186.0, -138.0, -968.0
303.130882304, 187.0, -135.0, -963.0
303.150147712, 188.0, -135.0, -964.0
303.169412992, 191.0, -133.0, -967.0
303.188678272, 188.0, -135.0, -964.0
303.207943552, 193.0, -132.0, -965.0
303.22720896, 190.0, -136.0, -972.0
303.24647424, 192.0, -137.0, -966.0
303.26573952, 189.0, -143.0, -965.0
303.285004928, 190.0, -142.0, -969.0
303.304270208, 187.0, -140.0, -967.0
303.323535488, 186.0, -136.0, -972.0
303.342800768, 184.0, -139.0, -960.0
303.362066176, 185.0, -137.0, -967.0
303.381331456, 187.0, -137.0, -965.0
303.400596736, 183.0, -136.0, -966.0
303.419862016, 187.0, -133.0, -966.0
303.439127424, 186.0, -138.0, -964.0
303.458392704, 189.0, -136.0, -965.0
303.477657984, 188.0, -132.0, -964.0
303.496923264, 185.0, -136.0, -967.0
303.516188672, 188.0, -132.0, -967.0
303.535453952, 190.0, -134.0, -964.0
303.554719232, 189.0, -136.0, -963.0
303.57398464, 188.0, -136.0, -966.0
303.59324992, 194.0, -143.0, -968.0
303.6125152, 194.0, -135.0, -963.0
303.63178048, 192.0, -138.0, -967.0
303.651045888, 187.0, -136.0, -968.0
303.670311168, 193.0, -135.0, -968.0
303.689576448, 188.0, -141.0, -966.0
303.708841728, 191.0, -138.0, -968.0
303.728107136, 186.0, -136.0, -970.0
303.747372416, 183.0, -138.0, -966.0
303.766637696, 187.0, -136.0, -963.0
303.785903104, 187.0, -138.0, -965.0
303.805168384, 189.0, -132.0, -968.0
303.824433664, 190.0, -134.0, -966.0
303.843698944, 188.0, -136.0, -966.0
303.862964352, 187.0, -132.0, -966.0
303.882229632, 197.0, -135.0, -965.0
303.901494912, 189.0, -129.0, -962.0
303.920760192, 184.0, -135.0, -967.0
303.9400256, 189.0, -132.0, -963.0
303.95929088, 198.0, -138.0, -967.0
303.97855616, 195.0, -136.0, -963.0
303.99782144, 193.0, -138.0, -964.0
304.017086848, 189.0, -132.0, -966.0
304.036352128, 195.0, -138.0, -962.0
304.055617408, 192.0, -139.0, -968.0
304.074882816, 192.0, -140.0, -968.0
304.094148096, 187.0, -134.0, -966.0
304.113413376, 186.0, -135.0, -966.0
304.132678656, 186.0, -141.0, -967.0
304.151944064, 189.0, -136.0, -963.0
304.171209344, 188.0, -139.0, -966.0
304.190474624, 189.0, -136.0, -965.0
304.209739904, 184.0, -138.0, -965.0
304.229005312, 189.0, -139.0, -969.0
304.248270592, 189.0, -132.0, -962.0
304.267535872, 189.0, -133.0, -964.0
304.28680128, 194.0, -131.0, -968.0
304.30606656, 191.0, -133.0, -964.0
304.32533184, 190.0, -134.0, -965.0
304.34459712, 191.0, -138.0, -964.0
304.363862492, 190.0, -134.0, -961.0
304.38312832, 196.0, -134.0, -965.0
304.402394112, 195.0, -134.0, -965.0
304.421659776, 190.0, -134.0, -963.0
304.440925568, 194.0, -139.0, -966.0
304.460191232, 193.0, -142.0, -968.0
304.479457024, 189.0, -135.0, -968.0
304.498722688, 187.0, -138.0, -968.0
304.51798848, 187.0, -141.0, -967.0
304.537254272, 188.0, -134.0, -967.0
304.556519936, 187.0, -136.0, -967.0
304.575785728, 189.0, -134.0, -966.0
304.595051392, 185.0, -137.0, -966.0
304.614317184, 189.0, -135.0, -964.0
304.633582976, 187.0, -135.0, -965.0
304.65284864, 191.0, -136.0, -967.0
304.672114432, 187.0, -135.0, -966.0
304.691380096, 192.0, -138.0, -964.0
304.710645888, 189.0, -127.0, -964.0
304.729911552, 193.0, -130.0, -963.0
304.749177344, 190.0, -130.0, -968.0
304.768443136, 198.0, -130.0, -966.0
304.7877088, 190.0, -142.0, -967.0
304.806974592, 187.0, -138.0, -970.0
304.826240256, 189.0, -139.0, -967.0
304.845506048, 190.0, -139.0, -968.0
304.86477184, 190.0, -136.0, -968.0
304.884037504, 188.0, -137.0, -967.0
304.903303296, 189.0, -138.0, -970.0
304.92256896, 185.0, -138.0, -966.0
304.941834752, 187.0, -141.0, -967.0
304.961100416, 184.0, -137.0, -966.0
304.980366208, 186.0, -134.0, -966.0
304.999632, 185.0, -135.0, -966.0
305.018897664, 186.0, -136.0, -966.0
305.038163456, 184.0, -138.0, -967.0
305.05742912, 187.0, -135.0, -960.0
305.076694912, 194.0, -133.0, -963.0
305.095960576, 188.0, -132.0, -966.0
305.115226368, 187.0, -131.0, -964.0
305.13449216, 190.0, -135.0, -968.0
305.153757824, 192.0, -132.0, -970.0
305.173023616, 191.0, -136.0, -964.0
305.19228928, 189.0, -136.0, -965.0
305.211555072, 191.0, -137.0, -964.0
305.230820864, 190.0, -138.0, -966.0
305.250086528, 187.0, -139.0, -969.0
305.26935232, 186.0, -144.0, -967.0
305.288617984, 188.0, -142.0, -970.0
305.307883776, 186.0, -135.0, -965.0
305.32714944, 185.0, -139.0, -963.0
305.346415232, 183.0, -136.0, -968.0
305.365681024, 185.0, -143.0, -964.0
305.384946688, 179.0, -143.0, -966.0
305.40421248, 180.0, -135.0, -965.0
305.423478144, 186.0, -132.0, -964.0
305.442743936, 184.0, -135.0, -967.0
305.462009728, 186.0, -136.0, -968.0
305.481275392, 186.0, -134.0, -967.0
305.500541184, 189.0, -133.0, -966.0
305.519806848, 192.0, -130.0, -965.0
305.53907264, 190.0, -131.0, -959.0
305.558338304, 189.0, -134.0, -965.0
305.577604096, 191.0, -135.0, -966.0
305.596869888, 195.0, -136.0, -967.0
305.616135552, 188.0, -135.0, -965.0
305.635401344, 189.0, -138.0, -967.0
305.654667008, 193.0, -133.0, -966.0
305.6739328, 188.0, -138.0, -965.0
305.693198464, 185.0, -140.0, -967.0
305.712464256, 181.0, -139.0, -971.0
305.731730048, 187.0, -137.0, -970.0
305.750995712, 188.0, -136.0, -967.0
305.770261504, 187.0, -135.0, -962.0
305.789527168, 183.0, -138.0, -966.0
305.80879296, 185.0, -141.0, -968.0
305.828058752, 186.0, -135.0, -963.0
305.847324416, 187.0, -136.0, -965.0
305.866590208, 187.0, -139.0, -962.0
305.885855872, 186.0, -133.0, -966.0
305.905121664, 192.0, -136.0, -961.0
305.924387328, 194.0, -134.0, -962.0
305.94365312, 196.0, -136.0, -963.0
305.962918912, 194.0, -135.0, -961.0
305.982184576, 194.0, -137.0, -966.0
306.001450368, 191.0, -132.0, -965.0
306.020716032, 190.0, -136.0, -969.0
306.039981824, 190.0, -132.0, -968.0
306.059247616, 187.0, -132.0, -964.0
306.07851328, 190.0, -135.0, -964.0
306.097779072, 191.0, -140.0, -968.0
306.117044736, 189.0, -142.0, -966.0
306.136310528, 183.0, -137.0, -968.0
306.155576192, 185.0, -141.0, -967.0
306.174841984, 189.0, -134.0, -971.0
306.194107776, 185.0, -135.0, -968.0
306.21337344, 187.0, -134.0, -965.0
306.232639232, 192.0, -137.0, -967.0
306.251904896, 188.0, -132.0, -965.0
306.271170688, 190.0, -131.0, -966.0
306.290436352, 190.0, -132.0, -968.0
306.309702144, 189.0, -133.0, -966.0
306.328967936, 188.0, -131.0, -969.0
306.3482336, 188.0, -131.0, -963.0
306.367499392, 189.0, -133.0, -964.0
306.386765056, 191.0, -132.0, -965.0
306.406030848, 193.0, -132.0, -963.0
306.42529664, 188.0, -134.0, -967.0
306.444562304, 190.0, -131.0, -969.0
306.463828096, 194.0, -133.0, -964.0
306.48309376, 190.0, -135.0, -965.0
306.502359552, 190.0, -138.0, -968.0
306.521625216, 185.0, -137.0, -966.0
306.540891008, 188.0, -134.0, -965.0
306.5601568, 188.0, -135.0, -969.0
306.579422464, 191.0, -136.0, -967.0
306.598688256, 185.0, -137.0, -970.0
306.61795392, 184.0, -136.0, -969.0
306.637219712, 189.0, -137.0, -963.0
306.656485504, 188.0, -133.0, -963.0
306.675751168, 187.0, -134.0, -967.0
306.69501696, 187.0, -133.0, -967.0
306.714282566, 193.0, -130.0, -963.0
306.733548672, 192.0, -135.0, -963.0
306.75281472, 189.0, -134.0, -964.0
306.77208064, 192.0, -132.0, -963.0
306.791346688, 195.0, -130.0, -965.0
306.810612736, 193.0, -132.0, -964.0
306.829878784, 191.0, -131.0, -967.0
306.849144704, 191.0, -133.0, -965.0
306.868410752, 191.0, -139.0, -965.0
306.8876768, 190.0, -139.0, -961.0
306.906942848, 187.0, -130.0, -965.0
306.926208768, 188.0, -132.0, -967.0
306.945474816, 188.0, -136.0, -964.0
306.964740864, 186.0, -139.0, -968.0
306.984006784, 191.0, -139.0, -966.0
307.003272832, 185.0, -136.0, -962.0
307.02253888, 188.0, -135.0, -966.0
307.041804928, 188.0, -133.0, -965.0
307.061070848, 190.0, -137.0, -964.0
307.080336896, 186.0, -135.0, -964.0
307.099602944, 189.0, -135.0, -966.0
307.118868992, 184.0, -132.0, -963.0
307.138134912, 186.0, -129.0, -968.0
307.15740096, 189.0, -134.0, -967.0
307.176667008, 194.0, -136.0, -965.0
307.195933056, 187.0, -133.0, -964.0
307.215198976, 187.0, -135.0, -967.0
307.234465024, 190.0, -132.0, -963.0
307.253731072, 190.0, -135.0, -967.0
307.272996992, 190.0, -132.0, -967.0
307.29226304, 186.0, -137.0, -964.0
307.311529088, 189.0, -133.0, -965.0
307.330795136, 185.0, -135.0, -966.0
307.350061056, 188.0, -138.0, -968.0
307.369327104, 182.0, -144.0, -967.0
307.388593152, 181.0, -139.0, -969.0
307.4078592, 185.0, -134.0, -963.0
307.42712512, 189.0, -133.0, -967.0
307.446391168, 185.0, -133.0, -967.0
307.465657216, 187.0, -134.0, -967.0
307.484923136, 188.0, -136.0, -965.0
307.504189184, 182.0, -136.0, -967.0
307.523455232, 183.0, -130.0, -969.0
307.54272128, 187.0, -130.0, -964.0
307.5619872, 186.0, -134.0, -964.0
307.581253248, 187.0, -136.0, -962.0
307.600519296, 188.0, -134.0, -964.0
307.619785344, 186.0, -134.0, -964.0
307.639051264, 186.0, -135.0, -966.0
307.658317312, 182.0, -135.0, -967.0
307.67758336, 187.0, -130.0, -968.0
307.69684928, 185.0, -135.0, -967.0
307.716115328, 188.0, -141.0, -965.0
307.735381376, 187.0, -132.0, -966.0
307.754647424, 186.0, -139.0, -969.0
307.773913344, 185.0, -140.0, -964.0
307.793179392, 185.0, -138.0, -967.0
307.81244544, 187.0, -137.0, -972.0
307.831711488, 187.0, -137.0, -968.0
307.850977408, 184.0, -143.0, -964.0
307.870243456, 184.0, -135.0, -966.0
307.889509504, 185.0, -134.0, -966.0
307.908775424, 189.0, -130.0, -967.0
307.928041472, 187.0, -134.0, -971.0
307.94730752, 184.0, -128.0, -965.0
307.966573568, 187.0, -135.0, -966.0
307.985839488, 184.0, -130.0, -964.0
308.005105536, 186.0, -137.0, -960.0
308.024371584, 190.0, -131.0, -966.0
308.043637632, 189.0, -139.0, -967.0
308.062903552, 187.0, -138.0, -967.0
308.0821696, 186.0, -133.0, -968.0
308.101435648, 189.0, -138.0, -967.0
308.120701696, 186.0, -137.0, -967.0
308.139967616, 182.0, -139.0, -968.0
308.159233664, 193.0, -139.0, -965.0
308.178499712, 191.0, -133.0, -966.0
308.197765632, 186.0, -134.0, -968.0
308.21703168, 183.0, -136.0, -964.0
308.236297728, 185.0, -132.0, -969.0
308.255563776, 185.0, -138.0, -966.0
308.274829696, 189.0, -136.0, -968.0
308.294095744, 187.0, -135.0, -962.0
308.313361792, 187.0, -133.0, -967.0
308.33262784, 189.0, -135.0, -965.0
308.35189376, 188.0, -134.0, -968.0
308.371159808, 188.0, -132.0, -964.0
308.390425856, 188.0, -133.0, -965.0
308.409691776, 190.0, -133.0, -969.0
308.428957824, 190.0, -134.0, -965.0
308.448223872, 189.0, -134.0, -967.0
308.46748992, 189.0, -139.0, -963.0
308.48675584, 190.0, -140.0, -968.0
308.506021888, 194.0, -134.0, -968.0
308.525287936, 189.0, -137.0, -965.0
308.544553984, 190.0, -135.0, -965.0
308.563819904, 186.0, -138.0, -963.0
308.583085952, 188.0, -135.0, -967.0
308.602352, 190.0, -136.0, -964.0
308.62161792, 190.0, -139.0, -968.0
308.640883968, 189.0, -136.0, -969.0
308.660150016, 189.0, -136.0, -964.0
308.679416064, 193.0, -133.0, -968.0
308.698681984, 184.0, -130.0, -968.0
308.717948032, 187.0, -133.0, -965.0
308.73721408, 187.0, -134.0, -967.0
308.756480128, 188.0, -131.0, -967.0
308.775745997, 187.0, -131.0, -964.0
308.795011456, 189.0, -131.0, -965.0
308.814276864, 193.0, -132.0, -963.0
308.8335424, 196.0, -132.0, -961.0
308.852807808, 189.0, -132.0, -966.0
308.872073344, 192.0, -130.0, -962.0
308.891338752, 191.0, -136.0, -962.0
308.91060416, 194.0, -139.0, -966.0
308.929869696, 189.0, -136.0, -967.0
308.949135104, 189.0, -138.0, -966.0
308.96840064, 189.0, -142.0, -964.0
308.987666048, 186.0, -136.0, -968.0
309.006931456, 187.0, -133.0, -969.0
309.026196992, 186.0, -134.0, -966.0
309.0454624, 186.0, -133.0, -966.0
309.064727936, 186.0, -136.0, -967.0
309.083993344, 185.0, -134.0, -963.0
309.103258752, 185.0, -134.0, -967.0
309.122524288, 184.0, -133.0, -966.0
309.141789696, 189.0, -130.0, -968.0
309.161055104, 187.0, -132.0, -967.0
309.18032064, 191.0, -131.0, -966.0
309.199586048, 192.0, -128.0, -965.0
309.218851584, 191.0, -135.0, -966.0
309.238116992, 188.0, -137.0, -964.0
309.2573824, 188.0, -138.0, -968.0
309.276647936, 189.0, -138.0, -967.0
309.295913344, 195.0, -132.0, -969.0
309.31517888, 190.0, -131.0, -966.0
309.334444288, 187.0, -132.0, -972.0
309.353709696, 191.0, -139.0, -965.0
309.372975232, 188.0, -140.0, -967.0
309.39224064, 187.0, -140.0, -967.0
309.411506176, 183.0, -142.0, -967.0
309.430771584, 187.0, -135.0, -968.0
309.450036992, 185.0, -139.0, -966.0
309.469302528, 186.0, -134.0, -962.0
309.488567936, 188.0, -134.0, -963.0
309.507833472, 185.0, -134.0, -965.0
309.52709888, 184.0, -134.0, -967.0
309.546364288, 187.0, -137.0, -963.0
309.565629824, 185.0, -137.0, -969.0
309.584895232, 186.0, -134.0, -963.0
309.604160768, 191.0, -135.0, -967.0
309.623426176, 186.0, -133.0, -968.0
309.642691584, 185.0, -134.0, -970.0
309.66195712, 187.0, -137.0, -967.0
309.681222528, 189.0, -136.0, -966.0
309.700488064, 190.0, -140.0, -965.0
309.719753472, 187.0, -138.0, -965.0
309.73901888, 191.0, -138.0, -962.0
309.758284416, 186.0, -138.0, -971.0
309.777549824, 189.0, -139.0, -966.0
309.79681536, 180.0, -135.0, -971.0
309.816080768, 185.0, -136.0, -969.0
309.835346176, 182.0, -139.0, -968.0
309.854611712, 183.0, -134.0, -968.0
309.87387712, 190.0, -139.0, -968.0
309.893142528, 181.0, -136.0, -965.0
309.912408064, 186.0, -138.0, -964.0
309.931673472, 180.0, -135.0, -965.0
309.950939008, 184.0, -134.0, -966.0
309.970204416, 187.0, -130.0, -964.0
309.989469824, 190.0, -136.0, -969.0
310.00873536, 187.0, -135.0, -962.0
310.028000768, 181.0, -135.0, -967.0
310.047266304, 189.0, -132.0, -965.0
310.066531712, 187.0, -135.0, -963.0
310.08579712, 189.0, -137.0, -965.0
310.105062656, 188.0, -134.0, -969.0
310.124328064, 186.0, -138.0, -966.0
310.1435936, 189.0, -141.0, -962.0
310.162859008, 187.0, -136.0, -968.0
310.182124416, 190.0, -135.0, -967.0
310.201389952, 183.0, -137.0, -965.0
310.22065536, 185.0, -138.0, -966.0
310.239920896, 185.0, -137.0, -971.0
310.259186304, 182.0, -136.0, -967.0
310.278451712, 186.0, -133.0, -967.0
310.297717248, 187.0, -132.0, -970.0
310.316982656, 184.0, -136.0, -965.0
310.336248192, 186.0, -134.0, -963.0
310.3555136, 187.0, -133.0, -967.0
310.374779008, 188.0, -130.0, -964.0
310.394044544, 185.0, -133.0, -966.0
310.413309952, 188.0, -132.0, -965.0
310.432575488, 188.0, -133.0, -965.0
310.451840896, 197.0, -132.0, -965.0
310.471106304, 188.0, -139.0, -965.0
310.49037184, 186.0, -137.0, -966.0
310.509637248, 191.0, -136.0, -962.0
310.528902784, 194.0, -135.0, -969.0
310.548168192, 186.0, -138.0, -966.0
310.5674336, 189.0, -139.0, -967.0
310.586699136, 189.0, -139.0, -967.0
310.605964544, 189.0, -139.0, -970.0
310.625229952, 184.0, -139.0, -970.0
310.644495488, 183.0, -138.0, -967.0
310.663760896, 183.0, -136.0, -965.0
310.683026432, 178.0, -134.0, -968.0
310.70229184, 184.0, -135.0, -965.0
310.721557248, 184.0, -137.0, -965.0
310.740822784, 185.0, -137.0, -964.0
310.760088192, 188.0, -140.0, -960.0
310.779353728, 186.0, -136.0, -967.0
310.798619136, 187.0, -134.0, -964.0
310.817884544, 186.0, -131.0, -968.0
310.83715008, 189.0, -132.0, -963.0
310.856415488, 188.0, -131.0, -967.0
310.875681024, 189.0, -133.0, -965.0
310.894946431, 186.0, -134.0, -970.0
310.914212096, 187.0, -130.0, -965.0
310.93347776, 189.0, -128.0, -967.0
310.952743424, 188.0, -137.0, -966.0
310.972009216, 189.0, -140.0, -968.0
310.99127488, 186.0, -139.0, -970.0
311.010540544, 190.0, -138.0, -967.0
311.029806208, 188.0, -135.0, -966.0
311.049071872, 184.0, -138.0, -967.0
311.068337664, 178.0, -142.0, -966.0
311.087603328, 184.0, -133.0, -966.0
311.106868992, 188.0, -134.0, -966.0
311.126134656, 184.0, -129.0, -965.0
311.14540032, 184.0, -132.0, -968.0
311.164666112, 189.0, -132.0, -965.0
311.183931776, 187.0, -134.0, -963.0
311.20319744, 189.0, -134.0, -966.0
311.222463104, 192.0, -127.0, -967.0
311.241728768, 192.0, -132.0, -966.0
311.260994432, 191.0, -137.0, -967.0
311.280260224, 193.0, -130.0, -972.0
311.299525888, 195.0, -132.0, -963.0
311.318791552, 190.0, -137.0, -968.0
311.338057216, 191.0, -135.0, -968.0
311.35732288, 189.0, -135.0, -967.0
311.376588672, 182.0, -132.0, -966.0
311.395854336, 188.0, -137.0, -968.0
311.41512, 190.0, -140.0, -965.0
311.434385664, 191.0, -133.0, -969.0
311.453651328, 183.0, -138.0, -964.0
311.47291712, 183.0, -137.0, -965.0
311.492182784, 183.0, -133.0, -965.0
311.511448448, 186.0, -135.0, -967.0
311.530714112, 187.0, -138.0, -967.0
311.549979776, 185.0, -136.0, -968.0
311.569245568, 184.0, -136.0, -967.0
311.588511232, 190.0, -135.0, -966.0
311.607776896, 184.0, -133.0, -966.0
311.62704256, 190.0, -133.0, -964.0
311.646308224, 190.0, -136.0, -965.0
311.665574016, 189.0, -135.0, -964.0
311.68483968, 189.0, -136.0, -968.0
311.704105344, 191.0, -132.0, -965.0
311.723371008, 191.0, -134.0, -970.0
311.742636672, 193.0, -134.0, -965.0
311.761902464, 186.0, -133.0, -968.0
311.781168128, 186.0, -138.0, -967.0
311.800433792, 186.0, -137.0, -972.0
311.819699456, 185.0, -137.0, -963.0
311.83896512, 180.0, -138.0, -968.0
311.858230784, 187.0, -142.0, -967.0
311.877496576, 180.0, -137.0, -963.0
311.89676224, 183.0, -136.0, -966.0
311.916027904, 184.0, -137.0, -966.0
311.935293568, 182.0, -134.0, -962.0
311.954559232, 186.0, -138.0, -966.0
311.973825024, 188.0, -134.0, -969.0
311.993090688, 188.0, -135.0, -968.0
312.012356352, 190.0, -133.0, -965.0
312.031622016, 186.0, -131.0, -964.0
312.05088768, 192.0, -135.0, -968.0
312.070153472, 194.0, -135.0, -961.0
312.089419136, 187.0, -132.0, -966.0
312.1086848, 187.0, -132.0, -966.0
312.127950464, 187.0, -137.0, -968.0
312.147216128, 185.0, -132.0, -973.0
312.16648192, 189.0, -138.0, -963.0
312.185747584, 186.0, -139.0, -966.0
312.205013248, 182.0, -135.0, -970.0
312.224278912, 183.0, -138.0, -970.0
312.243544576, 181.0, -139.0, -966.0
312.262810368, 181.0, -133.0, -973.0
312.282076032, 185.0, -140.0, -969.0
312.301341696, 183.0, -136.0, -966.0
312.32060736, 179.0, -136.0, -968.0
312.339873024, 180.0, -134.0, -965.0
312.359138816, 180.0, -133.0, -969.0
312.37840448, 184.0, -135.0, -968.0
312.397670144, 185.0, -133.0, -968.0
312.416935808, 188.0, -138.0, -968.0
312.436201472, 189.0, -131.0, -968.0
312.455467136, 186.0, -137.0, -969.0
312.474732928, 189.0, -135.0, -965.0
312.493998592, 189.0, -130.0, -964.0
312.513264256, 188.0, -135.0, -965.0
312.53252992, 185.0, -130.0, -967.0
312.551795584, 187.0, -133.0, -966.0
312.571061376, 187.0, -137.0, -965.0
312.59032704, 187.0, -135.0, -967.0
312.609592704, 188.0, -138.0, -964.0
312.628858368, 183.0, -136.0, -967.0
312.648124032, 184.0, -135.0, -968.0
312.667389824, 182.0, -136.0, -963.0
312.686655488, 184.0, -137.0, -971.0
312.705921175, 181.0, -140.0, -967.0
312.725188224, 185.0, -135.0, -968.0
312.744455296, 187.0, -138.0, -967.0
312.763722496, 185.0, -136.0, -969.0
312.782989568, 184.0, -135.0, -966.0
312.802256768, 187.0, -136.0, -962.0
312.82152384, 190.0, -135.0, -969.0
312.84079104, 193.0, -134.0, -965.0
312.860058112, 187.0, -130.0, -969.0
312.879325312, 191.0, -132.0, -968.0
312.898592384, 189.0, -136.0, -964.0
312.917859584, 191.0, -132.0, -968.0
312.937126656, 187.0, -133.0, -967.0
312.956393856, 190.0, -134.0, -969.0
312.975660928, 186.0, -135.0, -970.0
312.994928128, 188.0, -131.0, -966.0
313.0141952, 182.0, -132.0, -970.0
313.0334624, 185.0, -134.0, -968.0
313.052729472, 188.0, -137.0, -965.0
313.071996672, 187.0, -137.0, -966.0
313.091263744, 184.0, -138.0, -969.0
313.110530944, 183.0, -131.0, -963.0
313.129798016, 183.0, -137.0, -963.0
313.149065216, 186.0, -134.0, -964.0
313.168332288, 187.0, -132.0, -964.0
313.187599488, 191.0, -135.0, -968.0
313.20686656, 188.0, -133.0, -966.0
313.226133632, 185.0, -134.0, -963.0
313.245400832, 190.0, -131.0, -968.0
313.264667904, 192.0, -132.0, -965.0
313.283935104, 191.0, -132.0, -965.0
313.303202176, 187.0, -132.0, -968.0
313.322469376, 188.0, -135.0, -966.0
313.341736448, 189.0, -135.0, -966.0
313.361003648, 191.0, -140.0, -965.0
313.38027072, 191.0, -136.0, -969.0
313.39953792, 189.0, -134.0, -966.0
313.418804992, 186.0, -134.0, -969.0
313.438072192, 185.0, -136.0, -965.0
313.457339264, 184.0, -135.0, -963.0
313.476606464, 187.0, -136.0, -972.0
313.495873536, 182.0, -140.0, -967.0
313.515140736, 186.0, -133.0, -963.0
313.534407808, 185.0, -136.0, -967.0
313.553675008, 188.0, -135.0, -967.0
313.57294208, 184.0, -137.0, -962.0
313.59220928, 181.0, -138.0, -964.0
313.611476352, 187.0, -136.0, -964.0
313.630743552, 189.0, -131.0, -967.0
313.650010624, 188.0, -134.0, -963.0
313.669277696, 182.0, -136.0, -962.0
313.688544896, 191.0, -137.0, -965.0
313.707811968, 194.0, -134.0, -967.0
313.727079168, 190.0, -131.0, -967.0
313.74634624, 188.0, -133.0, -968.0
313.76561344, 188.0, -134.0, -965.0
313.784880512, 189.0, -136.0, -965.0
313.804147712, 188.0, -135.0, -964.0
313.823414784, 193.0, -138.0, -968.0
313.842681984, 187.0, -138.0, -970.0
313.861949056, 182.0, -136.0, -966.0
313.881216256, 184.0, -136.0, -967.0
313.900483328, 183.0, -137.0, -967.0
313.919750528, 189.0, -135.0, -969.0
313.9390176, 184.0, -136.0, -963.0
313.9582848, 186.0, -137.0, -969.0
313.977551872, 185.0, -134.0, -968.0
313.996819072, 184.0, -135.0, -968.0
314.016086144, 186.0, -136.0, -964.0
314.035353344, 181.0, -134.0, -965.0
314.054620416, 184.0, -132.0, -964.0
314.073887616, 187.0, -136.0, -970.0
314.093154688, 182.0, -130.0, -966.0
314.112421888, 189.0, -134.0, -962.0
314.13168896, 182.0, -135.0, -964.0
314.150956032, 189.0, -133.0, -968.0
314.170223232, 189.0, -136.0, -965.0
314.189490304, 182.0, -137.0, -965.0
314.208757504, 186.0, -135.0, -967.0
314.228024576, 186.0, -139.0, -971.0
314.247291776, 189.0, -136.0, -968.0
314.266558848, 180.0, -138.0, -969.0
314.285826048, 182.0, -138.0, -967.0
314.30509312, 182.0, -133.0, -965.0
314.32436032, 184.0, -138.0, -963.0
314.343627392, 186.0, -134.0, -965.0
314.362894592, 185.0, -135.0, -967.0
314.382161664, 186.0, -135.0, -966.0
314.401428864, 184.0, -136.0, -968.0
314.420695936, 184.0, -134.0, -961.0
314.439963136, 185.0, -136.0, -962.0
314.459230208, 179.0, -135.0, -968.0
314.478497408, 184.0, -132.0, -967.0
314.49776448, 184.0, -131.0, -967.0
314.51703168, 184.0, -135.0, -963.0
314.536298752, 184.0, -133.0, -967.0
314.555565952, 184.0, -134.0, -968.0
314.574833024, 183.0, -133.0, -968.0
314.594100224, 186.0, -134.0, -967.0
314.613367296, 184.0, -132.0, -969.0
314.632634368, 180.0, -137.0, -965.0
314.651901568, 178.0, -137.0, -970.0
314.67116864, 187.0, -137.0, -968.0
314.69043584, 187.0, -134.0, -965.0
314.709702912, 182.0, -139.0, -968.0
314.728970112, 183.0, -141.0, -968.0
314.748237184, 185.0, -138.0, -968.0
314.767504384, 186.0, -136.0, -969.0
314.786771456, 185.0, -134.0, -968.0
314.806038712, 183.0, -134.0, -965.0
314.8253056, 184.0, -132.0, -966.0
314.844572544, 185.0, -133.0, -971.0
314.86383936, 181.0, -132.0, -965.0
314.883106304, 187.0, -129.0, -965.0
314.902373248, 185.0, -129.0, -966.0
314.921640192, 184.0, -134.0, -963.0
314.940907008, 187.0, -136.0, -965.0
314.960173952, 185.0, -132.0, -960.0
314.979440896, 189.0, -133.0, -962.0
314.998707712, 186.0, -134.0, -968.0
315.017974656, 183.0, -137.0, -965.0
315.0372416, 189.0, -137.0, -965.0
315.056508544, 187.0, -137.0, -969.0
315.07577536, 186.0, -136.0, -969.0
315.095042304, 183.0, -135.0, -965.0
315.114309248, 183.0, -137.0, -967.0
315.133576064, 186.0, -140.0, -967.0
315.152843008, 183.0, -137.0, -968.0
315.172109952, 180.0, -135.0, -967.0
315.191376896, 188.0, -134.0, -966.0
315.210643712, 189.0, -132.0, -968.0
315.229910656, 186.0, -132.0, -964.0
315.2491776, 183.0, -134.0, -969.0
315.268444416, 187.0, -130.0, -966.0
315.28771136, 185.0, -131.0, -970.0
315.306978304, 185.0, -137.0, -966.0
315.326245248, 186.0, -131.0, -964.0
315.345512064, 188.0, -131.0, -967.0
315.364779008, 188.0, -128.0, -968.0
315.384045952, 190.0, -135.0, -970.0
315.403312768, 188.0, -135.0, -968.0
315.422579712, 186.0, -136.0, -964.0
315.441846656, 189.0, -134.0, -965.0
315.4611136, 189.0, -135.0, -971.0
315.480380416, 189.0, -139.0, -963.0
315.49964736, 189.0, -137.0, -965.0
315.518914304, 190.0, -135.0, -968.0
315.53818112, 185.0, -138.0, -970.0
315.557448064, 183.0, -136.0, -962.0
315.576715008, 186.0, -136.0, -963.0
315.595981952, 181.0, -134.0, -963.0
315.615248768, 185.0, -134.0, -966.0
315.634515712, 185.0, -131.0, -965.0
315.653782656, 190.0, -131.0, -962.0
315.673049472, 184.0, -134.0, -965.0
315.692316416, 188.0, -129.0, -963.0
315.71158336, 186.0, -130.0, -969.0
315.730850304, 182.0, -130.0, -964.0
315.75011712, 188.0, -131.0, -967.0
315.769384064, 185.0, -135.0, -969.0
315.788651008, 189.0, -132.0, -970.0
315.807917824, 186.0, -133.0, -966.0
315.827184768, 188.0, -137.0, -968.0
315.846451712, 180.0, -137.0, -964.0
315.865718656, 187.0, -135.0, -965.0
315.884985472, 187.0, -135.0, -967.0
315.904252416, 187.0, -133.0, -974.0
315.92351936, 181.0, -135.0, -968.0
315.942786176, 185.0, -135.0, -966.0
315.96205312, 180.0, -140.0, -967.0
315.981320064, 183.0, -138.0, -969.0
316.000587008, 181.0, -134.0, -968.0
316.019853824, 186.0, -134.0, -971.0
316.039120768, 185.0, -140.0, -965.0
316.058387712, 184.0, -137.0, -964.0
316.077654528, 181.0, -137.0, -969.0
316.096921472, 180.0, -128.0, -965.0
316.116188416, 186.0, -132.0, -965.0
316.13545536, 186.0, -132.0, -966.0
316.154722176, 185.0, -134.0, -968.0
316.17398912, 186.0, -134.0, -965.0
316.193256064, 190.0, -136.0, -964.0
316.21252288, 183.0, -137.0, -966.0
316.231789824, 189.0, -138.0, -963.0
316.251056768, 187.0, -137.0, -969.0
316.270323712, 185.0, -134.0, -966.0
316.289590528, 189.0, -134.0, -967.0
316.308857472, 183.0, -139.0, -969.0
316.328124416, 183.0, -141.0, -968.0
316.347391232, 181.0, -130.0, -968.0
316.366658176, 187.0, -138.0, -968.0
316.38592512, 182.0, -142.0, -966.0
316.405192064, 178.0, -139.0, -962.0
316.42445888, 177.0, -139.0, -966.0
316.443725824, 182.0, -133.0, -967.0
316.462992768, 185.0, -134.0, -968.0
316.482259584, 183.0, -136.0, -969.0
316.501526528, 187.0, -141.0, -965.0
316.520793472, 184.0, -136.0, -967.0
316.540060288, 185.0, -132.0, -966.0
316.559327232, 188.0, -134.0, -967.0
316.578594176, 189.0, -135.0, -964.0
316.59786112, 187.0, -137.0, -967.0
316.617127936, 188.0, -135.0, -968.0
316.63639488, 182.0, -138.0, -966.0
316.655661824, 185.0, -142.0, -967.0
316.67492864, 184.0, -139.0, -968.0
316.694195584, 183.0, -138.0, -963.0
316.713462537, 184.0, -137.0, -969.0
316.732730368, 182.0, -139.0, -964.0
316.751998208, 178.0, -137.0, -968.0
316.771266048, 181.0, -140.0, -968.0
316.790533888, 179.0, -137.0, -968.0
316.809801856, 179.0, -133.0, -967.0
316.829069696, 181.0, -134.0, -965.0
316.848337536, 179.0, -136.0, -961.0
316.867605376, 178.0, -136.0, -967.0
316.886873216, 182.0, -136.0, -965.0
316.906141056, 188.0, -130.0, -967.0
316.925408896, 183.0, -132.0, -970.0
316.944676736, 184.0, -133.0, -965.0
316.963944704, 185.0, -138.0, -968.0
316.983212544, 190.0, -129.0, -969.0
317.002480384, 189.0, -134.0, -968.0
317.021748224, 186.0, -134.0, -965.0
317.041016064, 190.0, -138.0, -967.0
317.060283904, 188.0, -135.0, -966.0
317.079551744, 184.0, -137.0, -968.0
317.098819584, 185.0, -140.0, -968.0
317.118087552, 184.0, -143.0, -969.0
317.137355392, 183.0, -138.0, -966.0
317.156623232, 188.0, -138.0, -966.0
317.175891072, 186.0, -137.0, -966.0
317.195158912, 180.0, -138.0, -966.0
317.214426752, 182.0, -132.0, -968.0
317.233694592, 184.0, -132.0, -965.0
317.25296256, 183.0, -137.0, -965.0
317.2722304, 182.0, -132.0, -964.0
317.29149824, 186.0, -132.0, -965.0
317.31076608, 186.0, -131.0, -967.0
317.33003392, 189.0, -135.0, -968.0
317.34930176, 186.0, -136.0, -968.0
317.3685696, 188.0, -131.0, -967.0
317.38783744, 189.0, -133.0, -970.0
317.407105408, 185.0, -136.0, -963.0
317.426373248, 188.0, -136.0, -966.0
317.445641088, 190.0, -136.0, -968.0
317.464908928, 194.0, -134.0, -963.0
317.484176768, 188.0, -139.0, -968.0
317.503444608, 190.0, -135.0, -969.0
317.522712448, 184.0, -135.0, -964.0
317.541980288, 184.0, -139.0, -966.0
317.561248256, 180.0, -137.0, -963.0
317.580516096, 183.0, -138.0, -964.0
317.599783936, 182.0, -131.0, -967.0
317.619051776, 183.0, -141.0, -966.0
317.638319616, 183.0, -133.0, -967.0
317.657587456, 183.0, -135.0, -963.0
317.676855296, 183.0, -134.0, -967.0
317.696123136, 185.0, -126.0, -964.0
317.715391104, 182.0, -128.0, -963.0
317.734658944, 189.0, -135.0, -971.0
317.753926784, 187.0, -133.0, -964.0
317.773194624, 187.0, -134.0, -966.0
317.792462464, 189.0, -136.0, -965.0
317.811730304, 187.0, -132.0, -968.0
317.830998144, 189.0, -136.0, -968.0
317.850266112, 189.0, -137.0, -967.0
317.869533952, 192.0, -134.0, -963.0
317.888801792, 192.0, -137.0, -966.0
317.908069632, 190.0, -135.0, -961.0
317.927337472, 187.0, -139.0, -969.0
317.946605312, 184.0, -134.0, -966.0
317.965873152, 186.0, -135.0, -964.0
317.985140992, 183.0, -137.0, -968.0
318.00440896, 178.0, -138.0, -964.0
318.0236768, 183.0, -136.0, -965.0
318.04294464, 187.0, -137.0, -969.0
318.06221248, 182.0, -133.0, -962.0
318.08148032, 183.0, -133.0, -959.0
318.10074816, 183.0, -136.0, -966.0
318.120016, 190.0, -137.0, -969.0
318.13928384, 189.0, -131.0, -965.0
318.158551808, 190.0, -128.0, -965.0
318.177819648, 189.0, -130.0, -965.0
318.197087488, 189.0, -132.0, -961.0
318.216355328, 189.0, -134.0, -971.0
318.235623168, 187.0, -131.0, -963.0
318.254891008, 191.0, -137.0, -966.0
318.274158848, 187.0, -134.0, -967.0
318.293426816, 186.0, -135.0, -968.0
318.312694656, 184.0, -130.0, -966.0
318.331962496, 188.0, -136.0, -969.0
318.351230336, 185.0, -138.0, -968.0
318.370498176, 183.0, -138.0, -967.0
318.389766016, 182.0, -135.0, -964.0
318.409033856, 179.0, -130.0, -967.0
318.428301696, 183.0, -138.0, -965.0
318.447569664, 182.0, -135.0, -969.0
318.466837504, 186.0, -131.0, -965.0
318.486105344, 187.0, -134.0, -966.0
318.505373184, 187.0, -133.0, -965.0
318.524641024, 186.0, -132.0, -967.0
318.543908864, 183.0, -133.0, -965.0
318.563176704, 189.0, -135.0, -968.0
318.582444544, 189.0, -134.0, -967.0
318.601712512, 189.0, -131.0, -968.0
318.620980352, 186.0, -131.0, -967.0
318.640248192, 187.0, -136.0, -963.0
318.659516054, 188.0, -136.0, -964.0
318.67878464, 183.0, -136.0, -968.0
318.698053248, 184.0, -137.0, -968.0
318.717321856, 185.0, -137.0, -966.0
318.736590592, 183.0, -135.0, -971.0
318.7558592, 184.0, -138.0, -971.0
318.775127808, 183.0, -139.0, -966.0
318.794396416, 185.0, -137.0, -967.0
318.813665152, 188.0, -136.0, -964.0
318.83293376, 183.0, -134.0, -968.0
318.852202368, 175.0, -137.0, -969.0
318.871470976, 184.0, -136.0, -968.0
318.890739584, 182.0, -133.0, -966.0
318.91000832, 181.0, -136.0, -965.0
318.929276928, 183.0, -133.0, -964.0
318.948545536, 186.0, -132.0, -963.0
318.967814144, 185.0, -134.0, -968.0
318.98708288, 180.0, -136.0, -968.0
319.006351488, 182.0, -135.0, -967.0
319.025620096, 185.0, -140.0, -966.0
319.044888704, 184.0, -133.0, -968.0
319.06415744, 184.0, -133.0, -963.0
319.083426048, 180.0, -131.0, -967.0
319.102694656, 181.0, -133.0, -966.0
319.121963264, 182.0, -139.0, -970.0
319.141231872, 186.0, -137.0, -968.0
319.160500608, 181.0, -134.0, -967.0
319.179769216, 179.0, -135.0, -968.0
319.199037824, 181.0, -136.0, -966.0
319.218306432, 183.0, -139.0, -965.0
319.237575168, 179.0, -142.0, -967.0
319.256843776, 181.0, -136.0, -969.0
319.276112384, 186.0, -135.0, -971.0
319.295380992, 181.0, -136.0, -967.0
319.3146496, 182.0, -137.0, -965.0
319.333918336, 185.0, -136.0, -964.0
319.353186944, 185.0, -138.0, -966.0
319.372455552, 186.0, -131.0, -965.0
319.39172416, 184.0, -133.0, -969.0
319.410992896, 189.0, -132.0, -963.0
319.430261504, 185.0, -132.0, -965.0
319.449530112, 185.0, -133.0, -964.0
319.46879872, 184.0, -137.0, -968.0
319.488067328, 184.0, -135.0, -967.0
319.507336064, 183.0, -135.0, -968.0
319.526604672, 187.0, -137.0, -967.0
319.54587328, 186.0, -136.0, -968.0
319.565141888, 184.0, -136.0, -968.0
319.584410624, 184.0, -133.0, -967.0
319.603679232, 183.0, -139.0, -965.0
319.62294784, 180.0, -139.0, -968.0
319.642216448, 185.0, -135.0, -965.0
319.661485184, 181.0, -132.0, -967.0
319.680753792, 183.0, -134.0, -968.0
319.7000224, 182.0, -136.0, -963.0
319.719291008, 186.0, -135.0, -966.0
319.738559616, 188.0, -133.0, -961.0
319.757828352, 182.0, -131.0, -968.0
319.77709696, 185.0, -130.0, -968.0
319.796365568, 188.0, -129.0, -967.0
319.815634176, 188.0, -133.0, -968.0
319.834902912, 191.0, -134.0, -967.0
319.85417152, 187.0, -134.0, -966.0
319.873440128, 190.0, -134.0, -967.0
319.892708736, 186.0, -133.0, -964.0
319.911977344, 187.0, -131.0, -968.0
319.93124608, 184.0, -134.0, -967.0
319.950514688, 183.0, -137.0, -968.0
319.969783296, 183.0, -138.0, -968.0
319.989051904, 183.0, -135.0, -968.0
320.00832064, 185.0, -135.0, -970.0
320.027589248, 189.0, -141.0, -970.0
320.046857856, 180.0, -139.0, -967.0
320.066126464, 184.0, -140.0, -966.0
320.085395072, 187.0, -134.0, -967.0
320.104663808, 187.0, -133.0, -967.0
320.123932416, 187.0, -133.0, -964.0
320.143201024, 189.0, -132.0, -964.0
320.162469632, 188.0, -132.0, -970.0
320.181738368, 182.0, -134.0, -969.0
320.201006976, 185.0, -134.0, -972.0
320.220275584, 189.0, -130.0, -967.0
320.239544192, 189.0, -133.0, -967.0
320.2588128, 189.0, -134.0, -968.0
320.278081536, 188.0, -135.0, -969.0
320.297350144, 184.0, -136.0, -969.0
320.316618752, 186.0, -133.0, -967.0
320.33588736, 189.0, -137.0, -966.0
320.355156096, 185.0, -138.0, -968.0
320.374424704, 187.0, -139.0, -967.0
320.393693312, 187.0, -136.0, -967.0
320.41296192, 186.0, -138.0, -966.0
320.432230656, 187.0, -135.0, -968.0
320.451499264, 188.0, -138.0, -968.0
320.470767872, 188.0, -136.0, -966.0
320.49003648, 182.0, -135.0, -966.0
320.509305088, 184.0, -135.0, -963.0
320.528573824, 189.0, -135.0, -972.0
320.547842432, 188.0, -135.0, -966.0
320.56711104, 182.0, -133.0, -967.0
320.586379648, 185.0, -132.0, -965.0
320.605648384, 184.0, -136.0, -966.0
320.624916992, 186.0, -132.0, -966.0
320.6441856, 181.0, -131.0, -966.0
320.663454208, 186.0, -135.0, -964.0
320.682722816, 184.0, -138.0, -968.0
320.701991552, 186.0, -136.0, -962.0
320.72126016, 186.0, -138.0, -965.0
320.740528768, 187.0, -139.0, -967.0
320.759797376, 185.0, -141.0, -965.0
320.779066112, 183.0, -141.0, -968.0
320.79833472, 184.0, -142.0, -966.0
320.817603328, 184.0, -136.0, -968.0
320.836871936, 188.0, -139.0, -967.0
320.856140658, 182.0, -141.0, -966.0
320.875407872, 179.0, -141.0, -967.0
320.894675072, 183.0, -136.0, -967.0
320.913942272, 186.0, -138.0, -968.0
320.933209472, 180.0, -134.0, -965.0
320.952476672, 180.0, -137.0, -967.0
320.971743872, 181.0, -132.0, -968.0
320.991011072, 184.0, -132.0, -965.0
321.010278272, 183.0, -136.0, -963.0
321.029545472, 187.0, -132.0, -964.0
321.048812672, 184.0, -138.0, -968.0
321.068079872, 183.0, -135.0, -961.0
321.087347072, 186.0, -135.0, -965.0
321.106614272, 187.0, -138.0, -970.0
321.125881472, 184.0, -136.0, -966.0
321.145148672, 181.0, -135.0, -971.0
321.164415872, 182.0, -135.0, -967.0
321.183683072, 180.0, -139.0, -969.0
321.202950272, 184.0, -140.0, -972.0
321.222217472, 183.0, -136.0, -968.0
321.241484672, 184.0, -140.0, -966.0
321.260751872, 179.0, -140.0, -970.0
321.280019072, 178.0, -138.0, -970.0
321.299286272, 182.0, -139.0, -968.0
321.318553472, 184.0, -140.0, -965.0
321.337820672, 180.0, -140.0, -968.0
321.357087872, 182.0, -133.0, -963.0
321.376355072, 181.0, -137.0, -968.0
321.395622272, 183.0, -131.0, -969.0
321.414889472, 190.0, -131.0, -966.0
321.434156672, 180.0, -131.0, -969.0
321.453423872, 182.0, -127.0, -965.0
321.472691072, 183.0, -134.0, -965.0
321.491958272, 183.0, -138.0, -965.0
321.511225472, 183.0, -136.0, -967.0
321.530492672, 187.0, -137.0, -964.0
321.549759872, 186.0, -135.0, -968.0
321.569027072, 189.0, -140.0, -969.0
321.588294272, 185.0, -137.0, -969.0
321.607561472, 183.0, -139.0, -962.0
321.626828672, 182.0, -135.0, -968.0
321.646095872, 181.0, -137.0, -966.0
321.665363072, 186.0, -136.0, -969.0
321.684630272, 183.0, -135.0, -967.0
321.703897472, 176.0, -137.0, -966.0
321.723164672, 181.0, -136.0, -965.0
321.742431872, 185.0, -131.0, -964.0
321.761699072, 184.0, -138.0, -963.0
321.780966272, 185.0, -135.0, -963.0
321.800233472, 182.0, -135.0, -964.0
321.819500672, 182.0, -135.0, -967.0
321.838767872, 187.0, -133.0, -968.0
321.858035072, 182.0, -131.0, -968.0
321.877302272, 189.0, -134.0, -963.0
321.896569472, 183.0, -135.0, -966.0
321.915836672, 185.0, -134.0, -965.0
321.935103872, 185.0, -137.0, -968.0
321.954371072, 184.0, -141.0, -967.0
321.973638272, 185.0, -140.0, -967.0
321.992905472, 182.0, -141.0, -967.0
322.012172672, 186.0, -139.0, -967.0
322.031439872, 187.0, -140.0, -966.0
322.050707072, 184.0, -140.0, -971.0
322.069974272, 185.0, -137.0, -965.0
322.089241472, 184.0, -135.0, -969.0
322.108508672, 181.0, -138.0, -967.0
322.127775872, 185.0, -134.0, -964.0
322.147043072, 183.0, -136.0, -971.0
322.166310272, 182.0, -135.0, -963.0
322.185577472, 183.0, -131.0, -967.0
322.204844672, 182.0, -135.0, -966.0
322.224111872, 184.0, -134.0, -964.0
322.243379072, 186.0, -134.0, -970.0
322.262646272, 185.0, -134.0, -963.0
322.281913472, 189.0, -135.0, -964.0
322.301180672, 187.0, -133.0, -968.0
322.320447872, 189.0, -131.0, -967.0
322.339715072, 190.0, -134.0, -968.0
322.358982272, 188.0, -135.0, -969.0
322.378249472, 189.0, -138.0, -967.0
322.397516672, 188.0, -141.0, -966.0
322.416783872, 185.0, -144.0, -970.0
322.436051072, 182.0, -136.0, -964.0
322.455318272, 191.0, -140.0, -970.0
322.474585472, 184.0, -138.0, -968.0
322.493852672, 180.0, -136.0, -968.0
322.513119872, 184.0, -134.0, -967.0
322.532387072, 185.0, -136.0, -967.0
322.551654272, 186.0, -136.0, -967.0
322.570921472, 186.0, -135.0, -965.0
322.590188672, 181.0, -132.0, -966.0
322.609455872, 181.0, -132.0, -968.0
322.628723072, 185.0, -134.0, -967.0
322.647990272, 189.0, -130.0, -963.0
322.667257472, 187.0, -130.0, -967.0
322.686524672, 187.0, -133.0, -962.0
322.705791872, 183.0, -132.0, -969.0
322.725059072, 191.0, -136.0, -963.0
322.744326272, 192.0, -139.0, -966.0
322.763593472, 188.0, -138.0, -964.0
322.782860672, 188.0, -138.0, -967.0
322.802127872, 181.0, -134.0, -965.0
322.821395072, 188.0, -136.0, -965.0
322.840662272, 187.0, -139.0, -967.0
322.859929472, 183.0, -137.0, -967.0
322.879196672, 180.0, -139.0, -969.0
322.898463872, 183.0, -140.0, -969.0
322.917731072, 179.0, -132.0, -967.0
322.93699828, 181.0, -135.0, -965.0
322.956264832, 182.0, -135.0, -968.0
322.975531392, 182.0, -135.0, -964.0
322.994797952, 188.0, -135.0, -968.0
323.014064512, 179.0, -131.0, -966.0
323.0333312, 186.0, -135.0, -965.0
323.05259776, 187.0, -137.0, -965.0
323.07186432, 186.0, -133.0, -965.0
323.09113088, 191.0, -133.0, -964.0
323.11039744, 187.0, -136.0, -968.0
323.129664, 190.0, -134.0, -964.0
323.14893056, 183.0, -137.0, -964.0
323.168197248, 186.0, -135.0, -967.0
323.187463808, 187.0, -135.0, -970.0
323.206730368, 186.0, -136.0, -965.0
323.225996928, 180.0, -137.0, -968.0
323.245263488, 183.0, -141.0, -971.0
323.264530048, 182.0, -138.0, -967.0
323.283796608, 181.0, -136.0, -968.0
323.303063296, 179.0, -140.0, -966.0
323.322329856, 181.0, -134.0, -962.0
323.341596416, 180.0, -134.0, -965.0
323.360862976, 181.0, -131.0, -968.0
323.380129536, 179.0, -138.0, -969.0
323.399396096, 177.0, -140.0, -969.0
323.418662656, 181.0, -137.0, -966.0
323.437929344, 184.0, -137.0, -967.0
323.457195904, 182.0, -135.0, -966.0
323.476462464, 181.0, -132.0, -971.0
323.495729024, 187.0, -132.0, -969.0
323.514995584, 184.0, -134.0, -969.0
323.534262144, 189.0, -134.0, -966.0
323.553528704, 187.0, -141.0, -970.0
323.572795392, 182.0, -138.0, -963.0
323.592061952, 181.0, -140.0, -964.0
323.611328512, 183.0, -137.0, -968.0
323.630595072, 185.0, -141.0, -972.0
323.649861632, 181.0, -138.0, -973.0
323.669128192, 183.0, -139.0, -972.0
323.68839488, 178.0, -142.0, -967.0
323.70766144, 180.0, -138.0, -967.0
323.726928, 182.0, -139.0, -966.0
323.74619456, 181.0, -132.0, -965.0
323.76546112, 179.0, -135.0, -967.0
323.78472768, 178.0, -133.0, -965.0
323.80399424, 186.0, -135.0, -963.0
323.823260928, 185.0, -132.0, -967.0
323.842527488, 185.0, -133.0, -967.0
323.861794048, 183.0, -132.0, -966.0
323.881060608, 182.0, -134.0, -966.0
323.900327168, 185.0, -139.0, -966.0
323.919593728, 186.0, -134.0, -968.0
323.938860288, 190.0, -138.0, -967.0
323.958126976, 186.0, -140.0, -969.0
323.977393536, 184.0, -138.0, -966.0
323.996660096, 185.0, -136.0, -964.0
324.015926656, 184.0, -139.0, -967.0
324.035193216, 178.0, -135.0, -969.0
324.054459776, 181.0, -140.0, -970.0
324.073726336, 187.0, -139.0, -963.0
324.092993024, 180.0, -136.0, -965.0
324.112259584, 177.0, -136.0, -967.0
324.131526144, 180.0, -137.0, -969.0
324.150792704, 179.0, -136.0, -965.0
324.170059264, 179.0, -137.0, -967.0
324.189325824, 182.0, -139.0, -965.0
324.208592384, 183.0, -133.0, -967.0
324.227859072, 188.0, -132.0, -967.0
324.247125632, 178.0, -139.0, -965.0
324.266392192, 187.0, -137.0, -969.0
324.285658752, 186.0, -135.0, -967.0
324.304925312, 189.0, -140.0, -968.0
324.324191872, 188.0, -136.0, -966.0
324.343458432, 181.0, -134.0, -971.0
324.36272512, 187.0, -136.0, -967.0
324.38199168, 185.0, -133.0, -967.0
324.40125824, 187.0, -137.0, -964.0
324.4205248, 190.0, -137.0, -966.0
324.43979136, 187.0, -137.0, -968.0
324.45905792, 185.0, -140.0, -969.0
324.47832448, 182.0, -141.0, -972.0
324.497591168, 183.0, -138.0, -965.0
324.516857728, 183.0, -133.0, -968.0
324.536124288, 178.0, -140.0, -965.0
324.555390848, 183.0, -137.0, -963.0
324.574657408, 186.0, -135.0, -968.0
324.593923968, 182.0, -134.0, -967.0
324.613190528, 184.0, -135.0, -962.0
324.632457216, 186.0, -136.0, -967.0
324.651723776, 184.0, -135.0, -964.0
324.670990336, 187.0, -133.0, -962.0
324.690256896, 186.0, -132.0, -969.0
324.709523456, 187.0, -139.0, -967.0
324.728790016, 190.0, -134.0, -966.0
324.748056576, 187.0, -136.0, -966.0
324.767323264, 185.0, -135.0, -967.0
324.786589824, 189.0, -139.0, -964.0
324.805856384, 188.0, -134.0, -967.0
324.825122944, 186.0, -137.0, -970.0
324.844389504, 184.0, -135.0, -968.0
324.863656064, 185.0, -135.0, -966.0
324.882922624, 180.0, -135.0, -968.0
324.902189312, 186.0, -141.0, -965.0
324.921455872, 185.0, -138.0, -968.0
324.940722432, 182.0, -137.0, -968.0
324.959988992, 182.0, -137.0, -969.0
324.979255552, 185.0, -135.0, -966.0
324.998522112, 189.0, -137.0, -964.0
325.017788762, 186.0, -130.0, -964.0
325.037055872, 188.0, -139.0, -962.0
325.056322944, 184.0, -135.0, -963.0
325.075590016, 188.0, -133.0, -964.0
325.094857088, 184.0, -135.0, -970.0
325.11412416, 186.0, -137.0, -967.0
325.133391232, 189.0, -132.0, -965.0
325.152658304, 185.0, -138.0, -968.0
325.171925376, 184.0, -135.0, -969.0
325.191192448, 185.0, -138.0, -968.0
325.21045952, 180.0, -137.0, -962.0
325.229726592, 188.0, -136.0, -968.0
325.248993664, 185.0, -137.0, -964.0
325.268260736, 181.0, -134.0, -962.0
325.287527808, 188.0, -134.0, -966.0
325.306795008, 179.0, -140.0, -968.0
325.32606208, 186.0, -136.0, -967.0
325.345329152, 185.0, -138.0, -966.0
325.364596224, 180.0, -140.0, -969.0
325.383863296, 186.0, -136.0, -969.0
325.403130368, 183.0, -132.0, -962.0
325.42239744, 179.0, -138.0, -965.0
325.441664512, 180.0, -137.0, -968.0
325.460931584, 189.0, -133.0, -964.0
325.480198656, 190.0, -136.0, -966.0
325.499465728, 186.0, -133.0, -963.0
325.5187328, 184.0, -132.0, -966.0
325.537999872, 185.0, -130.0, -964.0
325.557266944, 186.0, -138.0, -966.0
325.576534016, 182.0, -133.0, -966.0
325.595801088, 184.0, -132.0, -971.0
325.61506816, 185.0, -138.0, -966.0
325.634335232, 182.0, -138.0, -966.0
325.653602304, 180.0, -138.0, -969.0
325.672869376, 181.0, -139.0, -969.0
325.692136448, 175.0, -139.0, -966.0
325.71140352, 179.0, -135.0, -967.0
325.730670592, 182.0, -141.0, -967.0
325.749937664, 179.0, -137.0, -965.0
325.769204736, 177.0, -138.0, -967.0
325.788471808, 184.0, -137.0, -966.0
325.807739008, 181.0, -135.0, -969.0
325.82700608, 182.0, -142.0, -965.0
325.846273152, 182.0, -135.0, -964.0
325.865540224, 184.0, -141.0, -968.0
325.884807296, 187.0, -131.0, -966.0
325.904074368, 181.0, -135.0, -962.0
325.92334144, 178.0, -134.0, -967.0
325.942608512, 182.0, -134.0, -964.0
325.961875584, 183.0, -135.0, -970.0
325.981142656, 184.0, -132.0, -968.0
326.000409728, 179.0, -138.0, -969.0
326.0196768, 181.0, -133.0, -965.0
326.038943872, 183.0, -135.0, -968.0
326.058210944, 182.0, -139.0, -969.0
326.077478016, 178.0, -141.0, -969.0
326.096745088, 182.0, -137.0, -972.0
326.11601216, 179.0, -142.0, -966.0
326.135279232, 180.0, -138.0, -968.0
326.154546304, 180.0, -134.0, -964.0
326.173813376, 177.0, -138.0, -967.0
326.193080448, 183.0, -134.0, -966.0
326.21234752, 183.0, -136.0, -967.0
326.231614592, 187.0, -132.0, -969.0
326.250881664, 186.0, -136.0, -964.0
326.270148736, 183.0, -135.0, -968.0
326.289415808, 183.0, -129.0, -960.0
326.308683008, 184.0, -133.0, -966.0
326.32795008, 183.0, -136.0, -960.0
326.347217152, 186.0, -133.0, -967.0
326.366484224, 184.0, -134.0, -965.0
326.385751296, 185.0, -134.0, -968.0
326.405018368, 184.0, -131.0, -968.0
326.42428544, 186.0, -140.0, -970.0
326.443552512, 181.0, -135.0, -968.0
326.462819584, 184.0, -139.0, -962.0
326.482086656, 183.0, -141.0, -967.0
326.501353728, 185.0, -137.0, -967.0
326.5206208, 182.0, -141.0, -968.0
326.539887872, 177.0, -138.0, -968.0
326.559154944, 181.0, -137.0, -965.0
326.578422016, 186.0, -134.0, -970.0
326.597689088, 185.0, -138.0, -965.0
326.61695616, 182.0, -140.0, -968.0
326.636223232, 183.0, -133.0, -967.0
326.655490304, 178.0, -133.0, -967.0
326.674757376, 181.0, -131.0, -968.0
326.694024448, 188.0, -137.0, -964.0
326.71329152, 188.0, -131.0, -968.0
326.732558592, 189.0, -131.0, -969.0
326.751825664, 189.0, -127.0, -967.0
326.771092736, 185.0, -135.0, -969.0
326.790359808, 182.0, -141.0, -968.0
326.809627008, 185.0, -140.0, -968.0
326.82889408, 185.0, -134.0, -967.0
326.848161152, 186.0, -135.0, -967.0
326.867428224, 172.0, -131.0, -969.0
326.886695296, 190.0, -125.0, -962.0
326.905962368, 182.0, -151.0, -970.0
326.925229375, 186.0, -136.0, -967.0
326.944496384, 183.0, -133.0, -965.0
326.963763456, 180.0, -131.0, -977.0
326.983030656, 180.0, -135.0, -963.0
327.002297728, 179.0, -134.0, -969.0
327.0215648, 184.0, -137.0, -968.0
327.040831872, 184.0, -134.0, -963.0
327.060099072, 180.0, -128.0, -971.0
327.079366144, 183.0, -128.0, -970.0
327.098633216, 181.0, -133.0, -963.0
327.117900416, 184.0, -130.0, -964.0
327.137167488, 183.0, -131.0, -967.0
327.15643456, 186.0, -134.0, -963.0
327.175701632, 185.0, -137.0, -969.0
327.194968832, 185.0, -135.0, -964.0
327.214235904, 181.0, -135.0, -967.0
327.233502976, 183.0, -135.0, -965.0
327.252770048, 183.0, -141.0, -967.0
327.272037248, 186.0, -139.0, -966.0
327.29130432, 185.0, -139.0, -967.0
327.310571392, 182.0, -140.0, -965.0
327.329838592, 182.0, -137.0, -968.0
327.349105664, 183.0, -136.0, -970.0
327.368372736, 185.0, -136.0, -970.0
327.387639808, 184.0, -137.0, -969.0
327.406907008, 177.0, -135.0, -969.0
327.42617408, 181.0, -136.0, -969.0
327.445441152, 180.0, -139.0, -964.0
327.464708352, 181.0, -134.0, -962.0
327.483975424, 182.0, -132.0, -963.0
327.503242496, 182.0, -135.0, -967.0
327.522509568, 185.0, -135.0, -963.0
327.541776768, 183.0, -135.0, -968.0
327.56104384, 184.0, -135.0, -970.0
327.580310912, 189.0, -137.0, -965.0
327.599577984, 187.0, -138.0, -967.0
327.618845184, 184.0, -135.0, -967.0
327.638112256, 187.0, -137.0, -963.0
327.657379328, 185.0, -134.0, -967.0
327.676646528, 193.0, -138.0, -971.0
327.6959136, 184.0, -137.0, -967.0
327.715180672, 181.0, -139.0, -967.0
327.734447744, 182.0, -140.0, -964.0
327.753714944, 184.0, -140.0, -964.0
327.772982016, 182.0, -136.0, -972.0
327.792249088, 175.0, -137.0, -968.0
327.811516288, 182.0, -138.0, -970.0
327.83078336, 179.0, -133.0, -963.0
327.850050432, 183.0, -135.0, -965.0
327.869317504, 181.0, -133.0, -965.0
327.888584704, 181.0, -133.0, -962.0
327.907851776, 185.0, -135.0, -965.0
327.927118848, 181.0, -127.0, -962.0
327.946386048, 181.0, -131.0, -969.0
327.96565312, 182.0, -137.0, -966.0
327.984920192, 187.0, -135.0, -963.0
328.004187264, 186.0, -130.0, -968.0
328.023454464, 183.0, -137.0, -966.0
328.042721536, 187.0, -138.0, -970.0
328.061988608, 181.0, -140.0, -965.0
328.08125568, 183.0, -139.0, -973.0
328.10052288, 183.0, -139.0, -968.0
328.119789952, 192.0, -137.0, -967.0
328.139057024, 191.0, -132.0, -966.0
328.158324224, 188.0, -131.0, -967.0
328.177591296, 182.0, -133.0, -966.0
328.196858368, 181.0, -140.0, -967.0
328.21612544, 178.0, -144.0, -969.0
328.23539264, 184.0, -139.0, -963.0
328.254659712, 184.0, -137.0, -969.0
328.273926784, 184.0, -128.0, -968.0
328.293193984, 177.0, -130.0, -969.0
328.312461056, 177.0, -128.0, -967.0
328.331728128, 191.0, -128.0, -966.0
328.3509952, 194.0, -130.0, -963.0
328.3702624, 191.0, -128.0, -966.0
328.389529472, 184.0, -130.0, -964.0
328.408796544, 179.0, -137.0, -968.0
328.428063616, 180.0, -138.0, -968.0
328.447330816, 185.0, -141.0, -967.0
328.466597888, 183.0, -140.0, -968.0
328.48586496, 188.0, -132.0, -968.0
328.50513216, 181.0, -129.0, -973.0
328.524399232, 180.0, -129.0, -965.0
328.543666304, 187.0, -129.0, -968.0
328.562933376, 184.0, -138.0, -970.0
328.582200576, 185.0, -137.0, -967.0
328.601467648, 183.0, -135.0, -968.0
328.62073472, 181.0, -133.0, -965.0
328.64000192, 179.0, -138.0, -964.0
328.659268992, 176.0, -131.0, -967.0
328.678536064, 183.0, -132.0, -966.0
328.697803136, 181.0, -131.0, -970.0
328.717070336, 183.0, -129.0, -963.0
328.736337408, 183.0, -128.0, -975.0
328.75560448, 185.0, -129.0, -966.0
328.77487168, 182.0, -134.0, -967.0
328.794138752, 184.0, -135.0, -966.0
328.813405824, 189.0, -135.0, -968.0
328.83267304, 181.0, -133.0, -969.0
328.85193984, 179.0, -136.0, -969.0
328.871206656, 179.0, -141.0, -971.0
328.890473472, 183.0, -142.0, -975.0
328.909740416, 184.0, -142.0, -968.0
328.929007232, 180.0, -141.0, -970.0
328.948274048, 176.0, -139.0, -968.0
328.967540864, 180.0, -137.0, -969.0
328.98680768, 181.0, -135.0, -969.0
329.006074496, 179.0, -139.0, -967.0
329.02534144, 178.0, -138.0, -970.0
329.044608256, 178.0, -137.0, -968.0
329.063875072, 176.0, -129.0, -967.0
329.083141888, 179.0, -136.0, -966.0
329.102408704, 182.0, -140.0, -964.0
329.12167552, 182.0, -131.0, -966.0
329.140942464, 180.0, -135.0, -967.0
329.16020928, 187.0, -129.0, -966.0
329.179476096, 182.0, -135.0, -967.0
329.198742912, 181.0, -134.0, -968.0
329.218009728, 185.0, -137.0, -964.0
329.237276544, 186.0, -135.0, -968.0
329.256543488, 188.0, -134.0, -967.0
329.275810304, 184.0, -139.0, -968.0
329.29507712, 182.0, -139.0, -964.0
329.314343936, 181.0, -139.0, -966.0
329.333610752, 181.0, -136.0, -968.0
329.352877696, 177.0, -141.0, -969.0
329.372144512, 179.0, -140.0, -969.0
329.391411328, 182.0, -137.0, -967.0
329.410678144, 182.0, -136.0, -968.0
329.42994496, 175.0, -133.0, -968.0
329.449211776, 180.0, -135.0, -965.0
329.46847872, 182.0, -135.0, -969.0
329.487745536, 183.0, -135.0, -965.0
329.507012352, 177.0, -136.0, -962.0
329.526279168, 180.0, -131.0, -963.0
329.545545984, 184.0, -136.0, -966.0
329.5648128, 181.0, -131.0, -969.0
329.584079744, 183.0, -134.0, -964.0
329.60334656, 186.0, -137.0, -968.0
329.622613376, 193.0, -135.0, -962.0
329.641880192, 184.0, -138.0, -969.0
329.661147008, 181.0, -139.0, -964.0
329.680413824, 185.0, -140.0, -966.0
329.699680768, 185.0, -138.0, -967.0
329.718947584, 184.0, -137.0, -964.0
329.7382144, 179.0, -142.0, -968.0
329.757481216, 184.0, -135.0, -967.0
329.776748032, 178.0, -139.0, -966.0
329.796014848, 180.0, -135.0, -967.0
329.815281792, 180.0, -136.0, -966.0
329.834548608, 179.0, -136.0, -968.0
329.853815424, 181.0, -137.0, -967.0
329.87308224, 181.0, -137.0, -969.0
329.892349056, 182.0, -133.0, -967.0
329.911616, 186.0, -135.0, -962.0
329.930882816, 184.0, -135.0, -965.0
329.950149632, 187.0, -131.0, -965.0
329.969416448, 184.0, -136.0, -966.0
329.988683264, 186.0, -134.0, -965.0
330.00795008, 187.0, -134.0, -968.0
330.027217024, 187.0, -138.0, -966.0
330.04648384, 187.0, -137.0, -970.0
330.065750656, 182.0, -139.0, -969.0
330.085017472, 183.0, -137.0, -966.0
330.104284288, 183.0, -133.0, -964.0
330.123551104, 179.0, -139.0, -968.0
330.142818048, 180.0, -138.0, -968.0
330.162084864, 183.0, -140.0, -967.0
330.18135168, 181.0, -133.0, -963.0
330.200618496, 179.0, -134.0, -966.0
330.219885312, 180.0, -137.0, -964.0
330.239152128, 181.0, -137.0, -968.0
330.258419072, 179.0, -134.0, -966.0
330.277685888, 178.0, -135.0, -964.0
330.296952704, 182.0, -136.0, -969.0
330.31621952, 182.0, -129.0, -967.0
330.335486336, 187.0, -131.0, -964.0
330.35475328, 184.0, -134.0, -967.0
330.374020096, 182.0, -138.0, -967.0
330.393286912, 184.0, -135.0, -961.0
330.412553728, 189.0, -134.0, -967.0
330.431820544, 187.0, -139.0, -965.0
330.45108736, 190.0, -132.0, -969.0
330.470354304, 188.0, -139.0, -967.0
330.48962112, 187.0, -137.0, -966.0
330.508887936, 183.0, -137.0, -971.0
330.528154752, 182.0, -139.0, -971.0
330.547421568, 181.0, -137.0, -964.0
330.566688384, 185.0, -140.0, -970.0
330.585955328, 180.0, -137.0, -967.0
330.605222144, 183.0, -139.0, -970.0
330.62448896, 179.0, -134.0, -966.0
330.643755776, 180.0, -138.0, -967.0
330.663022592, 178.0, -137.0, -970.0
330.682289408, 177.0, -134.0, -969.0
330.701556352, 179.0, -132.0, -967.0
330.720823168, 185.0, -135.0, -963.0
330.740089984, 185.0, -135.0, -969.0
330.7593568, 182.0, -134.0, -966.0
330.778623616, 185.0, -138.0, -967.0
330.797890432, 188.0, -133.0, -970.0
330.817157376, 186.0, -138.0, -970.0
330.836424192, 183.0, -135.0, -968.0
330.855691008, 185.0, -130.0, -969.0
330.874957824, 186.0, -140.0, -967.0
330.89422464, 189.0, -138.0, -968.0
330.913491584, 185.0, -138.0, -966.0
330.9327584, 181.0, -136.0, -969.0
330.952025216, 184.0, -136.0, -970.0
330.971292077, 183.0, -138.0, -974.0
330.990559872, 184.0, -139.0, -965.0
331.009827712, 189.0, -141.0, -971.0
331.02909568, 184.0, -146.0, -965.0
331.04836352, 188.0, -134.0, -964.0
331.067631488, 181.0, -137.0, -963.0
331.086899328, 185.0, -136.0, -971.0
331.106167296, 185.0, -135.0, -964.0
331.125435136, 191.0, -131.0, -964.0
331.144703104, 192.0, -136.0, -964.0
331.163970944, 189.0, -134.0, -964.0
331.183238912, 183.0, -136.0, -965.0
331.202506752, 186.0, -133.0, -965.0
331.22177472, 191.0, -134.0, -964.0
331.24104256, 184.0, -139.0, -969.0
331.260310528, 178.0, -135.0, -971.0
331.279578368, 185.0, -142.0, -966.0
331.298846336, 183.0, -135.0, -971.0
331.318114176, 182.0, -140.0, -967.0
331.337382144, 183.0, -141.0, -970.0
331.356649984, 180.0, -144.0, -967.0
331.375917952, 182.0, -141.0, -970.0
331.395185792, 183.0, -139.0, -968.0
331.41445376, 184.0, -136.0, -967.0
331.4337216, 183.0, -133.0, -967.0
331.452989568, 182.0, -136.0, -969.0
331.472257408, 180.0, -135.0, -966.0
331.491525376, 183.0, -135.0, -966.0
331.510793216, 183.0, -134.0, -971.0
331.530061184, 183.0, -136.0, -964.0
331.549329024, 185.0, -135.0, -966.0
331.568596864, 183.0, -138.0, -963.0
331.587864832, 189.0, -130.0, -963.0
331.607132672, 183.0, -126.0, -959.0
331.62640064, 177.0, -127.0, -960.0
331.64566848, 184.0, -139.0, -961.0
331.664936448, 173.0, -130.0, -957.0
331.684204288, 204.0, -134.0, -959.0
331.703472256, 217.0, -148.0, -973.0
331.722740096, 190.0, -150.0, -973.0
331.742008064, 209.0, -109.0, -956.0
331.761275904, 254.0, -142.0, -963.0
331.780543872, 220.0, -148.0, -935.0
331.799811712, 228.0, -128.0, -964.0
331.81907968, 263.0, -143.0, -953.0
331.83834752, 283.0, -128.0, -932.0
331.857615488, 217.0, -137.0, -974.0
331.876883328, 206.0, -101.0, -955.0
331.896151296, 225.0, -128.0, -979.0
331.915419136, 234.0, -145.0, -942.0
331.934687104, 249.0, -134.0, -950.0
331.953954944, 286.0, -134.0, -951.0
331.973222912, 279.0, -145.0, -951.0
331.992490752, 270.0, -126.0, -954.0
332.01175872, 258.0, -137.0, -944.0
332.03102656, 249.0, -135.0, -953.0
332.050294528, 291.0, -131.0, -953.0
332.069562368, 270.0, -124.0, -946.0
332.088830208, 236.0, -130.0, -950.0
332.108098176, 237.0, -129.0, -954.0
332.127366016, 241.0, -142.0, -952.0
332.146633984, 258.0, -133.0, -950.0
332.165901824, 244.0, -140.0, -961.0
332.185169792, 240.0, -131.0, -949.0
332.204437632, 221.0, -133.0, -959.0
332.2237056, 233.0, -144.0, -951.0
332.24297344, 260.0, -145.0, -949.0
332.262241408, 243.0, -141.0, -941.0
332.281509248, 233.0, -143.0, -963.0
332.300777216, 210.0, -147.0, -960.0
332.320045056, 254.0, -127.0, -950.0
332.339313024, 241.0, -148.0, -955.0
332.358580864, 213.0, -148.0, -954.0
332.377848832, 247.0, -130.0, -950.0
332.397116672, 281.0, -137.0, -950.0
332.41638464, 258.0, -142.0, -946.0
332.43565248, 246.0, -147.0, -949.0
332.454920448, 253.0, -146.0, -954.0
332.474188288, 251.0, -140.0, -950.0
332.493456256, 241.0, -146.0, -948.0
332.512724215, 242.0, -133.0, -944.0
332.53199296, 252.0, -119.0, -953.0
332.551261696, 245.0, -144.0, -960.0
332.570530304, 226.0, -136.0, -946.0
332.58979904, 234.0, -142.0, -950.0
332.609067776, 233.0, -141.0, -950.0
332.628336384, 246.0, -138.0, -931.0
332.64760512, 221.0, -160.0, -957.0
332.666873856, 227.0, -121.0, -955.0
332.686142592, 218.0, -137.0, -971.0
332.7054112, 199.0, -128.0, -956.0
332.724679936, 210.0, -135.0, -951.0
332.743948672, 223.0, -131.0, -973.0
332.76321728, 205.0, -146.0, -955.0
332.782486016, 223.0, -137.0, -950.0
332.801754752, 224.0, -143.0, -962.0
332.82102336, 220.0, -140.0, -967.0
332.840292096, 199.0, -120.0, -955.0
332.859560832, 220.0, -126.0, -952.0
332.878829568, 223.0, -132.0, -961.0
332.898098176, 223.0, -144.0, -962.0
332.917366912, 214.0, -141.0, -959.0
332.936635648, 217.0, -144.0, -963.0
332.955904256, 212.0, -142.0, -965.0
332.975172992, 205.0, -144.0, -964.0
332.994441728, 197.0, -144.0, -973.0
333.013710336, 210.0, -141.0, -953.0
333.032979072, 218.0, -136.0, -967.0
333.052247808, 208.0, -135.0, -962.0
333.071516416, 206.0, -137.0, -965.0
333.090785152, 194.0, -140.0, -968.0
333.110053888, 214.0, -139.0, -953.0
333.129322624, 216.0, -145.0, -958.0
333.148591232, 226.0, -137.0, -960.0
333.167859968, 224.0, -151.0, -960.0
333.187128704, 235.0, -137.0, -937.0
333.206397312, 225.0, -133.0, -959.0
333.225666048, 216.0, -131.0, -969.0
333.244934784, 216.0, -139.0, -949.0
333.264203392, 224.0, -145.0, -945.0
333.283472128, 233.0, -133.0, -957.0
333.302740864, 238.0, -142.0, -965.0
333.322009472, 213.0, -151.0, -959.0
333.341278208, 220.0, -141.0, -953.0
333.360546944, 230.0, -139.0, -963.0
333.37981568, 230.0, -134.0, -955.0
333.399084288, 218.0, -136.0, -955.0
333.418353024, 226.0, -139.0, -959.0
333.43762176, 223.0, -141.0, -968.0
333.456890368, 209.0, -145.0, -951.0
333.476159104, 220.0, -140.0, -945.0
333.49542784, 229.0, -146.0, -956.0
333.514696448, 233.0, -139.0, -961.0
333.533965184, 226.0, -142.0, -954.0
333.55323392, 208.0, -134.0, -944.0
333.572502656, 210.0, -139.0, -950.0
333.591771264, 230.0, -137.0, -963.0
333.61104, 239.0, -133.0, -955.0
333.630308736, 236.0, -136.0, -963.0
333.649577344, 220.0, -139.0, -951.0
333.66884608, 221.0, -142.0, -959.0
333.688114816, 221.0, -139.0, -962.0
333.707383424, 224.0, -138.0, -963.0
333.72665216, 218.0, -137.0, -961.0
333.745920896, 214.0, -136.0, -960.0
333.765189504, 219.0, -141.0, -964.0
333.78445824, 230.0, -139.0, -960.0
333.803726976, 220.0, -132.0, -954.0
333.822995712, 210.0, -131.0, -965.0
333.84226432, 209.0, -134.0, -960.0
333.861533056, 221.0, -145.0, -960.0
333.880801792, 215.0, -144.0, -962.0
333.9000704, 214.0, -142.0, -959.0
333.919339136, 216.0, -136.0, -953.0
333.938607872, 219.0, -136.0, -959.0
333.95787648, 222.0, -139.0, -957.0
333.977145216, 209.0, -132.0, -958.0
333.996413952, 213.0, -144.0, -957.0
334.01568256, 227.0, -139.0, -953.0
334.034951296, 219.0, -135.0, -962.0
334.054220032, 213.0, -130.0, -961.0
334.073488768, 214.0, -134.0, -957.0
334.092757376, 220.0, -130.0, -961.0
334.112026112, 215.0, -138.0, -966.0
334.131294848, 202.0, -142.0, -965.0
334.150563456, 212.0, -144.0, -954.0
334.169832192, 217.0, -139.0, -960.0
334.189100848, 213.0, -147.0, -966.0
334.208369536, 211.0, -143.0, -959.0
334.227638272, 215.0, -142.0, -963.0
334.24690688, 214.0, -147.0, -956.0
334.266175616, 220.0, -141.0, -954.0
334.285444224, 221.0, -137.0, -957.0
334.30471296, 210.0, -143.0, -954.0
334.323981568, 214.0, -143.0, -955.0
334.343250304, 219.0, -143.0, -956.0
334.362518912, 219.0, -140.0, -961.0
334.381787648, 209.0, -143.0, -958.0
334.401056384, 215.0, -134.0, -955.0
334.420324992, 220.0, -142.0, -957.0
334.439593728, 215.0, -142.0, -963.0
334.458862336, 214.0, -145.0, -954.0
334.478131072, 213.0, -141.0, -958.0
334.49739968, 218.0, -146.0, -957.0
334.516668416, 218.0, -142.0, -960.0
334.535937152, 214.0, -146.0, -963.0
334.55520576, 212.0, -146.0, -961.0
334.574474496, 217.0, -143.0, -961.0
334.593743104, 214.0, -143.0, -961.0
334.61301184, 217.0, -143.0, -957.0
334.632280448, 213.0, -146.0, -961.0
334.651549184, 211.0, -147.0, -960.0
334.670817792, 214.0, -140.0, -957.0
334.690086528, 216.0, -141.0, -957.0
334.709355264, 209.0, -142.0, -958.0
334.728623872, 211.0, -144.0, -956.0
334.747892608, 212.0, -147.0, -960.0
334.767161216, 211.0, -144.0, -959.0
334.786429952, 214.0, -139.0, -959.0
334.80569856, 217.0, -139.0, -956.0
334.824967296, 220.0, -141.0, -956.0
334.844236032, 214.0, -142.0, -958.0
334.86350464, 222.0, -140.0, -956.0
334.882773376, 216.0, -143.0, -958.0
334.902041984, 213.0, -142.0, -960.0
334.92131072, 224.0, -139.0, -956.0
334.940579328, 216.0, -146.0, -965.0
334.959848064, 218.0, -145.0, -962.0
334.979116672, 218.0, -145.0, -957.0
334.998385408, 215.0, -146.0, -959.0
335.017654144, 213.0, -145.0, -961.0
335.036922752, 209.0, -139.0, -958.0
335.056191488, 217.0, -146.0, -961.0
335.075460096, 210.0, -142.0, -962.0
335.094728832, 208.0, -150.0, -956.0
335.11399744, 215.0, -142.0, -958.0
335.133266176, 215.0, -146.0, -956.0
335.152534912, 210.0, -144.0, -956.0
335.17180352, 211.0, -139.0, -951.0
335.191072256, 216.0, -146.0, -952.0
335.210340864, 224.0, -141.0, -958.0
335.2296096, 224.0, -141.0, -963.0
335.248878208, 211.0, -146.0, -959.0
335.268146944, 216.0, -145.0, -960.0
335.287415552, 221.0, -141.0, -957.0
335.306684288, 216.0, -140.0, -962.0
335.325953024, 216.0, -149.0, -956.0
335.345221632, 218.0, -145.0, -958.0
335.364490368, 215.0, -153.0, -960.0
335.383758976, 221.0, -144.0, -956.0
335.403027712, 221.0, -147.0, -952.0
335.42229632, 217.0, -146.0, -963.0
335.441565056, 219.0, -142.0, -954.0
335.460833664, 217.0, -145.0, -959.0
335.4801024, 210.0, -150.0, -964.0
335.499371136, 216.0, -148.0, -952.0
335.518639744, 213.0, -141.0, -960.0
335.53790848, 212.0, -143.0, -957.0
335.557177088, 220.0, -135.0, -956.0
335.576445824, 228.0, -144.0, -953.0
335.595714432, 217.0, -151.0, -962.0
335.614983168, 212.0, -144.0, -954.0
335.634251904, 226.0, -145.0, -954.0
335.653520512, 220.0, -139.0, -953.0
335.672789248, 222.0, -141.0, -949.0
335.692057856, 220.0, -140.0, -951.0
335.711326592, 216.0, -139.0, -964.0
335.7305952, 227.0, -139.0, -965.0
335.749863936, 232.0, -145.0, -958.0
335.769132544, 219.0, -145.0, -960.0
335.78840128, 210.0, -142.0, -961.0
335.807670016, 216.0, -142.0, -959.0
335.826938624, 222.0, -142.0, -954.0
335.84620736, 221.0, -145.0, -958.0
335.865475968, 211.0, -142.0, -961.0
335.884744704, 215.0, -139.0, -954.0
335.904013312, 217.0, -142.0, -957.0
335.923282048, 216.0, -140.0, -960.0
335.942550784, 211.0, -144.0, -957.0
335.961819392, 215.0, -138.0, -956.0
335.981088128, 217.0, -139.0, -953.0
336.000356736, 219.0, -142.0, -957.0
336.019625472, 216.0, -142.0, -958.0
336.03889408, 223.0, -135.0, -956.0
336.058162816, 218.0, -140.0, -962.0
336.077431424, 219.0, -143.0, -957.0
336.096700155, 218.0, -144.0, -958.0
336.115968, 212.0, -139.0, -961.0
336.13523584, 212.0, -142.0, -967.0
336.15450368, 212.0, -139.0, -958.0
336.17377152, 214.0, -144.0, -966.0
336.19303936, 207.0, -147.0, -958.0
336.2123072, 211.0, -143.0, -960.0
336.23157504, 213.0, -146.0, -965.0
336.25084288, 209.0, -142.0, -963.0
336.27011072, 208.0, -144.0, -963.0
336.289378688, 200.0, -146.0, -963.0
336.308646528, 206.0, -139.0, -957.0
336.327914368, 211.0, -143.0, -951.0
336.347182208, 210.0, -141.0, -961.0
336.366450048, 205.0, -137.0, -958.0
336.385717888, 208.0, -142.0, -958.0
336.404985728, 206.0, -138.0, -963.0
336.424253568, 208.0, -140.0, -959.0
336.443521408, 209.0, -145.0, -956.0
336.462789248, 212.0, -138.0, -964.0
336.482057088, 210.0, -146.0, -961.0
336.501324928, 211.0, -143.0, -962.0
336.520592768, 215.0, -142.0, -957.0
336.539860608, 211.0, -141.0, -962.0
336.559128448, 204.0, -143.0, -965.0
336.578396288, 208.0, -144.0, -962.0
336.597664256, 209.0, -145.0, -965.0
336.616932096, 206.0, -146.0, -959.0
336.636199936, 205.0, -148.0, -959.0
336.655467776, 201.0, -139.0, -957.0
336.674735616, 206.0, -142.0, -961.0
336.694003456, 205.0, -145.0, -961.0
336.713271296, 204.0, -143.0, -953.0
336.732539136, 209.0, -142.0, -960.0
336.751806976, 200.0, -146.0, -964.0
336.771074816, 207.0, -139.0, -950.0
336.790342656, 212.0, -141.0, -961.0
336.809610496, 212.0, -144.0, -960.0
336.828878336, 212.0, -140.0, -962.0
336.848146176, 210.0, -141.0, -958.0
336.867414016, 211.0, -143.0, -963.0
336.886681856, 213.0, -135.0, -955.0
336.905949696, 211.0, -141.0, -962.0
336.925217664, 205.0, -147.0, -967.0
336.944485504, 210.0, -141.0, -962.0
336.963753344, 212.0, -145.0, -965.0
336.983021184, 209.0, -147.0, -964.0
337.002289024, 203.0, -145.0, -960.0
337.021556864, 210.0, -144.0, -961.0
337.040824704, 209.0, -144.0, -959.0
337.060092544, 207.0, -147.0, -960.0
337.079360384, 205.0, -145.0, -959.0
337.098628224, 207.0, -145.0, -957.0
337.117896064, 205.0, -147.0, -956.0
337.137163904, 206.0, -142.0, -955.0
337.156431744, 205.0, -138.0, -960.0
337.175699584, 209.0, -144.0, -956.0
337.194967424, 208.0, -142.0, -958.0
337.214235264, 214.0, -142.0, -957.0
337.233503104, 219.0, -142.0, -962.0
337.252771072, 215.0, -146.0, -960.0
337.272038912, 205.0, -138.0, -958.0
337.291306752, 216.0, -142.0, -953.0
337.310574592, 208.0, -146.0, -962.0
337.329842432, 219.0, -145.0, -955.0
337.349110272, 208.0, -145.0, -962.0
337.368378112, 204.0, -144.0, -959.0
337.387645952, 219.0, -143.0, -962.0
337.406913792, 217.0, -146.0, -958.0
337.426181632, 210.0, -150.0, -958.0
337.445449472, 207.0, -148.0, -966.0
337.464717312, 205.0, -148.0, -959.0
337.483985152, 207.0, -144.0, -957.0
337.503252992, 209.0, -149.0, -960.0
337.522520832, 202.0, -143.0, -959.0
337.541788672, 208.0, -140.0, -956.0
337.56105664, 216.0, -141.0, -958.0
337.58032448, 217.0, -143.0, -961.0
337.59959232, 211.0, -141.0, -958.0
337.61886016, 212.0, -138.0, -957.0
337.638128, 214.0, -142.0, -958.0
337.65739584, 214.0, -142.0, -960.0
337.67666368, 215.0, -139.0, -957.0
337.69593152, 212.0, -147.0, -959.0
337.71519936, 216.0, -141.0, -960.0
337.7344672, 221.0, -139.0, -958.0
337.75373504, 213.0, -140.0, -959.0
337.77300288, 212.0, -144.0, -960.0
337.79227072, 215.0, -146.0, -960.0
337.81153856, 212.0, -144.0, -957.0
337.8308064, 217.0, -143.0, -959.0
337.85007424, 208.0, -145.0, -961.0
337.86934208, 212.0, -142.0, -962.0
337.888610048, 208.0, -144.0, -964.0
337.907877839, 206.0, -143.0, -961.0
337.92714624, 212.0, -148.0, -958.0
337.946414592, 210.0, -139.0, -962.0
337.965682816, 211.0, -144.0, -961.0
337.984951168, 212.0, -142.0, -954.0
338.00421952, 217.0, -137.0, -953.0
338.023487872, 211.0, -142.0, -958.0
338.042756096, 213.0, -142.0, -957.0
338.062024448, 213.0, -138.0, -959.0
338.0812928, 214.0, -139.0, -964.0
338.100561152, 216.0, -142.0, -961.0
338.119829376, 216.0, -142.0, -957.0
338.139097728, 216.0, -144.0, -961.0
338.15836608, 216.0, -143.0, -962.0
338.177634432, 210.0, -143.0, -962.0
338.196902656, 213.0, -144.0, -957.0
338.216171008, 211.0, -146.0, -964.0
338.23543936, 214.0, -143.0, -960.0
338.254707712, 209.0, -146.0, -956.0
338.273975936, 208.0, -142.0, -959.0
338.293244288, 207.0, -141.0, -963.0
338.31251264, 209.0, -143.0, -964.0
338.331780864, 210.0, -141.0, -960.0
338.351049216, 214.0, -145.0, -956.0
338.370317568, 211.0, -146.0, -964.0
338.38958592, 210.0, -143.0, -957.0
338.408854144, 210.0, -140.0, -956.0
338.428122496, 213.0, -141.0, -961.0
338.447390848, 216.0, -137.0, -957.0
338.4666592, 216.0, -143.0, -961.0
338.485927424, 211.0, -144.0, -959.0
338.505195776, 211.0, -142.0, -959.0
338.524464128, 212.0, -141.0, -960.0
338.54373248, 210.0, -145.0, -960.0
338.563000704, 214.0, -144.0, -960.0
338.582269056, 208.0, -142.0, -960.0
338.601537408, 212.0, -143.0, -958.0
338.62080576, 212.0, -138.0, -961.0
338.640073984, 207.0, -149.0, -961.0
338.659342336, 207.0, -146.0, -958.0
338.678610688, 207.0, -146.0, -956.0
338.69787904, 209.0, -145.0, -964.0
338.717147264, 209.0, -143.0, -958.0
338.736415616, 209.0, -147.0, -959.0
338.755683968, 205.0, -144.0, -964.0
338.774952192, 205.0, -141.0, -953.0
338.794220544, 209.0, -142.0, -963.0
338.813488896, 211.0, -139.0, -957.0
338.832757248, 216.0, -138.0, -957.0
338.852025472, 208.0, -142.0, -964.0
338.871293824, 208.0, -139.0, -958.0
338.890562176, 213.0, -142.0, -958.0
338.909830528, 214.0, -143.0, -964.0
338.929098752, 214.0, -142.0, -958.0
338.948367104, 212.0, -144.0, -961.0
338.967635456, 212.0, -142.0, -963.0
338.986903808, 214.0, -145.0, -963.0
339.006172032, 209.0, -146.0, -961.0
339.025440384, 208.0, -146.0, -963.0
339.044708736, 211.0, -143.0, -962.0
339.063977088, 210.0, -149.0, -958.0
339.083245312, 208.0, -148.0, -963.0
339.102513664, 204.0, -147.0, -961.0
339.121782016, 210.0, -147.0, -965.0
339.14105024, 207.0, -143.0, -959.0
339.160318592, 208.0, -144.0, -959.0
339.179586944, 209.0, -146.0, -959.0
339.198855296, 206.0, -146.0, -958.0
339.21812352, 214.0, -147.0, -957.0
339.237391872, 216.0, -138.0, -957.0
339.256660224, 212.0, -142.0, -961.0
339.275928576, 216.0, -138.0, -952.0
339.2951968, 211.0, -140.0, -961.0
339.314465152, 212.0, -141.0, -957.0
339.333733504, 214.0, -142.0, -952.0
339.353001856, 216.0, -141.0, -959.0
339.37227008, 211.0, -148.0, -956.0
339.391538432, 207.0, -146.0, -964.0
339.410806784, 215.0, -142.0, -958.0
339.430075136, 218.0, -142.0, -961.0
339.44934336, 208.0, -144.0, -957.0
339.468611712, 214.0, -144.0, -960.0
339.487880064, 206.0, -147.0, -963.0
339.507148416, 210.0, -146.0, -959.0
339.52641664, 212.0, -149.0, -962.0
339.545684992, 206.0, -142.0, -960.0
339.564953344, 209.0, -145.0, -960.0
339.584221568, 214.0, -145.0, -960.0
339.60348992, 210.0, -147.0, -963.0
339.622758272, 208.0, -142.0, -957.0
339.642026624, 213.0, -143.0, -964.0
339.661294848, 215.0, -140.0, -959.0
339.6805632, 209.0, -136.0, -962.0
339.699831552, 206.0, -140.0, -959.0
339.719099775, 214.0, -143.0, -960.0
339.738366592, 218.0, -142.0, -958.0
339.757633408, 209.0, -138.0, -961.0
339.776900224, 211.0, -140.0, -961.0
339.79616704, 209.0, -146.0, -962.0
339.815433856, 213.0, -147.0, -958.0
339.8347008, 212.0, -140.0, -956.0
339.853967616, 212.0, -144.0, -961.0
339.873234432, 210.0, -144.0, -957.0
339.892501248, 209.0, -145.0, -962.0
339.911768064, 212.0, -146.0, -958.0
339.93103488, 215.0, -142.0, -957.0
339.950301696, 213.0, -148.0, -958.0
339.969568512, 212.0, -148.0, -963.0
339.988835328, 207.0, -144.0, -957.0
340.008102144, 211.0, -143.0, -955.0
340.027369088, 215.0, -142.0, -956.0
340.046635904, 217.0, -139.0, -958.0
340.06590272, 206.0, -144.0, -959.0
340.085169536, 206.0, -141.0, -961.0
340.104436352, 216.0, -142.0, -963.0
340.123703168, 219.0, -138.0, -958.0
340.142969984, 212.0, -141.0, -959.0
340.1622368, 205.0, -139.0, -961.0
340.181503616, 215.0, -141.0, -957.0
340.200770432, 221.0, -143.0, -961.0
340.220037376, 214.0, -141.0, -962.0
340.239304192, 212.0, -140.0, -958.0
340.258571008, 211.0, -147.0, -959.0
340.277837824, 211.0, -145.0, -962.0
340.29710464, 212.0, -143.0, -961.0
340.316371456, 212.0, -146.0, -960.0
340.335638272, 212.0, -141.0, -961.0
340.354905088, 213.0, -141.0, -957.0
340.374171904, 207.0, -141.0, -957.0
340.393438848, 213.0, -139.0, -960.0
340.412705664, 207.0, -137.0, -956.0
340.43197248, 213.0, -140.0, -959.0
340.451239296, 209.0, -141.0, -958.0
340.470506112, 208.0, -140.0, -958.0
340.489772928, 215.0, -138.0, -961.0
340.509039744, 214.0, -143.0, -959.0
340.52830656, 215.0, -142.0, -960.0
340.547573376, 208.0, -142.0, -962.0
340.566840192, 216.0, -141.0, -955.0
340.586107136, 207.0, -145.0, -960.0
340.605373952, 205.0, -141.0, -968.0
340.624640768, 214.0, -144.0, -962.0
340.643907584, 215.0, -151.0, -964.0
340.6631744, 212.0, -147.0, -956.0
340.682441216, 212.0, -145.0, -963.0
340.701708032, 206.0, -143.0, -963.0
340.720974848, 210.0, -139.0, -953.0
340.740241664, 209.0, -145.0, -960.0
340.75950848, 208.0, -147.0, -961.0
340.778775424, 211.0, -145.0, -961.0
340.79804224, 208.0, -138.0, -958.0
340.817309056, 209.0, -136.0, -959.0
340.836575872, 205.0, -146.0, -959.0
340.855842688, 208.0, -143.0, -957.0
340.875109504, 207.0, -146.0, -962.0
340.89437632, 214.0, -140.0, -959.0
340.913643136, 212.0, -134.0, -958.0
340.932909952, 210.0, -141.0, -963.0
340.952176896, 212.0, -145.0, -958.0
340.971443712, 208.0, -148.0, -963.0
340.990710528, 210.0, -144.0, -962.0
341.009977344, 214.0, -146.0, -957.0
341.02924416, 209.0, -149.0, -965.0
341.048510976, 208.0, -144.0, -960.0
341.067777792, 210.0, -146.0, -960.0
341.087044608, 213.0, -147.0, -960.0
341.106311424, 207.0, -146.0, -961.0
341.12557824, 208.0, -148.0, -957.0
341.144845184, 206.0, -148.0, -961.0
341.164112, 206.0, -142.0, -955.0
341.183378816, 211.0, -140.0, -959.0
341.202645632, 209.0, -137.0, -961.0
341.221912448, 207.0, -142.0, -962.0
341.241179264, 211.0, -142.0, -957.0
341.26044608, 207.0, -143.0, -964.0
341.279712896, 208.0, -144.0, -956.0
341.298979712, 203.0, -141.0, -957.0
341.318246528, 214.0, -139.0, -955.0
341.337513472, 212.0, -141.0, -958.0
341.356780288, 212.0, -143.0, -958.0
341.376047104, 207.0, -141.0, -960.0
341.39531392, 212.0, -144.0, -962.0
341.414580736, 216.0, -146.0, -957.0
341.433847552, 209.0, -147.0, -961.0
341.453114368, 208.0, -145.0, -959.0
341.472381184, 207.0, -147.0, -959.0
341.491648, 209.0, -145.0, -960.0
341.510914944, 212.0, -140.0, -960.0
341.53018176, 208.0, -142.0, -961.0
341.549448576, 212.0, -143.0, -956.0
341.568715392, 210.0, -144.0, -963.0
341.587982208, 207.0, -145.0, -961.0
341.607249024, 203.0, -143.0, -957.0
341.62651584, 210.0, -141.0, -963.0
341.645782656, 210.0, -142.0, -957.0
341.665049528, 209.0, -143.0, -959.0
341.684316672, 209.0, -139.0, -958.0
341.703583872, 210.0, -140.0, -959.0
341.722851072, 212.0, -140.0, -958.0
341.7421184, 215.0, -146.0, -964.0
341.7613856, 214.0, -148.0, -961.0
341.7806528, 212.0, -141.0, -960.0
341.79992, 213.0, -141.0, -960.0
341.8191872, 214.0, -147.0, -965.0
341.8384544, 212.0, -141.0, -960.0
341.857721728, 209.0, -145.0, -964.0
341.876988928, 213.0, -141.0, -958.0
341.896256128, 211.0, -145.0, -958.0
341.915523328, 204.0, -143.0, -957.0
341.934790528, 214.0, -143.0, -961.0
341.954057728, 206.0, -145.0, -958.0
341.973325056, 214.0, -138.0, -957.0
341.992592256, 211.0, -141.0, -960.0
342.011859456, 207.0, -136.0, -962.0
342.031126656, 210.0, -137.0, -960.0
342.050393856, 211.0, -139.0, -958.0
342.069661056, 209.0, -139.0, -962.0
342.088928384, 213.0, -140.0, -960.0
342.108195584, 215.0, -143.0, -962.0
342.127462784, 210.0, -139.0, -960.0
342.146729984, 212.0, -143.0, -962.0
342.165997184, 212.0, -145.0, -952.0
342.185264384, 221.0, -147.0, -952.0
342.204531712, 221.0, -141.0, -961.0
342.223798912, 220.0, -141.0, -955.0
342.243066112, 211.0, -140.0, -968.0
342.262333312, 209.0, -136.0, -961.0
342.281600512, 211.0, -145.0, -961.0
342.300867712, 216.0, -149.0, -956.0
342.32013504, 218.0, -148.0, -950.0
342.33940224, 221.0, -151.0, -952.0
342.35866944, 211.0, -148.0, -954.0
342.37793664, 205.0, -143.0, -956.0
342.39720384, 203.0, -144.0, -956.0
342.41647104, 214.0, -135.0, -966.0
342.435738368, 222.0, -133.0, -958.0
342.455005568, 226.0, -136.0, -954.0
342.474272768, 213.0, -141.0, -966.0
342.493539968, 214.0, -137.0, -959.0
342.512807168, 211.0, -138.0, -959.0
342.532074368, 214.0, -135.0, -956.0
342.551341696, 219.0, -139.0, -960.0
342.570608896, 223.0, -139.0, -955.0
342.589876096, 224.0, -140.0, -961.0
342.609143296, 212.0, -140.0, -962.0
342.628410496, 207.0, -138.0, -962.0
342.647677696, 209.0, -137.0, -962.0
342.666945024, 216.0, -136.0, -965.0
342.686212224, 210.0, -141.0, -962.0
342.705479424, 211.0, -140.0, -961.0
342.724746624, 208.0, -149.0, -957.0
342.744013824, 207.0, -146.0, -962.0
342.763281024, 207.0, -146.0, -958.0
342.782548352, 211.0, -142.0, -957.0
342.801815552, 210.0, -144.0, -960.0
342.821082752, 206.0, -143.0, -959.0
342.840349952, 210.0, -144.0, -958.0
342.859617152, 212.0, -143.0, -957.0
342.878884352, 210.0, -141.0, -959.0
342.89815168, 210.0, -137.0, -962.0
342.91741888, 216.0, -143.0, -961.0
342.93668608, 211.0, -141.0, -959.0
342.95595328, 211.0, -146.0, -958.0
342.97522048, 211.0, -145.0, -962.0
342.99448768, 214.0, -143.0, -961.0
343.013755008, 208.0, -141.0, -961.0
343.033022208, 207.0, -142.0, -962.0
343.052289408, 205.0, -143.0, -960.0
343.071556608, 209.0, -150.0, -960.0
343.090823808, 208.0, -145.0, -958.0
343.110091008, 209.0, -143.0, -965.0
343.129358336, 205.0, -140.0, -964.0
343.148625536, 201.0, -143.0, -960.0
343.167892736, 203.0, -143.0, -958.0
343.187159936, 202.0, -141.0, -960.0
343.206427136, 206.0, -138.0, -959.0
343.225694336, 208.0, -136.0, -962.0
343.244961664, 199.0, -141.0, -965.0
343.264228864, 202.0, -144.0, -957.0
343.283496064, 210.0, -141.0, -958.0
343.302763264, 209.0, -142.0, -962.0
343.322030464, 205.0, -141.0, -961.0
343.341297664, 206.0, -138.0, -962.0
343.360564992, 210.0, -143.0, -963.0
343.379832192, 211.0, -138.0, -959.0
343.399099392, 211.0, -137.0, -960.0
343.418366592, 200.0, -141.0, -958.0
343.437633792, 203.0, -144.0, -962.0
343.456900992, 205.0, -146.0, -964.0
343.47616832, 201.0, -146.0, -965.0
343.49543552, 200.0, -145.0, -958.0
343.514702784, 205.0, -146.0, -967.0
343.533970944, 203.0, -137.0, -959.0
343.553239168, 206.0, -141.0, -959.0
343.572507392, 207.0, -142.0, -964.0
343.591775616, 202.0, -139.0, -962.0
343.61104384, 205.0, -141.0, -959.0
343.630312064, 203.0, -141.0, -958.0
343.649580288, 209.0, -139.0, -957.0
343.668848512, 213.0, -141.0, -958.0
343.688116736, 206.0, -134.0, -957.0
343.70738496, 210.0, -136.0, -960.0
343.726653056, 207.0, -137.0, -960.0
343.74592128, 212.0, -141.0, -959.0
343.765189504, 207.0, -140.0, -963.0
343.784457728, 209.0, -138.0, -965.0
343.803725952, 207.0, -145.0, -963.0
343.822994176, 205.0, -143.0, -959.0
343.8422624, 204.0, -146.0, -958.0
343.861530624, 204.0, -144.0, -964.0
343.880798848, 205.0, -147.0, -963.0
343.900067072, 202.0, -146.0, -962.0
343.919335296, 202.0, -143.0, -966.0
343.93860352, 201.0, -142.0, -957.0
343.957871744, 200.0, -144.0, -961.0
343.977139968, 203.0, -139.0, -956.0
343.996408192, 204.0, -141.0, -961.0
344.015676416, 202.0, -139.0, -961.0
344.03494464, 203.0, -142.0, -959.0
344.054212864, 206.0, -142.0, -962.0
344.073481088, 207.0, -135.0, -957.0
344.092749312, 206.0, -138.0, -957.0
344.112017408, 208.0, -143.0, -961.0
344.131285632, 202.0, -137.0, -958.0
344.150553856, 210.0, -142.0, -960.0
344.16982208, 205.0, -138.0, -956.0
344.189090304, 208.0, -139.0, -966.0
344.208358528, 203.0, -138.0, -963.0
344.227626752, 205.0, -144.0, -965.0
344.246894976, 203.0, -148.0, -963.0
344.2661632, 202.0, -137.0, -966.0
344.285431424, 203.0, -143.0, -964.0
344.304699648, 208.0, -138.0, -959.0
344.323967872, 205.0, -142.0, -961.0
344.343236096, 205.0, -144.0, -960.0
344.36250432, 201.0, -145.0, -958.0
344.381772544, 201.0, -146.0, -960.0
344.401040768, 204.0, -143.0, -961.0
344.420308992, 204.0, -137.0, -954.0
344.439577216, 200.0, -141.0, -962.0
344.45884544, 194.0, -141.0, -963.0
344.478113664, 205.0, -137.0, -955.0
344.49738176, 206.0, -141.0, -959.0
344.516649984, 216.0, -131.0, -964.0
344.535918208, 216.0, -128.0, -957.0
344.555186432, 209.0, -136.0, -965.0
344.574454656, 204.0, -140.0, -964.0
344.59372288, 200.0, -144.0, -965.0
344.612991104, 208.0, -155.0, -960.0
344.632259328, 203.0, -148.0, -964.0
344.651527552, 207.0, -140.0, -957.0
344.670795776, 199.0, -143.0, -964.0
344.690064, 194.0, -134.0, -964.0
344.709332224, 197.0, -130.0, -956.0
344.728600448, 209.0, -142.0, -961.0
344.747868672, 201.0, -134.0, -958.0
344.767136896, 203.0, -134.0, -962.0
344.78640512, 194.0, -130.0, -964.0
344.805673344, 188.0, -133.0, -964.0
344.824941568, 184.0, -138.0, -971.0
344.844209792, 187.0, -144.0, -975.0
344.863478016, 194.0, -136.0, -960.0
344.882746112, 207.0, -138.0, -975.0
344.902014336, 179.0, -114.0, -937.0
344.92128256, 210.0, -150.0, -1009.0
344.940550784, 220.0, -108.0, -963.0
344.959819008, 175.0, -121.0, -956.0
344.979087232, 169.0, -110.0, -973.0
344.998355456, 202.0, -108.0, -971.0
345.01762368, 200.0, -116.0, -959.0
345.036891904, 188.0, -127.0, -970.0
345.056160128, 188.0, -124.0, -966.0
345.075428352, 187.0, -116.0, -967.0
345.094696576, 185.0, -118.0, -976.0
345.1139648, 165.0, -116.0, -973.0
345.133233024, 169.0, -109.0, -965.0
345.152501248, 178.0, -119.0, -983.0
345.171769472, 183.0, -119.0, -972.0
345.191037696, 179.0, -117.0, -964.0
345.21030592, 192.0, -119.0, -960.0
345.229574144, 192.0, -124.0, -973.0
345.24884236, 174.0, -120.0, -967.0
345.268110976, 173.0, -117.0, -964.0
345.287379584, 185.0, -111.0, -966.0
345.30664832, 199.0, -118.0, -970.0
345.325916928, 201.0, -127.0, -969.0
345.345185536, 183.0, -129.0, -965.0
345.364454144, 178.0, -117.0, -968.0
345.38372288, 173.0, -123.0, -978.0
345.402991488, 193.0, -116.0, -967.0
345.422260096, 194.0, -131.0, -964.0
345.441528704, 182.0, -121.0, -972.0
345.46079744, 175.0, -127.0, -977.0
345.480066048, 188.0, -120.0, -972.0
345.499334656, 179.0, -122.0, -979.0
345.518603392, 175.0, -117.0, -963.0
345.537872, 189.0, -113.0, -966.0
345.557140608, 198.0, -115.0, -968.0
345.576409216, 201.0, -113.0, -963.0
345.595677952, 201.0, -109.0, -960.0
345.61494656, 212.0, -112.0, -964.0
345.634215168, 220.0, -109.0, -958.0
345.653483776, 210.0, -111.0, -960.0
345.672752512, 196.0, -118.0, -969.0
345.69202112, 185.0, -113.0, -974.0
345.711289728, 178.0, -110.0, -964.0
345.730558464, 183.0, -118.0, -971.0
345.749827072, 193.0, -118.0, -968.0
345.76909568, 205.0, -116.0, -962.0
345.788364288, 210.0, -115.0, -965.0
345.807633024, 204.0, -117.0, -967.0
345.826901632, 192.0, -115.0, -964.0
345.84617024, 184.0, -114.0, -973.0
345.865438976, 189.0, -113.0, -962.0
345.884707584, 198.0, -117.0, -967.0
345.903976192, 195.0, -119.0, -968.0
345.9232448, 197.0, -117.0, -966.0
345.942513536, 203.0, -122.0, -973.0
345.961782144, 203.0, -125.0, -967.0
345.981050752, 199.0, -114.0, -964.0
346.00031936, 198.0, -115.0, -968.0
346.019588096, 195.0, -115.0, -968.0
346.038856704, 201.0, -113.0, -966.0
346.058125312, 211.0, -114.0, -967.0
346.077394048, 202.0, -115.0, -964.0
346.096662656, 200.0, -119.0, -968.0
346.115931264, 195.0, -113.0, -966.0
346.135199872, 192.0, -121.0, -969.0
346.154468608, 196.0, -119.0, -966.0
346.173737216, 203.0, -114.0, -956.0
346.193005824, 210.0, -115.0, -968.0
346.212274432, 206.0, -117.0, -967.0
346.231543168, 200.0, -127.0, -965.0
346.250811776, 201.0, -128.0, -970.0
346.270080384, 198.0, -125.0, -968.0
346.28934912, 194.0, -116.0, -967.0
346.308617728, 199.0, -118.0, -966.0
346.327886336, 200.0, -130.0, -968.0
346.347154944, 204.0, -128.0, -967.0
346.36642368, 201.0, -122.0, -969.0
346.385692288, 193.0, -119.0, -965.0
346.404960896, 193.0, -117.0, -966.0
346.424229504, 196.0, -121.0, -962.0
346.44349824, 204.0, -115.0, -964.0
346.462766848, 205.0, -112.0, -965.0
346.482035456, 201.0, -115.0, -963.0
346.501304192, 206.0, -119.0, -959.0
346.5205728, 206.0, -115.0, -966.0
346.539841408, 198.0, -111.0, -966.0
346.559110016, 187.0, -113.0, -962.0
346.578378752, 182.0, -129.0, -976.0
346.59764736, 186.0, -122.0, -973.0
346.616915968, 185.0, -123.0, -972.0
346.636184576, 182.0, -125.0, -971.0
346.655453312, 183.0, -121.0, -969.0
346.67472192, 176.0, -134.0, -967.0
346.693990528, 171.0, -126.0, -970.0
346.713259264, 188.0, -124.0, -971.0
346.732527872, 189.0, -128.0, -972.0
346.75179648, 179.0, -127.0, -966.0
346.771065088, 175.0, -132.0, -967.0
346.790333824, 181.0, -135.0, -971.0
346.809602432, 176.0, -131.0, -967.0
346.82887104, 185.0, -126.0, -964.0
346.848139776, 192.0, -119.0, -967.0
346.867408384, 187.0, -117.0, -970.0
346.886676992, 180.0, -134.0, -964.0
346.9059456, 179.0, -117.0, -968.0
346.925214336, 173.0, -110.0, -974.0
346.944482944, 182.0, -112.0, -968.0
346.963751552, 196.0, -125.0, -961.0
346.98302016, 207.0, -123.0, -964.0
347.002288896, 196.0, -120.0, -970.0
347.021557504, 186.0, -130.0, -971.0
347.040826112, 180.0, -131.0, -967.0
347.060094814, 189.0, -131.0, -967.0
347.079363968, 189.0, -126.0, -968.0
347.098633088, 189.0, -129.0, -972.0
347.117902336, 184.0, -132.0, -968.0
347.137171456, 190.0, -135.0, -964.0
347.156440704, 194.0, -132.0, -969.0
347.175709824, 191.0, -125.0, -971.0
347.194978944, 179.0, -127.0, -972.0
347.214248192, 175.0, -115.0, -969.0
347.233517312, 182.0, -119.0, -967.0
347.25278656, 185.0, -126.0, -970.0
347.27205568, 182.0, -133.0, -966.0
347.2913248, 178.0, -134.0, -964.0
347.310594048, 181.0, -130.0, -968.0
347.329863168, 169.0, -117.0, -971.0
347.349132416, 164.0, -109.0, -964.0
347.368401536, 176.0, -119.0, -959.0
347.387670656, 202.0, -131.0, -962.0
347.406939904, 206.0, -134.0, -969.0
347.426209024, 186.0, -137.0, -971.0
347.445478272, 168.0, -119.0, -968.0
347.464747392, 173.0, -126.0, -974.0
347.484016512, 179.0, -130.0, -973.0
347.50328576, 181.0, -127.0, -971.0
347.52255488, 186.0, -124.0, -971.0
347.541824128, 186.0, -129.0, -968.0
347.561093248, 187.0, -130.0, -969.0
347.580362368, 177.0, -125.0, -965.0
347.599631616, 181.0, -125.0, -966.0
347.618900736, 186.0, -119.0, -969.0
347.638169984, 197.0, -125.0, -963.0
347.657439104, 197.0, -122.0, -969.0
347.676708352, 187.0, -125.0, -966.0
347.695977472, 189.0, -128.0, -963.0
347.715246592, 184.0, -115.0, -965.0
347.73451584, 200.0, -115.0, -961.0
347.75378496, 218.0, -123.0, -962.0
347.773054208, 220.0, -124.0, -965.0
347.792323328, 203.0, -134.0, -970.0
347.811592448, 200.0, -125.0, -961.0
347.830861696, 197.0, -124.0, -965.0
347.850130816, 199.0, -125.0, -966.0
347.869400064, 201.0, -128.0, -968.0
347.888669184, 204.0, -130.0, -970.0
347.907938304, 202.0, -124.0, -967.0
347.927207552, 205.0, -127.0, -968.0
347.946476672, 199.0, -130.0, -964.0
347.96574592, 189.0, -125.0, -966.0
347.98501504, 198.0, -125.0, -965.0
348.00428416, 206.0, -123.0, -960.0
348.023553408, 208.0, -124.0, -964.0
348.042822528, 198.0, -123.0, -964.0
348.062091776, 205.0, -120.0, -960.0
348.081360896, 206.0, -123.0, -958.0
348.100630016, 213.0, -123.0, -962.0
348.119899264, 211.0, -127.0, -969.0
348.139168384, 202.0, -114.0, -962.0
348.158437632, 195.0, -113.0, -966.0
348.177706752, 194.0, -131.0, -971.0
348.196975872, 202.0, -135.0, -962.0
348.21624512, 202.0, -122.0, -971.0
348.23551424, 206.0, -98.0, -963.0
348.254783488, 223.0, -109.0, -965.0
348.274052608, 211.0, -119.0, -963.0
348.293321728, 196.0, -113.0, -967.0
348.312590976, 191.0, -128.0, -964.0
348.331860096, 216.0, -126.0, -965.0
348.351129344, 210.0, -130.0, -974.0
348.370398464, 174.0, -119.0, -971.0
348.389667584, 179.0, -115.0, -964.0
348.408936832, 203.0, -111.0, -965.0
348.428205952, 227.0, -119.0, -965.0
348.4474752, 238.0, -111.0, -953.0
348.46674432, 242.0, -108.0, -956.0
348.48601344, 243.0, -96.0, -964.0
348.505282688, 245.0, -100.0, -952.0
348.524551808, 241.0, -105.0, -958.0
348.543821056, 236.0, -113.0, -947.0
348.563090176, 257.0, -112.0, -943.0
348.582359296, 279.0, -106.0, -957.0
348.601628544, 272.0, -100.0, -949.0
348.620897664, 273.0, -93.0, -950.0
348.640166912, 278.0, -99.0, -957.0
348.659436032, 274.0, -106.0, -951.0
348.67870528, 267.0, -104.0, -945.0
348.6979744, 274.0, -104.0, -945.0
348.717243578, 291.0, -106.0, -956.0
348.736511744, 287.0, -102.0, -942.0
348.755779968, 270.0, -97.0, -953.0
348.775048064, 274.0, -104.0, -950.0
348.794316288, 263.0, -113.0, -949.0
348.813584512, 257.0, -119.0, -955.0
348.832852736, 252.0, -118.0, -951.0
348.852120832, 255.0, -114.0, -954.0
348.871389056, 253.0, -113.0, -953.0
348.89065728, 248.0, -114.0, -954.0
348.909925504, 248.0, -121.0, -952.0
348.9291936, 245.0, -125.0, -958.0
348.948461824, 240.0, -113.0, -958.0
348.967730048, 246.0, -119.0, -955.0
348.986998144, 252.0, -108.0, -955.0
349.006266368, 260.0, -117.0, -954.0
349.025534592, 253.0, -127.0, -956.0
349.044802816, 233.0, -124.0, -960.0
349.064070912, 229.0, -118.0, -952.0
349.083339136, 234.0, -120.0, -957.0
349.10260736, 231.0, -134.0, -964.0
349.121875456, 221.0, -127.0, -960.0
349.14114368, 217.0, -123.0, -962.0
349.160411904, 219.0, -121.0, -962.0
349.179680128, 211.0, -123.0, -961.0
349.198948224, 219.0, -131.0, -959.0
349.218216448, 217.0, -126.0, -957.0
349.237484672, 220.0, -119.0, -960.0
349.256752896, 231.0, -117.0, -951.0
349.276020992, 236.0, -121.0, -962.0
349.295289216, 232.0, -123.0, -962.0
349.31455744, 223.0, -121.0, -957.0
349.333825536, 226.0, -118.0, -963.0
349.35309376, 227.0, -119.0, -957.0
349.372361984, 230.0, -117.0, -959.0
349.391630208, 233.0, -122.0, -960.0
349.410898304, 233.0, -126.0, -961.0
349.430166528, 223.0, -125.0, -959.0
349.449434752, 225.0, -122.0, -961.0
349.468702848, 228.0, -120.0, -959.0
349.487971072, 230.0, -119.0, -961.0
349.507239296, 226.0, -121.0, -958.0
349.52650752, 227.0, -122.0, -957.0
349.545775616, 232.0, -130.0, -958.0
349.56504384, 227.0, -126.0, -959.0
349.584312064, 220.0, -119.0, -958.0
349.603580288, 226.0, -116.0, -964.0
349.622848384, 228.0, -122.0, -955.0
349.642116608, 222.0, -122.0, -959.0
349.661384832, 227.0, -117.0, -959.0
349.680652928, 233.0, -114.0, -952.0
349.699921152, 229.0, -120.0, -960.0
349.719189376, 230.0, -123.0, -959.0
349.7384576, 227.0, -117.0, -956.0
349.757725696, 235.0, -120.0, -961.0
349.77699392, 239.0, -120.0, -956.0
349.796262144, 233.0, -123.0, -958.0
349.815530368, 229.0, -118.0, -956.0
349.834798464, 230.0, -121.0, -965.0
349.854066688, 228.0, -119.0, -958.0
349.873334912, 228.0, -117.0, -959.0
349.892603008, 228.0, -125.0, -959.0
349.911871232, 232.0, -125.0, -958.0
349.931139456, 233.0, -126.0, -959.0
349.95040768, 224.0, -126.0, -961.0
349.969675776, 221.0, -125.0, -956.0
349.988944, 221.0, -120.0, -959.0
350.008212224, 218.0, -120.0, -961.0
350.02748032, 221.0, -126.0, -959.0
350.046748544, 222.0, -126.0, -958.0
350.066016768, 222.0, -121.0, -958.0
350.085284992, 231.0, -116.0, -960.0
350.104553088, 227.0, -123.0, -960.0
350.123821312, 231.0, -117.0, -957.0
350.143089536, 230.0, -114.0, -960.0
350.16235776, 231.0, -120.0, -960.0
350.181625856, 228.0, -128.0, -960.0
350.20089408, 222.0, -114.0, -961.0
350.220162304, 224.0, -114.0, -956.0
350.2394304, 227.0, -125.0, -963.0
350.258698624, 224.0, -132.0, -958.0
350.277966848, 230.0, -127.0, -959.0
350.297235072, 229.0, -119.0, -965.0
350.316503168, 230.0, -120.0, -959.0
350.335771392, 219.0, -127.0, -959.0
350.355039616, 220.0, -125.0, -966.0
350.374307712, 219.0, -122.0, -962.0
350.393575936, 227.0, -124.0, -960.0
350.41284416, 226.0, -131.0, -955.0
350.432112384, 223.0, -116.0, -963.0
350.45138048, 231.0, -118.0, -959.0
350.470648704, 227.0, -119.0, -958.0
350.489916928, 227.0, -117.0, -958.0
350.509185152, 227.0, -113.0, -959.0
350.528453304, 230.0, -122.0, -954.0
350.547722112, 236.0, -119.0, -957.0
350.566990976, 232.0, -119.0, -957.0
350.586259712, 227.0, -121.0, -959.0
350.605528576, 230.0, -116.0, -958.0
350.62479744, 233.0, -118.0, -961.0
350.644066176, 236.0, -122.0, -961.0
350.66333504, 230.0, -120.0, -961.0
350.682603904, 231.0, -122.0, -960.0
350.701872768, 232.0, -123.0, -960.0
350.721141504, 233.0, -122.0, -961.0
350.740410368, 230.0, -123.0, -959.0
350.759679232, 224.0, -124.0, -957.0
350.778947968, 226.0, -117.0, -962.0
350.798216832, 222.0, -126.0, -959.0
350.817485696, 229.0, -125.0, -952.0
350.836754432, 235.0, -128.0, -957.0
350.856023296, 227.0, -119.0, -954.0
350.87529216, 237.0, -123.0, -959.0
350.894560896, 236.0, -121.0, -956.0
350.91382976, 233.0, -123.0, -952.0
350.933098624, 240.0, -119.0, -958.0
350.95236736, 238.0, -121.0, -958.0
350.971636224, 237.0, -120.0, -958.0
350.990905088, 239.0, -115.0, -951.0
351.010173952, 246.0, -119.0, -959.0
351.029442688, 242.0, -121.0, -960.0
351.048711552, 243.0, -119.0, -954.0
351.067980416, 256.0, -125.0, -956.0
351.087249152, 239.0, -121.0, -958.0
351.106518016, 221.0, -130.0, -960.0
351.12578688, 218.0, -124.0, -958.0
351.145055616, 239.0, -121.0, -954.0
351.16432448, 248.0, -119.0, -956.0
351.183593344, 248.0, -120.0, -953.0
351.20286208, 239.0, -119.0, -957.0
351.222130944, 237.0, -117.0, -960.0
351.241399808, 237.0, -106.0, -949.0
351.260668672, 235.0, -117.0, -957.0
351.279937408, 234.0, -115.0, -958.0
351.299206272, 238.0, -123.0, -953.0
351.318475136, 236.0, -123.0, -956.0
351.337743872, 228.0, -122.0, -962.0
351.357012736, 232.0, -119.0, -954.0
351.3762816, 237.0, -118.0, -956.0
351.395550336, 231.0, -127.0, -958.0
351.4148192, 226.0, -120.0, -957.0
351.434088064, 237.0, -120.0, -958.0
351.4533568, 242.0, -119.0, -957.0
351.472625664, 240.0, -121.0, -958.0
351.491894528, 225.0, -116.0, -959.0
351.511163264, 239.0, -119.0, -957.0
351.530432128, 242.0, -119.0, -963.0
351.549700992, 236.0, -124.0, -960.0
351.568969856, 229.0, -125.0, -959.0
351.588238592, 232.0, -121.0, -957.0
351.607507456, 238.0, -109.0, -957.0
351.62677632, 234.0, -107.0, -955.0
351.646045056, 227.0, -122.0, -963.0
351.66531392, 226.0, -124.0, -952.0
351.684582784, 233.0, -123.0, -960.0
351.70385152, 236.0, -117.0, -957.0
351.723120384, 237.0, -113.0, -953.0
351.742389248, 236.0, -123.0, -960.0
351.761657984, 237.0, -115.0, -953.0
351.780926848, 245.0, -117.0, -957.0
351.800195712, 237.0, -118.0, -953.0
351.819464576, 236.0, -120.0, -954.0
351.838733312, 235.0, -115.0, -959.0
351.858002176, 243.0, -117.0, -958.0
351.87727104, 232.0, -120.0, -960.0
351.896539776, 241.0, -123.0, -958.0
351.91580864, 240.0, -121.0, -957.0
351.935077504, 231.0, -125.0, -957.0
351.95434624, 235.0, -126.0, -956.0
351.973615104, 241.0, -125.0, -955.0
351.992883968, 246.0, -116.0, -953.0
352.012152704, 245.0, -113.0, -958.0
352.031421568, 227.0, -124.0, -955.0
352.050690432, 240.0, -122.0, -954.0
352.069959168, 245.0, -117.0, -956.0
352.089228032, 238.0, -122.0, -959.0
352.108496896, 227.0, -119.0, -959.0
352.12776576, 235.0, -117.0, -953.0
352.147034496, 247.0, -117.0, -954.0
352.16630336, 241.0, -114.0, -956.0
352.185572224, 242.0, -118.0, -955.0
352.20484096, 245.0, -115.0, -955.0
352.224109824, 227.0, -123.0, -964.0
352.243378688, 221.0, -119.0, -960.0
352.262647424, 231.0, -109.0, -963.0
352.281916288, 254.0, -110.0, -951.0
352.301185152, 256.0, -113.0, -957.0
352.320453888, 248.0, -119.0, -955.0
352.339722752, 238.0, -119.0, -957.0
352.358991611, 231.0, -121.0, -960.0
352.378259072, 228.0, -126.0, -958.0
352.397526528, 228.0, -123.0, -957.0
352.416793984, 236.0, -122.0, -953.0
352.43606144, 237.0, -121.0, -958.0
352.455328896, 229.0, -118.0, -958.0
352.474596224, 227.0, -124.0, -958.0
352.49386368, 234.0, -123.0, -958.0
352.513131136, 246.0, -122.0, -955.0
352.532398592, 247.0, -114.0, -956.0
352.551666048, 241.0, -113.0, -953.0
352.570933504, 239.0, -112.0, -960.0
352.59020096, 236.0, -111.0, -955.0
352.609468416, 235.0, -114.0, -958.0
352.628735872, 239.0, -113.0, -955.0
352.6480032, 245.0, -114.0, -959.0
352.667270656, 240.0, -115.0, -958.0
352.686538112, 233.0, -117.0, -954.0
352.705805568, 236.0, -123.0, -954.0
352.725073024, 234.0, -119.0, -957.0
352.74434048, 239.0, -119.0, -956.0
352.763607936, 241.0, -123.0, -959.0
352.782875392, 232.0, -117.0, -958.0
352.802142848, 231.0, -120.0, -958.0
352.821410176, 243.0, -114.0, -954.0
352.840677632, 236.0, -119.0, -957.0
352.859945088, 236.0, -124.0, -960.0
352.879212544, 233.0, -123.0, -955.0
352.89848, 236.0, -120.0, -961.0
352.917747456, 237.0, -113.0, -956.0
352.937014912, 244.0, -115.0, -953.0
352.956282368, 238.0, -112.0, -959.0
352.975549824, 233.0, -114.0, -963.0
352.994817152, 237.0, -116.0, -954.0
353.014084608, 242.0, -108.0, -958.0
353.033352064, 239.0, -114.0, -954.0
353.05261952, 240.0, -115.0, -959.0
353.071886976, 231.0, -120.0, -958.0
353.091154432, 223.0, -120.0, -962.0
353.110421888, 236.0, -117.0, -962.0
353.129689344, 244.0, -115.0, -960.0
353.1489568, 238.0, -120.0, -955.0
353.168224128, 234.0, -122.0, -958.0
353.187491584, 234.0, -124.0, -957.0
353.20675904, 240.0, -125.0, -957.0
353.226026496, 242.0, -123.0, -956.0
353.245293952, 239.0, -115.0, -958.0
353.264561408, 241.0, -108.0, -956.0
353.283828864, 239.0, -116.0, -955.0
353.30309632, 233.0, -116.0, -958.0
353.322363776, 233.0, -121.0, -957.0
353.341631104, 232.0, -127.0, -955.0
353.36089856, 237.0, -115.0, -955.0
353.380166016, 245.0, -107.0, -958.0
353.399433472, 235.0, -116.0, -958.0
353.418700928, 230.0, -113.0, -955.0
353.437968384, 241.0, -118.0, -961.0
353.45723584, 247.0, -111.0, -951.0
353.476503296, 241.0, -116.0, -958.0
353.495770752, 238.0, -117.0, -958.0
353.515038208, 241.0, -120.0, -958.0
353.534305536, 238.0, -121.0, -958.0
353.553572992, 239.0, -121.0, -957.0
353.572840448, 238.0, -119.0, -955.0
353.592107904, 242.0, -119.0, -953.0
353.61137536, 251.0, -119.0, -957.0
353.630642816, 249.0, -122.0, -957.0
353.649910272, 225.0, -122.0, -954.0
353.669177728, 218.0, -122.0, -957.0
353.688445184, 233.0, -115.0, -964.0
353.707712512, 249.0, -111.0, -950.0
353.726979968, 250.0, -103.0, -950.0
353.746247424, 243.0, -105.0, -955.0
353.76551488, 245.0, -115.0, -959.0
353.784782336, 253.0, -113.0, -959.0
353.804049792, 250.0, -113.0, -958.0
353.823317248, 234.0, -107.0, -956.0
353.842584704, 239.0, -120.0, -959.0
353.86185216, 238.0, -121.0, -958.0
353.881119488, 240.0, -119.0, -960.0
353.900386944, 233.0, -121.0, -955.0
353.9196544, 233.0, -130.0, -961.0
353.938921856, 235.0, -119.0, -958.0
353.958189312, 250.0, -111.0, -952.0
353.977456768, 250.0, -115.0, -955.0
353.996724224, 239.0, -120.0, -956.0
354.01599168, 233.0, -122.0, -963.0
354.035259136, 235.0, -123.0, -960.0
354.054526464, 241.0, -117.0, -959.0
354.07379392, 232.0, -119.0, -961.0
354.093061376, 232.0, -120.0, -959.0
354.112328832, 238.0, -114.0, -955.0
354.131596288, 242.0, -107.0, -957.0
354.150863744, 241.0, -114.0, -967.0
354.170131151, 236.0, -128.0, -958.0
354.189396224, 251.0, -111.0, -948.0
354.208661248, 273.0, -120.0, -974.0
354.2279264, 261.0, -87.0, -949.0
354.247191424, 214.0, -133.0, -971.0
354.266456576, 201.0, -114.0, -951.0
354.2857216, 222.0, -129.0, -953.0
354.304986624, 249.0, -113.0, -962.0
354.324251776, 254.0, -123.0, -934.0
354.3435168, 258.0, -126.0, -938.0
354.362781952, 255.0, -120.0, -940.0
354.382046976, 263.0, -125.0, -943.0
354.401312, 255.0, -121.0, -956.0
354.420577152, 251.0, -119.0, -960.0
354.439842176, 249.0, -123.0, -954.0
354.459107328, 234.0, -117.0, -965.0
354.478372352, 241.0, -128.0, -953.0
354.497637376, 254.0, -126.0, -948.0
354.516902528, 250.0, -112.0, -947.0
354.536167552, 247.0, -110.0, -951.0
354.555432704, 242.0, -115.0, -958.0
354.574697728, 253.0, -119.0, -957.0
354.593962752, 246.0, -115.0, -956.0
354.613227904, 237.0, -118.0, -954.0
354.632492928, 250.0, -119.0, -954.0
354.65175808, 239.0, -118.0, -964.0
354.671023104, 236.0, -124.0, -954.0
354.690288256, 248.0, -119.0, -950.0
354.70955328, 249.0, -122.0, -957.0
354.728818304, 243.0, -117.0, -954.0
354.748083456, 243.0, -119.0, -954.0
354.76734848, 243.0, -119.0, -958.0
354.786613632, 246.0, -122.0, -964.0
354.805878656, 230.0, -129.0, -959.0
354.82514368, 231.0, -127.0, -953.0
354.844408832, 232.0, -128.0, -965.0
354.863673856, 230.0, -119.0, -963.0
354.882939008, 227.0, -120.0, -952.0
354.902204032, 238.0, -124.0, -943.0
354.921469056, 250.0, -128.0, -958.0
354.940734208, 241.0, -121.0, -952.0
354.959999232, 239.0, -119.0, -958.0
354.979264384, 235.0, -120.0, -959.0
354.998529408, 238.0, -116.0, -952.0
355.017794432, 254.0, -121.0, -957.0
355.037059584, 246.0, -114.0, -955.0
355.056324608, 249.0, -118.0, -954.0
355.07558976, 248.0, -123.0, -960.0
355.094854784, 232.0, -117.0, -959.0
355.114119808, 232.0, -117.0, -956.0
355.13338496, 239.0, -120.0, -953.0
355.152649984, 246.0, -116.0, -958.0
355.171915136, 259.0, -122.0, -944.0
355.19118016, 282.0, -127.0, -952.0
355.210445184, 243.0, -119.0, -960.0
355.229710336, 208.0, -119.0, -960.0
355.24897536, 225.0, -107.0, -953.0
355.268240512, 254.0, -125.0, -960.0
355.287505536, 249.0, -118.0, -960.0
355.30677056, 242.0, -116.0, -953.0
355.326035712, 244.0, -121.0, -959.0
355.345300736, 242.0, -112.0, -959.0
355.364565888, 231.0, -114.0, -952.0
355.383830912, 234.0, -114.0, -952.0
355.403095936, 245.0, -125.0, -957.0
355.422361088, 246.0, -120.0, -963.0
355.441626112, 238.0, -119.0, -958.0
355.460891264, 234.0, -114.0, -957.0
355.480156288, 246.0, -122.0, -955.0
355.49942144, 245.0, -127.0, -957.0
355.518686464, 247.0, -120.0, -957.0
355.537951488, 241.0, -120.0, -955.0
355.55721664, 238.0, -119.0, -953.0
355.576481664, 232.0, -124.0, -959.0
355.595746816, 238.0, -121.0, -958.0
355.61501184, 246.0, -116.0, -957.0
355.634276864, 249.0, -115.0, -953.0
355.653542016, 238.0, -119.0, -955.0
355.67280704, 235.0, -116.0, -956.0
355.692072192, 235.0, -116.0, -953.0
355.711337216, 241.0, -117.0, -954.0
355.73060224, 244.0, -122.0, -956.0
355.749867392, 248.0, -116.0, -954.0
355.769132442, 244.0, -114.0, -961.0
355.788400896, 240.0, -122.0, -955.0
355.807669376, 240.0, -114.0, -956.0
355.826937984, 242.0, -114.0, -957.0
355.846206464, 246.0, -123.0, -955.0
355.865474944, 252.0, -122.0, -955.0
355.884743424, 242.0, -122.0, -956.0
355.904012032, 232.0, -118.0, -961.0
355.923280512, 237.0, -117.0, -954.0
355.942548992, 241.0, -118.0, -959.0
355.961817472, 243.0, -126.0, -958.0
355.98108608, 235.0, -126.0, -959.0
356.00035456, 231.0, -123.0, -957.0
356.01962304, 234.0, -115.0, -955.0
356.03889152, 242.0, -121.0, -958.0
356.058160128, 234.0, -125.0, -959.0
356.077428608, 238.0, -115.0, -954.0
356.096697088, 238.0, -116.0, -957.0
356.115965568, 238.0, -111.0, -957.0
356.135234176, 242.0, -118.0, -955.0
356.154502656, 241.0, -115.0, -957.0
356.173771136, 252.0, -116.0, -949.0
356.193039616, 253.0, -124.0, -956.0
356.212308224, 236.0, -117.0, -956.0
356.231576704, 226.0, -119.0, -960.0
356.250845184, 241.0, -112.0, -955.0
356.270113792, 252.0, -113.0, -958.0
356.289382272, 254.0, -116.0, -954.0
356.308650752, 252.0, -122.0, -955.0
356.327919232, 246.0, -121.0, -958.0
356.34718784, 240.0, -117.0, -956.0
356.36645632, 226.0, -123.0, -958.0
356.3857248, 223.0, -125.0, -958.0
356.40499328, 240.0, -125.0, -958.0
356.424261888, 241.0, -125.0, -954.0
356.443530368, 236.0, -118.0, -953.0
356.462798848, 238.0, -124.0, -953.0
356.482067328, 240.0, -119.0, -955.0
356.501335936, 244.0, -117.0, -954.0
356.520604416, 241.0, -119.0, -956.0
356.539872896, 233.0, -124.0, -953.0
356.559141376, 241.0, -120.0, -952.0
356.578409984, 248.0, -117.0, -953.0
356.597678464, 248.0, -112.0, -951.0
356.616946944, 238.0, -116.0, -953.0
356.636215424, 244.0, -119.0, -956.0
356.655484032, 247.0, -114.0, -956.0
356.674752512, 245.0, -110.0, -955.0
356.694020992, 241.0, -115.0, -956.0
356.713289472, 233.0, -121.0, -958.0
356.73255808, 239.0, -120.0, -960.0
356.75182656, 247.0, -116.0, -956.0
356.77109504, 244.0, -121.0, -957.0
356.790363648, 229.0, -125.0, -960.0
356.809632128, 231.0, -126.0, -954.0
356.828900608, 246.0, -123.0, -955.0
356.848169088, 243.0, -120.0, -957.0
356.867437696, 242.0, -118.0, -957.0
356.886706176, 234.0, -118.0, -953.0
356.905974656, 242.0, -114.0, -955.0
356.925243136, 242.0, -117.0, -958.0
356.944511744, 243.0, -118.0, -954.0
356.963780224, 246.0, -109.0, -960.0
356.983048704, 246.0, -113.0, -952.0
357.002317184, 239.0, -113.0, -958.0
357.021585792, 237.0, -115.0, -954.0
357.040854272, 242.0, -118.0, -958.0
357.060122752, 239.0, -117.0, -959.0
357.079391232, 240.0, -114.0, -953.0
357.09865984, 240.0, -115.0, -952.0
357.11792832, 240.0, -123.0, -959.0
357.1371968, 234.0, -123.0, -957.0
357.15646528, 230.0, -119.0, -956.0
357.175733888, 236.0, -121.0, -956.0
357.195002368, 238.0, -124.0, -958.0
357.214270848, 232.0, -125.0, -959.0
357.233539456, 231.0, -122.0, -954.0
357.252807936, 232.0, -120.0, -958.0
357.272076416, 232.0, -124.0, -957.0
357.291344896, 235.0, -117.0, -952.0
357.310613504, 241.0, -114.0, -955.0
357.329881984, 239.0, -114.0, -955.0
357.349150464, 230.0, -107.0, -955.0
357.368418944, 235.0, -123.0, -968.0
357.387687552, 235.0, -113.0, -942.0
357.406956032, 241.0, -127.0, -960.0
357.426224512, 224.0, -127.0, -965.0
357.445492992, 210.0, -121.0, -966.0
357.4647616, 207.0, -117.0, -964.0
357.48403008, 215.0, -116.0, -960.0
357.50329856, 230.0, -124.0, -960.0
357.52256704, 228.0, -134.0, -952.0
357.541835648, 235.0, -148.0, -963.0
357.561104128, 230.0, -125.0, -977.0
357.580372692, 206.0, -106.0, -961.0
357.599641088, 202.0, -120.0, -973.0
357.61890944, 228.0, -119.0, -952.0
357.63817792, 238.0, -114.0, -966.0
357.657446272, 233.0, -115.0, -958.0
357.676714752, 248.0, -112.0, -949.0
357.695983104, 228.0, -128.0, -963.0
357.715251584, 225.0, -128.0, -955.0
357.734519936, 223.0, -116.0, -953.0
357.753788416, 234.0, -118.0, -965.0
357.773056768, 232.0, -121.0, -962.0
357.792325248, 232.0, -122.0, -957.0
357.8115936, 236.0, -115.0, -957.0
357.83086208, 235.0, -119.0, -951.0
357.850130432, 233.0, -121.0, -963.0
357.869398912, 232.0, -116.0, -955.0
357.888667264, 234.0, -119.0, -961.0
357.907935744, 232.0, -121.0, -959.0
357.927204096, 232.0, -115.0, -961.0
357.946472576, 223.0, -114.0, -960.0
357.965740928, 232.0, -122.0, -954.0
357.985009408, 239.0, -129.0, -961.0
358.00427776, 238.0, -125.0, -960.0
358.02354624, 226.0, -122.0, -958.0
358.042814592, 226.0, -114.0, -959.0
358.062083072, 235.0, -122.0, -956.0
358.081351424, 241.0, -123.0, -959.0
358.100619904, 233.0, -121.0, -956.0
358.119888256, 236.0, -116.0, -953.0
358.139156736, 237.0, -111.0, -958.0
358.158425088, 235.0, -120.0, -957.0
358.177693568, 239.0, -112.0, -955.0
358.19696192, 236.0, -117.0, -958.0
358.2162304, 240.0, -120.0, -957.0
358.235498752, 235.0, -119.0, -955.0
358.254767232, 231.0, -123.0, -961.0
358.274035584, 235.0, -122.0, -954.0
358.293304064, 241.0, -114.0, -961.0
358.312572416, 233.0, -119.0, -963.0
358.331840896, 236.0, -125.0, -957.0
358.351109248, 235.0, -119.0, -957.0
358.370377728, 233.0, -121.0, -961.0
358.38964608, 236.0, -122.0, -958.0
358.40891456, 234.0, -129.0, -957.0
358.428182912, 235.0, -124.0, -957.0
358.447451392, 234.0, -116.0, -958.0
358.466719744, 232.0, -126.0, -960.0
358.485988224, 238.0, -123.0, -956.0
358.505256576, 234.0, -120.0, -959.0
358.524525056, 232.0, -112.0, -955.0
358.543793408, 230.0, -116.0, -959.0
358.563061888, 235.0, -113.0, -962.0
358.58233024, 224.0, -108.0, -955.0
358.60159872, 219.0, -115.0, -958.0
358.620867072, 238.0, -112.0, -958.0
358.640135552, 237.0, -111.0, -955.0
358.659403904, 239.0, -115.0, -961.0
358.678672384, 235.0, -110.0, -953.0
358.697940736, 232.0, -124.0, -959.0
358.717209216, 221.0, -126.0, -960.0
358.736477568, 229.0, -123.0, -961.0
358.755746048, 232.0, -123.0, -961.0
358.7750144, 228.0, -125.0, -959.0
358.79428288, 227.0, -120.0, -956.0
358.813551232, 235.0, -124.0, -961.0
358.832819712, 236.0, -120.0, -960.0
358.852088064, 224.0, -125.0, -963.0
358.871356544, 227.0, -123.0, -955.0
358.890624896, 234.0, -123.0, -959.0
358.909893376, 238.0, -119.0, -956.0
358.929161728, 232.0, -120.0, -961.0
358.948430208, 226.0, -119.0, -955.0
358.96769856, 229.0, -115.0, -961.0
358.98696704, 236.0, -110.0, -956.0
359.006235392, 237.0, -110.0, -957.0
359.025503872, 238.0, -114.0, -958.0
359.044772224, 238.0, -112.0, -957.0
359.064040704, 239.0, -111.0, -954.0
359.083309056, 232.0, -115.0, -960.0
359.102577536, 233.0, -117.0, -957.0
359.121845888, 235.0, -119.0, -956.0
359.141114368, 235.0, -120.0, -959.0
359.16038272, 230.0, -123.0, -958.0
359.1796512, 229.0, -121.0, -951.0
359.198919552, 237.0, -123.0, -958.0
359.218188032, 241.0, -121.0, -955.0
359.237456384, 233.0, -117.0, -955.0
359.256724864, 237.0, -122.0, -961.0
359.275993216, 232.0, -119.0, -960.0
359.295261696, 228.0, -120.0, -958.0
359.314530048, 233.0, -119.0, -957.0
359.333798528, 228.0, -113.0, -961.0
359.35306688, 235.0, -120.0, -959.0
359.37233536, 234.0, -115.0, -958.0
359.391603782, 234.0, -114.0, -956.0
359.410870656, 242.0, -112.0, -952.0
359.430137472, 242.0, -111.0, -955.0
359.449404416, 244.0, -115.0, -954.0
359.468671232, 231.0, -105.0, -960.0
359.487938176, 227.0, -104.0, -963.0
359.507204992, 236.0, -113.0, -958.0
359.526471936, 241.0, -129.0, -958.0
359.545738752, 241.0, -129.0, -954.0
359.565005696, 235.0, -124.0, -962.0
359.584272512, 225.0, -121.0, -959.0
359.603539456, 223.0, -127.0, -956.0
359.622806272, 230.0, -131.0, -956.0
359.642073088, 237.0, -134.0, -959.0
359.661340032, 239.0, -124.0, -960.0
359.680606848, 233.0, -112.0, -952.0
359.699873792, 234.0, -110.0, -955.0
359.719140608, 392.0, -31.0, -888.0
359.738407552, 220.0, -135.0, -986.0
359.757674368, 150.0, 1.0, -886.0
359.776941312, 23.0, -145.0, -935.0
359.796208128, 425.0, -54.0, -989.0
359.815475072, 362.0, -85.0, -882.0
359.834741888, 242.0, -147.0, -999.0
359.854008704, 115.0, -96.0, -969.0
359.873275648, 188.0, -89.0, -935.0
359.892542464, 311.0, -144.0, -974.0
359.911809408, 303.0, -118.0, -948.0
359.931076224, 209.0, -115.0, -952.0
359.950343168, 208.0, -123.0, -971.0
359.969609984, 231.0, -126.0, -962.0
359.988876928, 233.0, -121.0, -950.0
360.008143744, 231.0, -118.0, -958.0
360.027410688, 217.0, -112.0, -956.0
360.046677504, 209.0, -121.0, -956.0
360.06594432, 261.0, -81.0, -948.0
360.085211264, 288.0, -123.0, -952.0
360.10447808, 228.0, -121.0, -965.0
360.123745024, 195.0, -104.0, -964.0
360.14301184, 239.0, -111.0, -956.0
360.162278784, 252.0, -119.0, -956.0
360.1815456, 237.0, -121.0, -960.0
360.200812544, 254.0, -107.0, -948.0
360.22007936, 256.0, -125.0, -966.0
360.239346304, 232.0, -113.0, -959.0
360.25861312, 231.0, -119.0, -951.0
360.277879936, 237.0, -106.0, -955.0
360.29714688, 249.0, -118.0, -970.0
360.316413696, 237.0, -108.0, -948.0
360.33568064, 209.0, -130.0, -957.0
360.354947456, 189.0, -118.0, -969.0
360.3742144, 203.0, -130.0, -961.0
360.393481216, 229.0, -124.0, -957.0
360.41274816, 240.0, -120.0, -954.0
360.432014976, 243.0, -106.0, -959.0
360.45128192, 248.0, -118.0, -958.0
360.470548736, 228.0, -112.0, -959.0
360.489815552, 210.0, -123.0, -970.0
360.509082496, 214.0, -111.0, -955.0
360.528349312, 232.0, -128.0, -968.0
360.547616256, 226.0, -111.0, -957.0
360.566883072, 236.0, -118.0, -954.0
360.586150016, 239.0, -113.0, -955.0
360.605416832, 227.0, -118.0, -968.0
360.624683776, 225.0, -116.0, -948.0
360.643950592, 233.0, -119.0, -961.0
360.663217536, 227.0, -118.0, -960.0
360.682484352, 216.0, -125.0, -962.0
360.701751168, 234.0, -122.0, -953.0
360.721018112, 239.0, -121.0, -955.0
360.740284928, 215.0, -116.0, -964.0
360.759551872, 229.0, -118.0, -960.0
360.778818688, 236.0, -117.0, -955.0
360.798085632, 220.0, -137.0, -965.0
360.817352448, 226.0, -107.0, -956.0
360.836619392, 230.0, -121.0, -962.0
360.855886208, 227.0, -117.0, -959.0
360.875153152, 233.0, -122.0, -955.0
360.894419966, 222.0, -122.0, -965.0
360.913686912, 214.0, -121.0, -964.0
360.932953856, 230.0, -119.0, -951.0
360.952220672, 234.0, -126.0, -964.0
360.971487616, 230.0, -110.0, -957.0
360.990754432, 227.0, -123.0, -959.0
361.010021376, 228.0, -114.0, -957.0
361.029288192, 229.0, -121.0, -959.0
361.048555136, 228.0, -123.0, -953.0
361.06782208, 230.0, -121.0, -956.0
361.087088896, 228.0, -123.0, -961.0
361.10635584, 236.0, -119.0, -959.0
361.125622656, 233.0, -117.0, -962.0
361.1448896, 228.0, -126.0, -959.0
361.164156544, 223.0, -121.0, -963.0
361.18342336, 221.0, -123.0, -960.0
361.202690304, 218.0, -124.0, -958.0
361.22195712, 220.0, -125.0, -958.0
361.241224064, 227.0, -121.0, -966.0
361.26049088, 230.0, -117.0, -955.0
361.279757824, 221.0, -120.0, -958.0
361.299024768, 220.0, -123.0, -961.0
361.318291584, 219.0, -120.0, -960.0
361.337558528, 220.0, -120.0, -962.0
361.356825344, 227.0, -118.0, -962.0
361.376092288, 230.0, -116.0, -959.0
361.395359104, 230.0, -123.0, -958.0
361.414626048, 228.0, -118.0, -958.0
361.433892992, 224.0, -123.0, -962.0
361.453159808, 220.0, -122.0, -961.0
361.472426752, 222.0, -120.0, -961.0
361.491693568, 231.0, -114.0, -958.0
361.510960512, 229.0, -118.0, -961.0
361.530227328, 228.0, -123.0, -958.0
361.549494272, 217.0, -125.0, -962.0
361.568761216, 219.0, -122.0, -962.0
361.588028032, 227.0, -122.0, -955.0
361.607294976, 225.0, -123.0, -958.0
361.626561792, 223.0, -124.0, -965.0
361.645828736, 222.0, -121.0, -959.0
361.66509568, 219.0, -122.0, -958.0
361.684362496, 225.0, -116.0, -960.0
361.70362944, 223.0, -125.0, -956.0
361.722896256, 222.0, -115.0, -957.0
361.7421632, 224.0, -115.0, -955.0
361.761430016, 222.0, -114.0, -960.0
361.78069696, 226.0, -120.0, -957.0
361.799963904, 220.0, -122.0, -961.0
361.81923072, 219.0, -111.0, -962.0
361.838497664, 228.0, -116.0, -958.0
361.85776448, 226.0, -118.0, -958.0
361.877031424, 224.0, -127.0, -961.0
361.89629824, 226.0, -114.0, -962.0
361.915565184, 226.0, -114.0, -962.0
361.934832128, 230.0, -123.0, -956.0
361.954098944, 224.0, -124.0, -954.0
361.973365888, 222.0, -129.0, -958.0
361.992632704, 221.0, -123.0, -962.0
362.011899648, 219.0, -119.0, -965.0
362.031166592, 223.0, -116.0, -958.0
362.050433408, 223.0, -123.0, -963.0
362.069700352, 220.0, -128.0, -960.0
362.088967168, 222.0, -116.0, -961.0
362.108234112, 220.0, -117.0, -955.0
362.127500928, 221.0, -122.0, -958.0
362.146767872, 217.0, -125.0, -960.0
362.166034816, 223.0, -122.0, -960.0
362.185301632, 219.0, -117.0, -956.0
362.204568576, 223.0, -111.0, -961.0
362.223835392, 227.0, -116.0, -958.0
362.243102336, 223.0, -119.0, -958.0
362.262369152, 221.0, -122.0, -965.0
362.281636096, 224.0, -116.0, -957.0
362.30090304, 228.0, -123.0, -961.0
362.320169856, 226.0, -121.0, -958.0
362.3394368, 220.0, -126.0, -964.0
362.358703616, 221.0, -121.0, -963.0
362.37797056, 217.0, -121.0, -961.0
362.397237504, 217.0, -127.0, -963.0
362.41650432, 218.0, -119.0, -958.0
362.435771264, 220.0, -126.0, -964.0
362.45503808, 215.0, -123.0, -964.0
362.474305024, 214.0, -117.0, -957.0
362.49357184, 220.0, -121.0, -964.0
362.512838784, 213.0, -127.0, -961.0
362.532105728, 212.0, -126.0, -961.0
362.551372544, 221.0, -125.0, -956.0
362.570639488, 223.0, -115.0, -959.0
362.589906304, 225.0, -123.0, -961.0
362.609173248, 215.0, -119.0, -960.0
362.628440064, 222.0, -116.0, -958.0
362.647707008, 223.0, -121.0, -961.0
362.666973952, 220.0, -118.0, -963.0
362.686240768, 214.0, -117.0, -962.0
362.705507626, 225.0, -118.0, -961.0
362.724775552, 226.0, -128.0, -959.0
362.74404352, 220.0, -115.0, -965.0
362.763311488, 218.0, -126.0, -962.0
362.782579584, 228.0, -125.0, -960.0
362.801847552, 222.0, -125.0, -962.0
362.82111552, 211.0, -121.0, -962.0
362.840383488, 215.0, -127.0, -962.0
362.859651456, 221.0, -125.0, -960.0
362.878919424, 227.0, -128.0, -960.0
362.89818752, 220.0, -116.0, -962.0
362.917455488, 218.0, -124.0, -960.0
362.936723456, 212.0, -120.0, -959.0
362.955991424, 230.0, -115.0, -955.0
362.975259392, 234.0, -117.0, -963.0
362.99452736, 224.0, -125.0, -959.0
363.013795456, 218.0, -118.0, -962.0
363.033063424, 223.0, -116.0, -960.0
363.052331392, 232.0, -117.0, -960.0
363.07159936, 230.0, -119.0, -961.0
363.090867328, 223.0, -111.0, -960.0
363.110135296, 225.0, -120.0, -962.0
363.129403392, 223.0, -122.0, -961.0
363.14867136, 224.0, -125.0, -961.0
363.167939328, 219.0, -124.0, -958.0
363.187207296, 228.0, -118.0, -958.0
363.206475264, 224.0, -123.0, -963.0
363.225743232, 221.0, -121.0, -957.0
363.245011328, 221.0, -124.0, -958.0
363.264279296, 225.0, -122.0, -962.0
363.283547264, 226.0, -123.0, -959.0
363.302815232, 218.0, -121.0, -959.0
363.3220832, 221.0, -116.0, -961.0
363.341351296, 224.0, -122.0, -962.0
363.360619264, 224.0, -123.0, -961.0
363.379887232, 220.0, -123.0, -958.0
363.3991552, 224.0, -122.0, -957.0
363.418423168, 227.0, -118.0, -957.0
363.437691136, 232.0, -116.0, -960.0
363.456959232, 223.0, -120.0, -961.0
363.4762272, 222.0, -122.0, -961.0
363.495495168, 230.0, -117.0, -953.0
363.514763136, 230.0, -117.0, -955.0
363.534031104, 229.0, -122.0, -955.0
363.553299072, 227.0, -119.0, -958.0
363.572567168, 224.0, -126.0, -960.0
363.591835136, 228.0, -122.0, -962.0
363.611103104, 223.0, -123.0, -961.0
363.630371072, 221.0, -128.0, -960.0
363.64963904, 222.0, -122.0, -959.0
363.668907008, 226.0, -124.0, -960.0
363.688175104, 228.0, -120.0, -961.0
363.707443072, 229.0, -112.0, -958.0
363.72671104, 216.0, -123.0, -956.0
363.745979008, 223.0, -125.0, -957.0
363.765246976, 232.0, -119.0, -960.0
363.784514944, 232.0, -117.0, -966.0
363.80378304, 231.0, -125.0, -959.0
363.823051008, 224.0, -120.0, -960.0
363.842318976, 227.0, -115.0, -958.0
363.861586944, 236.0, -116.0, -958.0
363.880854912, 229.0, -121.0, -960.0
363.900123008, 225.0, -126.0, -959.0
363.919390976, 226.0, -125.0, -957.0
363.938658944, 220.0, -124.0, -964.0
363.957926912, 215.0, -131.0, -962.0
363.97719488, 209.0, -143.0, -957.0
363.996462848, 211.0, -138.0, -957.0
364.015730944, 239.0, -124.0, -957.0
364.034998912, 235.0, -126.0, -967.0
364.05426688, 225.0, -99.0, -955.0
364.073534848, 240.0, -129.0, -958.0
364.092802816, 231.0, -132.0, -965.0
364.112070784, 225.0, -117.0, -961.0
364.13133888, 229.0, -99.0, -958.0
364.150606848, 242.0, -87.0, -963.0
364.169874816, 241.0, -85.0, -965.0
364.189142784, 240.0, -66.0, -959.0
364.208410752, 229.0, -65.0, -958.0
364.22767872, 228.0, -78.0, -964.0
364.246946816, 225.0, -54.0, -967.0
364.266214784, 206.0, -82.0, -965.0
364.285482752, 223.0, -75.0, -959.0
364.30475072, 261.0, -78.0, -964.0
364.324018688, 260.0, -36.0, -977.0
364.343286656, 224.0, -70.0, -921.0
364.362554752, 258.0, -56.0, -976.0
364.38182272, 241.0, -109.0, -984.0
364.401090754, 197.0, -79.0, -970.0
364.42035648, 260.0, -24.0, -969.0
364.439622144, 281.0, -90.0, -980.0
364.458887808, 402.0, -100.0, -981.0
364.478153472, 319.0, -26.0, -946.0
364.497419136, 294.0, -10.0, -937.0
364.5166848, 311.0, -9.0, -955.0
364.535950464, 343.0, -40.0, -945.0
364.555216128, 268.0, -189.0, -939.0
364.574481792, 323.0, 7.0, -1003.0
364.593747456, 408.0, -48.0, -943.0
364.613012992, 366.0, 29.0, -917.0
364.632278656, 404.0, -1.0, -960.0
364.65154432, 331.0, 16.0, -945.0
364.670809984, 339.0, 66.0, -949.0
364.690075648, 408.0, 42.0, -938.0
364.709341312, 369.0, 72.0, -888.0
364.728606976, 429.0, 68.0, -886.0
364.74787264, 415.0, 81.0, -898.0
364.767138304, 376.0, 84.0, -897.0
364.786403968, 407.0, 73.0, -893.0
364.805669632, 421.0, 92.0, -872.0
364.824935296, 436.0, 119.0, -832.0
364.84420096, 427.0, 126.0, -851.0
364.863466624, 435.0, 112.0, -882.0
364.882732288, 489.0, 120.0, -839.0
364.901997952, 493.0, 121.0, -824.0
364.921263616, 435.0, 138.0, -862.0
364.94052928, 443.0, 139.0, -878.0
364.959794944, 481.0, 124.0, -854.0
364.97906048, 580.0, 95.0, -845.0
364.998326144, 575.0, 70.0, -832.0
365.017591808, 570.0, 123.0, -835.0
365.036857472, 460.0, 157.0, -857.0
365.056123136, 433.0, 156.0, -841.0
365.0753888, 465.0, 166.0, -832.0
365.094654464, 472.0, 195.0, -851.0
365.113920128, 473.0, 257.0, -863.0
365.133185792, 433.0, 241.0, -870.0
365.152451456, 457.0, 226.0, -852.0
365.17171712, 560.0, 241.0, -826.0
365.190982784, 554.0, 247.0, -807.0
365.210248448, 531.0, 238.0, -814.0
365.229514112, 489.0, 234.0, -807.0
365.248779776, 442.0, 249.0, -785.0
365.26804544, 437.0, 256.0, -785.0
365.287311104, 467.0, 215.0, -778.0
365.306576768, 471.0, 196.0, -788.0
365.325842432, 503.0, 183.0, -784.0
365.345108096, 583.0, 176.0, -788.0
365.364373632, 544.0, 111.0, -802.0
365.383639296, 474.0, 98.0, -778.0
365.40290496, 465.0, 156.0, -776.0
365.422170624, 500.0, 133.0, -796.0
365.441436288, 516.0, 72.0, -887.0
365.460701952, 581.0, 6.0, -870.0
365.479967616, 438.0, -18.0, -847.0
365.49923328, 413.0, -48.0, -877.0
365.518498944, 550.0, -81.0, -922.0
365.537764608, 617.0, -92.0, -943.0
365.557030194, 669.0, -69.0, -940.0
365.576296448, 766.0, -234.0, -1122.0
365.595562752, 333.0, -196.0, -1008.0
365.614828928, 283.0, 42.0, -806.0
365.634095232, 357.0, 11.0, -705.0
365.653361536, 422.0, -260.0, -999.0
365.672627712, 475.0, -161.0, -872.0
365.691894016, 535.0, -183.0, -767.0
365.71116032, 500.0, -214.0, -846.0
365.730426496, 493.0, -202.0, -825.0
365.7496928, 559.0, -151.0, -759.0
365.768959104, 627.0, -172.0, -785.0
365.78822528, 693.0, -175.0, -795.0
365.807491584, 738.0, -192.0, -779.0
365.82675776, 690.0, -220.0, -757.0
365.846024064, 624.0, -234.0, -742.0
365.865290368, 611.0, -275.0, -771.0
365.884556544, 614.0, -250.0, -747.0
365.903822848, 630.0, -197.0, -725.0
365.923089152, 633.0, -170.0, -724.0
365.942355328, 638.0, -211.0, -682.0
365.961621632, 537.0, -195.0, -732.0
365.980887936, 710.0, -245.0, -691.0
366.000154112, 665.0, -165.0, -686.0
366.019420416, 588.0, -205.0, -704.0
366.03868672, 554.0, -162.0, -668.0
366.057952896, 555.0, -128.0, -665.0
366.0772192, 564.0, -135.0, -712.0
366.096485504, 541.0, -86.0, -706.0
366.11575168, 544.0, -86.0, -698.0
366.135017984, 551.0, -112.0, -756.0
366.154284288, 499.0, -227.0, -973.0
366.173550464, 488.0, -223.0, -1108.0
366.192816768, 744.0, -33.0, -796.0
366.212083072, 765.0, -11.0, -590.0
366.231349248, 700.0, -188.0, -688.0
366.250615552, 675.0, -269.0, -752.0
366.269881728, 733.0, -251.0, -720.0
366.289148032, 714.0, -246.0, -681.0
366.308414336, 668.0, -288.0, -704.0
366.327680512, 635.0, -278.0, -731.0
366.346946816, 644.0, -238.0, -734.0
366.36621312, 670.0, -217.0, -731.0
366.385479296, 651.0, -236.0, -727.0
366.4047456, 629.0, -249.0, -716.0
366.424011904, 615.0, -254.0, -692.0
366.44327808, 640.0, -264.0, -686.0
366.462544384, 638.0, -271.0, -677.0
366.481810688, 639.0, -278.0, -671.0
366.501076864, 631.0, -272.0, -675.0
366.520343168, 645.0, -264.0, -681.0
366.539609472, 649.0, -247.0, -679.0
366.558875648, 664.0, -230.0, -668.0
366.578141952, 671.0, -239.0, -676.0
366.597408256, 685.0, -260.0, -663.0
366.616674432, 697.0, -268.0, -648.0
366.635940736, 707.0, -266.0, -637.0
366.65520704, 711.0, -257.0, -648.0
366.674473216, 711.0, -258.0, -653.0
366.69373952, 721.0, -251.0, -644.0
366.713005824, 712.0, -255.0, -647.0
366.732272, 699.0, -255.0, -658.0
366.751538286, 693.0, -237.0, -671.0
366.770805888, 707.0, -233.0, -670.0
366.790073472, 708.0, -246.0, -639.0
366.809340928, 720.0, -250.0, -641.0
366.828608512, 723.0, -248.0, -677.0
366.847876096, 747.0, -266.0, -672.0
366.867143552, 762.0, -254.0, -615.0
366.886411136, 718.0, -271.0, -602.0
366.90567872, 695.0, -263.0, -612.0
366.924946176, 717.0, -253.0, -623.0
366.94421376, 748.0, -262.0, -609.0
366.963481344, 741.0, -282.0, -599.0
366.9827488, 735.0, -284.0, -609.0
367.002016384, 726.0, -306.0, -647.0
367.02128384, 732.0, -324.0, -630.0
367.040551424, 773.0, -312.0, -609.0
367.059819008, 741.0, -306.0, -612.0
367.079086464, 720.0, -300.0, -651.0
367.098354048, 700.0, -311.0, -619.0
367.117621632, 680.0, -327.0, -606.0
367.136889088, 688.0, -331.0, -611.0
367.156156672, 666.0, -344.0, -633.0
367.175424256, 685.0, -381.0, -668.0
367.194691712, 749.0, -371.0, -653.0
367.213959296, 660.0, -405.0, -649.0
367.23322688, 500.0, -464.0, -661.0
367.252494336, 494.0, -481.0, -657.0
367.27176192, 487.0, -459.0, -661.0
367.291029504, 506.0, -363.0, -727.0
367.31029696, 528.0, -280.0, -759.0
367.329564544, 592.0, -190.0, -713.0
367.348832128, 624.0, -140.0, -678.0
367.368099584, 607.0, -132.0, -695.0
367.387367168, 611.0, -129.0, -677.0
367.406634624, 571.0, -150.0, -677.0
367.425902208, 609.0, -145.0, -739.0
367.445169792, 632.0, -134.0, -765.0
367.464437248, 564.0, -118.0, -787.0
367.483704832, 508.0, -74.0, -810.0
367.502972416, 525.0, -73.0, -826.0
367.522239872, 607.0, -54.0, -823.0
367.541507456, 571.0, -35.0, -857.0
367.56077504, 519.0, -38.0, -856.0
367.580042496, 563.0, -52.0, -866.0
367.59931008, 553.0, -50.0, -835.0
367.618577664, 528.0, -80.0, -838.0
367.63784512, 526.0, -48.0, -888.0
367.657112704, 562.0, 0.0, -906.0
367.676380288, 544.0, -35.0, -900.0
367.695647744, 453.0, -71.0, -838.0
367.714915328, 512.0, -87.0, -811.0
367.734182912, 559.0, -99.0, -866.0
367.753450368, 440.0, -124.0, -893.0
367.772717952, 499.0, -127.0, -870.0
367.791985536, 538.0, -83.0, -886.0
367.811252992, 492.0, -76.0, -910.0
367.830520576, 508.0, -91.0, -875.0
367.849788032, 483.0, -131.0, -873.0
367.869055616, 435.0, -130.0, -871.0
367.8883232, 470.0, -92.0, -866.0
367.907590656, 491.0, -59.0, -872.0
367.92685824, 475.0, -71.0, -868.0
367.946125824, 468.0, -95.0, -881.0
367.96539328, 462.0, -124.0, -857.0
367.984660806, 500.0, -175.0, -881.0
368.003927936, 456.0, -98.0, -879.0
368.023195008, 487.0, 1.0, -863.0
368.04246208, 478.0, 13.0, -914.0
368.061729152, 346.0, 39.0, -860.0
368.080996224, 404.0, 6.0, -866.0
368.100263296, 480.0, -78.0, -900.0
368.119530368, 557.0, -120.0, -882.0
368.13879744, 551.0, -149.0, -845.0
368.158064512, 460.0, -147.0, -833.0
368.177331584, 477.0, -158.0, -855.0
368.196598656, 529.0, -157.0, -852.0
368.2158656, 502.0, -148.0, -851.0
368.235132672, 495.0, -121.0, -861.0
368.254399744, 499.0, -80.0, -879.0
368.273666816, 530.0, -72.0, -853.0
368.292933888, 545.0, -81.0, -845.0
368.31220096, 508.0, -99.0, -852.0
368.331468032, 533.0, -66.0, -818.0
368.350735104, 574.0, -40.0, -799.0
368.370002176, 590.0, -25.0, -812.0
368.389269248, 605.0, 5.0, -794.0
368.40853632, 615.0, 20.0, -800.0
368.427803392, 609.0, 78.0, -777.0
368.447070464, 614.0, 109.0, -768.0
368.466337536, 603.0, 113.0, -772.0
368.485604608, 642.0, 78.0, -811.0
368.50487168, 654.0, 88.0, -806.0
368.524138752, 640.0, 118.0, -783.0
368.543405824, 614.0, 152.0, -772.0
368.562672896, 626.0, 27.0, -831.0
368.581939968, 601.0, -101.0, -858.0
368.601206912, 636.0, -36.0, -836.0
368.620473984, 564.0, 32.0, -783.0
368.639741056, 529.0, -30.0, -792.0
368.659008128, 626.0, -86.0, -805.0
368.6782752, 697.0, -245.0, -810.0
368.697542272, 548.0, -217.0, -765.0
368.716809344, 484.0, -155.0, -784.0
368.736076416, 570.0, -132.0, -760.0
368.755343488, 678.0, -113.0, -709.0
368.77461056, 765.0, -127.0, -700.0
368.793877632, 649.0, -154.0, -721.0
368.813144704, 483.0, -153.0, -719.0
368.832411776, 590.0, -145.0, -708.0
368.851678848, 716.0, -198.0, -679.0
368.87094592, 819.0, -212.0, -697.0
368.890212992, 823.0, -145.0, -688.0
368.909480064, 787.0, -135.0, -677.0
368.928747136, 734.0, -102.0, -691.0
368.948014208, 681.0, -85.0, -654.0
368.96728128, 720.0, -114.0, -665.0
368.986548224, 733.0, -145.0, -674.0
369.005815296, 744.0, -159.0, -663.0
369.025082368, 738.0, -145.0, -658.0
369.04434944, 724.0, -170.0, -649.0
369.063616512, 715.0, -197.0, -662.0
369.082883584, 686.0, -205.0, -663.0
369.102150612, 678.0, -200.0, -659.0
369.121418112, 654.0, -217.0, -664.0
369.140685568, 675.0, -230.0, -639.0
369.159952896, 693.0, -241.0, -609.0
369.179220352, 692.0, -251.0, -599.0
369.19848768, 632.0, -297.0, -636.0
369.217755136, 652.0, -304.0, -623.0
369.237022464, 620.0, -245.0, -596.0
369.25628992, 592.0, -229.0, -621.0
369.275557376, 596.0, -238.0, -656.0
369.294824704, 605.0, -247.0, -661.0
369.31409216, 631.0, -240.0, -628.0
369.333359488, 715.0, -247.0, -650.0
369.352626944, 736.0, -253.0, -641.0
369.371894272, 737.0, -225.0, -622.0
369.391161728, 724.0, -189.0, -628.0
369.410429184, 699.0, -175.0, -642.0
369.429696512, 671.0, -192.0, -659.0
369.448963968, 708.0, -208.0, -682.0
369.468231296, 729.0, -202.0, -705.0
369.487498752, 755.0, -179.0, -688.0
369.50676608, 726.0, -149.0, -676.0
369.526033536, 706.0, -117.0, -700.0
369.545300864, 746.0, -121.0, -731.0
369.56456832, 850.0, -126.0, -757.0
369.583835776, 912.0, -87.0, -741.0
369.603103104, 863.0, -76.0, -704.0
369.62237056, 770.0, -92.0, -696.0
369.641637888, 697.0, -109.0, -704.0
369.660905344, 726.0, -131.0, -707.0
369.680172672, 807.0, -132.0, -672.0
369.699440128, 809.0, -130.0, -661.0
369.718707584, 725.0, -117.0, -673.0
369.737974912, 700.0, -143.0, -654.0
369.757242368, 689.0, -181.0, -694.0
369.776509696, 748.0, -190.0, -669.0
369.795777152, 712.0, -168.0, -629.0
369.81504448, 667.0, -183.0, -642.0
369.834311936, 620.0, -199.0, -661.0
369.853579392, 666.0, -203.0, -634.0
369.87284672, 694.0, -186.0, -586.0
369.892114176, 705.0, -199.0, -598.0
369.911381504, 721.0, -200.0, -613.0
369.93064896, 737.0, -166.0, -597.0
369.949916288, 726.0, -179.0, -589.0
369.969183744, 718.0, -245.0, -591.0
369.9884512, 723.0, -206.0, -574.0
370.007718528, 751.0, -219.0, -586.0
370.026985984, 732.0, -221.0, -571.0
370.046253312, 724.0, -225.0, -568.0
370.065520768, 720.0, -219.0, -586.0
370.084788096, 730.0, -223.0, -611.0
370.104055552, 726.0, -228.0, -619.0
370.123323008, 725.0, -227.0, -620.0
370.142590336, 727.0, -209.0, -610.0
370.161857792, 709.0, -172.0, -580.0
370.18112512, 651.0, -136.0, -533.0
370.200392576, 593.0, -144.0, -553.0
370.219659904, 557.0, -197.0, -555.0
370.23892736, 544.0, -217.0, -564.0
370.258194688, 645.0, -321.0, -633.0
370.277462144, 739.0, -440.0, -734.0
370.2967296, 913.0, -394.0, -902.0
370.315996928, 1355.0, -115.0, -740.0
370.335264384, 1146.0, -101.0, -417.0
370.354531712, 656.0, -164.0, -580.0
370.373799056, 718.0, -193.0, -652.0
370.393065856, 795.0, -217.0, -596.0
370.412332672, 791.0, -237.0, -542.0
370.431599488, 760.0, -258.0, -598.0
370.450866176, 701.0, -270.0, -643.0
370.470132992, 655.0, -266.0, -612.0
370.489399808, 652.0, -259.0, -597.0
370.508666624, 702.0, -259.0, -613.0
370.52793344, 741.0, -266.0, -617.0
370.547200256, 764.0, -263.0, -616.0
370.566466944, 762.0, -282.0, -619.0
370.58573376, 750.0, -279.0, -597.0
370.605000576, 729.0, -288.0, -579.0
370.624267392, 722.0, -291.0, -586.0
370.643534208, 726.0, -278.0, -591.0
370.662801024, 745.0, -277.0, -589.0
370.682067712, 749.0, -273.0, -594.0
370.701334528, 750.0, -267.0, -601.0
370.720601344, 740.0, -268.0, -604.0
370.73986816, 730.0, -268.0, -612.0
370.759134976, 733.0, -267.0, -602.0
370.778401664, 727.0, -273.0, -601.0
370.79766848, 720.0, -279.0, -597.0
370.816935296, 720.0, -276.0, -597.0
370.836202112, 726.0, -279.0, -598.0
370.855468928, 728.0, -271.0, -597.0
370.874735744, 731.0, -274.0, -597.0
370.894002432, 737.0, -273.0, -601.0
370.913269248, 730.0, -279.0, -603.0
370.932536064, 726.0, -280.0, -599.0
370.95180288, 722.0, -281.0, -603.0
370.971069696, 725.0, -274.0, -601.0
370.990336384, 725.0, -278.0, -607.0
371.0096032, 719.0, -276.0, -607.0
371.028870016, 724.0, -274.0, -609.0
371.048136832, 735.0, -268.0, -612.0
371.067403648, 732.0, -275.0, -617.0
371.086670464, 729.0, -275.0, -610.0
371.105937152, 727.0, -276.0, -605.0
371.125203968, 722.0, -276.0, -609.0
371.144470784, 717.0, -277.0, -608.0
371.1637376, 722.0, -278.0, -606.0
371.183004416, 728.0, -271.0, -612.0
371.202271232, 729.0, -265.0, -610.0
371.22153792, 722.0, -272.0, -611.0
371.240804736, 722.0, -270.0, -614.0
371.260071552, 725.0, -274.0, -617.0
371.279338368, 723.0, -274.0, -616.0
371.298605184, 727.0, -271.0, -618.0
371.317871872, 729.0, -272.0, -623.0
371.337138688, 728.0, -273.0, -618.0
371.356405504, 725.0, -268.0, -623.0
371.37567232, 728.0, -272.0, -621.0
371.394939136, 722.0, -276.0, -620.0
371.414205952, 722.0, -275.0, -612.0
371.43347264, 720.0, -272.0, -613.0
371.452739456, 723.0, -268.0, -619.0
371.472006272, 724.0, -261.0, -620.0
371.491273088, 723.0, -263.0, -617.0
371.510539904, 720.0, -265.0, -615.0
371.52980672, 714.0, -264.0, -616.0
371.549073408, 723.0, -261.0, -621.0
371.568340224, 721.0, -267.0, -623.0
371.58760704, 723.0, -266.0, -617.0
371.606873856, 726.0, -261.0, -620.0
371.626140672, 719.0, -271.0, -620.0
371.64540736, 722.0, -264.0, -619.0
371.664674176, 722.0, -265.0, -616.0
371.683940992, 723.0, -273.0, -617.0
371.703207808, 723.0, -268.0, -617.0
371.722474624, 719.0, -271.0, -617.0
371.74174144, 723.0, -269.0, -622.0
371.761008128, 721.0, -267.0, -624.0
371.780274944, 720.0, -269.0, -615.0
371.79954176, 722.0, -265.0, -617.0
371.818808576, 721.0, -268.0, -627.0
371.838075392, 727.0, -263.0, -623.0
371.85734208, 728.0, -269.0, -623.0
371.876608896, 722.0, -269.0, -621.0
371.895875712, 721.0, -264.0, -612.0
371.915142528, 720.0, -263.0, -617.0
371.934409344, 722.0, -262.0, -618.0
371.95367616, 719.0, -264.0, -621.0
371.972942848, 722.0, -260.0, -622.0
371.992209664, 720.0, -268.0, -619.0
372.01147648, 723.0, -266.0, -616.0
372.030743296, 725.0, -263.0, -614.0
372.050010112, 722.0, -266.0, -619.0
372.069276928, 727.0, -265.0, -618.0
372.088543616, 725.0, -269.0, -625.0
372.107810448, 723.0, -272.0, -617.0
372.127076992, 720.0, -261.0, -616.0
372.146343552, 723.0, -269.0, -616.0
372.16561024, 722.0, -268.0, -622.0
372.1848768, 723.0, -267.0, -625.0
372.204143488, 719.0, -268.0, -623.0
372.223410048, 715.0, -267.0, -617.0
372.242676736, 721.0, -262.0, -623.0
372.261943296, 723.0, -259.0, -623.0
372.281209984, 725.0, -265.0, -621.0
372.300476544, 722.0, -268.0, -621.0
372.319743232, 717.0, -266.0, -619.0
372.339009792, 723.0, -268.0, -618.0
372.35827648, 718.0, -266.0, -619.0
372.37754304, 724.0, -270.0, -622.0
372.396809728, 715.0, -269.0, -618.0
372.416076288, 718.0, -264.0, -619.0
372.435342976, 719.0, -263.0, -625.0
372.454609536, 717.0, -260.0, -622.0
372.473876224, 717.0, -261.0, -620.0
372.493142784, 721.0, -264.0, -619.0
372.512409472, 719.0, -268.0, -624.0
372.531676032, 719.0, -267.0, -620.0
372.55094272, 713.0, -267.0, -621.0
372.57020928, 718.0, -261.0, -616.0
372.589475968, 718.0, -261.0, -623.0
372.608742528, 722.0, -267.0, -624.0
372.628009216, 724.0, -265.0, -627.0
372.647275776, 721.0, -265.0, -628.0
372.666542464, 722.0, -262.0, -627.0
372.685809024, 717.0, -265.0, -622.0
372.705075712, 715.0, -266.0, -623.0
372.724342272, 721.0, -268.0, -622.0
372.74360896, 721.0, -265.0, -624.0
372.76287552, 721.0, -264.0, -623.0
372.782142208, 714.0, -265.0, -621.0
372.801408768, 717.0, -263.0, -623.0
372.820675456, 717.0, -266.0, -627.0
372.839942016, 722.0, -264.0, -626.0
372.859208704, 723.0, -263.0, -625.0
372.878475264, 722.0, -268.0, -622.0
372.897741952, 716.0, -268.0, -625.0
372.917008512, 719.0, -271.0, -627.0
372.9362752, 723.0, -273.0, -619.0
372.95554176, 723.0, -269.0, -624.0
372.974808448, 719.0, -261.0, -621.0
372.994075008, 717.0, -264.0, -616.0
373.013341696, 713.0, -266.0, -611.0
373.032608256, 710.0, -274.0, -601.0
373.051874944, 714.0, -286.0, -603.0
373.071141504, 724.0, -281.0, -601.0
373.090408192, 730.0, -263.0, -609.0
373.109674752, 726.0, -256.0, -613.0
373.12894144, 728.0, -259.0, -610.0
373.148208, 725.0, -268.0, -613.0
373.167474688, 723.0, -274.0, -610.0
373.186741248, 725.0, -280.0, -607.0
373.206007936, 725.0, -277.0, -606.0
373.225274496, 724.0, -276.0, -605.0
373.244541184, 724.0, -274.0, -607.0
373.263807744, 728.0, -284.0, -605.0
373.283074432, 721.0, -282.0, -600.0
373.302340992, 743.0, -286.0, -600.0
373.32160768, 761.0, -276.0, -562.0
373.34087424, 699.0, -289.0, -585.0
373.360140928, 616.0, -314.0, -633.0
373.379407488, 638.0, -281.0, -625.0
373.398674176, 676.0, -230.0, -611.0
373.417940736, 657.0, -338.0, -613.0
373.437207424, 621.0, -363.0, -645.0
373.456473984, 690.0, -311.0, -624.0
373.475740672, 711.0, -277.0, -609.0
373.495007232, 683.0, -292.0, -663.0
373.51427392, 654.0, -282.0, -651.0
373.53354048, 667.0, -256.0, -627.0
373.552807168, 737.0, -283.0, -582.0
373.572073728, 804.0, -213.0, -579.0
373.591340416, 853.0, -162.0, -556.0
373.610606976, 885.0, -153.0, -540.0
373.629873664, 877.0, -154.0, -516.0
373.649140224, 911.0, -120.0, -483.0
373.668406912, 967.0, -126.0, -465.0
373.687673472, 981.0, -104.0, -495.0
373.70694016, 935.0, -195.0, -519.0
373.72620672, 902.0, -210.0, -502.0
373.745473467, 835.0, -184.0, -504.0
373.764739968, 787.0, -167.0, -538.0
373.784006528, 776.0, -195.0, -555.0
373.803273216, 742.0, -203.0, -589.0
373.822539776, 686.0, -203.0, -609.0
373.841806464, 697.0, -206.0, -593.0
373.861073024, 753.0, -190.0, -561.0
373.880339712, 806.0, -191.0, -539.0
373.899606272, 788.0, -226.0, -542.0
373.91887296, 806.0, -224.0, -520.0
373.93813952, 839.0, -216.0, -502.0
373.957406208, 867.0, -228.0, -492.0
373.976672768, 880.0, -217.0, -490.0
373.995939456, 833.0, -237.0, -510.0
374.015206016, 794.0, -246.0, -505.0
374.034472576, 803.0, -235.0, -502.0
374.053739264, 840.0, -208.0, -508.0
374.073005824, 832.0, -203.0, -503.0
374.092272512, 811.0, -199.0, -514.0
374.111539072, 824.0, -206.0, -519.0
374.13080576, 820.0, -225.0, -514.0
374.15007232, 820.0, -228.0, -495.0
374.169339008, 810.0, -237.0, -492.0
374.188605568, 813.0, -248.0, -495.0
374.207872256, 810.0, -247.0, -503.0
374.227138816, 803.0, -234.0, -492.0
374.246405504, 845.0, -222.0, -473.0
374.265672064, 839.0, -259.0, -486.0
374.284938752, 811.0, -272.0, -476.0
374.304205312, 831.0, -256.0, -450.0
374.323471872, 841.0, -257.0, -459.0
374.34273856, 857.0, -238.0, -483.0
374.36200512, 833.0, -242.0, -498.0
374.381271808, 829.0, -236.0, -474.0
374.400538368, 807.0, -239.0, -490.0
374.419805056, 792.0, -247.0, -507.0
374.439071616, 839.0, -244.0, -499.0
374.458338304, 893.0, -221.0, -486.0
374.477604864, 877.0, -221.0, -489.0
374.496871552, 854.0, -225.0, -502.0
374.516138112, 853.0, -210.0, -511.0
374.5354048, 849.0, -184.0, -510.0
374.55467136, 840.0, -153.0, -522.0
374.57393792, 813.0, -137.0, -566.0
374.593204608, 790.0, -116.0, -600.0
374.612471168, 762.0, -78.0, -622.0
374.631737856, 784.0, -95.0, -624.0
374.651004416, 811.0, -93.0, -621.0
374.670271104, 825.0, -92.0, -629.0
374.689537664, 809.0, -99.0, -633.0
374.708804352, 810.0, -72.0, -637.0
374.728070912, 783.0, -6.0, -626.0
374.7473376, 766.0, -14.0, -635.0
374.76660416, 764.0, -17.0, -600.0
374.785870848, 809.0, -33.0, -589.0
374.805137408, 808.0, -20.0, -577.0
374.824404096, 783.0, -20.0, -562.0
374.843670656, 760.0, -30.0, -565.0
374.862937216, 748.0, -44.0, -557.0
374.882203904, 750.0, -57.0, -534.0
374.901470464, 750.0, -72.0, -501.0
374.920737152, 744.0, -100.0, -502.0
374.940003712, 714.0, -141.0, -501.0
374.9592704, 715.0, -165.0, -496.0
374.97853696, 694.0, -198.0, -479.0
374.997803648, 682.0, -196.0, -476.0
375.017070208, 661.0, -193.0, -499.0
375.036336896, 571.0, -313.0, -472.0
375.055603583, 576.0, -311.0, -835.0
375.074868608, 843.0, -316.0, -825.0
375.094133632, 1070.0, -245.0, -822.0
375.113398784, 1259.0, -66.0, -581.0
375.132663808, 1195.0, 93.0, -680.0
375.15192896, 868.0, 57.0, -701.0
375.171193984, 616.0, 47.0, -732.0
375.190459136, 525.0, 15.0, -767.0
375.20972416, 514.0, 10.0, -797.0
375.228989184, 499.0, -19.0, -809.0
375.248254336, 542.0, -15.0, -827.0
375.26751936, 567.0, -5.0, -828.0
375.286784512, 553.0, -2.0, -845.0
375.306049536, 495.0, 14.0, -856.0
375.325314688, 458.0, -3.0, -862.0
375.344579712, 436.0, -16.0, -873.0
375.363844864, 408.0, -21.0, -881.0
375.383109888, 371.0, -21.0, -907.0
375.402374912, 348.0, -33.0, -919.0
375.421640064, 310.0, -39.0, -928.0
375.440905088, 300.0, -44.0, -922.0
375.46017024, 338.0, -47.0, -925.0
375.479435264, 361.0, -56.0, -923.0
375.498700416, 391.0, -63.0, -910.0
375.51796544, 405.0, -68.0, -914.0
375.537230464, 402.0, -59.0, -907.0
375.556495616, 393.0, -43.0, -909.0
375.57576064, 395.0, -23.0, -905.0
375.595025792, 403.0, -7.0, -906.0
375.614290816, 408.0, -3.0, -907.0
375.633555968, 402.0, -16.0, -907.0
375.652820992, 408.0, -16.0, -901.0
375.672086016, 421.0, -25.0, -901.0
375.691351168, 422.0, -25.0, -899.0
375.710616192, 424.0, -22.0, -905.0
375.729881344, 419.0, -23.0, -902.0
375.749146368, 404.0, -17.0, -906.0
375.76841152, 407.0, -13.0, -915.0
375.787676544, 418.0, -37.0, -910.0
375.806941568, 424.0, -26.0, -872.0
375.82620672, 459.0, -24.0, -876.0
375.845471744, 492.0, -34.0, -884.0
375.864736896, 495.0, -24.0, -879.0
375.88400192, 456.0, -28.0, -886.0
375.903267072, 459.0, -46.0, -879.0
375.922532096, 473.0, -36.0, -869.0
375.941797248, 483.0, -25.0, -880.0
375.961062272, 472.0, -29.0, -883.0
375.980327296, 455.0, -27.0, -885.0
375.999592448, 459.0, -21.0, -892.0
376.018857472, 458.0, -14.0, -884.0
376.038122624, 448.0, -12.0, -887.0
376.057387648, 429.0, 0.0, -897.0
376.0766528, 416.0, -19.0, -900.0
376.095917824, 409.0, -29.0, -901.0
376.115182848, 403.0, -30.0, -911.0
376.134448, 416.0, -35.0, -896.0
376.153713024, 445.0, -29.0, -887.0
376.172978176, 480.0, -32.0, -901.0
376.1922432, 440.0, -7.0, -897.0
376.211508352, 413.0, -8.0, -893.0
376.230773376, 452.0, -21.0, -890.0
376.2500384, 468.0, -28.0, -910.0
376.269303552, 428.0, -28.0, -877.0
376.288568576, 431.0, -45.0, -875.0
376.307833728, 415.0, -32.0, -893.0
376.327098752, 406.0, -26.0, -891.0
376.346363914, 409.0, -23.0, -906.0
376.365629184, 407.0, -27.0, -913.0
376.384894464, 401.0, -35.0, -910.0
376.404159872, 387.0, -44.0, -910.0
376.423425152, 392.0, -59.0, -914.0
376.442690432, 387.0, -72.0, -907.0
376.46195584, 393.0, -68.0, -911.0
376.48122112, 394.0, -77.0, -907.0
376.500486528, 398.0, -66.0, -910.0
376.519751808, 396.0, -60.0, -911.0
376.539017088, 392.0, -44.0, -909.0
376.558282496, 399.0, -36.0, -907.0
376.577547776, 398.0, -39.0, -913.0
376.596813056, 399.0, -42.0, -907.0
376.616078464, 410.0, -45.0, -905.0
376.635343744, 418.0, -39.0, -904.0
376.654609024, 423.0, -40.0, -901.0
376.673874432, 411.0, -40.0, -905.0
376.693139712, 407.0, -46.0, -903.0
376.712404992, 404.0, -44.0, -906.0
376.7316704, 412.0, -47.0, -905.0
376.75093568, 415.0, -54.0, -904.0
376.770201088, 416.0, -54.0, -901.0
376.789466368, 412.0, -57.0, -907.0
376.808731648, 412.0, -61.0, -901.0
376.827997056, 422.0, -48.0, -905.0
376.847262336, 411.0, -51.0, -901.0
376.866527616, 409.0, -48.0, -907.0
376.885793024, 413.0, -51.0, -902.0
376.905058304, 407.0, -53.0, -902.0
376.924323584, 409.0, -52.0, -907.0
376.943588992, 412.0, -46.0, -900.0
376.962854272, 413.0, -47.0, -908.0
376.982119552, 407.0, -39.0, -903.0
377.00138496, 403.0, -41.0, -903.0
377.02065024, 413.0, -42.0, -907.0
377.039915648, 422.0, -45.0, -904.0
377.059180928, 429.0, -46.0, -900.0
377.078446208, 430.0, -43.0, -902.0
377.097711616, 432.0, -39.0, -900.0
377.116976896, 426.0, -37.0, -898.0
377.136242176, 418.0, -44.0, -900.0
377.155507584, 421.0, -45.0, -901.0
377.174772864, 410.0, -53.0, -905.0
377.194038144, 404.0, -55.0, -905.0
377.213303552, 408.0, -48.0, -904.0
377.232568832, 407.0, -52.0, -900.0
377.25183424, 413.0, -46.0, -901.0
377.27109952, 419.0, -43.0, -903.0
377.2903648, 411.0, -42.0, -906.0
377.309630208, 401.0, -44.0, -906.0
377.328895488, 401.0, -44.0, -904.0
377.348160768, 402.0, -46.0, -907.0
377.367426176, 406.0, -45.0, -901.0
377.386691456, 416.0, -43.0, -906.0
377.405956736, 415.0, -46.0, -903.0
377.425222144, 408.0, -45.0, -903.0
377.444487424, 405.0, -42.0, -901.0
377.463752704, 410.0, -50.0, -907.0
377.483018112, 419.0, -47.0, -901.0
377.502283392, 420.0, -48.0, -905.0
377.5215488, 415.0, -44.0, -905.0
377.54081408, 409.0, -50.0, -900.0
377.56007936, 409.0, -44.0, -904.0
377.579344768, 421.0, -48.0, -901.0
377.598610048, 423.0, -47.0, -904.0
377.617875328, 409.0, -48.0, -904.0
377.637140736, 398.0, -54.0, -907.0
377.656406016, 401.0, -50.0, -906.0
377.675671296, 407.0, -50.0, -903.0
377.694936704, 407.0, -46.0, -907.0
377.714201984, 400.0, -43.0, -905.0
377.733467264, 395.0, -46.0, -909.0
377.752732672, 395.0, -44.0, -911.0
377.771997952, 398.0, -47.0, -907.0
377.79126336, 410.0, -50.0, -904.0
377.81052864, 418.0, -50.0, -904.0
377.82979392, 419.0, -44.0, -903.0
377.849059328, 419.0, -45.0, -903.0
377.868324608, 417.0, -50.0, -905.0
377.887589888, 404.0, -53.0, -898.0
377.906855296, 423.0, -54.0, -894.0
377.926120576, 428.0, -49.0, -904.0
377.945385856, 416.0, -36.0, -884.0
377.964651264, 416.0, -30.0, -896.0
377.983916544, 425.0, -27.0, -912.0
378.003181952, 425.0, -34.0, -912.0
378.022447232, 412.0, -45.0, -914.0
378.041712512, 394.0, -41.0, -915.0
378.06097792, 381.0, -38.0, -905.0
378.0802432, 400.0, -39.0, -902.0
378.099508577, 416.0, -35.0, -911.0
378.118775808, 437.0, -29.0, -891.0
378.138043008, 457.0, -7.0, -886.0
378.157310208, 452.0, -13.0, -904.0
378.176577408, 420.0, -27.0, -900.0
378.195844608, 414.0, -39.0, -910.0
378.215111808, 415.0, -37.0, -905.0
378.234379008, 435.0, -42.0, -881.0
378.253646208, 449.0, -34.0, -897.0
378.272913408, 457.0, -27.0, -896.0
378.292180608, 453.0, -33.0, -895.0
378.311447808, 426.0, -32.0, -891.0
378.330715008, 424.0, -33.0, -898.0
378.349982208, 426.0, -30.0, -899.0
378.369249408, 433.0, -30.0, -896.0
378.388516608, 429.0, -34.0, -901.0
378.407783808, 417.0, -30.0, -896.0
378.427051008, 420.0, -35.0, -898.0
378.446318208, 427.0, -33.0, -897.0
378.46558528, 422.0, -34.0, -895.0
378.48485248, 430.0, -30.0, -903.0
378.50411968, 429.0, -23.0, -895.0
378.52338688, 424.0, -24.0, -895.0
378.54265408, 431.0, -28.0, -892.0
378.56192128, 432.0, -37.0, -898.0
378.58118848, 430.0, -39.0, -897.0
378.60045568, 427.0, -32.0, -902.0
378.61972288, 425.0, -33.0, -897.0
378.63899008, 436.0, -31.0, -898.0
378.65825728, 441.0, -30.0, -894.0
378.67752448, 440.0, -32.0, -891.0
378.69679168, 437.0, -33.0, -894.0
378.71605888, 432.0, -31.0, -892.0
378.73532608, 448.0, -32.0, -889.0
378.75459328, 456.0, -30.0, -894.0
378.77386048, 439.0, -34.0, -890.0
378.79312768, 430.0, -38.0, -900.0
378.81239488, 425.0, -36.0, -901.0
378.83166208, 427.0, -37.0, -897.0
378.85092928, 423.0, -37.0, -899.0
378.87019648, 416.0, -36.0, -899.0
378.88946368, 424.0, -34.0, -896.0
378.90873088, 431.0, -34.0, -896.0
378.92799808, 444.0, -39.0, -896.0
378.94726528, 430.0, -44.0, -899.0
378.96653248, 426.0, -41.0, -894.0
378.98579968, 431.0, -34.0, -897.0
379.00506688, 430.0, -34.0, -900.0
379.02433408, 429.0, -36.0, -899.0
379.04360128, 438.0, -36.0, -898.0
379.06286848, 440.0, -35.0, -898.0
379.08213568, 430.0, -35.0, -899.0
379.10140288, 435.0, -37.0, -896.0
379.12067008, 434.0, -31.0, -897.0
379.139937152, 425.0, -32.0, -899.0
379.159204352, 417.0, -31.0, -899.0
379.178471552, 426.0, -30.0, -898.0
379.197738752, 437.0, -33.0, -895.0
379.217005952, 434.0, -35.0, -892.0
379.236273152, 436.0, -45.0, -892.0
379.255540352, 440.0, -38.0, -895.0
379.274807552, 428.0, -39.0, -897.0
379.294074752, 419.0, -42.0, -897.0
379.313341952, 416.0, -43.0, -900.0
379.332609152, 418.0, -44.0, -903.0
379.351876352, 421.0, -41.0, -900.0
379.371143552, 426.0, -36.0, -899.0
379.390410752, 425.0, -37.0, -897.0
379.409677952, 427.0, -38.0, -903.0
379.428945152, 428.0, -41.0, -898.0
379.448212352, 430.0, -35.0, -895.0
379.467479552, 441.0, -33.0, -897.0
379.486746752, 440.0, -35.0, -896.0
379.506013952, 435.0, -36.0, -895.0
379.525281152, 427.0, -36.0, -898.0
379.544548352, 426.0, -36.0, -898.0
379.563815552, 431.0, -38.0, -895.0
379.583082752, 439.0, -39.0, -897.0
379.602349952, 430.0, -34.0, -894.0
379.621617152, 429.0, -45.0, -895.0
379.640884352, 430.0, -44.0, -893.0
379.660151552, 428.0, -40.0, -898.0
379.679418752, 424.0, -41.0, -893.0
379.698685952, 421.0, -45.0, -902.0
379.717953152, 424.0, -48.0, -899.0
379.737220352, 429.0, -39.0, -898.0
379.756487552, 430.0, -39.0, -898.0
379.775754752, 427.0, -45.0, -897.0
379.795021952, 427.0, -43.0, -898.0
379.814289054, 424.0, -43.0, -899.0
379.833554176, 428.0, -42.0, -899.0
379.852819328, 435.0, -36.0, -902.0
379.87208448, 434.0, -43.0, -895.0
379.89134976, 433.0, -43.0, -898.0
379.910614912, 432.0, -39.0, -899.0
379.929880064, 439.0, -35.0, -899.0
379.949145216, 432.0, -40.0, -900.0
379.968410368, 432.0, -38.0, -896.0
379.987675648, 421.0, -43.0, -898.0
380.0069408, 418.0, -45.0, -892.0
380.026205952, 426.0, -41.0, -891.0
380.045471104, 432.0, -43.0, -896.0
380.064736256, 427.0, -37.0, -891.0
380.084001536, 423.0, -45.0, -898.0
380.103266688, 422.0, -41.0, -900.0
380.12253184, 422.0, -43.0, -901.0
380.141796992, 420.0, -50.0, -900.0
380.161062144, 434.0, -51.0, -901.0
380.180327424, 437.0, -38.0, -896.0
380.199592576, 436.0, -38.0, -895.0
380.218857728, 421.0, -34.0, -905.0
380.23812288, 421.0, -34.0, -901.0
380.257388032, 423.0, -36.0, -901.0
380.276653312, 433.0, -41.0, -895.0
380.295918464, 434.0, -40.0, -900.0
380.315183616, 432.0, -42.0, -895.0
380.334448768, 436.0, -46.0, -895.0
380.353714048, 436.0, -40.0, -893.0
380.3729792, 430.0, -36.0, -897.0
380.392244352, 426.0, -36.0, -898.0
380.411509504, 420.0, -44.0, -898.0
380.430774656, 422.0, -44.0, -896.0
380.450039936, 429.0, -43.0, -893.0
380.469305088, 421.0, -44.0, -895.0
380.48857024, 419.0, -42.0, -896.0
380.507835392, 421.0, -49.0, -894.0
380.527100544, 426.0, -42.0, -896.0
380.546365824, 425.0, -44.0, -898.0
380.565630976, 422.0, -40.0, -898.0
380.584896128, 425.0, -36.0, -902.0
380.60416128, 425.0, -37.0, -897.0
380.623426432, 432.0, -46.0, -896.0
380.642691712, 432.0, -40.0, -894.0
380.661956864, 434.0, -37.0, -898.0
380.681222016, 438.0, -40.0, -897.0
380.700487168, 433.0, -39.0, -899.0
380.71975232, 425.0, -36.0, -899.0
380.7390176, 424.0, -35.0, -899.0
380.758282752, 421.0, -39.0, -894.0
380.777547904, 430.0, -43.0, -898.0
380.796813056, 433.0, -43.0, -896.0
380.816078208, 428.0, -41.0, -898.0
380.835343488, 426.0, -44.0, -899.0
380.85460864, 420.0, -43.0, -897.0
380.873873792, 417.0, -41.0, -898.0
380.893138944, 417.0, -41.0, -896.0
380.912404096, 417.0, -43.0, -902.0
380.931669376, 422.0, -44.0, -895.0
380.950934528, 427.0, -42.0, -896.0
380.97019968, 428.0, -44.0, -897.0
380.989464832, 428.0, -41.0, -897.0
381.008729984, 425.0, -41.0, -903.0
381.027995264, 423.0, -44.0, -902.0
381.047260416, 432.0, -38.0, -898.0
381.066525568, 433.0, -43.0, -896.0
381.08579072, 431.0, -38.0, -900.0
381.105055872, 432.0, -42.0, -899.0
381.124321152, 431.0, -37.0, -898.0
381.143586304, 422.0, -39.0, -896.0
381.162851456, 427.0, -40.0, -901.0
381.182116608, 426.0, -42.0, -901.0
381.201381888, 421.0, -36.0, -899.0
381.22064704, 423.0, -36.0, -899.0
381.239912192, 422.0, -42.0, -902.0
381.259177344, 426.0, -40.0, -899.0
381.278442496, 419.0, -38.0, -899.0
381.297707776, 423.0, -42.0, -897.0
381.316972928, 421.0, -44.0, -899.0
381.33623808, 419.0, -39.0, -901.0
381.355503232, 420.0, -36.0, -898.0
381.374768384, 427.0, -43.0, -898.0
381.394033664, 428.0, -44.0, -899.0
381.413298816, 424.0, -42.0, -899.0
381.432563968, 422.0, -36.0, -894.0
381.45182912, 433.0, -41.0, -897.0
381.471094272, 436.0, -39.0, -899.0
381.490359552, 437.0, -38.0, -893.0
381.509624704, 430.0, -34.0, -900.0
381.528889856, 422.0, -36.0, -897.0
381.548155008, 430.0, -38.0, -900.0
381.56742016, 430.0, -48.0, -897.0
381.58668544, 431.0, -42.0, -898.0
381.605950592, 431.0, -41.0, -894.0
381.625215744, 425.0, -45.0, -896.0
381.644480979, 418.0, -41.0, -904.0
381.663746304, 413.0, -40.0, -901.0
381.683011584, 421.0, -47.0, -898.0
381.702276864, 421.0, -47.0, -898.0
381.721542272, 418.0, -47.0, -893.0
381.740807552, 419.0, -43.0, -898.0
381.760072832, 422.0, -48.0, -898.0
381.779338112, 415.0, -44.0, -904.0
381.79860352, 420.0, -45.0, -899.0
381.8178688, 426.0, -47.0, -903.0
381.83713408, 427.0, -50.0, -903.0
381.85639936, 424.0, -45.0, -900.0
381.875664768, 425.0, -42.0, -900.0
381.894930048, 433.0, -40.0, -901.0
381.914195328, 432.0, -39.0, -899.0
381.933460608, 428.0, -42.0, -898.0
381.952725888, 423.0, -44.0, -902.0
381.971991296, 421.0, -47.0, -896.0
381.991256576, 423.0, -43.0, -900.0
382.010521856, 428.0, -39.0, -899.0
382.029787136, 428.0, -44.0, -899.0
382.049052544, 423.0, -42.0, -899.0
382.068317824, 422.0, -44.0, -901.0
382.087583104, 423.0, -44.0, -899.0
382.106848384, 419.0, -47.0, -896.0
382.126113664, 418.0, -44.0, -900.0
382.145379072, 415.0, -44.0, -903.0
382.164644352, 416.0, -44.0, -899.0
382.183909632, 422.0, -44.0, -898.0
382.203174912, 419.0, -42.0, -903.0
382.22244032, 421.0, -42.0, -900.0
382.2417056, 424.0, -46.0, -901.0
382.26097088, 425.0, -44.0, -897.0
382.28023616, 424.0, -38.0, -900.0
382.299501568, 425.0, -37.0, -905.0
382.318766848, 424.0, -37.0, -901.0
382.338032128, 419.0, -34.0, -904.0
382.357297408, 433.0, -46.0, -894.0
382.376562688, 430.0, -41.0, -909.0
382.395828096, 418.0, -46.0, -899.0
382.415093376, 421.0, -37.0, -899.0
382.434358656, 428.0, -42.0, -898.0
382.453623936, 450.0, -44.0, -893.0
382.472889344, 438.0, -47.0, -893.0
382.492154624, 407.0, -46.0, -905.0
382.511419904, 401.0, -40.0, -900.0
382.530685184, 411.0, -38.0, -905.0
382.549950464, 410.0, -41.0, -901.0
382.569215872, 409.0, -38.0, -901.0
382.588481152, 415.0, -39.0, -906.0
382.607746432, 421.0, -45.0, -902.0
382.627011712, 428.0, -48.0, -895.0
382.64627712, 430.0, -41.0, -897.0
382.6655424, 434.0, -43.0, -898.0
382.68480768, 428.0, -37.0, -893.0
382.70407296, 423.0, -33.0, -900.0
382.723338368, 425.0, -40.0, -897.0
382.742603648, 428.0, -45.0, -901.0
382.761868928, 415.0, -36.0, -904.0
382.781134208, 421.0, -35.0, -903.0
382.800399488, 435.0, -37.0, -899.0
382.819664896, 436.0, -43.0, -899.0
382.838930176, 424.0, -48.0, -897.0
382.858195456, 422.0, -45.0, -901.0
382.877460736, 413.0, -42.0, -899.0
382.896726144, 412.0, -37.0, -902.0
382.915991424, 414.0, -38.0, -899.0
382.935256704, 411.0, -35.0, -903.0
382.954521984, 424.0, -42.0, -899.0
382.973787392, 427.0, -48.0, -898.0
382.993052672, 412.0, -44.0, -906.0
383.012317952, 408.0, -36.0, -896.0
383.031583232, 428.0, -38.0, -898.0
383.050848512, 441.0, -41.0, -900.0
383.07011392, 431.0, -40.0, -900.0
383.0893792, 414.0, -31.0, -904.0
383.10864448, 415.0, -32.0, -901.0
383.12790976, 432.0, -29.0, -897.0
383.147175168, 443.0, -39.0, -899.0
383.166440448, 444.0, -44.0, -898.0
383.185705728, 433.0, -43.0, -895.0
383.204971008, 431.0, -36.0, -901.0
383.224236288, 433.0, -36.0, -895.0
383.243501696, 410.0, -39.0, -903.0
383.262766976, 399.0, -39.0, -905.0
383.282032256, 405.0, -36.0, -904.0
383.301297536, 411.0, -40.0, -903.0
383.320562944, 407.0, -40.0, -905.0
383.339828224, 417.0, -37.0, -898.0
383.359093504, 425.0, -39.0, -897.0
383.378358784, 426.0, -33.0, -896.0
383.397624116, 426.0, -36.0, -899.0
383.416891008, 432.0, -40.0, -899.0
383.436157952, 428.0, -42.0, -902.0
383.455424896, 424.0, -37.0, -904.0
383.47469184, 420.0, -36.0, -903.0
383.493958784, 422.0, -38.0, -902.0
383.513225728, 422.0, -49.0, -909.0
383.532492672, 415.0, -35.0, -885.0
383.551759616, 445.0, -24.0, -887.0
383.57102656, 454.0, -35.0, -902.0
383.590293504, 406.0, -29.0, -892.0
383.609560448, 395.0, -48.0, -917.0
383.628827392, 403.0, -51.0, -903.0
383.648094336, 434.0, -44.0, -896.0
383.66736128, 459.0, -49.0, -890.0
383.686628224, 462.0, -42.0, -894.0
383.705895168, 438.0, -25.0, -891.0
383.725162112, 411.0, -27.0, -905.0
383.744429056, 387.0, -27.0, -903.0
383.763696, 389.0, -33.0, -903.0
383.782962944, 409.0, -44.0, -905.0
383.802229888, 425.0, -46.0, -896.0
383.821496832, 433.0, -53.0, -906.0
383.840763776, 430.0, -40.0, -895.0
383.86003072, 433.0, -38.0, -901.0
383.879297664, 427.0, -34.0, -902.0
383.898564608, 423.0, -29.0, -899.0
383.917831552, 426.0, -37.0, -900.0
383.937098496, 427.0, -38.0, -900.0
383.95636544, 417.0, -36.0, -902.0
383.975632384, 419.0, -41.0, -902.0
383.994899328, 422.0, -46.0, -902.0
384.014166272, 424.0, -41.0, -903.0
384.033433216, 432.0, -39.0, -899.0
384.05270016, 427.0, -33.0, -899.0
384.071967104, 419.0, -41.0, -903.0
384.091234048, 420.0, -41.0, -897.0
384.110500992, 415.0, -44.0, -902.0
384.129767936, 412.0, -44.0, -904.0
384.14903488, 416.0, -40.0, -896.0
384.168301824, 421.0, -42.0, -902.0
384.187568768, 416.0, -44.0, -899.0
384.206835712, 424.0, -45.0, -905.0
384.226102656, 429.0, -42.0, -896.0
384.2453696, 420.0, -48.0, -899.0
384.264636544, 423.0, -44.0, -900.0
384.283903488, 421.0, -39.0, -901.0
384.303170432, 422.0, -43.0, -902.0
384.322437376, 433.0, -41.0, -896.0
384.34170432, 431.0, -44.0, -896.0
384.360971264, 429.0, -39.0, -897.0
384.380238208, 426.0, -40.0, -902.0
384.399505152, 416.0, -43.0, -900.0
384.418772096, 416.0, -51.0, -900.0
384.43803904, 425.0, -42.0, -899.0
384.457305984, 420.0, -46.0, -901.0
384.476572928, 422.0, -44.0, -902.0
384.495839872, 415.0, -42.0, -899.0
384.515106816, 412.0, -46.0, -901.0
384.53437376, 416.0, -44.0, -899.0
384.553640704, 415.0, -47.0, -901.0
384.57290752, 412.0, -51.0, -896.0
384.592174464, 418.0, -46.0, -898.0
384.611441408, 419.0, -43.0, -899.0
384.630708352, 423.0, -45.0, -906.0
384.649975296, 423.0, -42.0, -900.0
384.66924224, 413.0, -50.0, -902.0
384.688509184, 422.0, -44.0, -900.0
384.707776128, 423.0, -41.0, -904.0
384.727043072, 424.0, -43.0, -901.0
384.746310016, 425.0, -40.0, -896.0
384.76557696, 428.0, -39.0, -898.0
384.784843904, 422.0, -39.0, -901.0
384.804110848, 423.0, -46.0, -900.0
384.823377792, 423.0, -44.0, -899.0
384.842644736, 415.0, -42.0, -903.0
384.86191168, 418.0, -40.0, -902.0
384.881178624, 421.0, -40.0, -904.0
384.900445568, 413.0, -46.0, -902.0
384.919712512, 413.0, -45.0, -899.0
384.938979456, 415.0, -50.0, -901.0
384.9582464, 417.0, -48.0, -900.0
384.977513344, 421.0, -44.0, -896.0
384.996780288, 414.0, -43.0, -905.0
385.016047232, 413.0, -44.0, -902.0
385.035314176, 410.0, -47.0, -905.0
385.05458112, 416.0, -44.0, -902.0
385.073848151, 421.0, -43.0, -901.0
385.09311552, 421.0, -40.0, -901.0
385.112382848, 426.0, -39.0, -902.0
385.131650048, 421.0, -39.0, -899.0
385.150917376, 425.0, -44.0, -899.0
385.170184576, 426.0, -43.0, -899.0
385.189451904, 422.0, -41.0, -902.0
385.208719232, 413.0, -40.0, -900.0
385.227986432, 417.0, -43.0, -897.0
385.24725376, 420.0, -42.0, -902.0
385.26652096, 420.0, -46.0, -903.0
385.285788288, 414.0, -46.0, -899.0
385.305055488, 416.0, -45.0, -899.0
385.324322816, 416.0, -50.0, -901.0
385.343590144, 416.0, -47.0, -900.0
385.362857344, 413.0, -44.0, -906.0
385.382124672, 408.0, -48.0, -907.0
385.401391872, 413.0, -44.0, -901.0
385.4206592, 419.0, -50.0, -901.0
385.439926528, 422.0, -46.0, -903.0
385.459193728, 423.0, -42.0, -905.0
385.478461056, 423.0, -38.0, -903.0
385.497728256, 421.0, -43.0, -901.0
385.516995584, 423.0, -43.0, -897.0
385.536262912, 423.0, -41.0, -901.0
385.555530112, 426.0, -42.0, -899.0
385.57479744, 419.0, -42.0, -903.0
385.59406464, 416.0, -42.0, -899.0
385.613331968, 424.0, -43.0, -898.0
385.632599296, 422.0, -41.0, -899.0
385.651866496, 421.0, -43.0, -902.0
385.671133824, 418.0, -45.0, -902.0
385.690401024, 433.0, -45.0, -895.0
385.709668352, 444.0, -26.0, -890.0
385.728935552, 400.0, -50.0, -907.0
385.74820288, 399.0, -63.0, -904.0
385.767470208, 407.0, -42.0, -915.0
385.786737408, 393.0, -40.0, -903.0
385.806004736, 404.0, -36.0, -901.0
385.825271936, 422.0, -36.0, -910.0
385.844539264, 396.0, -27.0, -911.0
385.863806592, 387.0, -14.0, -900.0
385.883073792, 414.0, -20.0, -919.0
385.90234112, 419.0, -19.0, -894.0
385.92160832, 437.0, -10.0, -890.0
385.940875648, 480.0, -5.0, -879.0
385.960142976, 478.0, -11.0, -889.0
385.979410176, 450.0, -24.0, -898.0
385.998677504, 432.0, -27.0, -890.0
386.017944704, 431.0, -30.0, -895.0
386.037212032, 424.0, -31.0, -903.0
386.05647936, 409.0, -36.0, -903.0
386.07574656, 413.0, -37.0, -907.0
386.095013888, 405.0, -29.0, -894.0
386.114281088, 429.0, -17.0, -904.0
386.133548416, 469.0, -15.0, -885.0
386.152815616, 476.0, -25.0, -883.0
386.172082944, 427.0, -28.0, -911.0
386.191350272, 366.0, -36.0, -907.0
386.210617472, 383.0, -42.0, -904.0
386.2298848, 422.0, -34.0, -904.0
386.249152, 427.0, -28.0, -903.0
386.268419328, 422.0, -23.0, -902.0
386.287686656, 430.0, -20.0, -896.0
386.306953856, 438.0, -23.0, -897.0
386.326221184, 438.0, -22.0, -899.0
386.345488384, 435.0, -24.0, -897.0
386.364755712, 429.0, -31.0, -901.0
386.38402304, 428.0, -24.0, -897.0
386.40329024, 428.0, -30.0, -897.0
386.422557568, 426.0, -34.0, -899.0
386.441824768, 426.0, -28.0, -897.0
386.461092096, 429.0, -27.0, -900.0
386.480359424, 421.0, -26.0, -895.0
386.499626624, 421.0, -26.0, -898.0
386.518893952, 427.0, -34.0, -896.0
386.538161152, 419.0, -32.0, -897.0
386.55742848, 425.0, -27.0, -897.0
386.57669568, 422.0, -27.0, -900.0
386.595963008, 420.0, -29.0, -900.0
386.615230336, 418.0, -32.0, -899.0
386.634497472, 416.0, -30.0, -902.0
386.653765376, 420.0, -30.0, -901.0
386.673033344, 422.0, -32.0, -903.0
386.692301312, 438.0, -34.0, -895.0
386.711569408, 434.0, -33.0, -897.0
386.730837376, 431.0, -30.0, -899.0
386.750105344, 426.0, -27.0, -902.0
386.769373312, 425.0, -28.0, -903.0
386.78864128, 419.0, -32.0, -902.0
386.807909376, 423.0, -28.0, -901.0
386.827177344, 429.0, -31.0, -900.0
386.846445312, 421.0, -29.0, -899.0
386.86571328, 419.0, -33.0, -900.0
386.884981248, 422.0, -34.0, -898.0
386.904249216, 418.0, -30.0, -899.0
386.923517312, 423.0, -31.0, -897.0
386.94278528, 420.0, -34.0, -900.0
386.962053248, 424.0, -31.0, -898.0
386.981321216, 416.0, -35.0, -898.0
387.000589184, 420.0, -36.0, -904.0
387.01985728, 422.0, -30.0, -906.0
387.039125248, 426.0, -38.0, -898.0
387.058393216, 424.0, -33.0, -903.0
387.077661184, 422.0, -34.0, -900.0
387.096929152, 428.0, -33.0, -902.0
387.116197248, 427.0, -37.0, -901.0
387.135465216, 428.0, -37.0, -895.0
387.154733184, 431.0, -36.0, -897.0
387.174001152, 427.0, -35.0, -896.0
387.19326912, 429.0, -36.0, -897.0
387.212537088, 419.0, -34.0, -898.0
387.231805184, 426.0, -38.0, -900.0
387.251073152, 422.0, -39.0, -897.0
387.27034112, 425.0, -41.0, -901.0
387.289609088, 422.0, -38.0, -901.0
387.308877056, 419.0, -42.0, -900.0
387.328145152, 420.0, -39.0, -902.0
387.34741312, 421.0, -38.0, -898.0
387.366681088, 423.0, -38.0, -899.0
387.385949056, 419.0, -43.0, -904.0
387.405217024, 417.0, -41.0, -899.0
387.42448512, 419.0, -41.0, -901.0
387.443753088, 422.0, -39.0, -900.0
387.463021056, 420.0, -38.0, -903.0
387.482289024, 417.0, -34.0, -900.0
387.501556992, 424.0, -36.0, -902.0
387.52082496, 425.0, -34.0, -905.0
387.540093056, 421.0, -30.0, -903.0
387.559361024, 419.0, -39.0, -899.0
387.578628992, 422.0, -34.0, -898.0
387.59789696, 423.0, -29.0, -899.0
387.617164928, 430.0, -30.0, -900.0
387.636433024, 432.0, -32.0, -901.0
387.655700992, 430.0, -33.0, -893.0
387.67496896, 425.0, -35.0, -899.0
387.694236928, 421.0, -40.0, -902.0
387.713504896, 410.0, -38.0, -905.0
387.732772992, 414.0, -37.0, -902.0
387.75204096, 415.0, -40.0, -902.0
387.771308928, 418.0, -34.0, -899.0
387.790576896, 410.0, -37.0, -901.0
387.809844864, 415.0, -33.0, -906.0
387.829112832, 418.0, -35.0, -896.0
387.848380928, 426.0, -30.0, -903.0
387.867648896, 425.0, -31.0, -899.0
387.886916864, 432.0, -40.0, -901.0
387.906184832, 425.0, -37.0, -896.0
387.9254528, 450.0, -29.0, -877.0
387.944720896, 449.0, -28.0, -904.0
387.963988864, 413.0, -49.0, -917.0
387.983256832, 368.0, -37.0, -916.0
388.0025248, 388.0, -53.0, -903.0
388.021792768, 438.0, -56.0, -892.0
388.041060864, 458.0, -37.0, -897.0
388.060328832, 455.0, -22.0, -895.0
388.0795968, 434.0, -13.0, -897.0
388.098864768, 414.0, -15.0, -903.0
388.118132736, 390.0, -24.0, -905.0
388.137400704, 387.0, -32.0, -906.0
388.1566688, 393.0, -48.0, -907.0
388.175936768, 415.0, -52.0, -904.0
388.195204736, 426.0, -53.0, -898.0
388.214472704, 423.0, -50.0, -899.0
388.233740672, 417.0, -36.0, -901.0
388.253008768, 418.0, -33.0, -905.0
388.272276736, 431.0, -24.0, -901.0
388.291544704, 426.0, -30.0, -901.0
388.310812672, 420.0, -34.0, -904.0
388.33008064, 418.0, -32.0, -901.0
388.349348736, 419.0, -39.0, -901.0
388.368616704, 421.0, -33.0, -901.0
388.387884747, 427.0, -36.0, -900.0
388.407151872, 426.0, -32.0, -901.0
388.426418944, 424.0, -30.0, -895.0
388.445685888, 426.0, -25.0, -903.0
388.46495296, 420.0, -32.0, -901.0
388.484219904, 416.0, -26.0, -903.0
388.503486976, 414.0, -35.0, -904.0
388.522754048, 415.0, -33.0, -899.0
388.542020992, 415.0, -36.0, -903.0
388.561288064, 413.0, -34.0, -903.0
388.580555008, 412.0, -34.0, -900.0
388.59982208, 418.0, -35.0, -900.0
388.619089152, 421.0, -35.0, -900.0
388.638356096, 417.0, -37.0, -903.0
388.657623168, 418.0, -35.0, -900.0
388.676890112, 422.0, -31.0, -900.0
388.696157184, 427.0, -30.0, -901.0
388.715424128, 425.0, -29.0, -898.0
388.7346912, 422.0, -32.0, -905.0
388.753958272, 413.0, -29.0, -902.0
388.773225216, 417.0, -30.0, -905.0
388.792492288, 419.0, -32.0, -901.0
388.811759232, 425.0, -35.0, -896.0
388.831026304, 432.0, -30.0, -898.0
388.850293376, 427.0, -33.0, -901.0
388.86956032, 419.0, -31.0, -899.0
388.888827392, 423.0, -34.0, -897.0
388.908094336, 412.0, -33.0, -909.0
388.927361408, 403.0, -32.0, -902.0
388.94662848, 395.0, -27.0, -908.0
388.965895424, 401.0, -23.0, -906.0
388.985162496, 418.0, -27.0, -919.0
389.00442944, 405.0, -29.0, -897.0
389.023696512, 418.0, -37.0, -901.0
389.042963584, 423.0, -25.0, -906.0
389.062230528, 419.0, -25.0, -900.0
389.0814976, 416.0, -24.0, -905.0
389.100764544, 412.0, -23.0, -900.0
389.120031616, 418.0, -34.0, -902.0
389.139298688, 423.0, -33.0, -905.0
389.158565632, 413.0, -34.0, -903.0
389.177832704, 407.0, -34.0, -905.0
389.197099648, 414.0, -36.0, -908.0
389.21636672, 420.0, -37.0, -903.0
389.235633664, 420.0, -35.0, -903.0
389.254900736, 418.0, -33.0, -904.0
389.274167808, 409.0, -27.0, -904.0
389.293434752, 415.0, -35.0, -906.0
389.312701824, 423.0, -27.0, -902.0
389.331968768, 412.0, -33.0, -906.0
389.35123584, 410.0, -36.0, -903.0
389.370502912, 408.0, -28.0, -907.0
389.389769856, 413.0, -34.0, -899.0
389.409036928, 421.0, -28.0, -898.0
389.428303872, 420.0, -30.0, -901.0
389.447570944, 418.0, -38.0, -904.0
389.466838016, 418.0, -35.0, -904.0
389.48610496, 411.0, -34.0, -906.0
389.505372032, 417.0, -32.0, -902.0
389.524638976, 417.0, -35.0, -902.0
389.543906048, 418.0, -41.0, -902.0
389.56317312, 422.0, -37.0, -901.0
389.582440064, 425.0, -34.0, -909.0
389.601707136, 421.0, -31.0, -906.0
389.62097408, 415.0, -33.0, -902.0
389.640241152, 416.0, -38.0, -903.0
389.659508224, 415.0, -41.0, -903.0
389.678775168, 418.0, -40.0, -905.0
389.69804224, 415.0, -32.0, -905.0
389.717309184, 405.0, -31.0, -908.0
389.736576256, 412.0, -38.0, -905.0
389.7558432, 410.0, -35.0, -902.0
389.775110272, 419.0, -34.0, -903.0
389.794377344, 414.0, -39.0, -904.0
389.813644288, 406.0, -39.0, -902.0
389.83291136, 406.0, -32.0, -908.0
389.852178304, 414.0, -37.0, -903.0
389.871445376, 424.0, -39.0, -903.0
389.890712448, 421.0, -37.0, -905.0
389.909979392, 412.0, -34.0, -908.0
389.929246464, 405.0, -34.0, -902.0
389.948513408, 413.0, -31.0, -904.0
389.96778048, 414.0, -36.0, -910.0
389.987047552, 417.0, -41.0, -901.0
390.006314496, 414.0, -34.0, -907.0
390.025581568, 415.0, -35.0, -905.0
390.044848512, 413.0, -36.0, -905.0
390.064115584, 408.0, -37.0, -904.0
390.083382656, 413.0, -39.0, -908.0
390.1026496, 418.0, -43.0, -903.0
390.121916672, 412.0, -38.0, -902.0
390.141183616, 413.0, -44.0, -903.0
390.160450688, 407.0, -40.0, -903.0
390.17971776, 411.0, -35.0, -905.0
390.198984611, 405.0, -44.0, -903.0
