0.0, 277.0, -102.0, -948.0
0.01923072, 282.0, -101.0, -950.0
0.038461568, 278.0, -100.0, -948.0
0.057692288, 278.0, -102.0, -950.0
0.076923136, 271.0, -101.0, -949.0
0.096153856, 274.0, -101.0, -948.0
0.115384576, 276.0, -104.0, -948.0
0.134615424, 278.0, -99.0, -949.0
0.153846144, 274.0, -102.0, -947.0
0.173076864, 272.0, -107.0, -950.0
0.192307712, 273.0, -102.0, -947.0
0.211538432, 274.0, -101.0, -945.0
0.23076928, 272.0, -103.0, -946.0
0.25, 276.0, -105.0, -946.0
0.26923072, 271.0, -102.0, -949.0
0.288461568, 273.0, -107.0, -949.0
0.307692288, 275.0, -105.0, -949.0
0.326923136, 280.0, -104.0, -948.0
0.346153856, 280.0, -102.0, -947.0
0.365384576, 276.0, -101.0, -951.0
0.384615424, 277.0, -103.0, -950.0
0.403846144, 281.0, -101.0, -952.0
0.423076864, 276.0, -101.0, -949.0
0.442307712, 278.0, -105.0, -949.0
0.461538432, 278.0, -104.0, -949.0
0.48076928, 275.0, -97.0, -949.0
0.5, 275.0, -100.0, -949.0
0.51923072, 275.0, -100.0, -951.0
0.538461568, 278.0, -102.0, -949.0
0.557692288, 278.0, -103.0, -949.0
0.576923136, 279.0, -101.0, -947.0
0.596153856, 278.0, -101.0, -946.0
0.615384576, 276.0, -99.0, -951.0
0.634615424, 272.0, -100.0, -949.0
0.653846144, 278.0, -102.0, -948.0
0.673076864, 280.0, -98.0, -947.0
0.692307712, 277.0, -100.0, -946.0
0.711538432, 281.0, -107.0, -946.0
0.73076928, 280.0, -99.0, -946.0
0.75, 277.0, -99.0, -950.0
0.76923072, 277.0, -101.0, -945.0
0.788461568, 283.0, -102.0, -945.0
0.807692288, 281.0, -102.0, -948.0
0.826923136, 285.0, -99.0, -948.0
0.846153856, 284.0, -102.0, -954.0
0.865384576, 279.0, -101.0, -949.0
0.884615424, 278.0, -97.0, -949.0
0.903846144, 280.0, -99.0, -954.0
0.923076864, 276.0, -100.0, -950.0
0.942307712, 276.0, -101.0, -951.0
0.961538432, 274.0, -101.0, -950.0
0.98076928, 272.0, -100.0, -951.0
1.0, 274.0, -100.0, -951.0
1.01923072, 274.0, -97.0, -945.0
1.038461568, 273.0, -101.0, -951.0
1.057692288, 276.0, -98.0, -948.0
1.076923136, 274.0, -101.0, -951.0
1.096153856, 274.0, -99.0, -943.0
1.115384576, 280.0, -96.0, -947.0
1.134615424, 281.0, -96.0, -948.0
1.153846144, 276.0, -99.0, -950.0
1.173076864, 282.0, -101.0, -946.0
1.192307712, 282.0, -97.0, -950.0
1.211538432, 277.0, -100.0, -947.0
1.23076928, 281.0, -102.0, -957.0
1.25, 276.0, -104.0, -950.0
1.26923072, 281.0, -100.0, -947.0
1.288461568, 280.0, -100.0, -949.0
1.307692288, 281.0, -98.0, -949.0
1.326923136, 277.0, -100.0, -950.0
1.346153856, 273.0, -101.0, -953.0
1.365384576, 275.0, -102.0, -951.0
1.384615424, 277.0, -101.0, -950.0
1.403846144, 274.0, -101.0, -947.0
1.423076864, 275.0, -101.0, -944.0
1.442307712, 272.0, -101.0, -950.0
1.461538432, 275.0, -106.0, -947.0
1.48076928, 274.0, -105.0, -949.0
1.5, 273.0, -103.0, -945.0
1.51923072, 275.0, -101.0, -948.0
1.538461568, 274.0, -94.0, -948.0
1.557692288, 276.0, -97.0, -948.0
1.576923136, 281.0, -96.0, -946.0
1.596153856, 281.0, -104.0, -953.0
1.615384576, 281.0, -99.0, -950.0
1.634615424, 277.0, -101.0, -951.0
1.653846144, 272.0, -99.0, -954.0
1.673076864, 281.0, -101.0, -951.0
1.692307712, 280.0, -101.0, -952.0
1.711538432, 276.0, -103.0, -949.0
1.73076928, 271.0, -104.0, -949.0
1.75, 272.0, -99.0, -951.0
1.76923072, 271.0, -106.0, -954.0
1.788461568, 268.0, -103.0, -950.0
1.807692288, 269.0, -103.0, -950.0
1.826923136, 266.0, -100.0, -951.0
1.846153856, 268.0, -105.0, -952.0
1.865384576, 264.0, -103.0, -947.0
1.884615424, 274.0, -103.0, -945.0
1.903846144, 275.0, -105.0, -954.0
1.923076864, 268.0, -105.0, -948.0
1.942307712, 275.0, -103.0, -952.0
1.961538432, 273.0, -105.0, -948.0
1.980769306, 274.0, -106.0, -953.0
2.000036864, 273.0, -106.0, -951.0
2.019304448, 273.0, -108.0, -952.0
2.038571904, 275.0, -100.0, -948.0
2.057839488, 270.0, -97.0, -952.0
2.077107072, 274.0, -102.0, -947.0
2.096374528, 274.0, -103.0, -951.0
2.115642112, 271.0, -100.0, -951.0
2.134909696, 271.0, -100.0, -950.0
2.154177152, 276.0, -111.0, -950.0
2.173444736, 271.0, -104.0, -954.0
2.19271232, 269.0, -103.0, -948.0
2.211979776, 268.0, -102.0, -951.0
2.23124736, 269.0, -106.0, -950.0
2.250514816, 268.0, -108.0, -952.0
2.2697824, 264.0, -106.0, -951.0
2.289049984, 270.0, -106.0, -953.0
2.30831744, 265.0, -103.0, -949.0
2.327585024, 271.0, -105.0, -949.0
2.346852608, 275.0, -107.0, -945.0
2.366120064, 270.0, -104.0, -948.0
2.385387648, 273.0, -105.0, -950.0
2.404655232, 272.0, -106.0, -947.0
2.423922688, 274.0, -105.0, -952.0
2.443190272, 272.0, -103.0, -951.0
2.462457856, 273.0, -105.0, -957.0
2.481725312, 278.0, -102.0, -952.0
2.500992896, 275.0, -98.0, -950.0
2.52026048, 270.0, -100.0, -951.0
2.539527936, 270.0, -101.0, -947.0
2.55879552, 275.0, -97.0, -951.0
2.578063104, 271.0, -108.0, -949.0
2.59733056, 268.0, -103.0, -948.0
2.616598144, 268.0, -105.0, -950.0
2.6358656, 271.0, -102.0, -950.0
2.655133184, 269.0, -99.0, -947.0
2.674400768, 265.0, -100.0, -948.0
2.693668224, 268.0, -101.0, -952.0
2.712935808, 272.0, -91.0, -950.0
2.732203392, 268.0, -93.0, -952.0
2.751470848, 273.0, -99.0, -949.0
2.770738432, 280.0, -100.0, -951.0
2.790006016, 268.0, -96.0, -950.0
2.809273472, 271.0, -95.0, -950.0
2.828541056, 274.0, -97.0, -947.0
2.84780864, 275.0, -98.0, -953.0
2.867076096, 275.0, -96.0, -950.0
2.88634368, 274.0, -101.0, -948.0
2.905611264, 276.0, -104.0, -956.0
2.92487872, 269.0, -103.0, -953.0
2.944146304, 278.0, -102.0, -952.0
2.963413888, 274.0, -103.0, -951.0
2.982681344, 275.0, -98.0, -948.0
3.001948928, 274.0, -101.0, -950.0
3.021216384, 265.0, -103.0, -952.0
3.040483968, 263.0, -106.0, -954.0
3.059751552, 275.0, -108.0, -948.0
3.079019008, 284.0, -108.0, -946.0
3.098286592, 285.0, -108.0, -945.0
3.117554176, 282.0, -106.0, -943.0
3.136821632, 282.0, -107.0, -948.0
3.156089216, 280.0, -97.0, -948.0
3.1753568, 281.0, -105.0, -949.0
3.194624256, 289.0, -106.0, -947.0
3.21389184, 285.0, -107.0, -946.0
3.233159424, 280.0, -99.0, -950.0
3.25242688, 285.0, -99.0, -952.0
3.271694464, 281.0, -98.0, -947.0
3.290962048, 283.0, -100.0, -948.0
3.310229504, 285.0, -102.0, -950.0
3.329497088, 274.0, -104.0, -949.0
3.348764672, 269.0, -104.0, -954.0
3.368032128, 269.0, -100.0, -951.0
3.387299712, 271.0, -106.0, -945.0
3.406567296, 275.0, -105.0, -948.0
3.425834752, 268.0, -103.0, -950.0
3.445102336, 268.0, -104.0, -950.0
3.464369792, 268.0, -107.0, -950.0
3.483637376, 270.0, -107.0, -949.0
3.50290496, 274.0, -103.0, -948.0
3.522172416, 271.0, -103.0, -945.0
3.54144, 271.0, -103.0, -948.0
3.560707584, 280.0, -100.0, -949.0
3.57997504, 288.0, -102.0, -944.0
3.599242624, 283.0, -106.0, -950.0
3.618510208, 281.0, -102.0, -948.0
3.637777664, 276.0, -102.0, -949.0
3.657045248, 279.0, -103.0, -952.0
3.676312832, 278.0, -101.0, -952.0
3.695580288, 282.0, -102.0, -948.0
3.714847872, 286.0, -98.0, -947.0
3.734115456, 289.0, -97.0, -947.0
3.753382912, 281.0, -101.0, -949.0
3.772650496, 270.0, -100.0, -952.0
3.79191808, 268.0, -95.0, -947.0
3.811185536, 270.0, -99.0, -951.0
3.83045308, 271.0, -102.0, -952.0
3.849719424, 265.0, -105.0, -946.0
3.868985728, 269.0, -103.0, -946.0
3.888252032, 272.0, -101.0, -949.0
3.907518464, 266.0, -93.0, -951.0
3.926784768, 260.0, -96.0, -952.0
3.946051072, 263.0, -97.0, -950.0
3.965317376, 271.0, -103.0, -947.0
3.98458368, 274.0, -100.0, -948.0
4.003850112, 279.0, -99.0, -945.0
4.023116416, 277.0, -97.0, -949.0
4.04238272, 279.0, -97.0, -952.0
4.061649024, 281.0, -93.0, -950.0
4.080915456, 276.0, -98.0, -953.0
4.10018176, 278.0, -97.0, -950.0
4.119448064, 277.0, -99.0, -953.0
4.138714368, 278.0, -98.0, -953.0
4.157980672, 278.0, -100.0, -954.0
4.177247104, 281.0, -98.0, -950.0
4.196513408, 276.0, -92.0, -944.0
4.215779712, 276.0, -101.0, -951.0
4.235046016, 281.0, -98.0, -950.0
4.25431232, 276.0, -102.0, -944.0
4.273578752, 277.0, -107.0, -948.0
4.292845056, 273.0, -102.0, -947.0
4.31211136, 271.0, -102.0, -947.0
4.331377664, 274.0, -105.0, -947.0
4.350644096, 282.0, -106.0, -947.0
4.3699104, 284.0, -106.0, -948.0
4.389176704, 276.0, -97.0, -947.0
4.408443008, 275.0, -102.0, -949.0
4.427709312, 276.0, -102.0, -951.0
4.446975744, 281.0, -100.0, -949.0
4.466242048, 285.0, -99.0, -949.0
4.485508352, 281.0, -98.0, -942.0
4.504774656, 281.0, -102.0, -948.0
4.52404096, 280.0, -101.0, -951.0
4.543307392, 274.0, -99.0, -948.0
4.562573696, 275.0, -102.0, -950.0
4.58184, 275.0, -103.0, -949.0
4.601106304, 274.0, -101.0, -948.0
4.620372736, 273.0, -97.0, -944.0
4.63963904, 276.0, -97.0, -948.0
4.658905344, 276.0, -103.0, -950.0
4.678171648, 271.0, -96.0, -947.0
4.697437952, 277.0, -102.0, -949.0
4.716704384, 278.0, -98.0, -946.0
4.735970688, 270.0, -104.0, -945.0
4.755236992, 275.0, -101.0, -947.0
4.774503296, 272.0, -98.0, -949.0
4.7937696, 274.0, -99.0, -951.0
4.813036032, 279.0, -105.0, -947.0
4.832302336, 279.0, -101.0, -948.0
4.85156864, 279.0, -95.0, -948.0
4.870834944, 279.0, -97.0, -950.0
4.890101248, 286.0, -100.0, -951.0
4.90936768, 276.0, -104.0, -948.0
4.928633984, 277.0, -98.0, -949.0
4.947900288, 280.0, -105.0, -948.0
4.967166592, 274.0, -103.0, -953.0
4.986433024, 271.0, -103.0, -946.0
5.005699328, 276.0, -101.0, -946.0
5.024965632, 279.0, -101.0, -951.0
5.044231936, 270.0, -99.0, -954.0
5.06349824, 263.0, -105.0, -946.0
5.082764672, 265.0, -107.0, -950.0
5.102030976, 272.0, -103.0, -949.0
5.12129728, 274.0, -102.0, -948.0
5.140563584, 276.0, -100.0, -948.0
5.159829888, 281.0, -104.0, -947.0
5.17909632, 275.0, -102.0, -953.0
5.198362624, 275.0, -101.0, -950.0
5.217628928, 274.0, -98.0, -946.0
5.236895232, 281.0, -102.0, -948.0
5.256161664, 281.0, -105.0, -948.0
5.275427968, 276.0, -104.0, -951.0
5.294694272, 275.0, -99.0, -947.0
5.313960576, 273.0, -105.0, -951.0
5.33322688, 271.0, -98.0, -949.0
5.352493312, 273.0, -101.0, -948.0
5.371759616, 272.0, -109.0, -950.0
5.39102592, 266.0, -103.0, -951.0
5.410292224, 266.0, -105.0, -950.0
5.429558528, 270.0, -101.0, -952.0
5.44882496, 273.0, -104.0, -948.0
5.468091264, 273.0, -105.0, -951.0
5.487357568, 272.0, -104.0, -950.0
5.506623872, 269.0, -103.0, -950.0
5.525890304, 266.0, -104.0, -950.0
5.545156608, 268.0, -105.0, -947.0
5.564422912, 273.0, -102.0, -953.0
5.583689216, 274.0, -104.0, -946.0
5.60295552, 272.0, -108.0, -951.0
5.622221952, 277.0, -106.0, -945.0
5.641488256, 276.0, -99.0, -950.0
5.66075456, 280.0, -96.0, -949.0
5.680020878, 280.0, -95.0, -948.0
5.699286784, 281.0, -97.0, -948.0
5.718552704, 272.0, -101.0, -949.0
5.737818624, 278.0, -104.0, -950.0
5.757084544, 281.0, -103.0, -944.0
5.776350592, 280.0, -100.0, -952.0
5.795616512, 279.0, -98.0, -948.0
5.814882432, 274.0, -95.0, -948.0
5.834148352, 279.0, -102.0, -944.0
5.853414272, 273.0, -95.0, -947.0
5.872680192, 268.0, -91.0, -951.0
5.891946112, 278.0, -99.0, -949.0
5.911212032, 278.0, -104.0, -946.0
5.93047808, 271.0, -100.0, -944.0
5.949744, 272.0, -100.0, -948.0
5.96900992, 275.0, -103.0, -943.0
5.98827584, 284.0, -105.0, -946.0
6.00754176, 278.0, -99.0, -951.0
6.02680768, 281.0, -99.0, -945.0
6.0460736, 277.0, -101.0, -946.0
6.06533952, 285.0, -102.0, -946.0
6.084605568, 287.0, -102.0, -946.0
6.103871488, 276.0, -99.0, -950.0
6.123137408, 281.0, -97.0, -949.0
6.142403328, 275.0, -99.0, -951.0
6.161669248, 273.0, -94.0, -949.0
6.180935168, 274.0, -99.0, -953.0
6.200201088, 280.0, -94.0, -949.0
6.219467008, 274.0, -98.0, -953.0
6.238733056, 274.0, -98.0, -953.0
6.257998976, 271.0, -91.0, -947.0
6.277264896, 274.0, -96.0, -945.0
6.296530816, 280.0, -95.0, -945.0
6.315796736, 274.0, -93.0, -947.0
6.335062656, 277.0, -95.0, -948.0
6.354328576, 279.0, -100.0, -950.0
6.373594496, 272.0, -96.0, -948.0
6.392860544, 278.0, -93.0, -948.0
6.412126464, 278.0, -95.0, -948.0
6.431392384, 271.0, -94.0, -949.0
6.450658304, 277.0, -95.0, -948.0
6.469924224, 278.0, -100.0, -952.0
6.489190144, 279.0, -95.0, -951.0
6.508456064, 278.0, -96.0, -950.0
6.527721984, 278.0, -92.0, -950.0
6.546988032, 279.0, -94.0, -952.0
6.566253952, 278.0, -101.0, -950.0
6.585519872, 272.0, -96.0, -948.0
6.604785792, 270.0, -94.0, -951.0
6.624051712, 267.0, -96.0, -949.0
6.643317632, 278.0, -101.0, -949.0
6.662583552, 272.0, -103.0, -951.0
6.6818496, 268.0, -95.0, -949.0
6.70111552, 266.0, -100.0, -949.0
6.72038144, 271.0, -97.0, -948.0
6.73964736, 270.0, -102.0, -949.0
6.75891328, 272.0, -99.0, -949.0
6.7781792, 279.0, -100.0, -947.0
6.79744512, 279.0, -100.0, -948.0
6.81671104, 279.0, -98.0, -947.0
6.835977088, 278.0, -97.0, -950.0
6.855243008, 277.0, -98.0, -950.0
6.874508928, 279.0, -99.0, -951.0
6.893774848, 276.0, -99.0, -952.0
6.913040768, 281.0, -101.0, -953.0
6.932306688, 273.0, -102.0, -949.0
6.951572608, 269.0, -101.0, -948.0
6.970838528, 270.0, -99.0, -950.0
6.990104576, 270.0, -101.0, -952.0
7.009370496, 272.0, -99.0, -948.0
7.028636416, 269.0, -98.0, -950.0
7.047902336, 265.0, -103.0, -953.0
7.067168256, 268.0, -102.0, -950.0
7.086434176, 266.0, -97.0, -947.0
7.105700096, 271.0, -101.0, -952.0
7.124966016, 266.0, -102.0, -952.0
7.144232064, 266.0, -104.0, -946.0
7.163497984, 272.0, -100.0, -951.0
7.182763904, 270.0, -99.0, -950.0
7.202029824, 270.0, -102.0, -951.0
7.221295744, 271.0, -102.0, -950.0
7.240561664, 273.0, -105.0, -953.0
7.259827584, 274.0, -106.0, -951.0
7.279093504, 270.0, -105.0, -951.0
7.298359552, 273.0, -100.0, -954.0
7.317625472, 274.0, -99.0, -951.0
7.336891392, 272.0, -104.0, -954.0
7.356157312, 276.0, -101.0, -948.0
7.375423232, 269.0, -102.0, -948.0
7.394689152, 271.0, -100.0, -956.0
7.413955072, 269.0, -100.0, -951.0
7.433220992, 267.0, -100.0, -950.0
7.45248704, 271.0, -101.0, -947.0
7.47175296, 270.0, -102.0, -949.0
7.49101888, 269.0, -103.0, -950.0
7.5102848, 260.0, -103.0, -951.0
7.52955072, 265.0, -105.0, -951.0
7.54881664, 270.0, -100.0, -946.0
7.56808256, 272.0, -105.0, -951.0
7.587348577, 270.0, -100.0, -951.0
7.60661312, 272.0, -97.0, -949.0
7.625877632, 271.0, -99.0, -952.0
7.645142144, 280.0, -98.0, -951.0
7.664406528, 278.0, -99.0, -949.0
7.68367104, 277.0, -100.0, -948.0
7.702935552, 278.0, -99.0, -952.0
7.722200064, 275.0, -98.0, -948.0
7.741464576, 269.0, -99.0, -955.0
7.76072896, 275.0, -94.0, -953.0
7.779993472, 281.0, -99.0, -950.0
7.799257984, 273.0, -94.0, -948.0
7.818522496, 277.0, -98.0, -950.0
7.837787008, 271.0, -97.0, -952.0
7.85705152, 269.0, -96.0, -955.0
7.876315904, 266.0, -99.0, -943.0
7.895580416, 278.0, -100.0, -949.0
7.914844928, 272.0, -98.0, -947.0
7.93410944, 266.0, -95.0, -951.0
7.953373952, 267.0, -99.0, -943.0
7.972638336, 274.0, -99.0, -947.0
7.991902848, 277.0, -98.0, -948.0
8.01116736, 269.0, -98.0, -948.0
8.030431872, 272.0, -99.0, -949.0
8.049696384, 276.0, -97.0, -951.0
8.068960768, 282.0, -96.0, -948.0
8.08822528, 284.0, -97.0, -952.0
8.107489792, 273.0, -101.0, -951.0
8.126754304, 264.0, -96.0, -950.0
8.146018816, 270.0, -99.0, -956.0
8.1652832, 279.0, -99.0, -951.0
8.184547712, 277.0, -100.0, -956.0
8.203812224, 274.0, -95.0, -951.0
8.223076736, 273.0, -95.0, -951.0
8.242341248, 275.0, -95.0, -954.0
8.261605632, 268.0, -97.0, -950.0
8.280870144, 272.0, -95.0, -950.0
8.300134656, 272.0, -101.0, -946.0
8.319399168, 271.0, -98.0, -951.0
8.33866368, 269.0, -98.0, -948.0
8.357928192, 269.0, -97.0, -952.0
8.377192576, 271.0, -100.0, -949.0
8.396457088, 275.0, -99.0, -948.0
8.4157216, 272.0, -100.0, -947.0
8.434986112, 268.0, -99.0, -954.0
8.454250624, 276.0, -95.0, -949.0
8.473515008, 277.0, -95.0, -948.0
8.49277952, 276.0, -98.0, -955.0
8.512044032, 272.0, -90.0, -950.0
8.531308544, 275.0, -95.0, -948.0
8.550573056, 273.0, -98.0, -952.0
8.56983744, 275.0, -91.0, -950.0
8.589101952, 275.0, -95.0, -950.0
8.608366464, 273.0, -96.0, -953.0
8.627630976, 273.0, -98.0, -953.0
8.646895488, 272.0, -98.0, -950.0
8.666159872, 272.0, -104.0, -951.0
8.685424384, 272.0, -96.0, -950.0
8.704688896, 266.0, -97.0, -946.0
8.723953408, 269.0, -99.0, -951.0
8.74321792, 267.0, -101.0, -950.0
8.762482432, 271.0, -99.0, -952.0
8.781746816, 272.0, -99.0, -946.0
8.801011328, 271.0, -98.0, -942.0
8.82027584, 272.0, -96.0, -944.0
8.839540352, 272.0, -95.0, -949.0
8.858804864, 276.0, -97.0, -951.0
8.878069248, 275.0, -99.0, -949.0
8.89733376, 276.0, -96.0, -950.0
8.916598272, 276.0, -93.0, -955.0
8.935862784, 274.0, -98.0, -953.0
8.955127296, 273.0, -98.0, -951.0
8.97439168, 274.0, -100.0, -951.0
8.993656192, 277.0, -98.0, -952.0
9.012920704, 278.0, -92.0, -945.0
9.032185216, 273.0, -97.0, -948.0
9.051449728, 270.0, -91.0, -948.0
9.070714112, 267.0, -95.0, -951.0
9.089978624, 270.0, -95.0, -951.0
9.109243136, 269.0, -98.0, -948.0
9.128507648, 275.0, -94.0, -947.0
9.14777216, 272.0, -99.0, -952.0
9.167036544, 269.0, -97.0, -949.0
9.186301056, 264.0, -95.0, -949.0
9.205565568, 273.0, -95.0, -950.0
9.22483008, 275.0, -99.0, -951.0
9.244094592, 276.0, -99.0, -949.0
9.263359104, 277.0, -96.0, -953.0
9.282623488, 274.0, -99.0, -950.0
9.301888, 276.0, -94.0, -952.0
9.321152512, 276.0, -99.0, -949.0
9.340417024, 279.0, -98.0, -950.0
9.359681536, 275.0, -96.0, -948.0
9.37894592, 275.0, -96.0, -950.0
9.398210432, 272.0, -96.0, -951.0
9.41747489, 269.0, -100.0, -951.0
9.436740736, 274.0, -97.0, -950.0
9.456006528, 268.0, -96.0, -950.0
9.475272192, 265.0, -102.0, -951.0
9.494537984, 267.0, -103.0, -950.0
9.513803776, 266.0, -104.0, -950.0
9.533069568, 241.0, -105.0, -957.0
9.552335232, 236.0, -106.0, -951.0
9.571601024, 258.0, -102.0, -956.0
9.590866816, 290.0, -103.0, -949.0
9.61013248, 227.0, -142.0, -899.0
9.629398272, 271.0, -96.0, -948.0
9.648664064, 262.0, -98.0, -959.0
9.667929856, 256.0, -94.0, -952.0
9.68719552, 276.0, -80.0, -950.0
9.706461312, 283.0, -70.0, -952.0
9.725727104, 288.0, -57.0, -945.0
9.744992768, 299.0, -49.0, -949.0
9.76425856, 295.0, -41.0, -943.0
9.783524352, 295.0, -42.0, -950.0
9.802790144, 305.0, -40.0, -941.0
9.822055808, 319.0, -35.0, -942.0
9.8413216, 328.0, -38.0, -938.0
9.860587392, 317.0, -29.0, -943.0
9.879853056, 329.0, -22.0, -935.0
9.899118848, 338.0, -27.0, -941.0
9.91838464, 326.0, -35.0, -934.0
9.937650432, 327.0, -40.0, -941.0
9.956916096, 352.0, -31.0, -926.0
9.976181888, 370.0, -23.0, -928.0
9.99544768, 362.0, -11.0, -925.0
10.014713472, 372.0, -1.0, -920.0
10.033979136, 387.0, 0.0, -926.0
10.053244928, 397.0, -8.0, -907.0
10.07251072, 415.0, -6.0, -911.0
10.091776384, 409.0, 10.0, -919.0
10.111042176, 405.0, 13.0, -896.0
10.130307968, 411.0, 30.0, -913.0
10.14957376, 426.0, 20.0, -901.0
10.168839424, 386.0, -37.0, -879.0
10.188105216, 413.0, 12.0, -909.0
10.207371008, 416.0, 9.0, -901.0
10.226636672, 427.0, -49.0, -842.0
10.245902464, 441.0, 16.0, -898.0
10.265168256, 423.0, 25.0, -901.0
10.284434048, 417.0, 24.0, -895.0
10.303699712, 426.0, 19.0, -899.0
10.322965504, 430.0, 15.0, -898.0
10.342231296, 427.0, 1.0, -880.0
10.36149696, 421.0, 9.0, -910.0
10.380762752, 433.0, 17.0, -897.0
10.400028544, 450.0, 24.0, -898.0
10.419294336, 440.0, 24.0, -899.0
10.43856, 430.0, 19.0, -900.0
10.457825792, 428.0, 9.0, -901.0
10.477091584, 438.0, 10.0, -896.0
10.496357248, 443.0, 8.0, -900.0
10.51562304, 435.0, 5.0, -900.0
10.534888832, 427.0, 12.0, -899.0
10.554154624, 424.0, 16.0, -901.0
10.573420288, 423.0, 11.0, -903.0
10.59268608, 423.0, 3.0, -898.0
10.611951872, 433.0, 2.0, -905.0
10.631217536, 425.0, -2.0, -898.0
10.650483328, 419.0, 4.0, -906.0
10.66974912, 430.0, 7.0, -898.0
10.689014912, 426.0, 6.0, -903.0
10.708280576, 424.0, 4.0, -906.0
10.727546368, 412.0, 6.0, -904.0
10.74681216, 418.0, 13.0, -903.0
10.766077824, 431.0, 16.0, -900.0
10.785343616, 418.0, 22.0, -896.0
10.804609408, 425.0, 25.0, -899.0
10.8238752, 428.0, 18.0, -901.0
10.843140864, 418.0, 11.0, -901.0
10.862406656, 431.0, 18.0, -898.0
10.881672448, 429.0, 9.0, -906.0
10.900938087, 426.0, 8.0, -897.0
10.920204928, 420.0, 10.0, -904.0
10.939471744, 426.0, 19.0, -901.0
10.958738688, 425.0, 11.0, -905.0
10.978005504, 421.0, 20.0, -897.0
10.99727232, 429.0, 18.0, -898.0
11.016539264, 434.0, 12.0, -897.0
11.03580608, 421.0, 7.0, -901.0
11.055072896, 416.0, 17.0, -907.0
11.074339712, 422.0, 16.0, -903.0
11.093606656, 423.0, 13.0, -902.0
11.112873472, 423.0, 17.0, -902.0
11.132140288, 417.0, 10.0, -907.0
11.151407232, 415.0, 14.0, -898.0
11.170674048, 422.0, 14.0, -904.0
11.189940864, 427.0, 12.0, -903.0
11.209207808, 430.0, 19.0, -899.0
11.228474624, 422.0, 22.0, -902.0
11.24774144, 425.0, 13.0, -901.0
11.267008384, 426.0, 11.0, -902.0
11.2862752, 428.0, 7.0, -903.0
11.305542016, 424.0, 13.0, -909.0
11.32480896, 423.0, 13.0, -906.0
11.344075776, 426.0, 11.0, -906.0
11.363342592, 422.0, 10.0, -901.0
11.382609408, 420.0, 5.0, -910.0
11.401876352, 415.0, 10.0, -901.0
11.421143168, 415.0, 5.0, -905.0
11.440409984, 414.0, 13.0, -899.0
11.459676928, 417.0, 13.0, -901.0
11.478943744, 418.0, 9.0, -902.0
11.49821056, 419.0, 0.0, -912.0
11.517477504, 407.0, -2.0, -908.0
11.53674432, 403.0, 9.0, -908.0
11.556011136, 409.0, 12.0, -906.0
11.57527808, 419.0, 15.0, -904.0
11.594544896, 415.0, 5.0, -908.0
11.613811712, 402.0, 5.0, -907.0
11.633078656, 415.0, 9.0, -904.0
11.652345472, 422.0, 8.0, -908.0
11.671612288, 419.0, 14.0, -903.0
11.690879104, 425.0, 6.0, -902.0
11.710146048, 421.0, 6.0, -905.0
11.729412864, 419.0, -1.0, -904.0
11.74867968, 416.0, 9.0, -906.0
11.767946624, 416.0, 12.0, -907.0
11.78721344, 418.0, 6.0, -906.0
11.806480256, 417.0, 11.0, -902.0
11.8257472, 419.0, 11.0, -903.0
11.845014016, 416.0, 3.0, -909.0
11.864280832, 404.0, 9.0, -907.0
11.883547776, 410.0, 5.0, -907.0
11.902814592, 415.0, 7.0, -906.0
11.922081408, 413.0, 9.0, -903.0
11.941348224, 412.0, 14.0, -907.0
11.960615168, 414.0, 12.0, -908.0
11.979881984, 414.0, 11.0, -903.0
11.9991488, 415.0, 13.0, -904.0
12.018415744, 419.0, 13.0, -901.0
12.03768256, 417.0, 13.0, -906.0
12.056949376, 424.0, 10.0, -907.0
12.07621632, 421.0, 8.0, -902.0
12.095483136, 418.0, 13.0, -905.0
12.114749952, 415.0, 16.0, -909.0
12.134016896, 421.0, 11.0, -901.0
12.153283712, 424.0, 14.0, -903.0
12.172550528, 417.0, 14.0, -902.0
12.191817472, 417.0, 18.0, -903.0
12.211084288, 416.0, 17.0, -903.0
12.230351104, 414.0, 5.0, -903.0
12.24961792, 417.0, 8.0, -906.0
12.268884864, 411.0, 12.0, -905.0
12.28815168, 412.0, 15.0, -905.0
12.307418496, 411.0, 14.0, -909.0
12.32668544, 417.0, 10.0, -900.0
12.345952256, 418.0, 6.0, -905.0
12.365219072, 409.0, 7.0, -901.0
12.384486016, 411.0, 7.0, -906.0
12.403752832, 412.0, 7.0, -906.0
12.423019648, 411.0, 6.0, -910.0
12.442286592, 409.0, 6.0, -906.0
12.461553408, 421.0, 7.0, -905.0
12.480820224, 422.0, 9.0, -902.0
12.500087168, 421.0, 11.0, -911.0
12.519353984, 427.0, 16.0, -898.0
12.5386208, 432.0, 12.0, -905.0
12.557887616, 422.0, 13.0, -904.0
12.57715456, 415.0, -1.0, -909.0
12.596421376, 423.0, 8.0, -904.0
12.615688192, 421.0, 10.0, -911.0
12.634955136, 411.0, 7.0, -905.0
12.654221952, 408.0, 9.0, -909.0
12.673488768, 413.0, 10.0, -905.0
12.692755712, 414.0, 10.0, -905.0
12.712022528, 410.0, 13.0, -909.0
12.731289344, 406.0, 11.0, -903.0
12.750556247, 417.0, 9.0, -908.0
12.769822976, 415.0, 11.0, -907.0
12.789089664, 408.0, 11.0, -909.0
12.808356352, 411.0, 13.0, -907.0
12.827622912, 414.0, 14.0, -907.0
12.8468896, 423.0, 13.0, -911.0
12.866156288, 419.0, 9.0, -904.0
12.885422976, 416.0, 15.0, -903.0
12.904689664, 420.0, 11.0, -909.0
12.923956224, 420.0, 10.0, -906.0
12.943222912, 418.0, 11.0, -906.0
12.9624896, 424.0, 14.0, -906.0
12.981756288, 418.0, 11.0, -905.0
13.001022976, 423.0, 9.0, -904.0
13.020289536, 411.0, 8.0, -907.0
13.039556224, 411.0, 11.0, -900.0
13.058822912, 413.0, 12.0, -906.0
13.0780896, 411.0, 9.0, -905.0
13.097356288, 409.0, 14.0, -909.0
13.116622848, 411.0, 17.0, -907.0
13.135889536, 409.0, 14.0, -903.0
13.155156224, 413.0, 13.0, -907.0
13.174422912, 411.0, 10.0, -905.0
13.1936896, 410.0, 15.0, -906.0
13.21295616, 414.0, 11.0, -907.0
13.232222848, 418.0, 14.0, -905.0
13.251489536, 423.0, 14.0, -901.0
13.270756224, 413.0, 14.0, -906.0
13.290022912, 414.0, 12.0, -903.0
13.309289472, 417.0, 11.0, -909.0
13.32855616, 420.0, 13.0, -906.0
13.347822848, 420.0, 13.0, -907.0
13.367089536, 418.0, 10.0, -908.0
13.386356224, 418.0, 11.0, -902.0
13.405622784, 417.0, 8.0, -906.0
13.424889472, 410.0, 9.0, -910.0
13.44415616, 410.0, 12.0, -908.0
13.463422848, 416.0, 11.0, -907.0
13.482689536, 411.0, 13.0, -906.0
13.501956096, 415.0, 13.0, -907.0
13.521222784, 413.0, 14.0, -905.0
13.540489472, 415.0, 12.0, -907.0
13.55975616, 416.0, 8.0, -905.0
13.579022848, 412.0, 11.0, -906.0
13.598289408, 409.0, 11.0, -908.0
13.617556096, 409.0, 12.0, -906.0
13.636822784, 417.0, 14.0, -902.0
13.656089472, 417.0, 11.0, -902.0
13.67535616, 418.0, 14.0, -905.0
13.69462272, 421.0, 15.0, -909.0
13.713889408, 421.0, 19.0, -902.0
13.733156096, 418.0, 15.0, -901.0
13.752422784, 417.0, 10.0, -902.0
13.771689472, 416.0, 13.0, -904.0
13.79095616, 418.0, 12.0, -903.0
13.81022272, 418.0, 16.0, -907.0
13.829489408, 414.0, 10.0, -912.0
13.848756096, 416.0, 12.0, -903.0
13.868022784, 418.0, 10.0, -906.0
13.887289472, 406.0, 11.0, -906.0
13.906556032, 410.0, 14.0, -909.0
13.92582272, 413.0, 13.0, -906.0
13.945089408, 415.0, 6.0, -899.0
13.964356096, 413.0, 16.0, -906.0
13.983622784, 412.0, 13.0, -902.0
14.002889344, 409.0, 17.0, -903.0
14.022156032, 418.0, 8.0, -904.0
14.04142272, 416.0, 5.0, -907.0
14.060689408, 412.0, 10.0, -910.0
14.079956096, 415.0, 8.0, -906.0
14.099222656, 419.0, 8.0, -903.0
14.118489344, 422.0, 9.0, -906.0
14.137756032, 423.0, 5.0, -905.0
14.15702272, 415.0, 10.0, -903.0
14.176289408, 415.0, 15.0, -907.0
14.195555968, 418.0, 13.0, -905.0
14.214822656, 415.0, 7.0, -908.0
14.234089344, 413.0, 4.0, -905.0
14.253356032, 409.0, 4.0, -913.0
14.27262272, 412.0, 6.0, -905.0
14.29188928, 413.0, 10.0, -910.0
14.311155968, 411.0, 7.0, -910.0
14.330422656, 419.0, 8.0, -900.0
14.349689344, 423.0, 5.0, -901.0
14.368956032, 417.0, 7.0, -905.0
14.388222592, 410.0, 2.0, -906.0
14.40748928, 407.0, 5.0, -905.0
14.426755968, 415.0, 11.0, -904.0
14.446022656, 419.0, 1.0, -907.0
14.465289344, 423.0, 11.0, -903.0
14.484555904, 416.0, 10.0, -907.0
14.503822592, 418.0, 10.0, -907.0
14.52308928, 420.0, 2.0, -904.0
14.542355968, 417.0, 9.0, -908.0
14.561622537, 418.0, 8.0, -910.0
14.580888192, 418.0, 7.0, -904.0
14.600153856, 418.0, 7.0, -909.0
14.61941952, 423.0, 6.0, -903.0
14.638685184, 415.0, 2.0, -904.0
14.65795072, 408.0, 5.0, -910.0
14.677216384, 412.0, 6.0, -906.0
14.696482048, 413.0, 6.0, -905.0
14.715747712, 412.0, 7.0, -909.0
14.735013376, 412.0, 4.0, -907.0
14.75427904, 414.0, 7.0, -899.0
14.773544576, 407.0, 5.0, -903.0
14.79281024, 408.0, 11.0, -905.0
14.812075904, 409.0, 5.0, -906.0
14.831341568, 410.0, 6.0, -905.0
14.850607232, 413.0, 9.0, -907.0
14.869872896, 417.0, 8.0, -906.0
14.889138432, 419.0, 8.0, -906.0
14.908404096, 417.0, 7.0, -904.0
14.92766976, 420.0, 11.0, -900.0
14.946935424, 425.0, 7.0, -897.0
14.966201088, 422.0, 9.0, -901.0
14.985466752, 418.0, 12.0, -906.0
15.004732288, 416.0, 8.0, -906.0
15.023997952, 414.0, 7.0, -904.0
15.043263616, 420.0, 10.0, -907.0
15.06252928, 420.0, 8.0, -909.0
15.081794944, 413.0, 17.0, -902.0
15.101060608, 421.0, 9.0, -906.0
15.120326272, 415.0, 6.0, -906.0
15.139591808, 415.0, 8.0, -907.0
15.158857472, 412.0, 13.0, -908.0
15.178123136, 412.0, 9.0, -905.0
15.1973888, 412.0, 16.0, -901.0
15.216654464, 411.0, 10.0, -899.0
15.235920128, 410.0, 11.0, -903.0
15.255185664, 412.0, 10.0, -904.0
15.274451328, 408.0, 16.0, -910.0
15.293716992, 410.0, 13.0, -910.0
15.312982656, 409.0, 11.0, -910.0
15.33224832, 413.0, 14.0, -907.0
15.351513984, 422.0, 16.0, -910.0
15.37077952, 417.0, 12.0, -905.0
15.390045184, 416.0, 16.0, -909.0
15.409310848, 416.0, 12.0, -909.0
15.428576512, 419.0, 12.0, -906.0
15.447842176, 412.0, 12.0, -905.0
15.46710784, 414.0, 11.0, -906.0
15.486373376, 416.0, 6.0, -904.0
15.50563904, 415.0, 16.0, -904.0
15.524904704, 413.0, 15.0, -907.0
15.544170368, 406.0, 8.0, -907.0
15.563436032, 404.0, 9.0, -910.0
15.582701696, 407.0, 10.0, -908.0
15.60196736, 408.0, 13.0, -900.0
15.621232896, 415.0, 14.0, -904.0
15.64049856, 411.0, 16.0, -906.0
15.659764224, 414.0, 10.0, -904.0
15.679029888, 411.0, 15.0, -907.0
15.698295552, 411.0, 10.0, -907.0
15.717561216, 413.0, 14.0, -909.0
15.736826752, 420.0, 14.0, -909.0
15.756092416, 418.0, 13.0, -907.0
15.77535808, 410.0, 11.0, -908.0
15.794623744, 418.0, 11.0, -906.0
15.813889408, 414.0, 15.0, -903.0
15.833155072, 419.0, 18.0, -905.0
15.852420608, 414.0, 7.0, -908.0
15.871686272, 412.0, 16.0, -905.0
15.890951936, 415.0, 15.0, -906.0
15.9102176, 411.0, 5.0, -898.0
15.929483264, 410.0, 12.0, -909.0
15.948748928, 411.0, 9.0, -906.0
15.968014464, 405.0, 12.0, -909.0
15.987280128, 410.0, 14.0, -903.0
16.006545792, 411.0, 12.0, -903.0
16.025811456, 413.0, 14.0, -906.0
16.04507712, 414.0, 13.0, -911.0
16.064342784, 405.0, 12.0, -911.0
16.083608448, 416.0, 14.0, -909.0
16.102873984, 415.0, 12.0, -906.0
16.122139648, 416.0, 13.0, -905.0
16.141405312, 423.0, 15.0, -906.0
16.160670976, 413.0, 14.0, -908.0
16.17993664, 415.0, 14.0, -905.0
16.199202304, 419.0, 12.0, -904.0
16.21846784, 416.0, 14.0, -907.0
16.237733504, 417.0, 8.0, -907.0
16.256999168, 415.0, 12.0, -909.0
16.276264832, 411.0, 12.0, -905.0
16.295530496, 412.0, 14.0, -908.0
16.31479616, 414.0, 9.0, -906.0
16.334061696, 410.0, 7.0, -903.0
16.35332736, 412.0, 14.0, -904.0
16.372593024, 412.0, 17.0, -906.0
16.391858688, 412.0, 11.0, -908.0
16.411124352, 410.0, 7.0, -907.0
16.430390016, 409.0, 14.0, -909.0
16.449655552, 409.0, 10.0, -908.0
16.468921244, 411.0, 12.0, -910.0
16.488188416, 415.0, 9.0, -911.0
16.507455616, 414.0, 11.0, -907.0
16.526722944, 418.0, 9.0, -910.0
16.545990144, 412.0, 9.0, -904.0
16.565257344, 413.0, 12.0, -910.0
16.584524672, 411.0, 15.0, -910.0
16.603791872, 415.0, 14.0, -905.0
16.6230592, 418.0, 8.0, -909.0
16.6423264, 412.0, 3.0, -910.0
16.6615936, 408.0, 10.0, -910.0
16.680860928, 412.0, 11.0, -909.0
16.700128128, 413.0, 11.0, -907.0
16.719395328, 407.0, 11.0, -906.0
16.738662656, 409.0, 7.0, -909.0
16.757929856, 410.0, 9.0, -909.0
16.777197056, 410.0, 10.0, -905.0
16.796464384, 409.0, 12.0, -908.0
16.815731584, 403.0, 9.0, -908.0
16.834998784, 400.0, 8.0, -910.0
16.854266112, 410.0, 1.0, -909.0
16.873533312, 411.0, 5.0, -905.0
16.89280064, 411.0, 11.0, -908.0
16.91206784, 407.0, 8.0, -912.0
16.93133504, 413.0, 10.0, -904.0
16.950602368, 415.0, 8.0, -909.0
16.969869568, 408.0, 4.0, -908.0
16.989136768, 406.0, 7.0, -909.0
17.008404096, 413.0, 7.0, -907.0
17.027671296, 415.0, 7.0, -904.0
17.046938496, 416.0, 6.0, -907.0
17.066205824, 407.0, 5.0, -909.0
17.085473024, 408.0, 3.0, -905.0
17.104740224, 402.0, 4.0, -909.0
17.124007552, 404.0, 7.0, -912.0
17.143274752, 403.0, 7.0, -911.0
17.16254208, 401.0, 10.0, -907.0
17.18180928, 403.0, 11.0, -908.0
17.20107648, 408.0, 8.0, -905.0
17.220343808, 404.0, 8.0, -911.0
17.239611008, 408.0, 12.0, -909.0
17.258878208, 414.0, 9.0, -911.0
17.278145536, 406.0, 10.0, -908.0
17.297412736, 405.0, 4.0, -906.0
17.316679936, 411.0, 12.0, -907.0
17.335947264, 417.0, 10.0, -910.0
17.355214464, 416.0, 11.0, -907.0
17.374481664, 411.0, 13.0, -909.0
17.393748992, 414.0, 9.0, -904.0
17.413016192, 411.0, 7.0, -910.0
17.43228352, 407.0, 7.0, -910.0
17.45155072, 409.0, 10.0, -904.0
17.47081792, 409.0, 9.0, -909.0
17.490085248, 410.0, 15.0, -911.0
17.509352448, 411.0, 11.0, -908.0
17.528619648, 412.0, 8.0, -911.0
17.547886976, 402.0, 3.0, -910.0
17.567154176, 409.0, 10.0, -907.0
17.586421376, 408.0, 6.0, -909.0
17.605688704, 405.0, 10.0, -905.0
17.624955904, 409.0, 7.0, -907.0
17.644223232, 406.0, 9.0, -908.0
17.663490432, 405.0, 8.0, -908.0
17.682757632, 409.0, 6.0, -910.0
17.70202496, 411.0, 10.0, -904.0
17.72129216, 409.0, 11.0, -911.0
17.74055936, 413.0, 8.0, -910.0
17.759826688, 415.0, 12.0, -906.0
17.779093888, 416.0, 14.0, -908.0
17.798361088, 420.0, 13.0, -908.0
17.817628416, 417.0, 11.0, -910.0
17.836895616, 418.0, 10.0, -906.0
17.856162816, 413.0, 14.0, -904.0
17.875430144, 412.0, 13.0, -912.0
17.894697344, 412.0, 8.0, -907.0
17.913964672, 414.0, 16.0, -906.0
17.933231872, 413.0, 12.0, -909.0
17.952499072, 408.0, 10.0, -903.0
17.9717664, 407.0, 10.0, -907.0
17.9910336, 411.0, 8.0, -905.0
18.0103008, 407.0, 9.0, -907.0
18.029568128, 410.0, 8.0, -906.0
18.048835328, 407.0, 14.0, -907.0
18.068102528, 411.0, 11.0, -903.0
18.087369856, 410.0, 11.0, -911.0
18.106637056, 411.0, 12.0, -907.0
18.125904256, 416.0, 12.0, -908.0
18.145171584, 416.0, 13.0, -906.0
18.164438784, 418.0, 12.0, -908.0
18.183706112, 412.0, 13.0, -908.0
18.202973312, 417.0, 14.0, -904.0
18.222240512, 419.0, 10.0, -904.0
18.24150784, 417.0, 12.0, -909.0
18.26077504, 413.0, 14.0, -906.0
18.28004224, 412.0, 16.0, -910.0
18.299309568, 412.0, 10.0, -910.0
18.318576768, 409.0, 11.0, -904.0
18.337843968, 412.0, 10.0, -909.0
18.357111296, 409.0, 16.0, -907.0
18.376378496, 411.0, 10.0, -911.0
18.395645824, 409.0, 9.0, -908.0
18.414913024, 411.0, 7.0, -910.0
18.434180224, 404.0, 12.0, -907.0
18.453447552, 409.0, 13.0, -910.0
18.472714818, 414.0, 11.0, -908.0
18.49198272, 413.0, 12.0, -906.0
18.51125056, 414.0, 19.0, -906.0
18.530518528, 414.0, 14.0, -909.0
18.549786368, 414.0, 7.0, -906.0
18.569054336, 411.0, 7.0, -907.0
18.588322176, 419.0, 15.0, -905.0
18.607590016, 414.0, 9.0, -906.0
18.626857984, 418.0, 16.0, -908.0
18.646125824, 417.0, 8.0, -909.0
18.665393792, 420.0, 9.0, -903.0
18.684661632, 416.0, 13.0, -905.0
18.703929472, 413.0, 11.0, -909.0
18.72319744, 406.0, 10.0, -907.0
18.74246528, 405.0, 7.0, -911.0
18.761733248, 409.0, 10.0, -907.0
18.781001088, 408.0, 9.0, -909.0
18.800268928, 410.0, 10.0, -909.0
18.819536896, 402.0, 9.0, -908.0
18.838804736, 403.0, 11.0, -911.0
18.858072704, 405.0, 5.0, -911.0
18.877340544, 408.0, 7.0, -909.0
18.896608384, 406.0, 13.0, -908.0
18.915876352, 412.0, 12.0, -909.0
18.935144192, 412.0, 4.0, -911.0
18.95441216, 412.0, 10.0, -908.0
18.97368, 409.0, 10.0, -910.0
18.99294784, 410.0, 7.0, -907.0
19.012215808, 417.0, 8.0, -910.0
19.031483648, 412.0, 13.0, -907.0
19.050751616, 414.0, 8.0, -905.0
19.070019456, 412.0, 9.0, -903.0
19.089287296, 410.0, 4.0, -906.0
19.108555264, 405.0, 7.0, -910.0
19.127823104, 410.0, 7.0, -912.0
19.147091072, 406.0, 6.0, -905.0
19.166358912, 406.0, 10.0, -911.0
19.185626752, 404.0, 0.0, -913.0
19.20489472, 409.0, 7.0, -909.0
19.22416256, 405.0, 8.0, -908.0
19.243430528, 397.0, 5.0, -911.0
19.262698368, 401.0, 8.0, -909.0
19.281966208, 408.0, 6.0, -910.0
19.301234176, 404.0, 4.0, -912.0
19.320502016, 407.0, 8.0, -908.0
19.339769984, 408.0, 9.0, -907.0
19.359037824, 405.0, 7.0, -908.0
19.378305664, 410.0, 8.0, -907.0
19.397573632, 415.0, 6.0, -907.0
19.416841472, 414.0, 8.0, -911.0
19.43610944, 414.0, 8.0, -907.0
19.45537728, 408.0, 4.0, -908.0
19.47464512, 412.0, 8.0, -908.0
19.493913088, 406.0, 11.0, -909.0
19.513180928, 408.0, 9.0, -905.0
19.532448896, 408.0, 9.0, -907.0
19.551716736, 408.0, 9.0, -907.0
19.570984576, 406.0, 7.0, -915.0
19.590252544, 411.0, 7.0, -908.0
19.609520384, 405.0, 10.0, -912.0
19.628788352, 405.0, 11.0, -909.0
19.648056192, 406.0, 7.0, -906.0
19.66732416, 406.0, 10.0, -907.0
19.686592, 404.0, 9.0, -904.0
19.70585984, 409.0, 8.0, -906.0
19.725127808, 410.0, 11.0, -909.0
19.744395648, 414.0, 13.0, -907.0
19.763663616, 414.0, 15.0, -906.0
19.782931456, 409.0, 9.0, -911.0
19.802199296, 413.0, 8.0, -912.0
19.821467264, 411.0, 12.0, -908.0
19.840735104, 412.0, 10.0, -907.0
19.860003072, 413.0, 13.0, -907.0
19.879270912, 409.0, 10.0, -911.0
19.898538752, 413.0, 10.0, -907.0
19.91780672, 419.0, 10.0, -906.0
19.93707456, 413.0, 12.0, -909.0
19.956342528, 409.0, 10.0, -909.0
19.975610368, 408.0, 11.0, -910.0
19.994878208, 408.0, 10.0, -909.0
20.014146176, 407.0, 9.0, -911.0
20.033414016, 402.0, 12.0, -907.0
20.052681984, 409.0, 6.0, -907.0
20.071949824, 410.0, 13.0, -909.0
20.091217664, 409.0, 11.0, -908.0
20.110485632, 408.0, 12.0, -907.0
20.129753472, 410.0, 11.0, -908.0
20.14902144, 411.0, 10.0, -910.0
20.16828928, 413.0, 11.0, -906.0
20.18755712, 419.0, 7.0, -903.0
20.206825088, 417.0, 12.0, -904.0
20.226092928, 415.0, 12.0, -907.0
20.245360896, 414.0, 12.0, -909.0
20.264628736, 412.0, 14.0, -908.0
20.283896576, 411.0, 8.0, -909.0
20.303164544, 413.0, 6.0, -908.0
20.322432384, 415.0, 10.0, -909.0
20.341700352, 417.0, 14.0, -906.0
20.360968192, 407.0, 9.0, -906.0
20.380236032, 407.0, 8.0, -909.0
20.399504, 412.0, 8.0, -905.0
20.41877184, 411.0, 8.0, -906.0
20.438039808, 408.0, 12.0, -907.0
20.457307648, 412.0, 16.0, -904.0
20.476575526, 411.0, 16.0, -905.0
20.495843968, 412.0, 15.0, -908.0
20.515112448, 405.0, 15.0, -905.0
20.5343808, 407.0, 6.0, -910.0
20.55364928, 411.0, 11.0, -907.0
20.572917632, 421.0, 12.0, -909.0
20.592186112, 413.0, 12.0, -905.0
20.611454592, 419.0, 14.0, -904.0
20.630722944, 415.0, 16.0, -904.0
20.649991424, 416.0, 15.0, -903.0
20.669259776, 417.0, 14.0, -907.0
20.688528256, 411.0, 12.0, -905.0
20.707796736, 415.0, 12.0, -911.0
20.727065088, 418.0, 11.0, -907.0
20.746333568, 414.0, 9.0, -906.0
20.76560192, 419.0, 12.0, -905.0
20.7848704, 411.0, 10.0, -907.0
20.80413888, 407.0, 10.0, -908.0
20.823407232, 407.0, 10.0, -911.0
20.842675712, 405.0, 9.0, -905.0
20.861944064, 404.0, 10.0, -910.0
20.881212544, 409.0, 12.0, -907.0
20.900481024, 413.0, 9.0, -912.0
20.919749376, 409.0, 15.0, -905.0
20.939017856, 413.0, 12.0, -904.0
20.958286336, 418.0, 15.0, -903.0
20.977554688, 413.0, 9.0, -906.0
20.996823168, 417.0, 9.0, -905.0
21.01609152, 408.0, 9.0, -911.0
21.03536, 411.0, 10.0, -911.0
21.05462848, 416.0, 14.0, -904.0
21.073896832, 423.0, 13.0, -906.0
21.093165312, 418.0, 14.0, -906.0
21.112433664, 416.0, 12.0, -909.0
21.131702144, 409.0, 14.0, -905.0
21.150970624, 408.0, 8.0, -911.0
21.170238976, 402.0, 10.0, -909.0
21.189507456, 406.0, 5.0, -911.0
21.208775808, 415.0, 5.0, -907.0
21.228044288, 405.0, 8.0, -908.0
21.247312768, 404.0, 11.0, -909.0
21.26658112, 409.0, 8.0, -907.0
21.2858496, 412.0, 4.0, -908.0
21.305117952, 403.0, 6.0, -909.0
21.324386432, 399.0, 7.0, -906.0
21.343654912, 408.0, 9.0, -908.0
21.362923264, 413.0, 9.0, -909.0
21.382191744, 413.0, 8.0, -911.0
21.401460096, 412.0, 13.0, -909.0
21.420728576, 413.0, 10.0, -908.0
21.439997056, 415.0, 9.0, -910.0
21.459265408, 405.0, 5.0, -908.0
21.478533888, 408.0, 6.0, -909.0
21.49780224, 413.0, 7.0, -908.0
21.51707072, 408.0, 11.0, -907.0
21.5363392, 412.0, 15.0, -905.0
21.555607552, 416.0, 8.0, -904.0
21.574876032, 411.0, 8.0, -907.0
21.594144384, 403.0, 5.0, -911.0
21.613412864, 406.0, 5.0, -906.0
21.632681344, 399.0, 4.0, -909.0
21.651949696, 400.0, 6.0, -910.0
21.671218176, 401.0, 5.0, -909.0
21.690486528, 405.0, 8.0, -904.0
21.709755008, 409.0, 7.0, -911.0
21.729023488, 411.0, 8.0, -909.0
21.74829184, 400.0, 7.0, -910.0
21.76756032, 406.0, 7.0, -912.0
21.7868288, 405.0, 10.0, -910.0
21.806097152, 404.0, 6.0, -910.0
21.825365632, 404.0, 6.0, -908.0
21.844633984, 411.0, 15.0, -910.0
21.863902464, 415.0, 10.0, -908.0
21.883170944, 410.0, 9.0, -907.0
21.902439296, 408.0, 7.0, -911.0
21.921707776, 407.0, 10.0, -908.0
21.940976128, 408.0, 11.0, -909.0
21.960244608, 416.0, 12.0, -910.0
21.979513088, 410.0, 5.0, -910.0
21.99878144, 408.0, 6.0, -911.0
22.01804992, 410.0, 8.0, -907.0
22.037318272, 409.0, 9.0, -907.0
22.056586752, 404.0, 11.0, -910.0
22.075855232, 404.0, 7.0, -907.0
22.095123584, 404.0, 3.0, -913.0
22.114392064, 411.0, 7.0, -906.0
22.133660416, 407.0, 10.0, -906.0
22.152928896, 405.0, 8.0, -911.0
22.172197376, 406.0, 7.0, -907.0
22.191465728, 413.0, 3.0, -908.0
22.210734208, 409.0, 9.0, -908.0
22.23000256, 412.0, 10.0, -911.0
22.24927104, 409.0, 15.0, -907.0
22.26853952, 415.0, 13.0, -903.0
22.287807872, 416.0, 10.0, -905.0
22.307076352, 409.0, 9.0, -909.0
22.32634475, 415.0, 11.0, -910.0
22.345611008, 415.0, 16.0, -909.0
22.364877312, 412.0, 10.0, -908.0
22.384143616, 409.0, 12.0, -912.0
22.403409792, 405.0, 15.0, -903.0
22.422676096, 411.0, 9.0, -909.0
22.4419424, 413.0, 11.0, -907.0
22.461208704, 406.0, 12.0, -908.0
22.480475008, 407.0, 13.0, -908.0
22.499741312, 407.0, 9.0, -908.0
22.519007488, 409.0, 13.0, -906.0
22.538273792, 409.0, 12.0, -910.0
22.557540096, 412.0, 11.0, -908.0
22.5768064, 413.0, 10.0, -909.0
22.596072704, 404.0, 8.0, -908.0
22.61533888, 408.0, 15.0, -909.0
22.634605184, 415.0, 8.0, -909.0
22.653871488, 414.0, 15.0, -904.0
22.673137792, 415.0, 5.0, -912.0
22.692404096, 415.0, 12.0, -904.0
22.7116704, 415.0, 15.0, -907.0
22.730936576, 415.0, 12.0, -908.0
22.75020288, 413.0, 6.0, -907.0
22.769469184, 414.0, 9.0, -903.0
22.788735488, 415.0, 9.0, -906.0
22.808001792, 409.0, 12.0, -910.0
22.827267968, 412.0, 11.0, -909.0
22.846534272, 410.0, 10.0, -907.0
22.865800576, 410.0, 7.0, -906.0
22.88506688, 406.0, 8.0, -906.0
22.904333184, 409.0, 9.0, -905.0
22.923599488, 409.0, 13.0, -909.0
22.942865664, 403.0, 11.0, -909.0
22.962131968, 409.0, 11.0, -911.0
22.981398272, 405.0, 9.0, -905.0
23.000664576, 417.0, 12.0, -906.0
23.01993088, 417.0, 10.0, -906.0
23.039197056, 409.0, 14.0, -905.0
23.05846336, 412.0, 9.0, -911.0
23.077729664, 416.0, 10.0, -906.0
23.096995968, 422.0, 9.0, -908.0
23.116262272, 414.0, 12.0, -907.0
23.135528576, 415.0, 13.0, -915.0
23.154794752, 418.0, 16.0, -906.0
23.174061056, 411.0, 17.0, -907.0
23.19332736, 412.0, 11.0, -908.0
23.212593664, 413.0, 11.0, -903.0
23.231859968, 409.0, 11.0, -907.0
23.251126144, 409.0, 8.0, -909.0
23.270392448, 413.0, 11.0, -904.0
23.289658752, 413.0, 11.0, -903.0
23.308925056, 408.0, 11.0, -906.0
23.32819136, 408.0, 13.0, -903.0
23.347457664, 413.0, 14.0, -908.0
23.36672384, 413.0, 16.0, -905.0
23.385990144, 412.0, 12.0, -905.0
23.405256448, 411.0, 12.0, -910.0
23.424522752, 412.0, 13.0, -905.0
23.443789056, 424.0, 18.0, -906.0
23.463055232, 424.0, 16.0, -902.0
23.482321536, 413.0, 15.0, -905.0
23.50158784, 413.0, 10.0, -906.0
23.520854144, 411.0, 11.0, -907.0
23.540120448, 414.0, 11.0, -906.0
23.559386752, 410.0, 9.0, -909.0
23.578652928, 415.0, 9.0, -905.0
23.597919232, 410.0, 15.0, -910.0
23.617185536, 416.0, 15.0, -904.0
23.63645184, 410.0, 8.0, -909.0
23.655718144, 406.0, 7.0, -907.0
23.67498432, 400.0, 4.0, -913.0
23.694250624, 399.0, 9.0, -908.0
23.713516928, 409.0, 12.0, -910.0
23.732783232, 408.0, 10.0, -910.0
23.752049536, 403.0, 11.0, -911.0
23.77131584, 401.0, 7.0, -912.0
23.790582016, 417.0, 11.0, -907.0
23.80984832, 412.0, 7.0, -907.0
23.829114624, 404.0, 3.0, -908.0
23.848380928, 401.0, 15.0, -910.0
23.867647232, 409.0, 8.0, -907.0
23.886913408, 416.0, 10.0, -912.0
23.906179712, 411.0, 7.0, -909.0
23.925446016, 407.0, 8.0, -908.0
23.94471232, 404.0, 11.0, -906.0
23.963978624, 413.0, 7.0, -910.0
23.983244928, 404.0, 5.0, -909.0
24.002511104, 405.0, 9.0, -911.0
24.021777408, 404.0, 6.0, -902.0
24.041043712, 403.0, 6.0, -909.0
24.060310016, 398.0, 4.0, -912.0
24.07957632, 403.0, 8.0, -910.0
24.098842496, 407.0, 9.0, -907.0
24.1181088, 404.0, 5.0, -913.0
24.137375104, 399.0, 7.0, -908.0
24.156641408, 397.0, 2.0, -909.0
24.175907712, 402.0, 7.0, -909.0
24.195173985, 409.0, 3.0, -909.0
24.2144416, 403.0, 9.0, -910.0
24.233709184, 403.0, 10.0, -909.0
24.25297664, 408.0, 8.0, -912.0
24.272244224, 405.0, 4.0, -912.0
24.291511808, 403.0, 9.0, -910.0
24.310779264, 406.0, 8.0, -911.0
24.330046848, 409.0, 9.0, -909.0
24.349314432, 411.0, 7.0, -910.0
24.368581888, 413.0, 9.0, -909.0
24.387849472, 407.0, 8.0, -908.0
24.407117056, 403.0, 4.0, -910.0
24.426384512, 403.0, 7.0, -909.0
24.445652096, 409.0, 7.0, -907.0
24.464919552, 406.0, 7.0, -909.0
24.484187136, 400.0, 2.0, -908.0
24.50345472, 400.0, 7.0, -909.0
24.522722176, 401.0, 8.0, -911.0
24.54198976, 402.0, 9.0, -909.0
24.561257344, 407.0, 13.0, -910.0
24.5805248, 404.0, 10.0, -909.0
24.599792384, 403.0, 12.0, -907.0
24.619059968, 407.0, 4.0, -912.0
24.638327424, 403.0, 10.0, -910.0
24.657595008, 406.0, 11.0, -911.0
24.676862592, 415.0, 10.0, -908.0
24.696130048, 411.0, 9.0, -912.0
24.715397632, 413.0, 8.0, -908.0
24.734665216, 414.0, 14.0, -905.0
24.753932672, 412.0, 7.0, -914.0
24.773200256, 406.0, 10.0, -907.0
24.79246784, 411.0, 7.0, -911.0
24.811735296, 411.0, 10.0, -910.0
24.83100288, 409.0, 10.0, -908.0
24.850270336, 406.0, 7.0, -907.0
24.86953792, 406.0, 7.0, -911.0
24.888805504, 406.0, 9.0, -910.0
24.90807296, 408.0, 7.0, -913.0
24.927340544, 406.0, 9.0, -908.0
24.946608128, 404.0, 10.0, -906.0
24.965875584, 404.0, 14.0, -907.0
24.985143168, 407.0, 8.0, -909.0
25.004410752, 408.0, 7.0, -909.0
25.023678208, 409.0, 13.0, -908.0
25.042945792, 409.0, 12.0, -911.0
25.062213376, 410.0, 8.0, -908.0
25.081480832, 408.0, 12.0, -908.0
25.100748416, 410.0, 16.0, -903.0
25.120016, 415.0, 8.0, -911.0
25.139283456, 414.0, 10.0, -907.0
25.15855104, 411.0, 11.0, -906.0
25.177818624, 411.0, 8.0, -909.0
25.19708608, 414.0, 14.0, -907.0
25.216353664, 410.0, 7.0, -908.0
25.23562112, 411.0, 9.0, -904.0
25.254888704, 409.0, 14.0, -908.0
25.274156288, 407.0, 9.0, -912.0
25.293423744, 403.0, 8.0, -907.0
25.312691328, 410.0, 8.0, -910.0
25.331958912, 410.0, 13.0, -910.0
25.351226368, 400.0, 7.0, -906.0
25.370493952, 401.0, 10.0, -908.0
25.389761536, 405.0, 11.0, -912.0
25.409028992, 409.0, 8.0, -907.0
25.428296576, 412.0, 13.0, -910.0
25.44756416, 410.0, 14.0, -910.0
25.466831616, 413.0, 12.0, -907.0
25.4860992, 411.0, 15.0, -906.0
25.505366784, 412.0, 14.0, -908.0
25.52463424, 413.0, 10.0, -902.0
25.543901824, 416.0, 12.0, -909.0
25.563169408, 416.0, 12.0, -911.0
25.582436864, 413.0, 10.0, -909.0
25.601704448, 413.0, 11.0, -909.0
25.620972032, 412.0, 14.0, -907.0
25.640239488, 403.0, 7.0, -910.0
25.659507072, 406.0, 7.0, -911.0
25.678774528, 409.0, 11.0, -908.0
25.698042112, 411.0, 11.0, -908.0
25.717309696, 406.0, 17.0, -910.0
25.736577152, 406.0, 9.0, -907.0
25.755844736, 411.0, 8.0, -906.0
25.77511232, 403.0, 9.0, -908.0
25.794379776, 403.0, 7.0, -914.0
25.81364736, 404.0, 3.0, -907.0
25.832914944, 403.0, 13.0, -907.0
25.8521824, 408.0, 12.0, -910.0
25.871449984, 410.0, 10.0, -908.0
25.890717568, 415.0, 14.0, -907.0
25.909985024, 413.0, 7.0, -908.0
25.929252608, 407.0, 11.0, -907.0
25.948520192, 411.0, 10.0, -908.0
25.967787648, 414.0, 9.0, -911.0
25.987055232, 416.0, 6.0, -906.0
26.006322816, 413.0, 11.0, -902.0
26.025590272, 413.0, 5.0, -911.0
26.044857856, 419.0, 13.0, -907.0
26.064125312, 416.0, 7.0, -910.0
26.083392896, 426.0, 11.0, -905.0
26.102660376, 430.0, 7.0, -913.0
26.121927424, 418.0, 1.0, -905.0
26.141194496, 407.0, 14.0, -909.0
26.160461696, 418.0, 11.0, -910.0
26.179728768, 423.0, 3.0, -910.0
26.19899584, 408.0, -10.0, -921.0
26.218262912, 406.0, -14.0, -918.0
26.237530112, 417.0, 13.0, -894.0
26.256797184, 398.0, 5.0, -916.0
26.276064256, 360.0, -5.0, -931.0
26.295331456, 335.0, -26.0, -939.0
26.314598528, 321.0, -13.0, -921.0
26.3338656, 368.0, 25.0, -897.0
26.3531328, 412.0, 44.0, -931.0
26.372399872, 372.0, 29.0, -946.0
26.391666944, 413.0, 25.0, -884.0
26.410934016, 315.0, -25.0, -931.0
26.430201216, 291.0, -19.0, -923.0
26.449468288, 335.0, 40.0, -925.0
26.46873536, 349.0, -2.0, -933.0
26.48800256, 347.0, -35.0, -958.0
26.507269632, 320.0, -36.0, -958.0
26.526536704, 293.0, -32.0, -946.0
26.545803776, 297.0, -22.0, -943.0
26.565070976, 317.0, -39.0, -945.0
26.584338048, 337.0, -43.0, -949.0
26.60360512, 343.0, -13.0, -943.0
26.62287232, 328.0, 4.0, -935.0
26.642139392, 302.0, -3.0, -942.0
26.661406464, 311.0, -16.0, -946.0
26.680673536, 350.0, -3.0, -939.0
26.699940736, 331.0, 24.0, -935.0
26.719207808, 335.0, 7.0, -938.0
26.73847488, 289.0, 13.0, -952.0
26.75774208, 286.0, 1.0, -933.0
26.777009152, 327.0, 1.0, -946.0
26.796276224, 341.0, 0.0, -950.0
26.815543424, 336.0, 5.0, -940.0
26.834810496, 323.0, 9.0, -926.0
26.854077568, 330.0, 10.0, -940.0
26.87334464, 310.0, 10.0, -960.0
26.89261184, 312.0, -1.0, -931.0
26.911878912, 352.0, 24.0, -950.0
26.931145984, 352.0, 38.0, -925.0
26.950413184, 351.0, 34.0, -900.0
26.969680256, 341.0, 27.0, -940.0
26.988947328, 315.0, 28.0, -934.0
27.0082144, 348.0, 27.0, -879.0
27.0274816, 426.0, 93.0, -918.0
27.046748672, 477.0, 118.0, -908.0
27.066015744, 458.0, 81.0, -896.0
27.085282944, 421.0, 64.0, -919.0
27.104550016, 329.0, 75.0, -916.0
27.123817088, 271.0, 62.0, -924.0
27.143084288, 290.0, 32.0, -947.0
27.16235136, 323.0, 44.0, -913.0
27.181618432, 359.0, 68.0, -921.0
27.200885504, 296.0, 66.0, -932.0
27.220152704, 254.0, 57.0, -931.0
27.239419776, 325.0, 52.0, -897.0
27.258686848, 435.0, 75.0, -913.0
27.277954048, 467.0, 85.0, -920.0
27.29722112, 476.0, 105.0, -872.0
27.316488192, 483.0, 129.0, -896.0
27.335755264, 563.0, 133.0, -891.0
27.355022464, 583.0, 139.0, -849.0
27.374289536, 569.0, 148.0, -831.0
27.393556608, 609.0, 132.0, -831.0
27.412823808, 643.0, 149.0, -864.0
27.43209088, 596.0, 116.0, -852.0
27.451357952, 536.0, 130.0, -868.0
27.470625151, 496.0, 107.0, -892.0
27.489892736, 507.0, 117.0, -896.0
27.50916032, 515.0, 84.0, -867.0
27.528427776, 542.0, 128.0, -858.0
27.54769536, 553.0, 191.0, -834.0
27.566962944, 580.0, 210.0, -812.0
27.5862304, 560.0, 249.0, -805.0
27.605497984, 494.0, 272.0, -767.0
27.624765568, 478.0, 299.0, -755.0
27.644033024, 560.0, 315.0, -698.0
27.663300608, 571.0, 343.0, -664.0
27.682568192, 595.0, 312.0, -664.0
27.701835648, 646.0, 260.0, -649.0
27.721103232, 716.0, 198.0, -662.0
27.740370688, 779.0, 178.0, -637.0
27.759638272, 789.0, 176.0, -626.0
27.778905856, 788.0, 140.0, -610.0
27.798173312, 753.0, 58.0, -567.0
27.817440896, 782.0, -4.0, -548.0
27.83670848, 844.0, -126.0, -632.0
27.855975936, 843.0, -208.0, -593.0
27.87524352, 788.0, -259.0, -604.0
27.894511104, 801.0, -278.0, -585.0
27.91377856, 781.0, -297.0, -617.0
27.933046144, 752.0, -308.0, -623.0
27.952313728, 737.0, -276.0, -647.0
27.971581184, 701.0, -241.0, -711.0
27.990848768, 624.0, -183.0, -757.0
28.010116352, 569.0, -156.0, -768.0
28.029383808, 614.0, -134.0, -770.0
28.048651392, 637.0, -132.0, -776.0
28.067918976, 661.0, -116.0, -769.0
28.087186432, 673.0, -94.0, -755.0
28.106454016, 696.0, -93.0, -757.0
28.125721472, 671.0, -97.0, -759.0
28.144989056, 628.0, -101.0, -765.0
28.16425664, 582.0, -113.0, -777.0
28.183524096, 585.0, -114.0, -781.0
28.20279168, 613.0, -149.0, -791.0
28.222059264, 612.0, -136.0, -801.0
28.24132672, 571.0, -96.0, -793.0
28.260594304, 599.0, -100.0, -725.0
28.279861888, 659.0, -136.0, -760.0
28.299129344, 624.0, -98.0, -755.0
28.318396928, 577.0, -89.0, -736.0
28.337664512, 681.0, -93.0, -728.0
28.356931968, 675.0, -95.0, -748.0
28.376199552, 672.0, -74.0, -763.0
28.395467136, 644.0, -113.0, -774.0
28.414734592, 697.0, -116.0, -799.0
28.434002176, 682.0, -135.0, -791.0
28.45326976, 605.0, -103.0, -796.0
28.472537216, 575.0, -56.0, -773.0
28.4918048, 703.0, 66.0, -739.0
28.511072256, 653.0, 38.0, -711.0
28.53033984, 722.0, 48.0, -729.0
28.549607424, 707.0, 43.0, -724.0
28.56887488, 653.0, 57.0, -666.0
28.588142464, 634.0, 68.0, -645.0
28.607410048, 598.0, 45.0, -674.0
28.626677504, 599.0, 10.0, -674.0
28.645945088, 638.0, -7.0, -669.0
28.665212672, 626.0, -35.0, -655.0
28.684480126, 651.0, -34.0, -673.0
28.70374784, 675.0, -37.0, -713.0
28.723015552, 690.0, -33.0, -735.0
28.742283264, 669.0, -29.0, -751.0
28.761550848, 671.0, -34.0, -758.0
28.78081856, 682.0, -22.0, -749.0
28.800086272, 685.0, -38.0, -746.0
28.819353984, 709.0, -69.0, -754.0
28.838621696, 754.0, -87.0, -747.0
28.85788928, 873.0, -129.0, -773.0
28.877156992, 683.0, -110.0, -774.0
28.896424704, 539.0, -90.0, -724.0
28.915692416, 611.0, -132.0, -771.0
28.93496, 622.0, -94.0, -777.0
28.954227712, 634.0, -53.0, -742.0
28.973495424, 627.0, -67.0, -756.0
28.992763136, 620.0, -65.0, -773.0
29.012030848, 608.0, -68.0, -749.0
29.031298432, 625.0, -79.0, -768.0
29.050566144, 628.0, -78.0, -762.0
29.069833856, 634.0, -85.0, -760.0
29.089101568, 642.0, -82.0, -757.0
29.10836928, 645.0, -77.0, -750.0
29.127636864, 648.0, -71.0, -754.0
29.146904576, 644.0, -75.0, -749.0
29.166172288, 628.0, -76.0, -762.0
29.18544, 630.0, -75.0, -754.0
29.204707584, 629.0, -74.0, -760.0
29.223975296, 640.0, -81.0, -767.0
29.243243008, 640.0, -76.0, -754.0
29.26251072, 641.0, -72.0, -747.0
29.281778432, 648.0, -71.0, -758.0
29.301046016, 650.0, -78.0, -749.0
29.320313728, 633.0, -77.0, -756.0
29.33958144, 630.0, -80.0, -760.0
29.358849152, 633.0, -79.0, -762.0
29.378116864, 620.0, -83.0, -765.0
29.397384448, 615.0, -76.0, -747.0
29.41665216, 663.0, -68.0, -752.0
29.435919872, 654.0, -74.0, -760.0
29.455187584, 606.0, -82.0, -755.0
29.474455168, 625.0, -85.0, -765.0
29.49372288, 650.0, -85.0, -750.0
29.512990592, 654.0, -80.0, -748.0
29.532258304, 647.0, -88.0, -764.0
29.551526016, 626.0, -90.0, -761.0
29.5707936, 617.0, -80.0, -765.0
29.590061312, 645.0, -75.0, -776.0
29.609329024, 684.0, -91.0, -726.0
29.628596736, 629.0, -37.0, -725.0
29.647864448, 679.0, -98.0, -737.0
29.667132032, 698.0, -86.0, -727.0
29.686399744, 638.0, -95.0, -764.0
29.705667456, 603.0, -108.0, -783.0
29.724935168, 612.0, -137.0, -765.0
29.744202752, 628.0, -89.0, -763.0
29.763470464, 640.0, -67.0, -770.0
29.782738176, 632.0, -69.0, -745.0
29.802005888, 574.0, -70.0, -785.0
29.8212736, 574.0, -47.0, -780.0
29.840541184, 623.0, -39.0, -744.0
29.859808896, 667.0, -69.0, -743.0
29.879076608, 661.0, -124.0, -755.0
29.898344259, 641.0, -116.0, -750.0
29.9176096, 640.0, -81.0, -753.0
29.93687488, 634.0, -86.0, -777.0
29.95614016, 596.0, -87.0, -771.0
29.97540544, 582.0, -77.0, -771.0
29.99467072, 637.0, -75.0, -779.0
30.013936128, 648.0, -94.0, -768.0
30.033201408, 627.0, -72.0, -747.0
30.052466688, 645.0, -107.0, -745.0
30.071731968, 667.0, -103.0, -731.0
30.090997248, 637.0, -117.0, -779.0
30.110262528, 598.0, -103.0, -772.0
30.129527808, 608.0, -106.0, -758.0
30.148793088, 623.0, -35.0, -751.0
30.168058368, 663.0, -92.0, -745.0
30.187323648, 652.0, -104.0, -753.0
30.206589056, 625.0, -117.0, -759.0
30.225854336, 609.0, -95.0, -743.0
30.245119616, 616.0, -95.0, -772.0
30.264384896, 621.0, -107.0, -773.0
30.283650176, 616.0, -85.0, -750.0
30.302915456, 629.0, -95.0, -765.0
30.322180736, 632.0, -89.0, -766.0
30.341446016, 620.0, -92.0, -767.0
30.360711296, 623.0, -91.0, -766.0
30.379976576, 627.0, -80.0, -765.0
30.399241984, 626.0, -75.0, -769.0
30.418507264, 625.0, -87.0, -765.0
30.437772544, 626.0, -95.0, -771.0
30.457037824, 617.0, -92.0, -766.0
30.476303104, 616.0, -87.0, -768.0
30.495568384, 624.0, -87.0, -772.0
30.514833664, 606.0, -84.0, -785.0
30.534098944, 590.0, -93.0, -764.0
30.553364224, 620.0, -92.0, -769.0
30.572629504, 625.0, -90.0, -772.0
30.591894912, 615.0, -91.0, -773.0
30.611160192, 620.0, -90.0, -760.0
30.630425472, 634.0, -88.0, -765.0
30.649690752, 629.0, -84.0, -771.0
30.668956032, 615.0, -87.0, -770.0
30.688221312, 615.0, -79.0, -769.0
30.707486592, 603.0, -76.0, -780.0
30.726751872, 606.0, -74.0, -772.0
30.746017152, 638.0, -95.0, -759.0
30.765282432, 628.0, -66.0, -759.0
30.78454784, 645.0, -88.0, -756.0
30.80381312, 673.0, -97.0, -769.0
30.8230784, 608.0, -83.0, -774.0
30.84234368, 600.0, -61.0, -782.0
30.86160896, 660.0, -83.0, -750.0
30.88087424, 629.0, -57.0, -759.0
30.90013952, 614.0, -106.0, -798.0
30.9194048, 618.0, -85.0, -749.0
30.93867008, 672.0, -98.0, -743.0
30.95793536, 660.0, -119.0, -768.0
30.977200768, 647.0, -125.0, -733.0
30.996466048, 609.0, -53.0, -762.0
31.015731328, 606.0, -98.0, -770.0
31.034996608, 639.0, -71.0, -760.0
31.054261888, 610.0, -95.0, -754.0
31.073527168, 635.0, -84.0, -745.0
31.092792448, 643.0, -59.0, -772.0
31.112057728, 668.0, -95.0, -748.0
31.131323008, 643.0, -96.0, -761.0
31.150588288, 597.0, -89.0, -754.0
31.169853696, 613.0, -83.0, -760.0
31.189118976, 643.0, -106.0, -758.0
31.208384256, 662.0, -95.0, -757.0
31.227649536, 666.0, -80.0, -737.0
31.246914816, 655.0, -85.0, -731.0
31.266180096, 643.0, -95.0, -772.0
31.285445343, 599.0, -97.0, -799.0
31.304712064, 576.0, -85.0, -773.0
31.323978752, 673.0, -81.0, -745.0
31.34324544, 683.0, -94.0, -746.0
31.362512128, 638.0, -92.0, -730.0
31.381778816, 655.0, -93.0, -736.0
31.401045504, 676.0, -150.0, -738.0
31.420312192, 605.0, -134.0, -764.0
31.43957888, 577.0, -136.0, -754.0
31.45884544, 632.0, -71.0, -744.0
31.478112128, 721.0, -67.0, -695.0
31.497378816, 733.0, -118.0, -754.0
31.516645504, 619.0, -93.0, -774.0
31.535912192, 543.0, -110.0, -790.0
31.55517888, 548.0, -58.0, -778.0
31.574445568, 641.0, -92.0, -755.0
31.593712256, 662.0, -116.0, -736.0
31.612978944, 681.0, -87.0, -736.0
31.632245632, 680.0, -99.0, -730.0
31.65151232, 672.0, -79.0, -737.0
31.670779008, 656.0, -92.0, -767.0
31.690045696, 598.0, -88.0, -779.0
31.709312384, 578.0, -79.0, -771.0
31.728579072, 628.0, -87.0, -763.0
31.747845632, 654.0, -94.0, -762.0
31.76711232, 623.0, -105.0, -781.0
31.786379008, 597.0, -95.0, -754.0
31.805645696, 620.0, -86.0, -771.0
31.824912384, 616.0, -95.0, -790.0
31.844179072, 605.0, -101.0, -790.0
31.86344576, 591.0, -102.0, -776.0
31.882712448, 591.0, -89.0, -743.0
31.901979136, 686.0, -64.0, -795.0
31.921245824, 594.0, -57.0, -764.0
31.940512512, 595.0, -88.0, -727.0
31.9597792, 660.0, -110.0, -757.0
31.979045888, 662.0, -95.0, -752.0
31.998312576, 658.0, -91.0, -793.0
32.017579264, 641.0, -83.0, -762.0
32.036845952, 583.0, -86.0, -800.0
32.056112512, 569.0, -96.0, -771.0
32.0753792, 621.0, -103.0, -765.0
32.094645888, 683.0, -97.0, -744.0
32.113912576, 702.0, -92.0, -735.0
32.133179264, 682.0, -128.0, -728.0
32.152445952, 629.0, -83.0, -765.0
32.17171264, 576.0, -112.0, -800.0
32.190979328, 546.0, -117.0, -802.0
32.210246016, 564.0, -104.0, -788.0
32.229512704, 585.0, -90.0, -823.0
32.248779392, 646.0, -75.0, -800.0
32.26804608, 617.0, -70.0, -776.0
32.287312768, 554.0, -59.0, -758.0
32.306579456, 535.0, -43.0, -769.0
32.325846144, 630.0, -119.0, -760.0
32.345112704, 642.0, -138.0, -765.0
32.364379392, 600.0, -119.0, -797.0
32.38364608, 572.0, -86.0, -791.0
32.402912768, 573.0, -70.0, -796.0
32.422179456, 600.0, -76.0, -791.0
32.441446144, 602.0, -77.0, -802.0
32.460712832, 575.0, -75.0, -808.0
32.47997952, 579.0, -83.0, -801.0
32.499246208, 582.0, -87.0, -799.0
32.518512896, 578.0, -91.0, -801.0
32.537779584, 576.0, -97.0, -803.0
32.557046272, 568.0, -101.0, -801.0
32.57631296, 579.0, -107.0, -801.0
32.595579648, 581.0, -98.0, -804.0
32.614846336, 581.0, -100.0, -798.0
32.634112896, 571.0, -98.0, -806.0
32.653379594, 569.0, -99.0, -806.0
32.672646272, 565.0, -104.0, -802.0
32.69191296, 568.0, -102.0, -808.0
32.711179776, 567.0, -94.0, -796.0
32.730446464, 569.0, -92.0, -803.0
32.74971328, 573.0, -90.0, -805.0
32.768979968, 570.0, -88.0, -808.0
32.788246784, 570.0, -93.0, -803.0
32.807513472, 565.0, -87.0, -809.0
32.826780288, 564.0, -92.0, -806.0
32.846046976, 565.0, -88.0, -813.0
32.865313792, 566.0, -87.0, -810.0
32.88458048, 577.0, -90.0, -799.0
32.903847168, 580.0, -81.0, -801.0
32.923113984, 574.0, -84.0, -810.0
32.942380672, 560.0, -91.0, -815.0
32.961647488, 559.0, -94.0, -811.0
32.980914176, 576.0, -88.0, -811.0
33.000180992, 573.0, -88.0, -810.0
33.01944768, 565.0, -86.0, -804.0
33.038714496, 568.0, -93.0, -808.0
33.057981184, 570.0, -90.0, -807.0
33.077248, 567.0, -89.0, -809.0
33.096514688, 563.0, -89.0, -806.0
33.115781504, 556.0, -93.0, -808.0
33.135048192, 562.0, -94.0, -810.0
33.15431488, 557.0, -98.0, -809.0
33.173581696, 561.0, -88.0, -804.0
33.192848384, 564.0, -90.0, -810.0
33.2121152, 561.0, -90.0, -811.0
33.231381888, 559.0, -87.0, -811.0
33.250648704, 564.0, -91.0, -815.0
33.269915392, 565.0, -92.0, -809.0
33.289182208, 573.0, -80.0, -806.0
33.308448896, 572.0, -84.0, -806.0
33.327715712, 568.0, -86.0, -811.0
33.3469824, 568.0, -90.0, -810.0
33.366249088, 564.0, -94.0, -808.0
33.385515904, 569.0, -95.0, -807.0
33.404782592, 563.0, -95.0, -807.0
33.424049408, 564.0, -99.0, -816.0
33.443316096, 568.0, -99.0, -816.0
33.462582912, 554.0, -93.0, -817.0
33.4818496, 543.0, -96.0, -820.0
33.501116416, 560.0, -97.0, -823.0
33.520383104, 593.0, -103.0, -824.0
33.53964992, 610.0, -100.0, -837.0
33.558916608, 565.0, -110.0, -848.0
33.578183424, 545.0, -104.0, -844.0
33.597450112, 528.0, -95.0, -852.0
33.6167168, 565.0, -84.0, -829.0
33.635983616, 584.0, -89.0, -812.0
33.655250304, 586.0, -79.0, -809.0
33.67451712, 602.0, -61.0, -795.0
33.693783808, 621.0, -41.0, -816.0
33.713050624, 614.0, -63.0, -816.0
33.732317312, 631.0, -66.0, -787.0
33.751584128, 730.0, -49.0, -775.0
33.770850816, 665.0, -1.0, -814.0
33.790117632, 695.0, 6.0, -839.0
33.80938432, 680.0, 39.0, -782.0
33.828651008, 647.0, 68.0, -750.0
33.847917824, 580.0, 129.0, -711.0
33.867184512, 618.0, 194.0, -618.0
33.886451328, 617.0, 189.0, -633.0
33.905718016, 636.0, 214.0, -643.0
33.924984832, 719.0, 269.0, -652.0
33.94425152, 713.0, 347.0, -517.0
33.963518336, 627.0, 327.0, -608.0
33.982785024, 606.0, 301.0, -754.0
34.00205184, 591.0, 338.0, -638.0
34.021318528, 714.0, 385.0, -612.0
34.040585344, 794.0, 371.0, -587.0
34.059852032, 688.0, 342.0, -609.0
34.07911872, 663.0, 346.0, -671.0
34.098385536, 693.0, 342.0, -633.0
34.117652224, 854.0, 285.0, -642.0
34.136919085, 627.0, 305.0, -688.0
34.156184832, 633.0, 386.0, -673.0
34.175450624, 690.0, 383.0, -652.0
34.194716416, 692.0, 370.0, -654.0
34.213982336, 773.0, 368.0, -582.0
34.233248128, 724.0, 434.0, -606.0
34.25251392, 789.0, 415.0, -665.0
34.271779712, 677.0, 311.0, -678.0
34.291045504, 621.0, 366.0, -630.0
34.310311424, 611.0, 391.0, -614.0
34.329577216, 632.0, 389.0, -601.0
34.348843008, 597.0, 322.0, -664.0
34.3681088, 685.0, 297.0, -663.0
34.387374592, 779.0, 261.0, -712.0
34.406640384, 742.0, 253.0, -693.0
34.425906304, 667.0, 308.0, -666.0
34.445172096, 575.0, 337.0, -707.0
34.464437888, 521.0, 288.0, -732.0
34.48370368, 595.0, 221.0, -720.0
34.502969472, 689.0, 241.0, -730.0
34.522235392, 656.0, 249.0, -733.0
34.541501184, 597.0, 250.0, -775.0
34.560766976, 573.0, 246.0, -733.0
34.580032768, 673.0, 209.0, -742.0
34.59929856, 776.0, 212.0, -801.0
34.61856448, 665.0, 264.0, -718.0
34.637830272, 490.0, 284.0, -630.0
34.657096064, 572.0, 329.0, -750.0
34.676361856, 683.0, 266.0, -734.0
34.695627648, 728.0, 239.0, -707.0
34.714893568, 591.0, 272.0, -684.0
34.73415936, 547.0, 294.0, -701.0
34.753425152, 597.0, 250.0, -717.0
34.772690944, 736.0, 216.0, -751.0
34.791956736, 718.0, 221.0, -703.0
34.811222528, 551.0, 234.0, -821.0
34.830488448, 734.0, 188.0, -745.0
34.84975424, 742.0, 184.0, -693.0
34.869020032, 734.0, 169.0, -741.0
34.888285824, 658.0, 193.0, -732.0
34.907551616, 651.0, 219.0, -694.0
34.926817536, 679.0, 239.0, -687.0
34.946083328, 665.0, 260.0, -655.0
34.96534912, 677.0, 255.0, -695.0
34.984614912, 675.0, 253.0, -676.0
35.003880704, 663.0, 231.0, -693.0
35.023146624, 653.0, 225.0, -703.0
35.042412416, 629.0, 229.0, -712.0
35.061678208, 641.0, 233.0, -698.0
35.080944, 624.0, 195.0, -669.0
35.100209792, 671.0, 164.0, -720.0
35.119475712, 656.0, 175.0, -721.0
35.138741504, 637.0, 141.0, -730.0
35.158007296, 627.0, 129.0, -722.0
35.177273088, 640.0, 107.0, -708.0
35.19653888, 618.0, 101.0, -712.0
35.2158048, 647.0, 82.0, -732.0
35.235070592, 661.0, 54.0, -746.0
35.254336384, 689.0, 19.0, -786.0
35.273602176, 709.0, -5.0, -788.0
35.292867968, 627.0, -28.0, -771.0
35.31213376, 589.0, -14.0, -785.0
35.331399705, 587.0, -23.0, -789.0
35.35066624, 633.0, -56.0, -790.0
35.3699328, 633.0, -90.0, -832.0
35.389199488, 624.0, -99.0, -835.0
35.408466048, 590.0, -79.0, -817.0
35.427732608, 568.0, -84.0, -833.0
35.446999296, 617.0, -113.0, -810.0
35.466265856, 651.0, -94.0, -801.0
35.485532544, 620.0, -95.0, -798.0
35.504799104, 572.0, -96.0, -810.0
35.524065664, 562.0, -98.0, -814.0
35.543332352, 564.0, -97.0, -804.0
35.562598912, 564.0, -90.0, -818.0
35.581865472, 548.0, -95.0, -814.0
35.60113216, 541.0, -98.0, -817.0
35.62039872, 535.0, -95.0, -823.0
35.63966528, 558.0, -94.0, -805.0
35.658931968, 578.0, -95.0, -820.0
35.678198528, 581.0, -91.0, -809.0
35.697465216, 572.0, -96.0, -811.0
35.716731776, 567.0, -91.0, -819.0
35.735998336, 556.0, -92.0, -815.0
35.755265024, 551.0, -88.0, -806.0
35.774531584, 569.0, -92.0, -808.0
35.793798144, 598.0, -108.0, -812.0
35.813064832, 560.0, -100.0, -818.0
35.832331392, 527.0, -90.0, -801.0
35.85159808, 553.0, -89.0, -813.0
35.87086464, 571.0, -98.0, -809.0
35.8901312, 574.0, -112.0, -806.0
35.909397888, 583.0, -114.0, -803.0
35.928664448, 567.0, -104.0, -816.0
35.947931008, 538.0, -99.0, -811.0
35.967197696, 549.0, -90.0, -816.0
35.986464256, 568.0, -91.0, -816.0
36.005730816, 586.0, -94.0, -801.0
36.024997504, 566.0, -87.0, -795.0
36.044264064, 562.0, -90.0, -799.0
36.063530752, 595.0, -89.0, -828.0
36.082797312, 574.0, -80.0, -794.0
36.102063872, 567.0, -87.0, -800.0
36.12133056, 578.0, -78.0, -802.0
36.14059712, 593.0, -72.0, -792.0
36.15986368, 596.0, -85.0, -790.0
36.179130368, 605.0, -84.0, -785.0
36.198396928, 594.0, -80.0, -783.0
36.217663488, 609.0, -83.0, -781.0
36.236930176, 603.0, -83.0, -787.0
36.256196736, 595.0, -82.0, -780.0
36.275463424, 604.0, -65.0, -761.0
36.294729984, 629.0, -81.0, -761.0
36.313996544, 665.0, -71.0, -737.0
36.333263232, 585.0, -67.0, -788.0
36.352529792, 519.0, -105.0, -824.0
36.371796352, 532.0, -102.0, -805.0
36.39106304, 592.0, -88.0, -824.0
36.4103296, 581.0, -78.0, -807.0
36.429596288, 572.0, -82.0, -793.0
36.448862848, 575.0, -86.0, -795.0
36.468129408, 609.0, -83.0, -788.0
36.487396096, 630.0, -91.0, -790.0
36.506662656, 631.0, -95.0, -788.0
36.525929216, 603.0, -78.0, -777.0
36.545195904, 594.0, -85.0, -782.0
36.564462464, 611.0, -91.0, -790.0
36.583729024, 607.0, -87.0, -788.0
36.602995712, 602.0, -77.0, -792.0
36.622262272, 590.0, -85.0, -788.0
36.64152896, 586.0, -79.0, -799.0
36.66079552, 558.0, -92.0, -798.0
36.68006208, 560.0, -91.0, -792.0
36.699328768, 581.0, -85.0, -801.0
36.718595399, 577.0, -90.0, -806.0
36.7378624, 561.0, -99.0, -805.0
36.757129344, 561.0, -96.0, -798.0
36.77639616, 575.0, -90.0, -795.0
36.795663104, 591.0, -88.0, -794.0
36.814930048, 594.0, -86.0, -795.0
36.834196864, 596.0, -92.0, -794.0
36.853463808, 592.0, -89.0, -798.0
36.872730752, 585.0, -98.0, -794.0
36.891997568, 584.0, -93.0, -798.0
36.911264512, 585.0, -85.0, -801.0
36.930531456, 584.0, -85.0, -796.0
36.9497984, 590.0, -79.0, -793.0
36.969065216, 601.0, -83.0, -793.0
36.98833216, 601.0, -87.0, -792.0
37.007599104, 586.0, -98.0, -798.0
37.02686592, 579.0, -104.0, -801.0
37.046132864, 575.0, -89.0, -799.0
37.065399808, 576.0, -86.0, -799.0
37.084666624, 577.0, -94.0, -798.0
37.103933568, 564.0, -87.0, -799.0
37.123200512, 586.0, -100.0, -797.0
37.142467328, 584.0, -104.0, -796.0
37.161734272, 582.0, -95.0, -780.0
37.181001216, 587.0, -88.0, -800.0
37.200268032, 585.0, -85.0, -800.0
37.219534976, 586.0, -97.0, -801.0
37.23880192, 624.0, -103.0, -790.0
37.258068736, 631.0, -76.0, -759.0
37.27733568, 587.0, -78.0, -778.0
37.296602624, 564.0, -83.0, -791.0
37.315869568, 556.0, -78.0, -804.0
37.335136384, 594.0, -73.0, -795.0
37.354403328, 601.0, -82.0, -757.0
37.373670272, 631.0, -99.0, -782.0
37.392937088, 607.0, -77.0, -788.0
37.412204032, 596.0, -96.0, -788.0
37.431470976, 588.0, -95.0, -798.0
37.450737792, 582.0, -82.0, -791.0
37.470004736, 580.0, -89.0, -792.0
37.48927168, 579.0, -88.0, -794.0
37.508538496, 585.0, -93.0, -792.0
37.52780544, 590.0, -93.0, -793.0
37.547072384, 593.0, -97.0, -789.0
37.5663392, 581.0, -97.0, -802.0
37.585606144, 565.0, -100.0, -803.0
37.604873088, 577.0, -91.0, -792.0
37.624139904, 588.0, -88.0, -800.0
37.643406848, 592.0, -95.0, -791.0
37.662673792, 586.0, -90.0, -797.0
37.681940736, 580.0, -95.0, -800.0
37.701207552, 582.0, -91.0, -795.0
37.720474496, 580.0, -90.0, -802.0
37.73974144, 576.0, -89.0, -804.0
37.759008256, 578.0, -93.0, -795.0
37.7782752, 579.0, -94.0, -802.0
37.797542144, 569.0, -95.0, -805.0
37.81680896, 568.0, -97.0, -802.0
37.836075904, 572.0, -92.0, -799.0
37.855342848, 579.0, -98.0, -797.0
37.874609664, 576.0, -101.0, -802.0
37.893876608, 575.0, -98.0, -796.0
37.913143552, 575.0, -94.0, -804.0
37.932410368, 575.0, -96.0, -802.0
37.951677312, 569.0, -96.0, -807.0
37.970944256, 569.0, -91.0, -801.0
37.990211072, 573.0, -95.0, -801.0
38.009478016, 576.0, -96.0, -803.0
38.02874496, 576.0, -97.0, -799.0
38.048011776, 581.0, -96.0, -798.0
38.06727872, 575.0, -92.0, -804.0
38.086545664, 581.0, -95.0, -800.0
38.105812608, 577.0, -91.0, -804.0
38.125079424, 582.0, -91.0, -796.0
38.144346368, 585.0, -95.0, -801.0
38.163613312, 573.0, -89.0, -798.0
38.182880128, 556.0, -87.0, -800.0
38.202147072, 572.0, -91.0, -795.0
38.221414016, 575.0, -94.0, -816.0
38.240680832, 571.0, -96.0, -808.0
38.259947776, 563.0, -97.0, -785.0
38.27921472, 592.0, -98.0, -806.0
38.298481536, 595.0, -88.0, -803.0
38.31774848, 574.0, -130.0, -807.0
38.337015295, 563.0, -95.0, -803.0
38.356282112, 608.0, -104.0, -811.0
38.375548928, 580.0, -83.0, -781.0
38.394815616, 608.0, -97.0, -790.0
38.414082432, 627.0, -87.0, -741.0
38.433349248, 622.0, -69.0, -735.0
38.452615936, 694.0, -101.0, -751.0
38.471882752, 627.0, -49.0, -751.0
38.491149568, 627.0, -47.0, -726.0
38.510416384, 647.0, -40.0, -755.0
38.529683072, 644.0, -73.0, -743.0
38.548949888, 612.0, -85.0, -777.0
38.568216704, 695.0, -127.0, -795.0
38.587483392, 601.0, -73.0, -807.0
38.606750208, 536.0, -75.0, -802.0
38.626017024, 545.0, -79.0, -812.0
38.645283712, 560.0, -89.0, -801.0
38.664550528, 594.0, -99.0, -807.0
38.683817344, 586.0, -122.0, -829.0
38.703084032, 548.0, -100.0, -807.0
38.722350848, 552.0, -100.0, -798.0
38.741617664, 553.0, -113.0, -793.0
38.760884352, 552.0, -95.0, -778.0
38.780151168, 579.0, -112.0, -812.0
38.799417984, 565.0, -90.0, -778.0
38.8186848, 567.0, -96.0, -821.0
38.837951488, 555.0, -97.0, -805.0
38.857218304, 570.0, -89.0, -803.0
38.87648512, 585.0, -83.0, -798.0
38.895751808, 582.0, -90.0, -821.0
38.915018624, 569.0, -102.0, -812.0
38.93428544, 565.0, -96.0, -809.0
38.953552128, 577.0, -94.0, -801.0
38.972818944, 586.0, -94.0, -805.0
38.99208576, 570.0, -103.0, -801.0
39.011352448, 561.0, -95.0, -812.0
39.030619264, 562.0, -106.0, -811.0
39.04988608, 566.0, -102.0, -806.0
39.069152896, 562.0, -101.0, -815.0
39.088419584, 557.0, -100.0, -807.0
39.1076864, 562.0, -98.0, -810.0
39.126953216, 559.0, -106.0, -804.0
39.146219904, 565.0, -108.0, -812.0
39.16548672, 561.0, -104.0, -812.0
39.184753536, 556.0, -107.0, -813.0
39.204020224, 560.0, -99.0, -808.0
39.22328704, 563.0, -99.0, -817.0
39.242553856, 553.0, -103.0, -811.0
39.261820544, 564.0, -94.0, -812.0
39.28108736, 569.0, -94.0, -810.0
39.300354176, 556.0, -97.0, -814.0
39.319620992, 553.0, -90.0, -815.0
39.33888768, 542.0, -94.0, -813.0
39.358154496, 554.0, -100.0, -817.0
39.377421312, 568.0, -102.0, -813.0
39.396688, 582.0, -99.0, -818.0
39.415954816, 565.0, -102.0, -796.0
39.435221632, 569.0, -96.0, -802.0
39.45448832, 572.0, -94.0, -801.0
39.473755136, 616.0, -95.0, -772.0
39.493021952, 596.0, -85.0, -795.0
39.51228864, 572.0, -105.0, -803.0
39.531555456, 546.0, -93.0, -812.0
39.550822272, 548.0, -113.0, -816.0
39.57008896, 544.0, -105.0, -815.0
39.589355776, 556.0, -107.0, -811.0
39.608622592, 554.0, -108.0, -816.0
39.627889408, 560.0, -99.0, -807.0
39.647156096, 564.0, -98.0, -813.0
39.666422912, 556.0, -100.0, -809.0
39.685689728, 564.0, -96.0, -808.0
39.704956416, 579.0, -98.0, -803.0
39.724223232, 573.0, -98.0, -814.0
39.743490048, 558.0, -105.0, -809.0
39.762756736, 559.0, -96.0, -816.0
39.782023552, 558.0, -98.0, -816.0
39.801290297, 567.0, -90.0, -811.0
39.820555136, 555.0, -102.0, -816.0
39.839820032, 560.0, -98.0, -811.0
39.859084928, 567.0, -99.0, -811.0
39.878349824, 564.0, -95.0, -809.0
39.89761472, 562.0, -89.0, -804.0
39.916879744, 567.0, -81.0, -805.0
39.93614464, 569.0, -88.0, -805.0
39.955409536, 572.0, -85.0, -808.0
39.974674432, 575.0, -98.0, -805.0
39.993939328, 574.0, -93.0, -806.0
40.013204224, 568.0, -94.0, -809.0
40.03246912, 558.0, -96.0, -812.0
40.051734016, 558.0, -100.0, -810.0
40.070998912, 558.0, -97.0, -812.0
40.090263936, 571.0, -96.0, -809.0
40.109528832, 559.0, -99.0, -816.0
40.128793728, 558.0, -97.0, -817.0
40.148058624, 551.0, -95.0, -814.0
40.16732352, 556.0, -92.0, -815.0
40.186588416, 567.0, -91.0, -808.0
40.205853312, 566.0, -98.0, -815.0
40.225118208, 560.0, -92.0, -817.0
40.244383104, 555.0, -97.0, -816.0
40.263648128, 555.0, -98.0, -809.0
40.282913024, 556.0, -93.0, -816.0
40.30217792, 562.0, -88.0, -808.0
40.321442816, 559.0, -91.0, -811.0
40.340707712, 560.0, -97.0, -810.0
40.359972608, 559.0, -98.0, -810.0
40.379237504, 556.0, -96.0, -811.0
40.3985024, 562.0, -92.0, -808.0
40.417767296, 561.0, -90.0, -808.0
40.43703232, 560.0, -97.0, -816.0
40.456297216, 559.0, -99.0, -815.0
40.475562112, 559.0, -96.0, -810.0
40.494827008, 563.0, -93.0, -809.0
40.514091904, 564.0, -86.0, -814.0
40.5333568, 558.0, -93.0, -814.0
40.552621696, 554.0, -98.0, -816.0
40.571886592, 556.0, -88.0, -816.0
40.591151488, 565.0, -86.0, -810.0
40.610416512, 560.0, -88.0, -819.0
40.629681408, 555.0, -101.0, -816.0
40.648946304, 554.0, -99.0, -815.0
40.6682112, 551.0, -100.0, -812.0
40.687476096, 559.0, -96.0, -816.0
40.706740992, 554.0, -97.0, -815.0
40.726005888, 545.0, -102.0, -812.0
40.745270784, 554.0, -97.0, -815.0
40.76453568, 557.0, -95.0, -815.0
40.783800704, 559.0, -96.0, -811.0
40.8030656, 565.0, -102.0, -814.0
40.822330496, 564.0, -99.0, -818.0
40.841595392, 572.0, -102.0, -817.0
40.860860288, 557.0, -83.0, -793.0
40.880125184, 592.0, -99.0, -814.0
40.89939008, 647.0, -124.0, -862.0
40.918654976, 603.0, -131.0, -871.0
40.937919872, 536.0, -106.0, -844.0
40.957184896, 511.0, -136.0, -891.0
40.976449792, 579.0, -111.0, -873.0
40.995714688, 545.0, -65.0, -805.0
41.014979584, 585.0, -46.0, -794.0
41.03424448, 615.0, -31.0, -768.0
41.053509376, 629.0, 6.0, -722.0
41.072774272, 604.0, 25.0, -729.0
41.092039168, 715.0, 36.0, -710.0
41.111304064, 635.0, 86.0, -693.0
41.130569088, 705.0, 64.0, -687.0
41.149833984, 729.0, 100.0, -677.0
41.16909888, 728.0, 83.0, -714.0
41.188363776, 726.0, 87.0, -688.0
41.207628672, 712.0, 108.0, -658.0
41.226893568, 705.0, 94.0, -673.0
41.246158464, 721.0, 91.0, -676.0
41.26542336, 718.0, 95.0, -662.0
41.284688384, 712.0, 95.0, -678.0
41.30395328, 723.0, 92.0, -671.0
41.323218176, 716.0, 99.0, -676.0
41.342483072, 736.0, 84.0, -679.0
41.361747968, 723.0, 103.0, -670.0
41.381012864, 701.0, 97.0, -686.0
41.400277854, 707.0, 101.0, -676.0
41.41954432, 715.0, 95.0, -677.0
41.438810752, 734.0, 92.0, -694.0
41.458077056, 733.0, 82.0, -672.0
41.477343488, 712.0, 87.0, -677.0
41.49660992, 699.0, 81.0, -682.0
41.515876352, 714.0, 92.0, -673.0
41.535142656, 735.0, 75.0, -686.0
41.554409088, 753.0, 96.0, -651.0
41.57367552, 756.0, 58.0, -705.0
41.592941824, 745.0, 60.0, -692.0
41.612208256, 702.0, 88.0, -677.0
41.631474688, 731.0, 76.0, -688.0
41.65074112, 751.0, 89.0, -659.0
41.670007424, 732.0, 84.0, -658.0
41.689273856, 722.0, 85.0, -664.0
41.708540288, 740.0, 90.0, -670.0
41.727806592, 744.0, 93.0, -665.0
41.747073024, 731.0, 96.0, -670.0
41.766339456, 727.0, 91.0, -661.0
41.78560576, 721.0, 85.0, -673.0
41.804872192, 729.0, 83.0, -679.0
41.824138624, 732.0, 86.0, -680.0
41.843405056, 731.0, 83.0, -678.0
41.86267136, 722.0, 91.0, -677.0
41.881937792, 739.0, 90.0, -671.0
41.901204224, 740.0, 81.0, -672.0
41.920470528, 730.0, 90.0, -671.0
41.93973696, 722.0, 93.0, -670.0
41.959003392, 734.0, 88.0, -676.0
41.978269824, 735.0, 89.0, -668.0
41.997536128, 730.0, 85.0, -675.0
42.01680256, 728.0, 85.0, -666.0
42.036068992, 726.0, 87.0, -670.0
42.055335296, 727.0, 89.0, -674.0
42.074601728, 721.0, 88.0, -674.0
42.09386816, 724.0, 94.0, -672.0
42.113134592, 733.0, 89.0, -668.0
42.132400896, 730.0, 85.0, -666.0
42.151667328, 729.0, 88.0, -666.0
42.17093376, 728.0, 97.0, -675.0
42.190200064, 730.0, 87.0, -676.0
42.209466496, 746.0, 87.0, -674.0
42.228732928, 748.0, 85.0, -677.0
42.24799936, 743.0, 93.0, -668.0
42.267265664, 751.0, 103.0, -656.0
42.286532096, 769.0, 110.0, -654.0
42.305798528, 760.0, 106.0, -634.0
42.325064832, 740.0, 98.0, -658.0
42.344331264, 754.0, 99.0, -661.0
42.363597696, 798.0, 107.0, -626.0
42.382864128, 775.0, 89.0, -652.0
42.402130432, 738.0, 85.0, -658.0
42.421396864, 684.0, 80.0, -678.0
42.440663296, 665.0, 66.0, -682.0
42.4599296, 671.0, 67.0, -704.0
42.479196032, 649.0, 61.0, -729.0
42.498462464, 658.0, 50.0, -738.0
42.517728768, 641.0, 59.0, -746.0
42.5369952, 636.0, 54.0, -739.0
42.556261632, 646.0, 59.0, -740.0
42.575528064, 632.0, 56.0, -756.0
42.594794368, 616.0, 53.0, -763.0
42.6140608, 627.0, 61.0, -763.0
42.633327232, 657.0, 42.0, -770.0
42.652593536, 659.0, 42.0, -749.0
42.671859968, 667.0, 32.0, -748.0
42.6911264, 662.0, 25.0, -756.0
42.710392832, 658.0, 32.0, -750.0
42.729659136, 652.0, 24.0, -742.0
42.748925568, 657.0, 21.0, -745.0
42.768192, 653.0, 28.0, -752.0
42.787458288, 631.0, 23.0, -754.0
42.806723584, 648.0, 22.0, -743.0
42.825988864, 658.0, 33.0, -742.0
42.845254016, 671.0, 30.0, -732.0
42.864519296, 658.0, 40.0, -737.0
42.883784576, 674.0, 44.0, -718.0
42.903049728, 684.0, -24.0, -776.0
42.922315008, 718.0, 26.0, -728.0
42.941580288, 772.0, 26.0, -712.0
42.960845568, 781.0, 29.0, -700.0
42.98011072, 718.0, 40.0, -676.0
42.999376, 678.0, 57.0, -685.0
43.01864128, 650.0, 83.0, -702.0
43.037906432, 659.0, 49.0, -725.0
43.057171712, 690.0, 33.0, -707.0
43.076436992, 691.0, 25.0, -725.0
43.095702144, 683.0, 16.0, -736.0
43.114967424, 667.0, 16.0, -728.0
43.134232704, 657.0, 24.0, -728.0
43.153497856, 673.0, 31.0, -725.0
43.172763136, 679.0, 46.0, -714.0
43.192028416, 679.0, 28.0, -728.0
43.211293696, 678.0, 13.0, -734.0
43.230558848, 683.0, 20.0, -725.0
43.249824128, 684.0, 23.0, -718.0
43.269089408, 688.0, 27.0, -722.0
43.28835456, 685.0, 30.0, -716.0
43.30761984, 693.0, 22.0, -727.0
43.32688512, 696.0, 19.0, -722.0
43.346150272, 680.0, 18.0, -727.0
43.365415552, 671.0, 19.0, -730.0
43.384680832, 663.0, 17.0, -739.0
43.403945984, 667.0, 19.0, -736.0
43.423211264, 670.0, 18.0, -732.0
43.442476544, 682.0, 18.0, -720.0
43.461741824, 683.0, 12.0, -734.0
43.481006976, 670.0, 14.0, -733.0
43.500272256, 644.0, 17.0, -735.0
43.519537536, 642.0, 18.0, -736.0
43.538802688, 670.0, 16.0, -727.0
43.558067968, 690.0, 16.0, -723.0
43.577333248, 702.0, 2.0, -734.0
43.5965984, 692.0, 9.0, -724.0
43.61586368, 666.0, 20.0, -719.0
43.63512896, 654.0, 24.0, -727.0
43.654394112, 652.0, 23.0, -732.0
43.673659392, 668.0, 20.0, -721.0
43.692924672, 685.0, 10.0, -726.0
43.712189824, 679.0, 15.0, -724.0
43.731455104, 665.0, 18.0, -719.0
43.750720384, 674.0, 26.0, -712.0
43.769985664, 708.0, 26.0, -707.0
43.789250816, 732.0, 16.0, -711.0
43.808516096, 705.0, 5.0, -698.0
43.827781376, 682.0, 13.0, -699.0
43.847046528, 723.0, 16.0, -695.0
43.866311808, 780.0, 7.0, -711.0
43.885577088, 760.0, -3.0, -690.0
43.90484224, 734.0, 27.0, -667.0
43.92410752, 751.0, 20.0, -674.0
43.9433728, 733.0, 48.0, -667.0
43.962637952, 696.0, 24.0, -694.0
43.981903232, 712.0, 25.0, -700.0
44.001168512, 726.0, 20.0, -710.0
44.020433792, 749.0, 11.0, -687.0
44.039698944, 751.0, 16.0, -688.0
44.058964224, 739.0, -1.0, -706.0
44.078229504, 739.0, 13.0, -711.0
44.097494656, 751.0, 11.0, -727.0
44.116759936, 739.0, 13.0, -722.0
44.136025216, 754.0, -14.0, -713.0
44.155290368, 787.0, 31.0, -734.0
44.174555648, 820.0, 31.0, -704.0
44.193820928, 762.0, 34.0, -680.0
44.21308608, 731.0, 53.0, -690.0
44.23235136, 734.0, 78.0, -689.0
44.25161664, 723.0, 109.0, -680.0
44.270881805, 718.0, 119.0, -663.0
44.29014784, 728.0, 123.0, -641.0
44.309413888, 726.0, 124.0, -627.0
44.328680064, 679.0, 134.0, -631.0
44.347946112, 671.0, 147.0, -613.0
44.36721216, 675.0, 139.0, -607.0
44.386478336, 590.0, 166.0, -699.0
44.405744384, 489.0, 285.0, -820.0
44.425010432, 489.0, 288.0, -842.0
44.44427648, 481.0, 243.0, -809.0
44.463542656, 448.0, 198.0, -849.0
44.482808704, 472.0, 163.0, -873.0
44.502074752, 551.0, 126.0, -878.0
44.521340928, 490.0, 259.0, -849.0
44.540606976, 480.0, 238.0, -838.0
44.559873024, 456.0, 306.0, -793.0
44.5791392, 418.0, 296.0, -854.0
44.598405248, 464.0, 234.0, -813.0
44.617671296, 533.0, 204.0, -801.0
44.636937472, 607.0, 166.0, -810.0
44.65620352, 647.0, 184.0, -741.0
44.675469568, 631.0, 158.0, -678.0
44.694735616, 603.0, 161.0, -625.0
44.714001792, 693.0, 154.0, -579.0
44.73326784, 703.0, 108.0, -620.0
44.752533888, 717.0, 148.0, -589.0
44.771800064, 654.0, 205.0, -589.0
44.791066112, 607.0, 211.0, -658.0
44.81033216, 652.0, 245.0, -638.0
44.829598336, 916.0, 559.0, -883.0
44.848864384, 1086.0, 424.0, -839.0
44.868130432, 938.0, 333.0, -738.0
44.887396608, 548.0, 338.0, -796.0
44.906662656, 403.0, 286.0, -778.0
44.925928704, 546.0, 274.0, -823.0
44.945194752, 538.0, 228.0, -866.0
44.964460928, 453.0, 181.0, -801.0
44.983726976, 495.0, 203.0, -760.0
45.002993024, 551.0, 207.0, -731.0
45.0222592, 607.0, 231.0, -704.0
45.041525248, 640.0, 260.0, -722.0
45.060791296, 711.0, 259.0, -705.0
45.080057472, 737.0, 257.0, -680.0
45.09932352, 750.0, 246.0, -673.0
45.118589568, 754.0, 251.0, -662.0
45.137855744, 752.0, 237.0, -672.0
45.157121792, 744.0, 214.0, -683.0
45.17638784, 692.0, 205.0, -689.0
45.195653888, 648.0, 224.0, -703.0
45.214920064, 643.0, 221.0, -721.0
45.234186112, 637.0, 231.0, -695.0
45.25345216, 641.0, 231.0, -700.0
45.272718336, 686.0, 216.0, -716.0
45.291984384, 696.0, 205.0, -686.0
45.311250432, 749.0, 199.0, -678.0
45.330516608, 745.0, 171.0, -721.0
45.349782656, 681.0, 207.0, -683.0
45.369048704, 691.0, 221.0, -704.0
45.38831488, 721.0, 228.0, -677.0
45.407580928, 708.0, 231.0, -683.0
45.426846976, 702.0, 223.0, -685.0
45.446113024, 656.0, 211.0, -721.0
45.465379219, 636.0, 197.0, -725.0
45.484647552, 624.0, 203.0, -723.0
45.503915904, 602.0, 209.0, -693.0
45.523184128, 597.0, 218.0, -706.0
45.54245248, 614.0, 224.0, -747.0
45.561720832, 610.0, 213.0, -741.0
45.580989056, 596.0, 224.0, -749.0
45.600257408, 578.0, 226.0, -776.0
45.61952576, 584.0, 221.0, -730.0
45.638793984, 632.0, 177.0, -720.0
45.658062336, 671.0, 139.0, -759.0
45.677330688, 665.0, 96.0, -789.0
45.69659904, 666.0, 87.0, -783.0
45.715867264, 637.0, 112.0, -756.0
45.735135616, 646.0, 110.0, -766.0
45.754403968, 674.0, 104.0, -762.0
45.773672192, 664.0, 107.0, -743.0
45.792940544, 645.0, 113.0, -738.0
45.812208896, 668.0, 105.0, -755.0
45.83147712, 681.0, 88.0, -739.0
45.850745472, 677.0, 83.0, -735.0
45.870013824, 662.0, 91.0, -727.0
45.889282048, 707.0, 90.0, -736.0
45.9085504, 701.0, 79.0, -721.0
45.927818752, 683.0, 68.0, -724.0
45.947086976, 675.0, 87.0, -720.0
45.966355328, 688.0, 89.0, -712.0
45.98562368, 698.0, 92.0, -717.0
46.004891904, 698.0, 82.0, -722.0
46.024160256, 688.0, 80.0, -725.0
46.043428608, 663.0, 63.0, -735.0
46.06269696, 682.0, 84.0, -700.0
46.081965184, 691.0, 87.0, -700.0
46.101233536, 699.0, 94.0, -706.0
46.120501888, 715.0, 99.0, -712.0
46.139770112, 701.0, 78.0, -725.0
46.159038464, 679.0, 91.0, -714.0
46.178306816, 701.0, 88.0, -723.0
46.19757504, 696.0, 81.0, -732.0
46.216843392, 662.0, 76.0, -746.0
46.236111744, 647.0, 73.0, -744.0
46.255379968, 640.0, 78.0, -731.0
46.27464832, 646.0, 89.0, -747.0
46.293916672, 655.0, 98.0, -731.0
46.313184896, 672.0, 87.0, -756.0
46.332453248, 654.0, 84.0, -742.0
46.3517216, 639.0, 91.0, -745.0
46.370989952, 653.0, 85.0, -741.0
46.390258176, 657.0, 88.0, -732.0
46.409526528, 666.0, 72.0, -759.0
46.42879488, 646.0, 73.0, -746.0
46.448063104, 636.0, 74.0, -748.0
46.467331456, 647.0, 84.0, -748.0
46.486599808, 655.0, 90.0, -747.0
46.505868032, 656.0, 82.0, -748.0
46.525136384, 661.0, 78.0, -751.0
46.544404736, 663.0, 84.0, -745.0
46.56367296, 660.0, 87.0, -746.0
46.582941312, 647.0, 84.0, -750.0
46.602209664, 646.0, 86.0, -754.0
46.621477888, 649.0, 81.0, -752.0
46.64074624, 666.0, 91.0, -748.0
46.660014592, 653.0, 91.0, -739.0
46.679282816, 644.0, 95.0, -748.0
46.698551168, 648.0, 83.0, -761.0
46.71781952, 650.0, 83.0, -751.0
46.737087872, 652.0, 84.0, -744.0
46.756356096, 657.0, 90.0, -744.0
46.775624448, 655.0, 90.0, -750.0
46.7948928, 643.0, 87.0, -742.0
46.814161024, 641.0, 84.0, -750.0
46.833429376, 650.0, 86.0, -746.0
46.852697728, 663.0, 90.0, -743.0
46.871965952, 653.0, 89.0, -750.0
46.891234304, 645.0, 89.0, -747.0
46.910502656, 647.0, 91.0, -755.0
46.92977088, 651.0, 96.0, -746.0
46.949039232, 663.0, 94.0, -759.0
46.968307584, 649.0, 91.0, -753.0
46.987575808, 644.0, 92.0, -753.0
47.00684416, 654.0, 92.0, -753.0
47.026112464, 660.0, 90.0, -748.0
47.045380096, 657.0, 92.0, -752.0
47.06464768, 647.0, 89.0, -752.0
47.083915264, 640.0, 96.0, -748.0
47.103182848, 646.0, 99.0, -743.0
47.122450432, 649.0, 89.0, -755.0
47.141718016, 647.0, 88.0, -750.0
47.1609856, 639.0, 87.0, -750.0
47.180253056, 638.0, 84.0, -753.0
47.19952064, 647.0, 79.0, -755.0
47.218788224, 649.0, 86.0, -755.0
47.238055808, 640.0, 91.0, -748.0
47.257323392, 655.0, 85.0, -752.0
47.276590976, 645.0, 81.0, -749.0
47.29585856, 648.0, 83.0, -753.0
47.315126144, 656.0, 86.0, -750.0
47.334393728, 653.0, 89.0, -751.0
47.353661312, 649.0, 88.0, -753.0
47.372928896, 656.0, 88.0, -757.0
47.39219648, 656.0, 85.0, -756.0
47.411464064, 660.0, 78.0, -754.0
47.430731648, 657.0, 80.0, -752.0
47.449999104, 667.0, 83.0, -750.0
47.469266688, 665.0, 76.0, -758.0
47.488534272, 667.0, 79.0, -755.0
47.507801856, 689.0, 74.0, -764.0
47.52706944, 694.0, 74.0, -771.0
47.546337024, 669.0, 90.0, -782.0
47.565604608, 659.0, 87.0, -741.0
47.584872192, 639.0, 120.0, -743.0
47.604139776, 621.0, 132.0, -734.0
47.62340736, 635.0, 163.0, -747.0
47.642674944, 637.0, 152.0, -734.0
47.661942528, 633.0, 187.0, -724.0
47.681210112, 628.0, 198.0, -748.0
47.700477696, 642.0, 193.0, -742.0
47.719745152, 632.0, 196.0, -726.0
47.739012736, 635.0, 208.0, -730.0
47.75828032, 634.0, 218.0, -746.0
47.777547904, 638.0, 208.0, -742.0
47.796815488, 637.0, 208.0, -729.0
47.816083072, 623.0, 209.0, -734.0
47.835350656, 626.0, 213.0, -754.0
47.85461824, 636.0, 213.0, -738.0
47.873885824, 639.0, 216.0, -735.0
47.893153408, 642.0, 208.0, -740.0
47.912420992, 645.0, 219.0, -724.0
47.931688576, 662.0, 213.0, -736.0
47.95095616, 658.0, 204.0, -724.0
47.970223744, 653.0, 210.0, -728.0
47.9894912, 641.0, 203.0, -735.0
48.008758784, 642.0, 201.0, -729.0
48.028026368, 644.0, 209.0, -736.0
48.047293952, 653.0, 205.0, -737.0
48.066561536, 648.0, 202.0, -737.0
48.08582912, 639.0, 207.0, -730.0
48.105096704, 641.0, 206.0, -728.0
48.124364288, 647.0, 219.0, -725.0
48.143631872, 670.0, 211.0, -734.0
48.162899456, 675.0, 195.0, -742.0
48.18216704, 650.0, 195.0, -732.0
48.201434624, 635.0, 212.0, -731.0
48.220702208, 655.0, 214.0, -734.0
48.239969792, 672.0, 210.0, -721.0
48.259237248, 669.0, 201.0, -735.0
48.278504832, 651.0, 210.0, -722.0
48.297772416, 643.0, 211.0, -729.0
48.31704, 656.0, 209.0, -732.0
48.336307584, 666.0, 207.0, -720.0
48.355575168, 652.0, 203.0, -732.0
48.374842752, 650.0, 213.0, -724.0
48.394110336, 649.0, 212.0, -719.0
48.41337792, 651.0, 208.0, -736.0
48.432645504, 655.0, 207.0, -724.0
48.451913088, 650.0, 208.0, -726.0
48.471180672, 652.0, 210.0, -724.0
48.490448256, 651.0, 206.0, -724.0
48.50971584, 654.0, 207.0, -731.0
48.528983296, 655.0, 206.0, -726.0
48.54825088, 663.0, 209.0, -727.0
48.567518464, 670.0, 210.0, -728.0
48.586786048, 654.0, 204.0, -729.0
48.606053632, 643.0, 210.0, -732.0
48.625321216, 648.0, 214.0, -731.0
48.6445888, 662.0, 210.0, -721.0
48.663856384, 670.0, 213.0, -724.0
48.683123892, 661.0, 206.0, -718.0
48.702388352, 656.0, 209.0, -731.0
48.721652864, 643.0, 202.0, -730.0
48.740917376, 617.0, 202.0, -727.0
48.760181888, 642.0, 207.0, -720.0
48.779446528, 727.0, 211.0, -707.0
48.79871104, 733.0, 180.0, -713.0
48.817975552, 649.0, 195.0, -702.0
48.837240064, 650.0, 207.0, -735.0
48.856504576, 690.0, 202.0, -714.0
48.875769088, 687.0, 217.0, -695.0
48.8950336, 680.0, 208.0, -725.0
48.91429824, 637.0, 209.0, -727.0
48.933562752, 608.0, 199.0, -742.0
48.952827264, 624.0, 200.0, -753.0
48.972091776, 636.0, 208.0, -735.0
48.991356288, 619.0, 223.0, -718.0
49.0106208, 616.0, 195.0, -726.0
49.029885312, 633.0, 210.0, -732.0
49.049149952, 636.0, 196.0, -759.0
49.068414464, 619.0, 174.0, -720.0
49.087678976, 629.0, 201.0, -766.0
49.106943488, 687.0, 141.0, -763.0
49.126208, 672.0, 141.0, -733.0
49.145472512, 607.0, 170.0, -745.0
49.164737024, 618.0, 180.0, -770.0
49.184001664, 635.0, 177.0, -743.0
49.203266176, 668.0, 150.0, -730.0
49.222530688, 703.0, 155.0, -724.0
49.2417952, 680.0, 154.0, -724.0
49.261059712, 652.0, 156.0, -731.0
49.280324224, 659.0, 167.0, -727.0
49.299588736, 682.0, 152.0, -741.0
49.318853376, 689.0, 153.0, -723.0
49.338117888, 676.0, 152.0, -731.0
49.3573824, 657.0, 158.0, -723.0
49.376646912, 657.0, 158.0, -735.0
49.395911424, 669.0, 151.0, -734.0
49.415175936, 668.0, 156.0, -736.0
49.434440448, 677.0, 148.0, -740.0
49.453705088, 663.0, 143.0, -724.0
49.4729696, 678.0, 162.0, -703.0
49.492234112, 716.0, 164.0, -673.0
49.511498624, 724.0, 175.0, -705.0
49.530763136, 695.0, 169.0, -685.0
49.550027648, 692.0, 156.0, -721.0
49.56929216, 670.0, 135.0, -727.0
49.5885568, 643.0, 136.0, -755.0
49.607821312, 628.0, 137.0, -730.0
49.627085824, 663.0, 137.0, -724.0
49.646350336, 668.0, 119.0, -756.0
49.665614848, 622.0, 133.0, -747.0
49.68487936, 611.0, 166.0, -750.0
49.704143872, 626.0, 161.0, -748.0
49.723408512, 601.0, 160.0, -734.0
49.742673024, 636.0, 133.0, -764.0
49.761937536, 669.0, 111.0, -754.0
49.781202048, 650.0, 93.0, -790.0
49.80046656, 590.0, 117.0, -774.0
49.819731072, 552.0, 113.0, -781.0
49.838995584, 566.0, 107.0, -792.0
49.858260224, 627.0, 118.0, -799.0
49.877524736, 695.0, 119.0, -762.0
49.896789248, 815.0, 148.0, -721.0
49.91605376, 894.0, 169.0, -701.0
49.935318272, 835.0, 165.0, -691.0
49.954582784, 840.0, 177.0, -672.0
49.973847296, 765.0, 237.0, -670.0
49.993111936, 760.0, 254.0, -633.0
50.012376448, 745.0, 264.0, -631.0
50.03164096, 658.0, 263.0, -636.0
50.050905547, 711.0, 234.0, -621.0
50.070172544, 789.0, 217.0, -570.0
50.089439488, 799.0, 207.0, -593.0
50.10870656, 805.0, 213.0, -578.0
50.127973504, 814.0, 186.0, -550.0
50.147240576, 821.0, 170.0, -536.0
50.16650752, 816.0, 172.0, -543.0
50.185774592, 804.0, 129.0, -516.0
50.205041536, 790.0, 92.0, -464.0
50.224308608, 757.0, 18.0, -437.0
50.243575552, 738.0, -136.0, -473.0
50.262842496, 623.0, -261.0, -541.0
50.282109568, 575.0, -322.0, -490.0
50.301376512, 638.0, -321.0, -493.0
50.320643584, -67.0, -479.0, -813.0
50.339910528, 593.0, -562.0, -763.0
50.3591776, 2082.0, -117.0, -811.0
50.378444544, 1428.0, 216.0, -639.0
50.397711616, 539.0, -134.0, -685.0
50.41697856, 430.0, -196.0, -783.0
50.436245504, 586.0, -75.0, -783.0
50.455512576, 754.0, -17.0, -696.0
50.47477952, 749.0, -19.0, -722.0
50.494046592, 649.0, -15.0, -704.0
50.513313536, 621.0, -20.0, -725.0
50.532580608, 674.0, 2.0, -754.0
50.551847552, 662.0, 15.0, -744.0
50.571114624, 647.0, -4.0, -735.0
50.590381568, 659.0, -20.0, -754.0
50.609648512, 642.0, -29.0, -750.0
50.628915584, 642.0, -58.0, -750.0
50.648182528, 645.0, -64.0, -752.0
50.6674496, 650.0, -52.0, -760.0
50.686716544, 640.0, -35.0, -759.0
50.705983616, 649.0, -31.0, -756.0
50.72525056, 645.0, -48.0, -769.0
50.744517632, 612.0, -54.0, -782.0
50.763784576, 593.0, -61.0, -785.0
50.78305152, 589.0, -72.0, -784.0
50.802318592, 585.0, -59.0, -783.0
50.821585536, 606.0, -49.0, -780.0
50.840852608, 610.0, -53.0, -772.0
50.860119552, 616.0, -56.0, -773.0
50.879386624, 627.0, -50.0, -768.0
50.898653568, 629.0, -41.0, -764.0
50.91792064, 630.0, -44.0, -766.0
50.937187584, 623.0, -31.0, -773.0
50.956454528, 620.0, -27.0, -768.0
50.9757216, 618.0, -40.0, -760.0
50.994988544, 630.0, -36.0, -767.0
51.014255616, 619.0, -42.0, -774.0
51.03352256, 609.0, -48.0, -784.0
51.052789632, 622.0, -48.0, -775.0
51.072056576, 638.0, -49.0, -774.0
51.091323648, 621.0, -44.0, -768.0
51.110590592, 619.0, -47.0, -776.0
51.129857536, 614.0, -48.0, -775.0
51.149124608, 615.0, -48.0, -772.0
51.168391552, 621.0, -46.0, -782.0
51.187658624, 622.0, -44.0, -770.0
51.206925568, 624.0, -49.0, -775.0
51.22619264, 613.0, -52.0, -781.0
51.245459584, 606.0, -50.0, -781.0
51.264726656, 610.0, -50.0, -780.0
51.2839936, 602.0, -40.0, -783.0
51.303260544, 609.0, -48.0, -778.0
51.322527616, 612.0, -49.0, -777.0
51.34179456, 620.0, -51.0, -782.0
51.361061609, 614.0, -47.0, -773.0
51.380327936, 612.0, -45.0, -774.0
51.39959424, 617.0, -44.0, -777.0
51.418860416, 622.0, -42.0, -773.0
51.43812672, 612.0, -44.0, -777.0
51.457393024, 607.0, -44.0, -781.0
51.4766592, 619.0, -49.0, -777.0
51.495925504, 633.0, -47.0, -775.0
51.515191808, 619.0, -44.0, -777.0
51.534458112, 609.0, -42.0, -775.0
51.553724288, 605.0, -52.0, -782.0
51.572990592, 608.0, -50.0, -778.0
51.592256896, 614.0, -43.0, -781.0
51.611523072, 618.0, -46.0, -776.0
51.630789376, 616.0, -52.0, -779.0
51.65005568, 605.0, -56.0, -779.0
51.669321856, 610.0, -58.0, -785.0
51.68858816, 612.0, -47.0, -777.0
51.707854464, 615.0, -43.0, -778.0
51.72712064, 617.0, -43.0, -775.0
51.746386944, 616.0, -49.0, -779.0
51.765653248, 612.0, -48.0, -779.0
51.784919552, 619.0, -46.0, -778.0
51.804185728, 621.0, -44.0, -773.0
51.823452032, 621.0, -41.0, -783.0
51.842718336, 613.0, -42.0, -783.0
51.861984512, 615.0, -50.0, -779.0
51.881250816, 617.0, -48.0, -781.0
51.90051712, 625.0, -47.0, -774.0
51.919783296, 624.0, -44.0, -778.0
51.9390496, 608.0, -42.0, -778.0
51.958315904, 608.0, -47.0, -778.0
51.97758208, 612.0, -44.0, -779.0
51.996848384, 620.0, -48.0, -777.0
52.016114688, 618.0, -51.0, -778.0
52.035380992, 613.0, -47.0, -772.0
52.054647168, 618.0, -49.0, -772.0
52.073913472, 624.0, -49.0, -767.0
52.093179776, 615.0, -47.0, -774.0
52.112445952, 605.0, -48.0, -781.0
52.131712256, 614.0, -53.0, -782.0
52.15097856, 650.0, -57.0, -775.0
52.170244736, 631.0, -40.0, -793.0
52.18951104, 591.0, -35.0, -778.0
52.208777344, 602.0, -14.0, -777.0
52.22804352, 616.0, -31.0, -775.0
52.247309824, 604.0, -40.0, -778.0
52.266576128, 611.0, -49.0, -781.0
52.285842304, 614.0, -69.0, -762.0
52.305108608, 625.0, -88.0, -756.0
52.324374912, 630.0, -102.0, -741.0
52.343641216, 653.0, -91.0, -741.0
52.362907392, 688.0, -76.0, -739.0
52.382173696, 673.0, -85.0, -740.0
52.40144, 667.0, -90.0, -747.0
52.420706176, 650.0, -79.0, -753.0
52.43997248, 645.0, -74.0, -752.0
52.459238784, 625.0, -87.0, -752.0
52.47850496, 626.0, -90.0, -785.0
52.497771264, 597.0, -98.0, -778.0
52.517037568, 600.0, -99.0, -771.0
52.536303744, 607.0, -96.0, -774.0
52.555570048, 620.0, -91.0, -771.0
52.574836352, 618.0, -86.0, -765.0
52.594102656, 632.0, -89.0, -776.0
52.613368832, 616.0, -89.0, -781.0
52.632635136, 616.0, -94.0, -771.0
52.65190144, 624.0, -89.0, -775.0
52.671167616, 619.0, -85.0, -772.0
52.69043392, 612.0, -88.0, -779.0
52.709700224, 606.0, -90.0, -779.0
52.7289664, 604.0, -100.0, -780.0
52.748232704, 587.0, -105.0, -783.0
52.767499008, 613.0, -101.0, -780.0
52.786765184, 616.0, -102.0, -782.0
52.806031488, 586.0, -103.0, -780.0
52.825297792, 599.0, -100.0, -786.0
52.844564096, 608.0, -97.0, -781.0
52.863830272, 592.0, -94.0, -776.0
52.883096504, 611.0, -84.0, -788.0
52.902361216, 598.0, -100.0, -783.0
52.921625984, 583.0, -113.0, -788.0
52.940890752, 602.0, -101.0, -790.0
52.96015552, 579.0, -109.0, -791.0
52.979420416, 580.0, -107.0, -793.0
52.998685184, 577.0, -101.0, -793.0
53.017949952, 587.0, -139.0, -824.0
53.03721472, 600.0, -122.0, -807.0
53.056479488, 587.0, -109.0, -800.0
53.075744256, 571.0, -112.0, -795.0
53.095009152, 566.0, -110.0, -801.0
53.11427392, 561.0, -101.0, -802.0
53.133538688, 560.0, -100.0, -809.0
53.152803456, 563.0, -108.0, -812.0
53.172068224, 557.0, -111.0, -810.0
53.191332992, 555.0, -113.0, -815.0
53.210597888, 545.0, -107.0, -817.0
53.229862656, 543.0, -115.0, -816.0
53.249127424, 539.0, -111.0, -818.0
53.268392192, 539.0, -110.0, -816.0
53.28765696, 557.0, -108.0, -818.0
53.306921728, 554.0, -108.0, -819.0
53.326186496, 544.0, -106.0, -819.0
53.345451392, 550.0, -119.0, -816.0
53.36471616, 552.0, -118.0, -814.0
53.383980928, 559.0, -122.0, -816.0
53.403245696, 555.0, -118.0, -815.0
53.422510464, 555.0, -112.0, -816.0
53.441775232, 554.0, -117.0, -816.0
53.461040128, 549.0, -115.0, -812.0
53.480304896, 541.0, -120.0, -820.0
53.499569664, 537.0, -122.0, -822.0
53.518834432, 535.0, -120.0, -816.0
53.5380992, 547.0, -109.0, -813.0
53.557363968, 562.0, -109.0, -809.0
53.576628864, 562.0, -114.0, -812.0
53.595893632, 554.0, -110.0, -813.0
53.6151584, 549.0, -135.0, -810.0
53.634423168, 565.0, -113.0, -809.0
53.653687936, 575.0, -108.0, -785.0
53.672952704, 595.0, -122.0, -806.0
53.6922176, 576.0, -113.0, -794.0
53.711482368, 565.0, -123.0, -823.0
53.730747136, 568.0, -125.0, -864.0
53.750011904, 624.0, -115.0, -792.0
53.769276672, 633.0, -169.0, -763.0
53.78854144, 604.0, -131.0, -732.0
53.807806208, 661.0, -177.0, -749.0
53.827071104, 605.0, -151.0, -791.0
53.846335872, 601.0, -172.0, -763.0
53.86560064, 641.0, -87.0, -674.0
53.884865408, 770.0, -119.0, -806.0
53.904130176, 638.0, -98.0, -760.0
53.923394944, 517.0, -124.0, -823.0
53.94265984, 485.0, -79.0, -805.0
53.961924608, 571.0, -111.0, -789.0
53.981189376, 644.0, -147.0, -765.0
54.000454144, 634.0, -150.0, -757.0
54.019718912, 606.0, -145.0, -758.0
54.03898368, 610.0, -141.0, -775.0
54.058248576, 601.0, -121.0, -778.0
54.077513344, 583.0, -109.0, -787.0
54.096778112, 588.0, -108.0, -790.0
54.11604288, 593.0, -105.0, -795.0
54.135307648, 580.0, -95.0, -778.0
54.154572416, 598.0, -103.0, -780.0
54.173837184, 610.0, -113.0, -784.0
54.19310208, 609.0, -111.0, -779.0
54.212366848, 596.0, -98.0, -765.0
54.231631616, 610.0, -114.0, -785.0
54.250896473, 602.0, -111.0, -793.0
54.270161664, 588.0, -106.0, -786.0
54.289426816, 578.0, -109.0, -788.0
54.308691968, 608.0, -116.0, -797.0
54.327956992, 626.0, -104.0, -768.0
54.347222144, 608.0, -97.0, -777.0
54.366487296, 565.0, -86.0, -762.0
54.385752448, 591.0, -92.0, -786.0
54.4050176, 603.0, -107.0, -766.0
54.424282624, 588.0, -91.0, -767.0
54.443547776, 642.0, -102.0, -788.0
54.462812928, 650.0, -100.0, -750.0
54.48207808, 608.0, -97.0, -755.0
54.501343232, 567.0, -114.0, -840.0
54.520608256, 522.0, -118.0, -816.0
54.539873408, 537.0, -114.0, -804.0
54.55913856, 665.0, -115.0, -761.0
54.578403712, 658.0, -109.0, -722.0
54.597668864, 614.0, -80.0, -746.0
54.616933888, 628.0, -146.0, -748.0
54.63619904, 592.0, -119.0, -790.0
54.655464192, 567.0, -167.0, -781.0
54.674729344, 639.0, -128.0, -756.0
54.693994496, 671.0, -91.0, -749.0
54.71325952, 666.0, -96.0, -767.0
54.732524672, 587.0, -92.0, -796.0
54.751789824, 552.0, -98.0, -805.0
54.771054976, 562.0, -79.0, -797.0
54.790320128, 554.0, -92.0, -793.0
54.809585152, 588.0, -146.0, -776.0
54.828850304, 626.0, -141.0, -768.0
54.848115456, 653.0, -119.0, -753.0
54.867380608, 651.0, -104.0, -752.0
54.88664576, 628.0, -114.0, -768.0
54.905910784, 582.0, -93.0, -781.0
54.925175936, 588.0, -98.0, -789.0
54.944441088, 572.0, -95.0, -790.0
54.96370624, 591.0, -102.0, -783.0
54.982971392, 599.0, -110.0, -783.0
55.002236544, 606.0, -109.0, -777.0
55.021501568, 609.0, -111.0, -781.0
55.04076672, 604.0, -109.0, -784.0
55.060031872, 597.0, -91.0, -778.0
55.079297024, 634.0, -113.0, -783.0
55.098562176, 603.0, -87.0, -787.0
55.1178272, 608.0, -117.0, -776.0
55.137092352, 605.0, -107.0, -783.0
55.156357504, 594.0, -113.0, -784.0
55.175622656, 596.0, -98.0, -784.0
55.194887808, 595.0, -105.0, -776.0
55.214152832, 609.0, -107.0, -782.0
55.233417984, 609.0, -116.0, -781.0
55.252683136, 602.0, -111.0, -785.0
55.271948288, 596.0, -120.0, -785.0
55.29121344, 583.0, -112.0, -793.0
55.310478464, 582.0, -107.0, -789.0
55.329743616, 574.0, -105.0, -786.0
55.349008768, 587.0, -109.0, -792.0
55.36827392, 589.0, -107.0, -790.0
55.387539072, 589.0, -107.0, -788.0
55.406804096, 596.0, -108.0, -792.0
55.426069248, 595.0, -101.0, -793.0
55.4453344, 590.0, -105.0, -784.0
55.464599552, 588.0, -105.0, -795.0
55.483864704, 585.0, -105.0, -791.0
55.503129728, 580.0, -100.0, -797.0
55.52239488, 593.0, -102.0, -790.0
55.541660032, 592.0, -104.0, -794.0
55.560925184, 589.0, -108.0, -791.0
55.580190336, 585.0, -106.0, -783.0
55.59945536, 587.0, -109.0, -793.0
55.618720512, 582.0, -115.0, -788.0
55.637985664, 586.0, -117.0, -796.0
55.657250816, 590.0, -119.0, -784.0
55.676515855, 590.0, -118.0, -789.0
55.69578112, 582.0, -112.0, -789.0
55.7150464, 576.0, -98.0, -793.0
55.73431168, 573.0, -106.0, -803.0
55.753577088, 573.0, -96.0, -794.0
55.772842368, 562.0, -109.0, -791.0
55.792107648, 586.0, -122.0, -793.0
55.811372928, 604.0, -120.0, -788.0
55.830638208, 596.0, -105.0, -792.0
55.849903488, 586.0, -99.0, -795.0
55.869168896, 585.0, -108.0, -790.0
55.888434176, 587.0, -110.0, -791.0
55.907699456, 585.0, -110.0, -793.0
55.926964736, 587.0, -109.0, -798.0
55.946230016, 583.0, -105.0, -791.0
55.965495424, 586.0, -110.0, -791.0
55.984760704, 590.0, -106.0, -794.0
56.004025984, 582.0, -113.0, -795.0
56.023291264, 581.0, -110.0, -797.0
56.042556544, 575.0, -116.0, -794.0
56.061821952, 570.0, -117.0, -800.0
56.081087232, 566.0, -113.0, -808.0
56.100352512, 565.0, -113.0, -798.0
56.119617792, 570.0, -109.0, -813.0
56.138883072, 556.0, -120.0, -799.0
56.158148352, 569.0, -110.0, -792.0
56.17741376, 579.0, -108.0, -803.0
56.19667904, 579.0, -112.0, -799.0
56.21594432, 576.0, -111.0, -791.0
56.2352096, 583.0, -108.0, -794.0
56.25447488, 597.0, -108.0, -797.0
56.273740288, 600.0, -101.0, -814.0
56.293005568, 586.0, -103.0, -799.0
56.312270848, 555.0, -99.0, -785.0
56.331536128, 560.0, -108.0, -791.0
56.350801408, 571.0, -85.0, -803.0
56.370066688, 551.0, -97.0, -807.0
56.389332096, 580.0, -143.0, -798.0
56.408597376, 582.0, -110.0, -771.0
56.427862656, 601.0, -115.0, -785.0
56.447127936, 587.0, -101.0, -804.0
56.466393216, 562.0, -103.0, -795.0
56.485658624, 573.0, -117.0, -802.0
56.504923904, 578.0, -111.0, -798.0
56.524189184, 578.0, -118.0, -798.0
56.543454464, 585.0, -114.0, -797.0
56.562719744, 582.0, -116.0, -793.0
56.581985024, 575.0, -105.0, -793.0
56.601250432, 580.0, -111.0, -798.0
56.620515712, 581.0, -108.0, -798.0
56.639780992, 579.0, -106.0, -796.0
56.659046272, 579.0, -106.0, -794.0
56.678311552, 584.0, -105.0, -795.0
56.69757696, 582.0, -103.0, -800.0
56.71684224, 583.0, -103.0, -797.0
56.73610752, 589.0, -103.0, -800.0
56.7553728, 582.0, -109.0, -795.0
56.77463808, 575.0, -108.0, -798.0
56.793903488, 577.0, -105.0, -800.0
56.813168768, 582.0, -111.0, -791.0
56.832434048, 584.0, -113.0, -792.0
56.851699328, 580.0, -109.0, -797.0
56.870964608, 580.0, -104.0, -803.0
56.890229888, 573.0, -108.0, -798.0
56.909495296, 566.0, -109.0, -800.0
56.928760576, 565.0, -111.0, -798.0
56.948025856, 574.0, -110.0, -795.0
56.967291136, 579.0, -105.0, -793.0
56.986556416, 580.0, -110.0, -796.0
57.005821824, 584.0, -106.0, -792.0
57.025087104, 585.0, -105.0, -792.0
57.044352384, 582.0, -104.0, -799.0
57.063617664, 573.0, -102.0, -798.0
57.082882944, 580.0, -106.0, -800.0
57.102148224, 583.0, -110.0, -799.0
57.121413632, 595.0, -107.0, -799.0
57.140678912, 589.0, -100.0, -793.0
57.159944192, 582.0, -102.0, -795.0
57.179209472, 583.0, -105.0, -793.0
57.198474752, 587.0, -117.0, -795.0
57.21774016, 588.0, -110.0, -790.0
57.23700544, 581.0, -101.0, -796.0
57.25627072, 575.0, -102.0, -801.0
57.275536, 564.0, -105.0, -795.0
57.29480128, 572.0, -109.0, -805.0
57.314066688, 576.0, -116.0, -800.0
57.333331969, 573.0, -112.0, -798.0
57.352598272, 569.0, -109.0, -800.0
57.371864576, 565.0, -107.0, -796.0
57.39113088, 572.0, -107.0, -806.0
57.410397184, 578.0, -114.0, -800.0
57.429663488, 578.0, -115.0, -797.0
57.448929792, 582.0, -111.0, -800.0
57.468196096, 574.0, -102.0, -798.0
57.4874624, 569.0, -105.0, -800.0
57.506728704, 573.0, -107.0, -796.0
57.525995008, 587.0, -106.0, -800.0
57.545261312, 586.0, -112.0, -793.0
57.564527616, 584.0, -110.0, -801.0
57.58379392, 575.0, -107.0, -801.0
57.603060224, 572.0, -102.0, -814.0
57.622326528, 572.0, -103.0, -806.0
57.641592832, 566.0, -109.0, -796.0
57.660859136, 573.0, -117.0, -802.0
57.68012544, 572.0, -111.0, -798.0
57.699391744, 566.0, -112.0, -794.0
57.718658048, 570.0, -107.0, -800.0
57.737924352, 579.0, -105.0, -796.0
57.757190656, 564.0, -109.0, -799.0
57.77645696, 565.0, -115.0, -802.0
57.795723264, 578.0, -112.0, -797.0
57.814989568, 576.0, -113.0, -801.0
57.834255872, 569.0, -103.0, -804.0
57.853522176, 573.0, -108.0, -805.0
57.87278848, 571.0, -114.0, -805.0
57.892054784, 575.0, -108.0, -805.0
57.911321088, 576.0, -107.0, -802.0
57.930587392, 580.0, -103.0, -803.0
57.949853696, 577.0, -111.0, -803.0
57.96912, 569.0, -103.0, -800.0
57.988386304, 569.0, -109.0, -806.0
58.007652608, 578.0, -102.0, -801.0
58.026918912, 573.0, -109.0, -797.0
58.046185216, 574.0, -105.0, -796.0
58.06545152, 570.0, -111.0, -805.0
58.084717824, 567.0, -113.0, -806.0
58.103984128, 566.0, -111.0, -802.0
58.123250432, 570.0, -105.0, -797.0
58.142516864, 567.0, -113.0, -805.0
58.161783168, 560.0, -114.0, -806.0
58.181049472, 558.0, -116.0, -811.0
58.200315776, 557.0, -111.0, -807.0
58.21958208, 575.0, -108.0, -803.0
58.238848384, 573.0, -111.0, -803.0
58.258114688, 565.0, -110.0, -801.0
58.277380992, 565.0, -108.0, -808.0
58.296647296, 565.0, -107.0, -808.0
58.3159136, 572.0, -111.0, -803.0
58.335179904, 577.0, -105.0, -802.0
58.354446208, 567.0, -106.0, -807.0
58.373712512, 562.0, -108.0, -805.0
58.392978816, 565.0, -110.0, -802.0
58.41224512, 575.0, -108.0, -806.0
58.431511424, 574.0, -106.0, -800.0
58.450777728, 563.0, -110.0, -803.0
58.470044032, 563.0, -115.0, -803.0
58.489310336, 563.0, -114.0, -803.0
58.50857664, 564.0, -109.0, -801.0
58.527842944, 565.0, -110.0, -805.0
58.547109248, 569.0, -113.0, -805.0
58.566375552, 566.0, -112.0, -802.0
58.585641856, 568.0, -115.0, -801.0
58.60490816, 568.0, -109.0, -808.0
58.624174464, 569.0, -107.0, -802.0
58.643440768, 567.0, -106.0, -805.0
58.662707072, 559.0, -109.0, -806.0
58.681973376, 575.0, -116.0, -804.0
58.70123968, 580.0, -108.0, -805.0
58.720505984, 570.0, -107.0, -802.0
58.739772288, 570.0, -109.0, -806.0
58.759038592, 570.0, -104.0, -810.0
58.778304896, 567.0, -104.0, -806.0
58.7975712, 573.0, -106.0, -805.0
58.816837504, 566.0, -105.0, -807.0
58.836103808, 568.0, -105.0, -803.0
58.855370112, 568.0, -112.0, -803.0
58.874636416, 567.0, -112.0, -808.0
58.89390272, 566.0, -107.0, -803.0
58.913169024, 571.0, -111.0, -804.0
58.932435328, 565.0, -115.0, -806.0
58.951701632, 568.0, -110.0, -803.0
58.970967936, 571.0, -109.0, -806.0
58.99023424, 571.0, -112.0, -800.0
59.009500544, 560.0, -114.0, -806.0
59.028766848, 560.0, -109.0, -808.0
59.048033152, 560.0, -108.0, -805.0
59.067299456, 573.0, -110.0, -807.0
59.08656576, 575.0, -110.0, -805.0
59.105832064, 569.0, -110.0, -807.0
59.125098368, 572.0, -110.0, -803.0
59.144364695, 569.0, -108.0, -806.0
59.16363008, 579.0, -106.0, -807.0
59.182895488, 571.0, -107.0, -806.0
59.202160896, 566.0, -102.0, -805.0
59.221426432, 572.0, -108.0, -799.0
59.24069184, 575.0, -105.0, -798.0
59.259957248, 573.0, -116.0, -805.0
59.279222656, 560.0, -111.0, -806.0
59.298488192, 569.0, -107.0, -800.0
59.3177536, 575.0, -117.0, -806.0
59.337019008, 565.0, -115.0, -804.0
59.356284416, 550.0, -109.0, -808.0
59.375549824, 559.0, -115.0, -811.0
59.39481536, 564.0, -111.0, -805.0
59.414080768, 568.0, -111.0, -798.0
59.433346176, 568.0, -114.0, -804.0
59.452611584, 563.0, -110.0, -807.0
59.47187712, 561.0, -113.0, -807.0
59.491142528, 561.0, -108.0, -811.0
59.510407936, 567.0, -111.0, -807.0
59.529673344, 574.0, -106.0, -803.0
59.548938752, 573.0, -105.0, -802.0
59.568204288, 573.0, -112.0, -804.0
59.587469696, 575.0, -112.0, -804.0
59.606735104, 565.0, -106.0, -808.0
59.626000512, 563.0, -111.0, -806.0
59.645266048, 570.0, -111.0, -806.0
59.664531456, 567.0, -109.0, -805.0
59.683796864, 563.0, -110.0, -807.0
59.703062272, 563.0, -114.0, -806.0
59.72232768, 567.0, -111.0, -804.0
59.741593216, 567.0, -111.0, -802.0
59.760858624, 562.0, -123.0, -811.0
59.780124032, 560.0, -117.0, -804.0
59.79938944, 564.0, -114.0, -807.0
59.818654976, 561.0, -111.0, -807.0
59.837920384, 572.0, -117.0, -810.0
59.857185792, 557.0, -111.0, -810.0
59.8764512, 551.0, -115.0, -808.0
59.895716608, 563.0, -112.0, -812.0
59.914982144, 580.0, -104.0, -803.0
59.934247552, 571.0, -108.0, -806.0
59.95351296, 560.0, -98.0, -809.0
59.972778368, 556.0, -109.0, -806.0
59.992043904, 559.0, -111.0, -808.0
60.011309312, 566.0, -104.0, -812.0
60.03057472, 563.0, -108.0, -809.0
60.049840128, 574.0, -106.0, -809.0
60.069105536, 560.0, -103.0, -797.0
60.088371072, 555.0, -120.0, -812.0
60.10763648, 566.0, -119.0, -803.0
60.126901888, 573.0, -114.0, -806.0
60.146167296, 563.0, -108.0, -809.0
60.165432832, 554.0, -117.0, -810.0
60.18469824, 548.0, -116.0, -808.0
60.203963648, 542.0, -110.0, -811.0
60.223229056, 558.0, -101.0, -794.0
60.242494464, 572.0, -131.0, -838.0
60.26176, 557.0, -102.0, -814.0
60.281025408, 540.0, -124.0, -827.0
60.300290816, 557.0, -116.0, -800.0
60.319556224, 563.0, -106.0, -804.0
60.33882176, 564.0, -98.0, -790.0
60.358087168, 589.0, -117.0, -799.0
60.377352576, 580.0, -121.0, -788.0
60.396617984, 588.0, -138.0, -788.0
60.415883392, 579.0, -124.0, -800.0
60.435148928, 558.0, -115.0, -800.0
60.454414336, 596.0, -125.0, -795.0
60.473679744, 566.0, -88.0, -800.0
60.492945152, 576.0, -121.0, -797.0
60.512210688, 604.0, -136.0, -804.0
60.531476096, 553.0, -95.0, -791.0
60.550741504, 604.0, -125.0, -792.0
60.570006912, 567.0, -130.0, -818.0
60.58927232, 508.0, -105.0, -839.0
60.608537856, 532.0, -100.0, -821.0
60.627803264, 601.0, -119.0, -798.0
60.647068672, 554.0, -103.0, -776.0
60.66633408, 613.0, -135.0, -780.0
60.685599616, 634.0, -112.0, -788.0
60.704865024, 547.0, -137.0, -819.0
60.724130491, 514.0, -115.0, -807.0
60.743396352, 524.0, -112.0, -823.0
60.762662272, 568.0, -103.0, -805.0
60.78192832, 593.0, -113.0, -803.0
60.80119424, 597.0, -109.0, -799.0
60.820460288, 562.0, -110.0, -811.0
60.839726208, 585.0, -118.0, -805.0
60.858992128, 578.0, -116.0, -811.0
60.878258176, 564.0, -116.0, -813.0
60.897524096, 581.0, -137.0, -820.0
60.916790144, 535.0, -84.0, -810.0
60.936056064, 528.0, -125.0, -807.0
60.955321984, 578.0, -102.0, -796.0
60.974588032, 591.0, -120.0, -794.0
60.993853952, 581.0, -116.0, -799.0
61.01312, 558.0, -112.0, -816.0
61.03238592, 535.0, -105.0, -816.0
61.05165184, 553.0, -119.0, -804.0
61.070917888, 577.0, -110.0, -807.0
61.090183808, 576.0, -124.0, -803.0
61.109449856, 571.0, -109.0, -801.0
61.128715776, 575.0, -110.0, -814.0
61.147981696, 579.0, -99.0, -808.0
61.167247744, 582.0, -112.0, -794.0
61.186513664, 614.0, -119.0, -816.0
61.205779712, 571.0, -106.0, -786.0
61.225045632, 558.0, -107.0, -807.0
61.244311552, 557.0, -111.0, -809.0
61.2635776, 567.0, -104.0, -802.0
61.28284352, 572.0, -111.0, -803.0
61.302109568, 579.0, -114.0, -805.0
61.321375488, 568.0, -109.0, -807.0
61.340641408, 568.0, -113.0, -808.0
61.359907456, 567.0, -115.0, -805.0
61.379173376, 564.0, -111.0, -805.0
61.398439424, 561.0, -111.0, -806.0
61.417705344, 564.0, -115.0, -806.0
61.436971264, 573.0, -112.0, -800.0
61.456237312, 581.0, -108.0, -805.0
61.475503232, 575.0, -109.0, -810.0
61.49476928, 562.0, -113.0, -805.0
61.5140352, 567.0, -106.0, -805.0
61.53330112, 572.0, -106.0, -808.0
61.552567168, 570.0, -103.0, -800.0
61.571833088, 568.0, -100.0, -790.0
61.591099136, 585.0, -123.0, -817.0
61.610365056, 579.0, -115.0, -800.0
61.629630976, 571.0, -116.0, -805.0
61.648897024, 575.0, -118.0, -816.0
61.668162944, 600.0, -100.0, -763.0
61.687428992, 583.0, -106.0, -796.0
61.706694912, 575.0, -113.0, -800.0
61.725960832, 575.0, -115.0, -798.0
61.74522688, 565.0, -112.0, -820.0
61.7644928, 574.0, -106.0, -796.0
61.783758848, 569.0, -112.0, -796.0
61.803024768, 564.0, -118.0, -808.0
61.822290688, 585.0, -123.0, -799.0
61.841556736, 587.0, -116.0, -797.0
61.860822656, 586.0, -108.0, -801.0
61.880088704, 560.0, -112.0, -807.0
61.899354624, 555.0, -113.0, -807.0
61.918620544, 569.0, -105.0, -804.0
61.937886592, 589.0, -109.0, -797.0
61.957152512, 586.0, -125.0, -809.0
61.97641856, 558.0, -119.0, -816.0
61.99568448, 530.0, -112.0, -823.0
62.0149504, 537.0, -101.0, -820.0
62.034216448, 578.0, -100.0, -792.0
62.053482368, 619.0, -99.0, -790.0
62.072748416, 480.0, -150.0, -790.0
62.092014336, 564.0, -93.0, -806.0
62.111280409, 560.0, -110.0, -807.0
62.130546304, 509.0, -115.0, -814.0
62.149812224, 567.0, -101.0, -809.0
62.169078144, 561.0, -114.0, -807.0
62.188344064, 551.0, -125.0, -812.0
62.207609984, 549.0, -131.0, -817.0
62.226875904, 542.0, -117.0, -832.0
62.246141824, 523.0, -113.0, -820.0
62.265407744, 572.0, -115.0, -774.0
62.284673536, 521.0, -49.0, -806.0
62.303939456, 564.0, -121.0, -797.0
62.323205376, 586.0, -132.0, -805.0
62.342471296, 551.0, -111.0, -793.0
62.361737216, 586.0, -93.0, -812.0
62.381003136, 584.0, -85.0, -813.0
62.400269056, 565.0, -102.0, -791.0
62.419534976, 563.0, -104.0, -802.0
62.438800896, 562.0, -120.0, -815.0
62.458066816, 574.0, -99.0, -797.0
62.477332736, 582.0, -116.0, -798.0
62.496598656, 572.0, -111.0, -794.0
62.515864576, 572.0, -114.0, -803.0
62.535130496, 567.0, -103.0, -816.0
62.554396416, 569.0, -109.0, -813.0
62.573662336, 560.0, -111.0, -801.0
62.592928128, 565.0, -118.0, -808.0
62.612194048, 554.0, -116.0, -820.0
62.631459968, 523.0, -112.0, -825.0
62.650725888, 528.0, -106.0, -814.0
62.669991808, 562.0, -114.0, -809.0
62.689257728, 585.0, -115.0, -796.0
62.708523648, 565.0, -113.0, -811.0
62.727789568, 544.0, -111.0, -822.0
62.747055488, 545.0, -108.0, -813.0
62.766321408, 564.0, -108.0, -814.0
62.785587328, 561.0, -111.0, -812.0
62.804853248, 556.0, -104.0, -811.0
62.824119168, 555.0, -106.0, -819.0
62.843385088, 551.0, -112.0, -821.0
62.862651008, 558.0, -115.0, -820.0
62.8819168, 554.0, -111.0, -828.0
62.90118272, 535.0, -110.0, -832.0
62.92044864, 506.0, -107.0, -821.0
62.93971456, 562.0, -104.0, -813.0
62.95898048, 542.0, -120.0, -828.0
62.9782464, 523.0, -134.0, -818.0
62.99751232, 525.0, -130.0, -815.0
63.01677824, 549.0, -120.0, -813.0
63.03604416, 554.0, -116.0, -811.0
63.05531008, 556.0, -111.0, -810.0
63.074576, 550.0, -105.0, -824.0
63.09384192, 545.0, -124.0, -817.0
63.11310784, 545.0, -113.0, -812.0
63.13237376, 550.0, -116.0, -815.0
63.15163968, 555.0, -113.0, -817.0
63.170905472, 545.0, -108.0, -822.0
63.190171392, 554.0, -103.0, -819.0
63.209437312, 559.0, -107.0, -810.0
63.228703232, 557.0, -111.0, -812.0
63.247969152, 560.0, -112.0, -815.0
63.267235072, 564.0, -111.0, -816.0
63.286500992, 555.0, -111.0, -816.0
63.305766912, 553.0, -114.0, -818.0
63.325032832, 551.0, -113.0, -816.0
63.344298752, 552.0, -125.0, -815.0
63.363564672, 557.0, -119.0, -812.0
63.382830592, 557.0, -116.0, -814.0
63.402096512, 552.0, -115.0, -815.0
63.421362432, 540.0, -116.0, -817.0
63.440628352, 554.0, -118.0, -828.0
63.459894272, 549.0, -116.0, -819.0
63.479160064, 536.0, -102.0, -806.0
63.498425984, 554.0, -117.0, -827.0
63.517691904, 566.0, -113.0, -806.0
63.536957824, 569.0, -104.0, -797.0
63.556223786, 563.0, -110.0, -814.0
63.575489792, 556.0, -115.0, -790.0
63.59475584, 567.0, -110.0, -802.0
63.61402176, 569.0, -93.0, -809.0
63.633287808, 512.0, -96.0, -806.0
63.652553856, 546.0, -83.0, -800.0
63.671819904, 611.0, -154.0, -827.0
63.691085824, 560.0, -95.0, -778.0
63.710351872, 584.0, -105.0, -768.0
63.72961792, 606.0, -126.0, -813.0
63.748883968, 559.0, -119.0, -814.0
63.768149888, 525.0, -110.0, -820.0
63.787415936, 533.0, -99.0, -810.0
63.806681984, 563.0, -112.0, -810.0
63.825947904, 581.0, -113.0, -806.0
63.845213952, 588.0, -133.0, -804.0
63.86448, 570.0, -119.0, -803.0
63.883746048, 564.0, -120.0, -807.0
63.903011968, 554.0, -112.0, -810.0
63.922278016, 548.0, -103.0, -809.0
63.941544064, 553.0, -103.0, -819.0
63.960810112, 560.0, -107.0, -805.0
63.980076032, 577.0, -117.0, -806.0
63.99934208, 573.0, -113.0, -813.0
64.018608128, 560.0, -116.0, -808.0
64.037874176, 563.0, -109.0, -809.0
64.057140096, 556.0, -111.0, -814.0
64.076406144, 552.0, -107.0, -814.0
64.095672192, 546.0, -105.0, -818.0
64.114938112, 545.0, -117.0, -825.0
64.13420416, 548.0, -108.0, -817.0
64.153470208, 551.0, -109.0, -812.0
64.172736256, 558.0, -109.0, -814.0
64.192002176, 560.0, -115.0, -810.0
64.211268224, 556.0, -115.0, -812.0
64.230534272, 554.0, -120.0, -814.0
64.24980032, 546.0, -123.0, -815.0
64.26906624, 542.0, -121.0, -814.0
64.288332288, 546.0, -128.0, -817.0
64.307598336, 544.0, -123.0, -821.0
64.326864256, 546.0, -116.0, -815.0
64.346130304, 551.0, -112.0, -816.0
64.365396352, 555.0, -116.0, -816.0
64.3846624, 546.0, -120.0, -816.0
64.40392832, 553.0, -113.0, -817.0
64.423194368, 574.0, -108.0, -811.0
64.442460416, 566.0, -100.0, -816.0
64.461726464, 552.0, -93.0, -819.0
64.480992384, 544.0, -94.0, -824.0
64.500258432, 535.0, -100.0, -828.0
64.51952448, 536.0, -111.0, -820.0
64.5387904, 539.0, -115.0, -827.0
64.558056448, 531.0, -114.0, -829.0
64.577322496, 525.0, -119.0, -826.0
64.596588544, 525.0, -121.0, -834.0
64.615854464, 529.0, -133.0, -824.0
64.635120512, 528.0, -117.0, -827.0
64.65438656, 522.0, -126.0, -833.0
64.673652608, 524.0, -122.0, -825.0
64.692918528, 528.0, -121.0, -829.0
64.712184576, 542.0, -109.0, -821.0
64.731450624, 555.0, -108.0, -821.0
64.750716672, 534.0, -101.0, -822.0
64.769982592, 524.0, -90.0, -843.0
64.78924864, 525.0, -102.0, -836.0
64.808514688, 538.0, -109.0, -836.0
64.827780608, 543.0, -106.0, -775.0
64.847046656, 575.0, -117.0, -806.0
64.866312704, 569.0, -144.0, -821.0
64.885578752, 528.0, -128.0, -818.0
64.904844672, 493.0, -131.0, -855.0
64.92411072, 466.0, -107.0, -843.0
64.943376768, 538.0, -108.0, -816.0
64.962642816, 620.0, -93.0, -818.0
64.981908736, 623.0, -140.0, -816.0
65.001174784, 523.0, -125.0, -830.0
65.020440832, 492.0, -114.0, -834.0
65.039706752, 520.0, -132.0, -836.0
65.0589728, 506.0, -114.0, -822.0
65.078238848, 526.0, -94.0, -800.0
65.097504858, 566.0, -93.0, -815.0
65.116771072, 565.0, -153.0, -801.0
65.136037248, 578.0, -138.0, -791.0
65.155303296, 572.0, -121.0, -815.0
65.174569472, 531.0, -120.0, -832.0
65.19383552, 505.0, -103.0, -825.0
65.213101696, 525.0, -111.0, -835.0
65.232367744, 546.0, -115.0, -830.0
65.25163392, 561.0, -129.0, -816.0
65.270900096, 568.0, -129.0, -817.0
65.290166144, 559.0, -141.0, -828.0
65.30943232, 582.0, -105.0, -833.0
65.328698368, 600.0, -96.0, -822.0
65.347964544, 535.0, -139.0, -815.0
65.36723072, 496.0, -118.0, -840.0
65.386496768, 479.0, -106.0, -849.0
65.405762944, 514.0, -125.0, -847.0
65.425028992, 562.0, -134.0, -851.0
65.444295168, 622.0, -140.0, -848.0
65.463561216, 591.0, -209.0, -864.0
65.482827392, 575.0, -194.0, -875.0
65.502093568, 484.0, -198.0, -825.0
65.521359616, 611.0, -171.0, -807.0
65.540625792, 303.0, -173.0, -740.0
65.55989184, 1036.0, -220.0, -708.0
65.579158016, 912.0, -159.0, -770.0
65.598424192, 948.0, -184.0, -575.0
65.61769024, 744.0, -81.0, -510.0
65.636956416, 711.0, -34.0, -486.0
65.656222464, 696.0, 59.0, -463.0
65.67548864, 718.0, 124.0, -525.0
65.694754688, 604.0, 107.0, -544.0
65.714020864, 576.0, 87.0, -552.0
65.73328704, 592.0, 45.0, -572.0
65.752553088, 620.0, 65.0, -676.0
65.771819264, 633.0, 161.0, -765.0
65.791085312, 598.0, 171.0, -754.0
65.810351488, 560.0, 172.0, -768.0
65.829617536, 574.0, 291.0, -951.0
65.848883712, 483.0, 84.0, -1045.0
65.868149888, 624.0, 139.0, -950.0
65.887415936, 597.0, 190.0, -973.0
65.906682112, 414.0, 233.0, -939.0
65.92594816, 453.0, 260.0, -897.0
65.945214336, 443.0, 353.0, -899.0
65.964480512, 483.0, 372.0, -940.0
65.98374656, 456.0, 408.0, -923.0
66.003012736, 386.0, 392.0, -901.0
66.022278784, 306.0, 345.0, -844.0
66.04154496, 370.0, 234.0, -845.0
66.060811008, 480.0, 154.0, -898.0
66.080077184, 529.0, 139.0, -891.0
66.09934336, 508.0, 136.0, -878.0
66.118609408, 458.0, 167.0, -860.0
66.137875584, 421.0, 180.0, -879.0
66.157141632, 431.0, 190.0, -850.0
66.176407704, 463.0, 204.0, -864.0
66.195672448, 484.0, 207.0, -864.0
66.214937216, 499.0, 207.0, -851.0
66.234201984, 509.0, 203.0, -846.0
66.253466624, 484.0, 192.0, -850.0
66.272731392, 479.0, 190.0, -858.0
66.29199616, 474.0, 192.0, -856.0
66.311260928, 473.0, 181.0, -859.0
66.330525696, 508.0, 169.0, -851.0
66.349790336, 529.0, 172.0, -825.0
66.369055104, 601.0, 113.0, -803.0
66.388319872, 586.0, 83.0, -862.0
66.40758464, 500.0, 81.0, -844.0
66.426849408, 488.0, 119.0, -853.0
66.446114048, 518.0, 144.0, -851.0
66.465378816, 490.0, 150.0, -854.0
66.484643584, 446.0, 151.0, -882.0
66.503908352, 444.0, 162.0, -868.0
66.52317312, 471.0, 170.0, -864.0
66.54243776, 452.0, 168.0, -832.0
66.561702528, 472.0, 162.0, -871.0
66.580967296, 470.0, 153.0, -922.0
66.600232064, 422.0, 135.0, -880.0
66.619496832, 418.0, 129.0, -893.0
66.638761472, 424.0, 149.0, -876.0
66.65802624, 460.0, 158.0, -879.0
66.677291008, 489.0, 118.0, -915.0
66.696555776, 451.0, 111.0, -855.0
66.715820416, 457.0, 98.0, -895.0
66.735085184, 464.0, 115.0, -883.0
66.754349952, 456.0, 132.0, -865.0
66.77361472, 514.0, 104.0, -884.0
66.792879488, 487.0, 92.0, -880.0
66.812144128, 471.0, 98.0, -873.0
66.831408896, 445.0, 99.0, -888.0
66.850673664, 441.0, 93.0, -870.0
66.869938432, 464.0, 69.0, -903.0
66.8892032, 451.0, 71.0, -884.0
66.90846784, 446.0, 64.0, -888.0
66.927732608, 454.0, 58.0, -889.0
66.946997376, 459.0, 58.0, -877.0
66.966262144, 465.0, 45.0, -897.0
66.985526912, 445.0, 52.0, -882.0
67.004791552, 436.0, 50.0, -892.0
67.02405632, 441.0, 51.0, -893.0
67.043321088, 436.0, 52.0, -897.0
67.062585856, 426.0, 57.0, -893.0
67.081850624, 433.0, 66.0, -883.0
67.101115264, 455.0, 64.0, -895.0
67.120380032, 448.0, 70.0, -894.0
67.1396448, 432.0, 65.0, -897.0
67.158909568, 395.0, 64.0, -905.0
67.178174336, 433.0, 68.0, -890.0
67.197438976, 446.0, 69.0, -895.0
67.216703744, 451.0, 68.0, -897.0
67.235968512, 440.0, 66.0, -900.0
67.25523328, 429.0, 67.0, -897.0
67.274498048, 449.0, 69.0, -883.0
67.293762688, 465.0, 67.0, -890.0
67.313027456, 452.0, 65.0, -886.0
67.332292224, 438.0, 66.0, -891.0
67.351556992, 442.0, 57.0, -896.0
67.37082176, 443.0, 63.0, -888.0
67.3900864, 448.0, 60.0, -892.0
67.409351168, 438.0, 38.0, -887.0
67.428615936, 451.0, 63.0, -889.0
67.447880704, 431.0, 42.0, -886.0
67.467145472, 442.0, 65.0, -884.0
67.486410112, 423.0, 44.0, -879.0
67.50567488, 448.0, 73.0, -887.0
67.524939648, 442.0, 46.0, -892.0
67.544204416, 438.0, 50.0, -894.0
67.563469118, 449.0, 49.0, -886.0
67.582733696, 457.0, 56.0, -888.0
67.601998336, 462.0, 58.0, -880.0
67.621262976, 474.0, 54.0, -884.0
67.640527616, 469.0, 51.0, -885.0
67.659792256, 456.0, 53.0, -888.0
67.679056768, 455.0, 43.0, -894.0
67.698321408, 441.0, 41.0, -878.0
67.717586048, 451.0, 39.0, -895.0
67.736850688, 448.0, 55.0, -875.0
67.756115328, 449.0, 45.0, -890.0
67.775379968, 446.0, 41.0, -890.0
67.794644608, 446.0, 44.0, -892.0
67.813909248, 450.0, 47.0, -891.0
67.833173888, 452.0, 56.0, -884.0
67.8524384, 450.0, 48.0, -894.0
67.87170304, 437.0, 40.0, -891.0
67.89096768, 441.0, 37.0, -882.0
67.91023232, 445.0, 25.0, -894.0
67.92949696, 455.0, 2.0, -895.0
67.9487616, 449.0, 8.0, -884.0
67.96802624, 440.0, -8.0, -889.0
67.98729088, 437.0, -20.0, -890.0
68.00655552, 448.0, -9.0, -897.0
68.02582016, 463.0, 3.0, -878.0
68.045084672, 443.0, 21.0, -895.0
68.064349312, 435.0, 24.0, -896.0
68.083613952, 446.0, 28.0, -901.0
68.102878592, 437.0, 32.0, -889.0
68.122143232, 447.0, 35.0, -894.0
68.141407872, 449.0, 28.0, -891.0
68.160672512, 432.0, 27.0, -904.0
68.179937152, 406.0, 31.0, -904.0
68.199201792, 421.0, 25.0, -899.0
68.218466304, 435.0, 31.0, -893.0
68.237730944, 436.0, 27.0, -899.0
68.256995584, 428.0, 18.0, -894.0
68.276260224, 410.0, 14.0, -907.0
68.295524864, 402.0, 14.0, -901.0
68.314789504, 417.0, 26.0, -897.0
68.334054144, 433.0, 26.0, -900.0
68.353318784, 432.0, 23.0, -903.0
68.372583424, 424.0, 17.0, -900.0
68.391847936, 421.0, 16.0, -899.0
68.411112576, 442.0, 29.0, -891.0
68.430377216, 456.0, 22.0, -899.0
68.449641856, 449.0, 24.0, -892.0
68.468906496, 438.0, 22.0, -893.0
68.488171136, 423.0, 23.0, -896.0
68.507435776, 451.0, 30.0, -888.0
68.526700416, 441.0, 17.0, -882.0
68.545965056, 459.0, 18.0, -889.0
68.565229568, 453.0, 16.0, -897.0
68.584494208, 437.0, 21.0, -898.0
68.603758848, 436.0, 25.0, -887.0
68.623023488, 444.0, 28.0, -887.0
68.642288128, 454.0, 25.0, -897.0
68.661552768, 449.0, 30.0, -889.0
68.680817408, 444.0, 27.0, -886.0
68.700082048, 448.0, 20.0, -885.0
68.719346688, 450.0, 28.0, -885.0
68.738611328, 451.0, 27.0, -895.0
68.75787584, 455.0, 14.0, -887.0
68.77714048, 447.0, 14.0, -895.0
68.79640512, 443.0, 24.0, -893.0
68.81566976, 449.0, 30.0, -891.0
68.8349344, 449.0, 26.0, -888.0
68.85419904, 457.0, 18.0, -882.0
68.87346368, 450.0, 21.0, -889.0
68.89272832, 450.0, 27.0, -894.0
68.91199296, 439.0, 30.0, -894.0
68.931257472, 449.0, 30.0, -894.0
68.950522112, 435.0, 19.0, -895.0
68.969786752, 436.0, 9.0, -887.0
68.989051392, 460.0, 16.0, -867.0
69.008316032, 493.0, 10.0, -881.0
69.027580672, 474.0, 17.0, -879.0
69.046845312, 453.0, 12.0, -889.0
69.066109952, 453.0, 10.0, -888.0
69.085374592, 441.0, 21.0, -893.0
69.104639104, 450.0, 17.0, -877.0
69.123903744, 452.0, 12.0, -896.0
69.143168384, 450.0, 6.0, -889.0
69.162433024, 441.0, 15.0, -897.0
69.181697664, 442.0, 18.0, -896.0
69.200962304, 437.0, 18.0, -893.0
69.220226944, 428.0, 20.0, -897.0
69.239491584, 435.0, 17.0, -893.0
69.258756222, 440.0, 18.0, -892.0
70.703734016, 481.0, 36.0, -891.0
70.723002368, 477.0, 37.0, -880.0
70.74227072, 452.0, 19.0, -882.0
70.761538944, 460.0, 15.0, -874.0
70.780807296, 592.0, 45.0, -893.0
70.800075648, 519.0, 6.0, -872.0
70.819344, 464.0, 16.0, -888.0
70.838612224, 539.0, 28.0, -924.0
70.857880576, 479.0, 2.0, -878.0
70.877148928, 459.0, 8.0, -878.0
70.89641728, 484.0, 13.0, -878.0
70.915685504, 487.0, 23.0, -874.0
70.934953856, 477.0, 15.0, -882.0
70.954222208, 477.0, 13.0, -871.0
70.97349056, 487.0, 19.0, -870.0
70.992758784, 474.0, 13.0, -888.0
71.012027136, 456.0, 10.0, -881.0
71.031295488, 454.0, 12.0, -881.0
71.05056384, 466.0, 13.0, -882.0
71.069832064, 469.0, 7.0, -885.0
71.089100416, 454.0, 13.0, -873.0
71.108368768, 453.0, 7.0, -889.0
71.12763712, 460.0, 10.0, -879.0
71.146905344, 471.0, 23.0, -870.0
71.166173696, 493.0, 19.0, -881.0
71.185442048, 488.0, 12.0, -865.0
71.2047104, 480.0, -6.0, -887.0
71.223978624, 442.0, -14.0, -878.0
71.243246976, 451.0, 9.0, -871.0
71.262515328, 456.0, 3.0, -886.0
71.28178368, 446.0, 11.0, -897.0
71.301051904, 427.0, 12.0, -892.0
71.320320256, 446.0, 15.0, -887.0
71.339588608, 460.0, 21.0, -890.0
71.35885696, 461.0, 17.0, -888.0
71.378125184, 447.0, 9.0, -887.0
71.397393536, 438.0, 7.0, -889.0
71.416661888, 454.0, 10.0, -887.0
71.43593024, 456.0, 9.0, -882.0
71.455198592, 466.0, 3.0, -884.0
71.474466816, 471.0, 9.0, -885.0
71.493735168, 469.0, 12.0, -886.0
71.51300352, 451.0, 6.0, -885.0
71.532271872, 448.0, 9.0, -886.0
71.551540096, 453.0, 5.0, -884.0
71.570808448, 450.0, 6.0, -888.0
71.5900768, 445.0, 7.0, -890.0
71.609345152, 442.0, 12.0, -888.0
71.628613376, 449.0, 6.0, -888.0
71.647881728, 450.0, 9.0, -885.0
71.66715008, 452.0, 1.0, -887.0
71.686418432, 453.0, 1.0, -883.0
71.705686656, 452.0, 2.0, -884.0
71.724955008, 466.0, 8.0, -890.0
71.74422336, 458.0, -1.0, -890.0
71.763491712, 451.0, 5.0, -886.0
71.782759936, 451.0, 12.0, -887.0
71.802028288, 464.0, 6.0, -891.0
71.82129664, 449.0, 0.0, -884.0
71.840564992, 443.0, 8.0, -885.0
71.859833216, 445.0, 6.0, -888.0
71.879101568, 455.0, 9.0, -889.0
71.89836992, 448.0, 9.0, -887.0
71.917638272, 442.0, 8.0, -887.0
71.936906496, 437.0, 7.0, -886.0
71.956174848, 448.0, 10.0, -891.0
71.9754432, 446.0, 3.0, -891.0
71.994711552, 447.0, 7.0, -889.0
72.013979776, 451.0, 11.0, -885.0
72.033248128, 456.0, 7.0, -887.0
72.05251648, 452.0, 6.0, -887.0
72.071784832, 450.0, 4.0, -893.0
72.091053056, 454.0, 2.0, -890.0
72.110321408, 448.0, 0.0, -890.0
72.12958976, 449.0, 7.0, -893.0
72.148858112, 450.0, -1.0, -889.0
72.168126464, 449.0, 4.0, -896.0
72.187394688, 443.0, 16.0, -882.0
72.20666304, 459.0, 3.0, -897.0
72.225931392, 449.0, 6.0, -890.0
72.245199744, 445.0, 5.0, -895.0
72.264467944, 450.0, 6.0, -888.0
72.283736064, 450.0, 13.0, -888.0
72.30300416, 449.0, 10.0, -896.0
72.322272128, 443.0, 14.0, -882.0
72.341540224, 464.0, 7.0, -888.0
72.360808192, 451.0, 4.0, -880.0
72.380076288, 466.0, 12.0, -894.0
72.399344384, 447.0, -4.0, -890.0
72.418612352, 442.0, 4.0, -900.0
72.437880448, 421.0, 0.0, -899.0
72.457148544, 419.0, 3.0, -890.0
72.476416512, 455.0, 22.0, -883.0
72.495684608, 446.0, -20.0, -893.0
72.514952576, 484.0, -6.0, -896.0
72.534220672, 460.0, -9.0, -884.0
72.553488768, 431.0, 12.0, -876.0
72.572756736, 409.0, 31.0, -878.0
72.592024832, 377.0, 53.0, -915.0
72.611292928, 303.0, -237.0, -891.0
72.630560896, 455.0, 68.0, -848.0
72.649828992, 461.0, 108.0, -770.0
72.66909696, 601.0, 99.0, -744.0
72.688365056, 759.0, 56.0, -648.0
72.707633152, 1009.0, 36.0, -564.0
72.72690112, 1202.0, 193.0, -592.0
72.746169216, 1065.0, 291.0, -628.0
72.765437312, 818.0, 225.0, -645.0
72.78470528, 712.0, 205.0, -642.0
72.803973376, 678.0, 174.0, -644.0
72.823241344, 724.0, 165.0, -618.0
72.84250944, 781.0, 144.0, -624.0
72.861777536, 805.0, 126.0, -593.0
72.881045504, 794.0, 100.0, -567.0
72.9003136, 811.0, 102.0, -525.0
72.919581696, 756.0, 75.0, -527.0
72.938849664, 712.0, -19.0, -494.0
72.95811776, 731.0, -113.0, -475.0
72.977385728, 777.0, -209.0, -492.0
72.996653824, 675.0, -329.0, -513.0
73.01592192, 606.0, -329.0, -524.0
73.035189888, 566.0, -407.0, -562.0
73.054457984, 734.0, -460.0, -566.0
73.07372608, 1367.0, -340.0, -679.0
73.092994048, 1043.0, -200.0, -687.0
73.112262144, 663.0, -247.0, -709.0
73.131530112, 544.0, -175.0, -776.0
73.150798208, 540.0, -135.0, -825.0
73.170066304, 535.0, -128.0, -793.0
73.189334272, 552.0, -135.0, -795.0
73.208602368, 587.0, -136.0, -768.0
73.227870464, 626.0, -105.0, -739.0
73.247138432, 663.0, -119.0, -745.0
73.266406528, 678.0, -121.0, -767.0
73.285674496, 638.0, -115.0, -757.0
73.304942592, 620.0, -112.0, -765.0
73.324210688, 607.0, -131.0, -772.0
73.343478656, 599.0, -146.0, -775.0
73.362746752, 604.0, -152.0, -776.0
73.382014848, 590.0, -141.0, -778.0
73.401282816, 589.0, -138.0, -771.0
73.42055082, 603.0, -143.0, -787.0
73.439817216, 597.0, -141.0, -775.0
73.459083648, 603.0, -145.0, -770.0
73.478349952, 614.0, -147.0, -773.0
73.497616384, 602.0, -149.0, -774.0
73.516882688, 599.0, -148.0, -776.0
73.53614912, 606.0, -133.0, -778.0
73.555415424, 587.0, -123.0, -784.0
73.574681856, 557.0, -126.0, -797.0
73.59394816, 543.0, -130.0, -799.0
73.613214592, 575.0, -150.0, -791.0
73.632480896, 580.0, -159.0, -792.0
73.651747328, 558.0, -152.0, -799.0
73.671013632, 477.0, -156.0, -775.0
73.690280064, 620.0, -131.0, -778.0
73.709546368, 574.0, -136.0, -786.0
73.7288128, 579.0, -147.0, -791.0
73.748079232, 593.0, -132.0, -790.0
73.767345536, 589.0, -115.0, -785.0
73.786611968, 573.0, -130.0, -790.0
73.805878272, 576.0, -135.0, -813.0
73.825144704, 570.0, -140.0, -786.0
73.844411008, 591.0, -145.0, -801.0
73.86367744, 585.0, -143.0, -796.0
73.882943744, 564.0, -132.0, -804.0
73.902210176, 567.0, -138.0, -793.0
73.92147648, 567.0, -145.0, -812.0
73.940742912, 581.0, -141.0, -785.0
73.960009216, 604.0, -139.0, -764.0
73.979275648, 515.0, -97.0, -793.0
73.99854208, 550.0, -130.0, -800.0
74.017808384, 588.0, -150.0, -783.0
74.037074816, 566.0, -162.0, -794.0
74.05634112, 579.0, -146.0, -799.0
74.075607552, 604.0, -140.0, -782.0
74.094873856, 566.0, -115.0, -780.0
74.114140288, 586.0, -153.0, -796.0
74.133406592, 586.0, -136.0, -783.0
74.152673024, 567.0, -160.0, -795.0
74.171939328, 579.0, -135.0, -776.0
74.19120576, 603.0, -148.0, -791.0
74.210472064, 595.0, -125.0, -775.0
74.229738496, 596.0, -140.0, -795.0
74.2490048, 591.0, -140.0, -784.0
74.268271232, 595.0, -137.0, -790.0
74.287537664, 587.0, -143.0, -799.0
74.306803968, 580.0, -140.0, -796.0
74.3260704, 576.0, -141.0, -791.0
74.345336704, 582.0, -134.0, -787.0
74.364603136, 593.0, -136.0, -784.0
74.38386944, 580.0, -149.0, -791.0
74.403135872, 574.0, -153.0, -788.0
74.422402176, 574.0, -144.0, -788.0
74.441668608, 580.0, -138.0, -783.0
74.460934912, 583.0, -144.0, -795.0
74.480201344, 568.0, -149.0, -798.0
74.499467648, 552.0, -142.0, -797.0
74.51873408, 557.0, -147.0, -793.0
74.538000384, 574.0, -132.0, -790.0
74.557266816, 594.0, -142.0, -792.0
74.576533248, 566.0, -128.0, -793.0
74.595799552, 576.0, -149.0, -803.0
74.615065984, 592.0, -136.0, -784.0
74.634332288, 601.0, -151.0, -794.0
74.65359872, 587.0, -156.0, -783.0
74.672865024, 566.0, -146.0, -803.0
74.692131456, 550.0, -152.0, -807.0
74.71139776, 549.0, -137.0, -797.0
74.730664148, 567.0, -141.0, -784.0
74.749929472, 604.0, -148.0, -790.0
74.769194752, 597.0, -158.0, -794.0
74.78846016, 577.0, -158.0, -796.0
74.80772544, 552.0, -147.0, -803.0
74.82699072, 560.0, -145.0, -799.0
74.846256, 570.0, -148.0, -779.0
74.865521408, 593.0, -151.0, -788.0
74.884786688, 590.0, -146.0, -776.0
74.904051968, 583.0, -137.0, -793.0
74.923317248, 550.0, -136.0, -802.0
74.942582656, 546.0, -153.0, -775.0
74.961847936, 593.0, -148.0, -793.0
74.981113216, 596.0, -148.0, -791.0
75.000378496, 584.0, -146.0, -802.0
75.019643904, 560.0, -134.0, -803.0
75.038909184, 561.0, -146.0, -813.0
75.058174464, 590.0, -145.0, -752.0
75.077439744, 508.0, -82.0, -799.0
75.096705152, 621.0, -175.0, -776.0
75.115970432, 637.0, -150.0, -765.0
75.135235712, 590.0, -177.0, -797.0
75.154500992, 570.0, -131.0, -765.0
75.1737664, 568.0, -145.0, -782.0
75.19303168, 584.0, -133.0, -792.0
75.21229696, 558.0, -156.0, -810.0
75.23156224, 560.0, -151.0, -797.0
75.250827648, 582.0, -153.0, -786.0
75.270092928, 586.0, -161.0, -781.0
75.289358208, 583.0, -163.0, -777.0
75.308623488, 586.0, -141.0, -785.0
75.327888896, 592.0, -137.0, -793.0
75.347154176, 571.0, -137.0, -778.0
75.366419456, 588.0, -152.0, -791.0
75.385684736, 606.0, -126.0, -781.0
75.404950144, 602.0, -124.0, -784.0
75.424215424, 584.0, -127.0, -771.0
75.443480704, 587.0, -149.0, -798.0
75.462745984, 578.0, -158.0, -801.0
75.482011392, 559.0, -164.0, -798.0
75.501276672, 570.0, -150.0, -805.0
75.520541952, 567.0, -157.0, -803.0
75.539807232, 626.0, -152.0, -778.0
75.55907264, 561.0, -99.0, -794.0
75.57833792, 600.0, -164.0, -763.0
75.5976032, 592.0, -158.0, -769.0
75.61686848, 624.0, -180.0, -774.0
75.636133888, 583.0, -133.0, -752.0
75.655399168, 592.0, -150.0, -815.0
75.674664448, 579.0, -124.0, -778.0
75.693929728, 564.0, -157.0, -781.0
75.713195136, 582.0, -118.0, -783.0
75.732460416, 584.0, -139.0, -779.0
75.751725696, 618.0, -184.0, -764.0
75.770990976, 587.0, -141.0, -785.0
75.790256384, 586.0, -135.0, -776.0
75.809521664, 602.0, -141.0, -791.0
75.828786944, 599.0, -135.0, -780.0
75.848052224, 607.0, -140.0, -782.0
75.867317632, 597.0, -153.0, -790.0
75.886582912, 584.0, -133.0, -786.0
75.905848192, 585.0, -137.0, -791.0
75.925113472, 572.0, -144.0, -796.0
75.94437888, 565.0, -147.0, -799.0
75.96364416, 558.0, -149.0, -800.0
75.98290944, 552.0, -151.0, -804.0
76.00217472, 543.0, -155.0, -805.0
76.021440128, 543.0, -155.0, -801.0
76.040705408, 545.0, -154.0, -804.0
76.059970688, 545.0, -157.0, -806.0
76.079235968, 547.0, -148.0, -807.0
76.098501376, 543.0, -150.0, -798.0
76.117766656, 559.0, -153.0, -795.0
76.137031936, 572.0, -152.0, -801.0
76.156297252, 579.0, -138.0, -795.0
76.17556352, 576.0, -134.0, -795.0
76.194829824, 579.0, -143.0, -795.0
76.214096128, 565.0, -143.0, -795.0
76.233362304, 573.0, -153.0, -799.0
76.252628608, 578.0, -147.0, -793.0
76.271894912, 573.0, -150.0, -798.0
76.291161216, 580.0, -156.0, -793.0
76.310427392, 582.0, -156.0, -795.0
76.329693696, 575.0, -157.0, -793.0
76.34896, 576.0, -153.0, -788.0
76.368226304, 586.0, -156.0, -788.0
76.38749248, 585.0, -150.0, -791.0
76.406758784, 575.0, -140.0, -789.0
76.426025088, 582.0, -143.0, -787.0
76.445291392, 583.0, -144.0, -783.0
76.464557568, 584.0, -151.0, -781.0
76.483823872, 583.0, -148.0, -782.0
76.503090176, 575.0, -158.0, -787.0
76.52235648, 577.0, -149.0, -785.0
76.541622784, 579.0, -146.0, -789.0
76.56088896, 577.0, -148.0, -787.0
76.580155264, 576.0, -146.0, -794.0
76.599421568, 573.0, -146.0, -786.0
76.618687872, 584.0, -148.0, -791.0
76.637954048, 582.0, -147.0, -791.0
76.657220352, 577.0, -143.0, -789.0
76.676486656, 586.0, -143.0, -793.0
76.69575296, 593.0, -147.0, -786.0
76.715019136, 593.0, -150.0, -788.0
76.73428544, 590.0, -147.0, -789.0
76.753551744, 582.0, -150.0, -788.0
76.772818048, 572.0, -149.0, -795.0
76.792084224, 574.0, -143.0, -791.0
76.811350528, 575.0, -147.0, -789.0
76.830616832, 582.0, -146.0, -788.0
76.849883136, 578.0, -144.0, -788.0
76.86914944, 581.0, -146.0, -785.0
76.888415616, 598.0, -149.0, -785.0
76.90768192, 593.0, -128.0, -763.0
76.926948224, 602.0, -145.0, -775.0
76.946214528, 594.0, -146.0, -786.0
76.965480704, 581.0, -144.0, -780.0
76.984747008, 585.0, -149.0, -782.0
77.004013312, 623.0, -139.0, -783.0
77.023279616, 599.0, -148.0, -812.0
77.042545792, 580.0, -141.0, -774.0
77.061812096, 558.0, -144.0, -745.0
77.0810784, 662.0, -143.0, -742.0
77.100344704, 687.0, -127.0, -744.0
77.11961088, 616.0, -141.0, -779.0
77.138877184, 584.0, -140.0, -771.0
77.158143488, 609.0, -147.0, -763.0
77.177409792, 618.0, -144.0, -765.0
77.196676096, 596.0, -140.0, -776.0
77.215942272, 596.0, -136.0, -778.0
77.235208576, 590.0, -142.0, -779.0
77.25447488, 610.0, -142.0, -780.0
77.273741184, 604.0, -138.0, -783.0
77.29300736, 617.0, -157.0, -761.0
77.312273664, 591.0, -108.0, -768.0
77.331539968, 623.0, -163.0, -755.0
77.350806272, 606.0, -140.0, -771.0
77.370072448, 593.0, -138.0, -782.0
77.389338752, 573.0, -134.0, -770.0
77.408605056, 599.0, -148.0, -768.0
77.42787136, 607.0, -139.0, -775.0
77.447137536, 625.0, -147.0, -780.0
77.46640384, 612.0, -142.0, -782.0
77.485670144, 598.0, -146.0, -771.0
77.504936448, 602.0, -139.0, -780.0
77.524202752, 597.0, -135.0, -783.0
77.543468928, 595.0, -133.0, -781.0
77.562735232, 595.0, -130.0, -785.0
77.582001536, 596.0, -133.0, -780.0
77.60126784, 598.0, -138.0, -786.0
77.620534016, 597.0, -136.0, -779.0
77.63980032, 594.0, -141.0, -780.0
77.659066624, 582.0, -146.0, -784.0
77.678332928, 581.0, -143.0, -780.0
77.697599104, 582.0, -137.0, -776.0
77.716865408, 582.0, -146.0, -780.0
77.736131714, 588.0, -153.0, -784.0
77.755396352, 582.0, -145.0, -780.0
77.774660992, 590.0, -141.0, -785.0
77.79392576, 588.0, -143.0, -784.0
77.8131904, 590.0, -132.0, -784.0
77.83245504, 596.0, -134.0, -777.0
77.851719808, 591.0, -141.0, -781.0
77.870984448, 584.0, -143.0, -787.0
77.890249088, 572.0, -138.0, -789.0
77.909513856, 579.0, -141.0, -788.0
77.928778496, 591.0, -147.0, -790.0
77.948043136, 583.0, -138.0, -791.0
77.967307904, 589.0, -132.0, -785.0
77.986572544, 594.0, -144.0, -780.0
78.005837184, 589.0, -140.0, -785.0
78.025101952, 581.0, -144.0, -785.0
78.044366592, 576.0, -143.0, -793.0
78.063631232, 582.0, -141.0, -785.0
78.082896, 589.0, -146.0, -782.0
78.10216064, 593.0, -146.0, -780.0
78.12142528, 587.0, -141.0, -775.0
78.140690048, 589.0, -143.0, -782.0
78.159954688, 582.0, -143.0, -781.0
78.179219328, 575.0, -139.0, -784.0
78.198484096, 581.0, -146.0, -791.0
78.217748736, 595.0, -144.0, -781.0
78.237013376, 602.0, -144.0, -782.0
78.256278144, 597.0, -142.0, -777.0
78.275542784, 596.0, -145.0, -775.0
78.294807424, 586.0, -146.0, -782.0
78.314072192, 593.0, -140.0, -787.0
78.333336832, 589.0, -138.0, -783.0
78.352601472, 590.0, -142.0, -786.0
78.37186624, 590.0, -144.0, -781.0
78.39113088, 595.0, -138.0, -767.0
78.41039552, 607.0, -147.0, -787.0
78.429660288, 602.0, -148.0, -782.0
78.448924928, 589.0, -144.0, -767.0
78.468189568, 600.0, -145.0, -781.0
78.487454336, 599.0, -143.0, -766.0
78.506718976, 602.0, -145.0, -771.0
78.525983616, 596.0, -156.0, -794.0
78.545248384, 588.0, -135.0, -779.0
78.564513024, 602.0, -135.0, -746.0
78.583777664, 612.0, -121.0, -761.0
78.603042432, 636.0, -162.0, -765.0
78.622307072, 575.0, -158.0, -777.0
78.641571712, 619.0, -157.0, -749.0
78.66083648, 652.0, -140.0, -743.0
78.68010112, 617.0, -141.0, -769.0
78.699365888, 591.0, -135.0, -785.0
78.718630528, 586.0, -137.0, -788.0
78.737895168, 586.0, -136.0, -762.0
78.757159936, 631.0, -156.0, -785.0
78.776424576, 624.0, -142.0, -781.0
78.795689216, 607.0, -140.0, -789.0
78.814953984, 605.0, -167.0, -785.0
78.834218624, 568.0, -105.0, -770.0
78.853483264, 635.0, -167.0, -751.0
78.872748032, 628.0, -145.0, -761.0
78.892012672, 575.0, -145.0, -792.0
78.911277312, 554.0, -143.0, -770.0
78.93054208, 604.0, -152.0, -780.0
78.94980672, 606.0, -136.0, -789.0
78.96907136, 609.0, -156.0, -775.0
78.988336128, 620.0, -131.0, -746.0
79.007600768, 582.0, -125.0, -750.0
79.026865408, 592.0, -141.0, -780.0
79.046130176, 605.0, -138.0, -769.0
79.065394816, 588.0, -126.0, -775.0
79.084659456, 598.0, -130.0, -763.0
79.103924224, 627.0, -143.0, -765.0
79.123188864, 617.0, -143.0, -772.0
79.142453504, 615.0, -149.0, -775.0
79.161718272, 604.0, -154.0, -782.0
79.180982912, 596.0, -145.0, -776.0
79.200247552, 592.0, -140.0, -785.0
79.21951232, 594.0, -139.0, -780.0
79.238776996, 589.0, -134.0, -779.0
79.258043136, 606.0, -142.0, -772.0
79.277309312, 614.0, -146.0, -773.0
79.296575488, 604.0, -143.0, -777.0
79.315841792, 595.0, -141.0, -782.0
79.335107968, 585.0, -138.0, -778.0
79.354374144, 583.0, -140.0, -782.0
79.37364032, 587.0, -141.0, -781.0
79.392906496, 592.0, -143.0, -780.0
79.4121728, 603.0, -143.0, -774.0
79.431438976, 601.0, -141.0, -773.0
79.450705152, 601.0, -136.0, -782.0
79.469971328, 591.0, -130.0, -787.0
79.489237504, 592.0, -136.0, -781.0
79.508503808, 607.0, -132.0, -776.0
79.527769984, 608.0, -129.0, -775.0
79.54703616, 605.0, -135.0, -782.0
79.566302336, 591.0, -135.0, -788.0
79.585568512, 581.0, -137.0, -783.0
79.604834816, 583.0, -137.0, -790.0
79.624100992, 593.0, -139.0, -788.0
79.643367168, 592.0, -139.0, -784.0
79.662633344, 593.0, -140.0, -784.0
79.68189952, 604.0, -137.0, -783.0
79.701165824, 594.0, -132.0, -779.0
79.720432, 587.0, -139.0, -784.0
79.739698176, 584.0, -136.0, -780.0
79.758964352, 578.0, -137.0, -784.0
79.778230656, 585.0, -136.0, -780.0
79.797496832, 588.0, -137.0, -781.0
79.816763008, 594.0, -145.0, -781.0
79.836029184, 587.0, -146.0, -779.0
79.85529536, 581.0, -138.0, -781.0
79.874561664, 591.0, -134.0, -781.0
79.89382784, 597.0, -136.0, -777.0
79.913094016, 600.0, -129.0, -776.0
79.932360192, 597.0, -144.0, -789.0
79.951626368, 587.0, -138.0, -782.0
79.970892672, 596.0, -133.0, -790.0
79.990158848, 587.0, -135.0, -778.0
80.009425024, 591.0, -132.0, -787.0
80.0286912, 609.0, -140.0, -788.0
80.047957376, 587.0, -138.0, -788.0
80.06722368, 567.0, -137.0, -779.0
80.086489856, 598.0, -150.0, -789.0
80.105756032, 596.0, -146.0, -784.0
80.125022208, 591.0, -150.0, -784.0
80.144288384, 586.0, -134.0, -776.0
80.163554688, 594.0, -141.0, -784.0
80.182820864, 591.0, -148.0, -778.0
80.20208704, 579.0, -139.0, -788.0
80.221353216, 577.0, -141.0, -786.0
80.240619392, 578.0, -136.0, -778.0
80.259885696, 586.0, -140.0, -783.0
80.279151872, 587.0, -140.0, -776.0
80.298418048, 597.0, -141.0, -779.0
80.317684224, 593.0, -149.0, -796.0
80.3369504, 582.0, -149.0, -800.0
80.356216704, 575.0, -132.0, -800.0
80.37548288, 581.0, -135.0, -792.0
80.394749056, 615.0, -151.0, -792.0
80.414015232, 594.0, -116.0, -786.0
80.433281408, 620.0, -160.0, -776.0
80.452547712, 588.0, -141.0, -784.0
80.471813888, 588.0, -141.0, -786.0
80.491080064, 570.0, -139.0, -776.0
80.51034624, 587.0, -129.0, -788.0
80.529612416, 593.0, -149.0, -786.0
80.54887872, 588.0, -150.0, -780.0
80.568144896, 585.0, -152.0, -784.0
80.587411072, 578.0, -142.0, -789.0
80.606677248, 570.0, -145.0, -789.0
80.625943424, 576.0, -143.0, -780.0
80.645209728, 583.0, -140.0, -791.0
80.664475904, 589.0, -146.0, -776.0
80.68374208, 589.0, -142.0, -782.0
80.703008256, 588.0, -141.0, -788.0
80.722274432, 577.0, -135.0, -792.0
80.741540736, 575.0, -139.0, -788.0
80.760806912, 583.0, -139.0, -786.0
80.780073088, 583.0, -136.0, -791.0
80.799339264, 584.0, -142.0, -790.0
80.818605568, 587.0, -140.0, -789.0
80.837871744, 584.0, -135.0, -788.0
80.85713792, 586.0, -137.0, -791.0
80.876404096, 577.0, -145.0, -792.0
80.895670272, 584.0, -139.0, -784.0
80.914936576, 591.0, -142.0, -785.0
80.934202752, 585.0, -141.0, -790.0
80.953468981, 588.0, -134.0, -788.0
80.972736896, 578.0, -141.0, -788.0
80.992004864, 568.0, -142.0, -787.0
81.011272704, 570.0, -148.0, -789.0
81.030540672, 569.0, -149.0, -793.0
81.049808512, 575.0, -147.0, -791.0
81.06907648, 578.0, -141.0, -796.0
81.08834432, 574.0, -146.0, -793.0
81.107612288, 594.0, -140.0, -801.0
81.126880128, 582.0, -128.0, -781.0
81.146148096, 573.0, -135.0, -783.0
81.165415936, 588.0, -122.0, -788.0
81.184683904, 567.0, -124.0, -790.0
81.203951744, 576.0, -151.0, -786.0
81.223219712, 602.0, -136.0, -783.0
81.242487552, 583.0, -144.0, -784.0
81.26175552, 603.0, -140.0, -787.0
81.28102336, 588.0, -138.0, -795.0
81.300291328, 584.0, -138.0, -786.0
81.319559168, 603.0, -140.0, -799.0
81.338827136, 594.0, -137.0, -789.0
81.358094976, 594.0, -140.0, -787.0
81.377362944, 595.0, -131.0, -786.0
81.396630784, 550.0, -130.0, -791.0
81.415898752, 568.0, -146.0, -781.0
81.435166592, 586.0, -124.0, -773.0
81.45443456, 570.0, -141.0, -795.0
81.4737024, 574.0, -136.0, -787.0
81.492970368, 573.0, -136.0, -787.0
81.512238208, 587.0, -132.0, -784.0
81.531506176, 598.0, -139.0, -797.0
81.550774016, 597.0, -135.0, -788.0
81.570041984, 596.0, -130.0, -782.0
81.589309824, 590.0, -133.0, -788.0
81.608577792, 596.0, -130.0, -790.0
81.627845632, 594.0, -132.0, -789.0
81.6471136, 599.0, -135.0, -779.0
81.66638144, 593.0, -136.0, -789.0
81.685649408, 590.0, -137.0, -785.0
81.704917248, 586.0, -140.0, -781.0
81.724185216, 583.0, -136.0, -785.0
81.743453056, 582.0, -143.0, -791.0
81.762721024, 575.0, -147.0, -787.0
81.781988864, 582.0, -140.0, -791.0
81.801256832, 580.0, -137.0, -783.0
81.8205248, 595.0, -143.0, -777.0
81.83979264, 592.0, -130.0, -780.0
81.859060608, 583.0, -129.0, -776.0
81.878328448, 597.0, -130.0, -771.0
81.897596416, 589.0, -153.0, -780.0
81.916864256, 593.0, -131.0, -791.0
81.936132224, 574.0, -135.0, -768.0
81.955400064, 590.0, -140.0, -764.0
81.974668032, 559.0, -114.0, -785.0
81.993935872, 547.0, -128.0, -762.0
82.01320384, 603.0, -142.0, -796.0
82.03247168, 617.0, -123.0, -759.0
82.051739648, 692.0, -163.0, -810.0
82.071007488, 630.0, -114.0, -749.0
82.090275456, 646.0, -123.0, -758.0
82.109543296, 616.0, -152.0, -779.0
82.128811264, 582.0, -148.0, -796.0
82.148079104, 578.0, -132.0, -782.0
82.167347072, 591.0, -134.0, -778.0
82.186614912, 604.0, -141.0, -769.0
82.20588288, 602.0, -132.0, -763.0
82.22515072, 606.0, -152.0, -770.0
82.244418688, 604.0, -138.0, -768.0
82.263686528, 607.0, -143.0, -771.0
82.282954496, 590.0, -135.0, -781.0
82.302222336, 595.0, -142.0, -776.0
82.321490304, 604.0, -141.0, -779.0
82.340758144, 606.0, -136.0, -773.0
82.360026112, 596.0, -138.0, -784.0
82.379293952, 593.0, -139.0, -785.0
82.398561892, 590.0, -139.0, -787.0
82.417828864, 598.0, -137.0, -786.0
82.437095808, 590.0, -141.0, -780.0
82.456362752, 600.0, -149.0, -779.0
82.475629696, 602.0, -141.0, -777.0
82.49489664, 601.0, -138.0, -782.0
82.514163584, 606.0, -133.0, -781.0
82.5334304, 592.0, -138.0, -783.0
82.552697344, 585.0, -135.0, -777.0
82.571964288, 583.0, -138.0, -786.0
82.591231232, 589.0, -148.0, -783.0
82.610498176, 589.0, -143.0, -777.0
82.62976512, 592.0, -146.0, -776.0
82.649032064, 595.0, -141.0, -782.0
82.668299008, 593.0, -142.0, -780.0
82.687565952, 584.0, -136.0, -780.0
82.706832896, 584.0, -136.0, -787.0
82.72609984, 596.0, -131.0, -783.0
82.745366784, 585.0, -104.0, -755.0
82.7646336, 609.0, -118.0, -774.0
82.783900544, 622.0, -162.0, -774.0
82.803167488, 571.0, -134.0, -785.0
82.822434432, 597.0, -149.0, -777.0
82.841701376, 601.0, -124.0, -763.0
82.86096832, 608.0, -114.0, -821.0
82.880235264, 576.0, -149.0, -778.0
82.899502208, 601.0, -155.0, -767.0
82.918769152, 607.0, -140.0, -759.0
82.938036096, 618.0, -162.0, -761.0
82.95730304, 609.0, -131.0, -759.0
82.976569984, 588.0, -144.0, -784.0
82.9958368, 571.0, -121.0, -775.0
83.015103744, 573.0, -137.0, -776.0
83.034370688, 604.0, -150.0, -769.0
83.053637632, 618.0, -136.0, -771.0
83.072904576, 607.0, -152.0, -762.0
83.09217152, 605.0, -146.0, -791.0
83.111438464, 604.0, -140.0, -792.0
83.130705408, 584.0, -130.0, -780.0
83.149972352, 593.0, -144.0, -774.0
83.169239296, 559.0, -121.0, -776.0
83.18850624, 596.0, -150.0, -770.0
83.207773184, 615.0, -142.0, -776.0
83.22704, 610.0, -150.0, -762.0
83.246306944, 607.0, -145.0, -774.0
83.265573888, 590.0, -137.0, -759.0
83.284840832, 612.0, -143.0, -772.0
83.304107776, 624.0, -139.0, -788.0
83.32337472, 598.0, -146.0, -782.0
83.342641664, 592.0, -146.0, -764.0
83.361908608, 578.0, -104.0, -766.0
83.381175552, 629.0, -158.0, -747.0
83.400442496, 621.0, -127.0, -761.0
83.41970944, 593.0, -144.0, -785.0
83.438976256, 568.0, -142.0, -769.0
83.4582432, 618.0, -179.0, -763.0
83.477510144, 621.0, -156.0, -776.0
83.496777088, 588.0, -143.0, -783.0
83.516044032, 600.0, -123.0, -780.0
83.535310976, 594.0, -110.0, -782.0
83.55457792, 581.0, -142.0, -785.0
83.573844864, 583.0, -141.0, -774.0
83.593111808, 590.0, -156.0, -786.0
83.612378752, 610.0, -149.0, -794.0
83.631645696, 612.0, -129.0, -776.0
83.65091264, 589.0, -117.0, -756.0
83.670179456, 588.0, -115.0, -771.0
83.6894464, 576.0, -153.0, -752.0
83.708713344, 606.0, -132.0, -775.0
83.727980288, 590.0, -138.0, -768.0
83.747247232, 603.0, -144.0, -785.0
83.766514176, 575.0, -146.0, -786.0
83.78578112, 573.0, -144.0, -787.0
83.805048009, 586.0, -136.0, -781.0
83.824313216, 601.0, -135.0, -787.0
83.843578368, 584.0, -147.0, -791.0
83.862843392, 586.0, -139.0, -776.0
83.882108544, 588.0, -141.0, -784.0
83.901373568, 579.0, -146.0, -785.0
83.92063872, 576.0, -139.0, -787.0
83.939903744, 587.0, -140.0, -787.0
83.959168896, 588.0, -134.0, -779.0
83.97843392, 578.0, -115.0, -759.0
83.997699072, 610.0, -138.0, -772.0
84.016964096, 627.0, -144.0, -808.0
84.036229248, 599.0, -132.0, -776.0
84.0554944, 573.0, -148.0, -792.0
84.074759424, 579.0, -167.0, -790.0
84.094024576, 643.0, -141.0, -791.0
84.1132896, 576.0, -150.0, -770.0
84.132554752, 588.0, -155.0, -774.0
84.151819776, 628.0, -169.0, -776.0
84.171084928, 605.0, -157.0, -782.0
84.190349952, 604.0, -154.0, -765.0
84.209615104, 640.0, -134.0, -763.0
84.228880128, 652.0, -125.0, -725.0
84.24814528, 641.0, -136.0, -714.0
84.267410432, 624.0, -107.0, -734.0
84.286675456, 573.0, -102.0, -687.0
84.305940608, 612.0, -106.0, -716.0
84.325205632, 660.0, -110.0, -710.0
84.344470784, 700.0, -100.0, -718.0
84.363735808, 725.0, -118.0, -742.0
84.38300096, 734.0, -139.0, -724.0
84.402265984, 686.0, -151.0, -740.0
84.421531136, 651.0, -180.0, -770.0
84.44079616, 600.0, -167.0, -754.0
84.460061312, 614.0, -158.0, -751.0
84.479326464, 636.0, -149.0, -759.0
84.498591488, 617.0, -127.0, -750.0
84.51785664, 615.0, -133.0, -766.0
84.537121664, 625.0, -125.0, -747.0
84.556386816, 644.0, -138.0, -752.0
84.57565184, 729.0, -161.0, -775.0
84.594916992, 620.0, -158.0, -749.0
84.614182016, 619.0, -150.0, -764.0
84.633447168, 598.0, -151.0, -765.0
84.652712192, 609.0, -141.0, -756.0
84.671977344, 630.0, -138.0, -754.0
84.691242496, 630.0, -138.0, -749.0
84.71050752, 620.0, -138.0, -753.0
84.729772672, 616.0, -146.0, -767.0
84.749037696, 603.0, -140.0, -765.0
84.768302848, 606.0, -144.0, -762.0
84.787567872, 617.0, -140.0, -761.0
84.806833024, 640.0, -127.0, -750.0
84.826098048, 624.0, -146.0, -761.0
84.8453632, 614.0, -147.0, -776.0
84.864628224, 601.0, -144.0, -778.0
84.883893376, 603.0, -140.0, -779.0
84.9031584, 609.0, -147.0, -770.0
84.922423552, 610.0, -143.0, -768.0
84.941688704, 624.0, -148.0, -753.0
84.960953728, 636.0, -145.0, -761.0
84.98021888, 609.0, -146.0, -764.0
84.999483904, 591.0, -150.0, -773.0
85.018749056, 583.0, -151.0, -765.0
85.03801408, 619.0, -145.0, -755.0
85.057279232, 630.0, -156.0, -767.0
85.076544256, 623.0, -167.0, -775.0
85.095809408, 581.0, -147.0, -759.0
85.115074432, 602.0, -143.0, -787.0
85.134339584, 601.0, -145.0, -782.0
85.153604736, 599.0, -147.0, -757.0
85.17286976, 595.0, -138.0, -771.0
85.192134912, 630.0, -131.0, -762.0
85.21139985, 632.0, -159.0, -738.0
85.230665088, 627.0, -161.0, -760.0
85.249930368, 624.0, -131.0, -750.0
85.269195648, 611.0, -130.0, -769.0
85.288460928, 600.0, -142.0, -781.0
85.307726208, 590.0, -143.0, -778.0
85.326991488, 601.0, -157.0, -772.0
85.346256768, 614.0, -148.0, -762.0
85.365522048, 637.0, -146.0, -757.0
85.3847872, 622.0, -140.0, -754.0
85.40405248, 605.0, -152.0, -779.0
85.42331776, 591.0, -156.0, -786.0
85.44258304, 580.0, -155.0, -774.0
85.46184832, 604.0, -149.0, -777.0
85.4811136, 617.0, -144.0, -759.0
85.50037888, 673.0, -172.0, -748.0
85.51964416, 622.0, -115.0, -736.0
85.53890944, 642.0, -176.0, -731.0
85.55817472, 621.0, -151.0, -765.0
85.57744, 604.0, -150.0, -758.0
85.59670528, 614.0, -137.0, -744.0
85.61597056, 626.0, -144.0, -767.0
85.63523584, 627.0, -150.0, -763.0
85.654500992, 626.0, -155.0, -762.0
85.673766272, 623.0, -151.0, -768.0
85.693031552, 602.0, -144.0, -772.0
85.712296832, 598.0, -137.0, -773.0
85.731562112, 603.0, -137.0, -768.0
85.750827392, 614.0, -143.0, -764.0
85.770092672, 626.0, -146.0, -755.0
85.789357952, 623.0, -148.0, -758.0
85.808623232, 624.0, -140.0, -763.0
85.827888512, 606.0, -153.0, -769.0
85.847153792, 592.0, -145.0, -773.0
85.866419072, 593.0, -141.0, -775.0
85.885684352, 593.0, -139.0, -769.0
85.904949632, 605.0, -146.0, -762.0
85.924214784, 618.0, -151.0, -754.0
85.943480064, 617.0, -150.0, -772.0
85.962745344, 606.0, -140.0, -761.0
85.982010624, 604.0, -139.0, -771.0
86.001275904, 624.0, -140.0, -755.0
86.020541184, 636.0, -137.0, -766.0
86.039806464, 609.0, -137.0, -767.0
86.059071744, 602.0, -134.0, -772.0
86.078337024, 612.0, -135.0, -764.0
86.097602304, 623.0, -135.0, -765.0
86.116867584, 615.0, -145.0, -776.0
86.136132864, 608.0, -135.0, -772.0
86.155398144, 608.0, -141.0, -767.0
86.174663424, 622.0, -130.0, -766.0
86.193928576, 604.0, -128.0, -767.0
86.213193856, 635.0, -133.0, -732.0
86.232459136, 660.0, -158.0, -748.0
86.251724416, 638.0, -169.0, -748.0
86.270989696, 627.0, -118.0, -750.0
86.290254976, 617.0, -142.0, -770.0
86.309520256, 585.0, -137.0, -770.0
86.328785536, 603.0, -132.0, -756.0
86.348050816, 612.0, -130.0, -773.0
86.367316096, 622.0, -141.0, -759.0
86.386581376, 621.0, -140.0, -758.0
86.405846656, 616.0, -132.0, -762.0
86.425111936, 608.0, -110.0, -761.0
86.444377216, 628.0, -156.0, -757.0
86.463642368, 626.0, -143.0, -759.0
86.482907648, 625.0, -136.0, -760.0
86.502172928, 627.0, -132.0, -759.0
86.521438208, 617.0, -126.0, -768.0
86.540703488, 620.0, -122.0, -761.0
86.559968768, 617.0, -136.0, -769.0
86.579234048, 620.0, -138.0, -760.0
86.598499328, 630.0, -145.0, -752.0
86.617764608, 631.0, -141.0, -751.0
86.637029904, 624.0, -147.0, -767.0
86.656295808, 589.0, -139.0, -777.0
86.675561728, 589.0, -139.0, -773.0
86.69482752, 603.0, -146.0, -765.0
86.71409344, 611.0, -147.0, -758.0
86.733359232, 624.0, -149.0, -758.0
86.752625152, 625.0, -145.0, -757.0
86.771890944, 613.0, -142.0, -765.0
86.791156864, 601.0, -131.0, -767.0
86.810422656, 611.0, -133.0, -765.0
86.829688576, 627.0, -134.0, -758.0
86.848954368, 626.0, -140.0, -760.0
86.868220288, 624.0, -137.0, -764.0
86.88748608, 607.0, -138.0, -770.0
86.906752, 609.0, -138.0, -768.0
86.926017792, 611.0, -138.0, -769.0
86.945283712, 616.0, -144.0, -767.0
86.964549504, 623.0, -140.0, -765.0
86.983815424, 620.0, -142.0, -767.0
87.003081216, 613.0, -140.0, -765.0
87.022347136, 607.0, -135.0, -766.0
87.041612928, 595.0, -142.0, -760.0
87.060878848, 615.0, -149.0, -773.0
87.08014464, 604.0, -144.0, -768.0
87.09941056, 600.0, -141.0, -767.0
87.118676352, 620.0, -148.0, -764.0
87.137942272, 613.0, -135.0, -773.0
87.157208064, 622.0, -139.0, -765.0
87.176473984, 643.0, -145.0, -721.0
87.195739776, 620.0, -108.0, -751.0
87.215005696, 616.0, -154.0, -759.0
87.234271488, 618.0, -158.0, -759.0
87.253537408, 604.0, -147.0, -756.0
87.2728032, 618.0, -146.0, -768.0
87.29206912, 613.0, -134.0, -760.0
87.311334912, 619.0, -141.0, -774.0
87.330600832, 626.0, -147.0, -760.0
87.349866624, 627.0, -146.0, -765.0
87.369132544, 624.0, -141.0, -765.0
87.388398336, 610.0, -140.0, -768.0
87.407664256, 599.0, -144.0, -769.0
87.426930048, 600.0, -135.0, -775.0
87.446195968, 600.0, -145.0, -766.0
87.46546176, 606.0, -143.0, -769.0
87.48472768, 657.0, -164.0, -776.0
87.503993472, 613.0, -144.0, -765.0
87.523259392, 603.0, -146.0, -770.0
87.542525184, 596.0, -146.0, -768.0
87.561791104, 597.0, -144.0, -770.0
87.581056896, 607.0, -140.0, -771.0
87.600322816, 606.0, -138.0, -767.0
87.619588608, 613.0, -138.0, -766.0
87.638854528, 615.0, -144.0, -773.0
87.65812032, 606.0, -143.0, -765.0
87.67738624, 614.0, -144.0, -768.0
87.696652032, 606.0, -139.0, -776.0
87.715917952, 599.0, -137.0, -772.0
87.735183744, 609.0, -139.0, -773.0
87.754449664, 615.0, -141.0, -770.0
87.773715456, 619.0, -145.0, -769.0
87.792981376, 611.0, -142.0, -766.0
87.812247168, 609.0, -145.0, -773.0
87.831513088, 604.0, -142.0, -771.0
87.85077888, 601.0, -140.0, -770.0
87.8700448, 609.0, -142.0, -771.0
87.889310592, 611.0, -146.0, -765.0
87.908576512, 603.0, -149.0, -771.0
87.927842304, 602.0, -148.0, -765.0
87.947108224, 594.0, -145.0, -775.0
87.966374144, 593.0, -145.0, -775.0
87.985639936, 600.0, -138.0, -768.0
88.004905856, 605.0, -137.0, -770.0
88.024171648, 605.0, -141.0, -771.0
88.043437568, 603.0, -140.0, -771.0
88.06270336, 610.0, -141.0, -770.0
88.08196928, 607.0, -138.0, -772.0
88.101235072, 611.0, -139.0, -775.0
88.120500992, 605.0, -140.0, -774.0
88.139766746, 610.0, -142.0, -769.0
88.159033728, 610.0, -139.0, -768.0
88.178300672, 615.0, -141.0, -772.0
88.197567744, 609.0, -140.0, -771.0
88.216834688, 600.0, -143.0, -773.0
88.23610176, 600.0, -147.0, -769.0
88.255368704, 610.0, -143.0, -770.0
88.274635776, 608.0, -140.0, -768.0
88.29390272, 601.0, -145.0, -766.0
88.313169792, 605.0, -146.0, -767.0
88.332436736, 610.0, -146.0, -766.0
88.351703808, 609.0, -145.0, -771.0
88.370970752, 602.0, -143.0, -772.0
88.390237824, 595.0, -137.0, -770.0
88.409504768, 600.0, -145.0, -771.0
88.42877184, 607.0, -140.0, -764.0
88.448038784, 614.0, -140.0, -763.0
88.467305856, 612.0, -143.0, -765.0
88.4865728, 609.0, -143.0, -773.0
88.505839872, 602.0, -136.0, -773.0
88.525106816, 614.0, -143.0, -771.0
88.544373888, 614.0, -142.0, -775.0
88.563640832, 616.0, -141.0, -768.0
88.582907904, 611.0, -137.0, -771.0
88.602174848, 608.0, -137.0, -773.0
88.62144192, 614.0, -137.0, -768.0
88.640708864, 609.0, -143.0, -771.0
88.659975936, 604.0, -140.0, -770.0
88.67924288, 603.0, -147.0, -769.0
88.698509952, 600.0, -142.0, -769.0
88.717776896, 599.0, -142.0, -769.0
88.737043968, 604.0, -146.0, -768.0
88.756310912, 608.0, -142.0, -763.0
88.775577984, 611.0, -142.0, -764.0
88.794844928, 601.0, -146.0, -768.0
88.814112, 605.0, -144.0, -771.0
88.833378944, 613.0, -141.0, -769.0
88.852646016, 613.0, -140.0, -767.0
88.87191296, 610.0, -145.0, -775.0
88.891180032, 613.0, -141.0, -772.0
88.910446976, 611.0, -138.0, -768.0
88.929714048, 606.0, -137.0, -768.0
88.948980992, 614.0, -141.0, -771.0
88.968248064, 617.0, -141.0, -774.0
88.987515008, 607.0, -138.0, -767.0
89.00678208, 614.0, -141.0, -766.0
89.026049024, 618.0, -139.0, -768.0
89.045316096, 606.0, -143.0, -768.0
89.06458304, 609.0, -143.0, -768.0
89.083850112, 601.0, -144.0, -773.0
89.103117056, 599.0, -142.0, -770.0
89.122384128, 606.0, -141.0, -764.0
89.141651072, 607.0, -147.0, -765.0
89.160918144, 608.0, -144.0, -768.0
89.180185088, 597.0, -144.0, -771.0
89.19945216, 599.0, -151.0, -771.0
89.218719104, 607.0, -143.0, -775.0
89.237986176, 602.0, -136.0, -770.0
89.25725312, 603.0, -138.0, -766.0
89.276520192, 616.0, -137.0, -775.0
89.295787136, 612.0, -146.0, -772.0
89.315054208, 598.0, -149.0, -777.0
89.334321152, 585.0, -146.0, -780.0
89.353588224, 601.0, -128.0, -781.0
89.372855168, 630.0, -140.0, -765.0
89.39212224, 606.0, -145.0, -777.0
89.411389184, 581.0, -143.0, -785.0
89.430656256, 582.0, -135.0, -780.0
89.4499232, 610.0, -134.0, -767.0
89.469190272, 609.0, -137.0, -767.0
89.488457216, 615.0, -153.0, -765.0
89.507724288, 599.0, -158.0, -779.0
89.526991232, 586.0, -147.0, -776.0
89.546258304, 592.0, -139.0, -785.0
89.565525248, 590.0, -138.0, -780.0
89.58479232, 586.0, -147.0, -776.0
89.604059264, 589.0, -148.0, -785.0
89.623326336, 579.0, -136.0, -782.0
89.64259328, 588.0, -128.0, -756.0
89.661860352, 606.0, -146.0, -795.0
89.681127296, 604.0, -143.0, -754.0
89.700394368, 617.0, -147.0, -783.0
89.719661312, 612.0, -141.0, -757.0
89.738928384, 613.0, -136.0, -755.0
89.758195328, 602.0, -166.0, -797.0
89.7774624, 587.0, -149.0, -781.0
89.796729344, 608.0, -136.0, -777.0
89.815996416, 614.0, -145.0, -770.0
89.83526336, 601.0, -131.0, -779.0
89.854530443, 586.0, -145.0, -787.0
89.873797632, 592.0, -145.0, -782.0
89.893064832, 585.0, -155.0, -783.0
89.912331904, 593.0, -141.0, -782.0
89.931599104, 592.0, -141.0, -779.0
89.950866304, 593.0, -147.0, -781.0
89.970133376, 585.0, -150.0, -783.0
89.989400576, 585.0, -150.0, -783.0
90.008667776, 591.0, -148.0, -782.0
90.027934848, 593.0, -146.0, -781.0
90.047202048, 580.0, -154.0, -785.0
90.066469248, 577.0, -152.0, -785.0
90.08573632, 580.0, -143.0, -785.0
90.10500352, 589.0, -140.0, -784.0
90.12427072, 589.0, -146.0, -787.0
90.143537792, 594.0, -138.0, -785.0
90.162804992, 593.0, -145.0, -782.0
90.182072192, 608.0, -152.0, -781.0
90.201339264, 603.0, -148.0, -784.0
90.220606464, 609.0, -149.0, -784.0
90.239873664, 588.0, -138.0, -795.0
90.259140736, 615.0, -151.0, -795.0
90.278407936, 703.0, -152.0, -803.0
90.297675136, 686.0, -166.0, -809.0
90.316942208, 647.0, -167.0, -782.0
90.336209408, 542.0, -168.0, -877.0
90.355476608, 547.0, -140.0, -846.0
90.37474368, 571.0, -147.0, -829.0
90.39401088, 585.0, -149.0, -802.0
90.41327808, 582.0, -108.0, -778.0
90.432545152, 649.0, -105.0, -780.0
90.451812352, 792.0, 92.0, -753.0
90.471079552, 563.0, -51.0, -808.0
90.490346624, 537.0, 22.0, -788.0
90.509613824, 606.0, 87.0, -724.0
90.528881024, 666.0, 107.0, -664.0
90.548148096, 706.0, 116.0, -633.0
90.567415296, 658.0, 98.0, -665.0
90.586682496, 746.0, 78.0, -657.0
90.605949568, 817.0, 91.0, -596.0
90.625216768, 714.0, 109.0, -612.0
90.644483968, 664.0, 127.0, -690.0
90.66375104, 629.0, 119.0, -576.0
90.68301824, 788.0, 88.0, -635.0
90.70228544, 655.0, 179.0, -750.0
90.721552512, 809.0, 186.0, -696.0
90.740819712, 929.0, 187.0, -551.0
90.760086912, 844.0, 311.0, -598.0
90.779354112, 708.0, 367.0, -537.0
90.798621184, 383.0, 276.0, -653.0
90.817888384, 371.0, 75.0, -865.0
90.837155584, 924.0, 132.0, -647.0
90.856422656, 1152.0, 184.0, -526.0
90.875689856, 926.0, 341.0, -534.0
90.894957056, 706.0, 344.0, -641.0
90.914224128, 559.0, 385.0, -703.0
90.933491328, 606.0, 384.0, -729.0
90.952758528, 709.0, 296.0, -736.0
90.9720256, 753.0, 233.0, -693.0
90.9912928, 678.0, 220.0, -673.0
91.010559911, 638.0, 241.0, -739.0
91.029826304, 526.0, 285.0, -734.0
91.049092736, 474.0, 339.0, -674.0
91.068359168, 513.0, 420.0, -589.0
91.0876256, 631.0, 363.0, -488.0
91.10689216, 719.0, 339.0, -644.0
91.126158592, 728.0, 354.0, -628.0
91.145425024, 750.0, 271.0, -627.0
91.164691456, 770.0, 230.0, -641.0
91.183957888, 811.0, 337.0, -663.0
91.20322432, 762.0, 410.0, -676.0
91.222490752, 633.0, 404.0, -649.0
91.241757184, 636.0, 393.0, -584.0
91.261023744, 705.0, 389.0, -573.0
91.280290176, 775.0, 404.0, -587.0
91.299556608, 738.0, 377.0, -603.0
91.31882304, 666.0, 378.0, -620.0
91.338089472, 685.0, 378.0, -622.0
91.357355904, 683.0, 344.0, -663.0
91.376622336, 700.0, 322.0, -639.0
91.395888896, 722.0, 301.0, -627.0
91.415155328, 728.0, 326.0, -633.0
91.43442176, 695.0, 340.0, -604.0
91.453688192, 685.0, 354.0, -625.0
91.472954624, 697.0, 343.0, -626.0
91.492221056, 713.0, 349.0, -617.0
91.511487488, 750.0, 338.0, -642.0
91.530754048, 734.0, 329.0, -628.0
91.55002048, 727.0, 329.0, -641.0
91.569286912, 716.0, 311.0, -625.0
91.588553344, 713.0, 311.0, -614.0
91.607819776, 716.0, 334.0, -623.0
91.627086208, 701.0, 345.0, -608.0
91.64635264, 696.0, 347.0, -614.0
91.665619072, 728.0, 345.0, -598.0
91.684885632, 711.0, 346.0, -609.0
91.704152064, 708.0, 356.0, -609.0
91.723418496, 721.0, 361.0, -620.0
91.742684928, 730.0, 329.0, -616.0
91.76195136, 726.0, 309.0, -634.0
91.781217792, 700.0, 288.0, -640.0
91.800484224, 679.0, 293.0, -662.0
91.819750784, 675.0, 313.0, -677.0
91.839017216, 665.0, 326.0, -683.0
91.858283648, 668.0, 319.0, -654.0
91.87755008, 689.0, 322.0, -641.0
91.896816512, 706.0, 331.0, -634.0
91.916082944, 713.0, 327.0, -634.0
91.935349376, 709.0, 326.0, -633.0
91.954615936, 726.0, 324.0, -627.0
91.973882368, 730.0, 317.0, -621.0
91.9931488, 737.0, 304.0, -625.0
92.012415232, 727.0, 299.0, -623.0
92.031681664, 716.0, 306.0, -617.0
92.050948096, 723.0, 311.0, -625.0
92.070214528, 727.0, 316.0, -630.0
92.08948096, 708.0, 308.0, -633.0
92.10874752, 707.0, 304.0, -625.0
92.128013952, 722.0, 298.0, -623.0
92.147280384, 733.0, 297.0, -631.0
92.166546816, 725.0, 301.0, -626.0
92.185813248, 734.0, 296.0, -616.0
92.20507968, 729.0, 302.0, -628.0
92.224346112, 735.0, 295.0, -631.0
92.243612672, 739.0, 295.0, -620.0
92.262879104, 728.0, 306.0, -627.0
92.282145536, 728.0, 305.0, -632.0
92.301411968, 723.0, 296.0, -626.0
92.3206784, 715.0, 284.0, -624.0
92.339944832, 728.0, 288.0, -627.0
92.359211365, 730.0, 293.0, -634.0
92.378477312, 724.0, 301.0, -633.0
92.397743232, 714.0, 298.0, -639.0
92.417009152, 735.0, 297.0, -632.0
92.4362752, 739.0, 298.0, -621.0
92.45554112, 743.0, 310.0, -621.0
92.47480704, 736.0, 308.0, -619.0
92.49407296, 731.0, 301.0, -613.0
92.513339008, 733.0, 307.0, -613.0
92.532604928, 716.0, 314.0, -629.0
92.551870848, 712.0, 314.0, -628.0
92.571136768, 712.0, 321.0, -621.0
92.590402688, 706.0, 327.0, -628.0
92.609668736, 710.0, 323.0, -624.0
92.628934656, 707.0, 315.0, -618.0
92.648200576, 708.0, 319.0, -617.0
92.667466496, 717.0, 335.0, -612.0
92.686732544, 711.0, 346.0, -617.0
92.705998464, 705.0, 342.0, -620.0
92.725264384, 707.0, 338.0, -611.0
92.744530304, 715.0, 331.0, -612.0
92.763796224, 724.0, 324.0, -606.0
92.783062272, 737.0, 320.0, -618.0
92.802328192, 734.0, 302.0, -620.0
92.821594112, 746.0, 306.0, -607.0
92.840860032, 733.0, 321.0, -612.0
92.86012608, 729.0, 318.0, -611.0
92.879392, 736.0, 322.0, -608.0
92.89865792, 730.0, 321.0, -604.0
92.91792384, 746.0, 312.0, -594.0
92.93718976, 744.0, 314.0, -602.0
92.956455808, 729.0, 319.0, -601.0
92.975721728, 738.0, 312.0, -597.0
92.994987648, 731.0, 323.0, -601.0
93.014253568, 741.0, 313.0, -607.0
93.033519616, 725.0, 313.0, -610.0
93.052785536, 727.0, 318.0, -613.0
93.072051456, 727.0, 315.0, -621.0
93.091317376, 722.0, 307.0, -614.0
93.110583296, 726.0, 313.0, -611.0
93.129849344, 724.0, 305.0, -618.0
93.149115264, 734.0, 303.0, -618.0
93.168381184, 735.0, 301.0, -619.0
93.187647104, 734.0, 297.0, -620.0
93.206913152, 742.0, 297.0, -614.0
93.226179072, 738.0, 306.0, -614.0
93.245444992, 734.0, 303.0, -622.0
93.264710912, 739.0, 300.0, -614.0
93.283976832, 737.0, 298.0, -613.0
93.30324288, 733.0, 307.0, -604.0
93.3225088, 733.0, 313.0, -602.0
93.34177472, 737.0, 318.0, -595.0
93.36104064, 738.0, 315.0, -596.0
93.380306688, 730.0, 316.0, -600.0
93.399572608, 730.0, 308.0, -607.0
93.418838528, 735.0, 309.0, -607.0
93.438104448, 737.0, 306.0, -613.0
93.457370368, 731.0, 300.0, -615.0
93.476636416, 730.0, 304.0, -613.0
93.495902336, 734.0, 301.0, -615.0
93.515168256, 739.0, 302.0, -622.0
93.534434176, 741.0, 299.0, -617.0
93.553700224, 746.0, 300.0, -618.0
93.572966144, 737.0, 291.0, -614.0
93.592232064, 741.0, 294.0, -612.0
93.611497984, 743.0, 300.0, -615.0
93.630763904, 751.0, 299.0, -613.0
93.650029952, 745.0, 293.0, -616.0
93.669295872, 737.0, 300.0, -606.0
93.688561792, 742.0, 310.0, -599.0
93.707827712, 735.0, 315.0, -608.0
93.72709376, 729.0, 307.0, -613.0
93.74635968, 730.0, 310.0, -609.0
93.7656256, 724.0, 311.0, -621.0
93.78489152, 724.0, 303.0, -617.0
93.80415744, 730.0, 304.0, -621.0
93.823423488, 726.0, 310.0, -623.0
93.842689408, 734.0, 308.0, -617.0
93.861955328, 735.0, 309.0, -610.0
93.881221248, 731.0, 305.0, -597.0
93.900487296, 724.0, 314.0, -615.0
93.919753216, 727.0, 317.0, -623.0
93.939019136, 719.0, 303.0, -628.0
93.958285056, 728.0, 303.0, -625.0
93.977550976, 731.0, 296.0, -622.0
93.996817024, 736.0, 304.0, -615.0
94.016082944, 737.0, 315.0, -606.0
94.035348864, 735.0, 325.0, -598.0
94.054614784, 736.0, 336.0, -593.0
94.073880832, 734.0, 327.0, -608.0
94.093146752, 734.0, 315.0, -615.0
94.112412672, 728.0, 297.0, -615.0
94.131678592, 719.0, 295.0, -623.0
94.150944512, 714.0, 292.0, -637.0
94.170210521, 713.0, 296.0, -643.0
94.189476736, 704.0, 298.0, -645.0
94.208742912, 707.0, 305.0, -645.0
94.228009216, 702.0, 302.0, -641.0
94.247275392, 703.0, 299.0, -636.0
94.266541568, 723.0, 304.0, -625.0
94.285807744, 730.0, 301.0, -622.0
94.305074048, 726.0, 300.0, -619.0
94.324340224, 731.0, 294.0, -621.0
94.3436064, 740.0, 289.0, -620.0
94.362872576, 743.0, 285.0, -620.0
94.38213888, 740.0, 281.0, -620.0
94.401405056, 743.0, 282.0, -622.0
94.420671232, 741.0, 287.0, -625.0
94.439937408, 740.0, 291.0, -620.0
94.459203712, 736.0, 287.0, -627.0
94.478469888, 729.0, 282.0, -625.0
94.497736064, 736.0, 281.0, -613.0
94.51700224, 739.0, 282.0, -619.0
94.536268544, 734.0, 283.0, -619.0
94.55553472, 735.0, 280.0, -618.0
94.574800896, 738.0, 292.0, -614.0
94.594067072, 728.0, 291.0, -620.0
94.613333376, 727.0, 287.0, -620.0
94.632599552, 728.0, 286.0, -620.0
94.651865728, 740.0, 283.0, -627.0
94.671131904, 721.0, 283.0, -629.0
94.690398208, 730.0, 281.0, -629.0
94.709664384, 733.0, 284.0, -628.0
94.72893056, 718.0, 292.0, -632.0
94.748196736, 726.0, 288.0, -626.0
94.76746304, 731.0, 285.0, -627.0
94.786729216, 731.0, 282.0, -628.0
94.805995392, 738.0, 279.0, -628.0
94.825261568, 734.0, 281.0, -625.0
94.844527872, 742.0, 280.0, -623.0
94.863794048, 733.0, 294.0, -632.0
94.883060224, 727.0, 286.0, -625.0
94.9023264, 728.0, 279.0, -624.0
94.921592704, 726.0, 286.0, -627.0
94.94085888, 726.0, 284.0, -625.0
94.960125056, 729.0, 292.0, -622.0
94.979391232, 728.0, 293.0, -617.0
94.998657536, 735.0, 289.0, -617.0
95.017923712, 738.0, 290.0, -619.0
95.037189888, 728.0, 292.0, -620.0
95.056456064, 721.0, 290.0, -622.0
95.075722368, 721.0, 289.0, -629.0
95.094988544, 728.0, 288.0, -631.0
95.11425472, 733.0, 288.0, -627.0
95.133520896, 735.0, 281.0, -622.0
95.1527872, 740.0, 280.0, -623.0
95.172053376, 733.0, 287.0, -626.0
95.191319552, 731.0, 283.0, -630.0
95.210585728, 728.0, 284.0, -630.0
95.229852032, 729.0, 284.0, -629.0
95.249118208, 730.0, 286.0, -633.0
95.268384384, 728.0, 287.0, -624.0
95.28765056, 730.0, 280.0, -624.0
95.306916864, 730.0, 279.0, -632.0
95.32618304, 726.0, 281.0, -630.0
95.345449216, 723.0, 286.0, -626.0
95.364715392, 721.0, 293.0, -624.0
95.383981696, 721.0, 297.0, -624.0
95.403247872, 732.0, 282.0, -619.0
95.422514048, 735.0, 285.0, -623.0
95.441780224, 732.0, 283.0, -626.0
95.461046528, 724.0, 278.0, -626.0
95.480312704, 725.0, 287.0, -620.0
95.49957888, 733.0, 286.0, -630.0
95.518845056, 724.0, 288.0, -633.0
95.53811136, 731.0, 285.0, -628.0
95.557377536, 728.0, 291.0, -625.0
95.576643712, 724.0, 287.0, -631.0
95.595909888, 729.0, 281.0, -631.0
95.615176192, 733.0, 280.0, -632.0
95.634442368, 727.0, 279.0, -626.0
95.653708544, 729.0, 286.0, -635.0
95.67297472, 731.0, 284.0, -632.0
95.692241024, 729.0, 287.0, -628.0
95.7115072, 730.0, 282.0, -627.0
95.730773376, 728.0, 286.0, -632.0
95.750039552, 719.0, 289.0, -632.0
95.769305856, 723.0, 290.0, -628.0
95.788572032, 731.0, 280.0, -629.0
95.807838208, 731.0, 284.0, -621.0
95.827104384, 736.0, 284.0, -626.0
95.846370688, 721.0, 280.0, -629.0
95.865636864, 725.0, 277.0, -627.0
95.88490304, 722.0, 282.0, -623.0
95.904169216, 739.0, 281.0, -627.0
95.92343552, 735.0, 275.0, -627.0
95.942701696, 719.0, 279.0, -629.0
95.961967872, 725.0, 278.0, -633.0
95.981234095, 723.0, 278.0, -627.0
96.000499968, 737.0, 281.0, -623.0
96.019765888, 737.0, 277.0, -618.0
96.039031936, 746.0, 278.0, -625.0
96.058297856, 746.0, 275.0, -623.0
96.077563776, 744.0, 274.0, -619.0
96.096829824, 744.0, 272.0, -619.0
96.116095744, 735.0, 273.0, -627.0
96.135361664, 729.0, 268.0, -628.0
96.154627712, 729.0, 281.0, -628.0
96.173893632, 730.0, 281.0, -625.0
96.193159552, 730.0, 273.0, -623.0
96.2124256, 732.0, 268.0, -623.0
96.23169152, 737.0, 271.0, -628.0
96.250957568, 728.0, 276.0, -637.0
96.270223488, 725.0, 272.0, -635.0
96.289489408, 720.0, 273.0, -630.0
96.308755456, 726.0, 276.0, -625.0
96.328021376, 729.0, 284.0, -630.0
96.347287296, 733.0, 277.0, -623.0
96.366553344, 730.0, 281.0, -623.0
96.385819264, 739.0, 279.0, -622.0
96.405085184, 734.0, 279.0, -624.0
96.424351232, 740.0, 279.0, -625.0
96.443617152, 737.0, 282.0, -625.0
96.462883072, 741.0, 279.0, -626.0
96.48214912, 737.0, 283.0, -623.0
96.50141504, 731.0, 276.0, -625.0
96.52068096, 739.0, 276.0, -620.0
96.539947008, 732.0, 283.0, -622.0
96.559212928, 727.0, 283.0, -625.0
96.578478848, 729.0, 282.0, -619.0
96.597744896, 736.0, 289.0, -616.0
96.617010816, 728.0, 284.0, -623.0
96.636276864, 733.0, 283.0, -617.0
96.655542784, 730.0, 285.0, -625.0
96.674808704, 729.0, 285.0, -623.0
96.694074752, 730.0, 280.0, -628.0
96.713340672, 721.0, 276.0, -632.0
96.732606592, 730.0, 276.0, -629.0
96.75187264, 738.0, 277.0, -626.0
96.77113856, 744.0, 280.0, -623.0
96.79040448, 736.0, 284.0, -623.0
96.809670528, 729.0, 277.0, -626.0
96.828936448, 729.0, 282.0, -626.0
96.848202368, 740.0, 282.0, -628.0
96.867468416, 740.0, 276.0, -624.0
96.886734336, 735.0, 277.0, -617.0
96.906000256, 736.0, 274.0, -618.0
96.925266304, 738.0, 280.0, -625.0
96.944532224, 742.0, 285.0, -625.0
96.963798144, 743.0, 278.0, -622.0
96.983064192, 733.0, 280.0, -615.0
97.002330112, 732.0, 274.0, -624.0
97.021596032, 732.0, 277.0, -628.0
97.04086208, 732.0, 275.0, -632.0
97.060128, 726.0, 277.0, -631.0
97.079394048, 719.0, 279.0, -629.0
97.098659968, 721.0, 284.0, -624.0
97.117925888, 721.0, 284.0, -628.0
97.137191936, 722.0, 281.0, -625.0
97.156457856, 731.0, 280.0, -629.0
97.175723776, 721.0, 282.0, -629.0
97.194989824, 732.0, 279.0, -632.0
97.214255744, 724.0, 275.0, -641.0
97.233521664, 731.0, 275.0, -633.0
97.252787712, 735.0, 277.0, -633.0
97.272053632, 724.0, 280.0, -632.0
97.291319552, 731.0, 272.0, -630.0
97.3105856, 726.0, 272.0, -633.0
97.32985152, 731.0, 276.0, -632.0
97.34911744, 728.0, 280.0, -628.0
97.368383488, 731.0, 275.0, -629.0
97.387649408, 732.0, 277.0, -631.0
97.406915328, 724.0, 276.0, -627.0
97.426181376, 721.0, 281.0, -627.0
97.445447296, 723.0, 280.0, -631.0
97.464713344, 733.0, 273.0, -627.0
97.483979264, 735.0, 272.0, -622.0
97.503245184, 733.0, 280.0, -624.0
97.522511232, 734.0, 281.0, -625.0
97.541777152, 736.0, 275.0, -621.0
97.561043072, 731.0, 274.0, -621.0
97.58030912, 729.0, 281.0, -625.0
97.59957504, 728.0, 281.0, -628.0
97.61884096, 727.0, 272.0, -627.0
97.638107008, 727.0, 271.0, -636.0
97.657372928, 733.0, 275.0, -632.0
97.676638848, 736.0, 272.0, -631.0
97.695904896, 732.0, 272.0, -635.0
97.715170816, 738.0, 271.0, -633.0
97.734436736, 729.0, 272.0, -633.0
97.753702784, 735.0, 272.0, -627.0
97.772968704, 730.0, 276.0, -626.0
97.792234771, 727.0, 275.0, -629.0
